ID_UBICACION;MARCA;STOCK_TOTAL;VALOR_STOCK_€;CLASES;DIAS_MAX;OCUPACION_%;DETALLE_CONTENIDO
CLAGD/Stock/StorageGD/CLA-031-17-01-03;GOLD;752;0.00;B+A+D;444;10;[TECPLV004] 51u (444d) | [TECPLV005] 14u (444d) | [BWMEPLV001-BLACK] 92u (302d) | [COMEPLV001-WHIT] 182u (302d) | [COMEPLV005-WHIT] 124u (302d) | [COMEPLV008-WHIT] 242u (302d) | [COMEPLV014-WHITE] 39u (302d) | [COMEPLV015-WHITE] 4u (302d) | [OSMEPLV001-WHIT] 4u (302d)
CLAGD/Stock/StorageGD/CLA-040-01-01-01;GOLD;125;0.00;C+B+A+D;1299;80;[LI230610-0011-33] 1u (1299d) | [LI230610-0011-31] 1u (1299d) | [LI230610-0207-30] 1u (1060d) | [LI230609-0043-32] 1u (1299d) | [LI230614-0043-31] 1u (1291d) | [LI230609-0043-31] 1u (1299d) | [LI230609-0011-28] 1u (1061d) | [LI230610-0207-31] 1u (1060d) | [LI230610-0207-29] 1u (1060d) | [LI230611-0064-33] 1u (1291d) | [LI230609-0043-28] 2u (1299d) | [LI230609-0043-33] 1u (1299d) | [LI230614-0043-28] 1u (1291d) | [LI230613-0054-33] 1u (1061d) | [BJSH543001-BLAC-41] 10u (389d) | [COSH542020-NAVY-33] 10u (432d) | [COSH542020-TAUP-35] 30u (432d) | [NV128325-0001-36] 30u (725d) | [MV231601-0020-37] 3u (1073d) | [MV231601-0020-36] 4u (1073d) | [MV231601-0020-38] 1u (1073d) | [MV231601-0020-39] 1u (1073d) | [MV231605-0020-36] 1u (1061d) | [MV231601-0020-41] 1u (1073d) | [MV231601-0020-38] 1u (1073d) | [MV231601-0020-37] 2u (1073d) | [MV231601-0020-41] 2u (1073d) | [MV231611-0020-36] 1u (761d) | [MV231601-0020-36] 1u (1073d) | [COSH200001-NAVY-25] 12u (520d)
CLAGD/Stock/StorageGD/CLA-040-01-01-02;GOLD;34;0.00;C+D;620;30;[COSH285038-GOLD-27] 1u (408d) | [COSH285038-GOLD-28] 1u (408d) | [COSH285038-GOLD-29] 1u (408d) | [COSH285038-GOLD-30] 2u (408d) | [COSH285038-GOLD-31] 2u (408d) | [COSH285038-GOLD-32] 2u (408d) | [COSH285038-GOLD-33] 1u (408d) | [COSH285038-GOLD-34] 1u (408d) | [COSH285038-GOLD-35] 1u (408d) | [BJSH328029-BLAC-40] 12u (620d) | [COSH200002-NAVY-30] 10u (123d)
CLAGD/Stock/StorageGD/CLA-040-01-01-03;GOLD;40;0.00;A+B;432;40;[COSH542020-TAUP-36] 10u (432d) | [COSH542020-TAUP-36] 10u (432d) | [COSH542020-TAUP-33] 10u (432d) | [BJSH543008-BLAC-33] 10u (374d)
CLAGD/Stock/StorageGD/CLA-040-01-02-02;GOLD;17;0.00;B+D+C;487;20;[COSH542020-NAVY-24] 8u (432d) | [BWSH368005-MULT-36] 1u (487d) | [BWSH368005-MULT-37] 2u (487d) | [BWSH368005-MULT-38] 2u (487d) | [BWSH368005-MULT-39] 2u (487d) | [BWSH368005-MULT-40] 1u (487d) | [BWSH368005-MULT-41] 1u (487d)
CLAGD/Stock/StorageGD/CLA-040-01-03-03;GOLD;100;0.00;B+D+A;432;100;[COSH200006-NAVY-33] 10u (220d) | [COSH200006-NAVY-31] 10u (220d) | [COSH200001-NAVY-35] 10u (220d) | [COSH200001-NAVY-35] 10u (220d) | [COSH200001-NAVY-35] 10u (220d) | [COSH200001-NAVY-34] 10u (220d) | [COSH542020-TAUP-26] 10u (432d) | [COSH542020-TAUP-26] 10u (432d) | [COSH542020-TAUP-26] 10u (432d) | [COSH542020-TAUP-22] 10u (432d)
CLAGD/Stock/StorageGD/CLA-040-02-01-01;GOLD;56;0.00;B+C+D+A;1073;50;[MV231601-0020-39] 3u (380d) | [MV231605-0020-37] 1u (380d) | [MV231601-0020-41] 3u (380d) | [MV231601-0020-36] 1u (380d) | [MV231601-0020-38] 2u (380d) | [JVK25102-0121-38] 1u (380d) | [MV231601-0020-40] 1u (380d) | [MV231601-0020-37] 2u (380d) | [COSH542020-NAVY-36] 10u (432d) | [COSH542020-NAVY-33] 10u (432d) | [BJSH542090-BLAC-39] 10u (354d) | [MV231601-0020-41] 2u (1073d) | [MV231601-0020-38] 3u (1073d) | [MV231601-0020-37] 2u (1073d) | [MV231601-0020-36] 1u (1073d) | [MV231611-0020-38] 1u (725d) | [MV231601-0020-40] 2u (1073d) | [MV231601-0020-39] 1u (1073d)
CLAGD/Stock/StorageGD/CLA-040-02-01-02;GOLD;99;0.00;B+D;1319;110;[KI229004-0022-36] 1u (579d) | [KI229004-0022-37] 2u (579d) | [KI229004-0022-38] 2u (579d) | [KI229004-0022-39] 2u (579d) | [KI229004-0022-40] 1u (579d) | [KI229004-0022-41] 1u (579d) | [KI229004-0022-36] 1u (579d) | [KI229004-0022-37] 2u (579d) | [KI229004-0022-38] 2u (579d) | [KI229004-0022-39] 2u (579d) | [KI229004-0022-40] 1u (579d) | [KI229004-0022-41] 1u (579d) | [KI229004-0020-36] 1u (579d) | [KI229004-0020-37] 2u (579d) | [KI229004-0020-38] 2u (579d) | [KI229004-0020-39] 2u (579d) | [KI229004-0020-40] 1u (579d) | [KI229004-0020-41] 1u (579d) | [KI229004-0022-36] 1u (579d) | [KI229004-0022-37] 2u (579d) | [KI229004-0022-38] 2u (579d) | [KI229004-0022-39] 2u (579d) | [KI229004-0022-40] 1u (579d) | [KI229004-0022-41] 1u (579d) | [KI229004-0022-36] 1u (579d) | [KI229004-0022-37] 2u (579d) | [KI229004-0022-38] 2u (579d) | [KI229004-0022-39] 2u (579d) | [KI229004-0022-40] 1u (579d) | [KI229004-0022-41] 1u (579d) | [KI229004-0022-36] 1u (361d) | [KI229004-0022-37] 2u (361d) | [KI229004-0022-38] 2u (361d) | [KI229004-0022-39] 2u (361d) | [KI229004-0022-40] 1u (361d) | [KI229004-0022-41] 1u (361d) | [KI229004-0020-36] 1u (579d) | [KI229004-0020-37] 2u (579d) | [KI229004-0020-38] 2u (579d) | [KI229004-0020-39] 2u (579d) | [KI229004-0020-40] 1u (579d) | [KI229004-0020-41] 1u (579d) | [KI229004-0020-36] 1u (361d) | [KI229004-0020-37] 2u (361d) | [KI229004-0020-38] 2u (361d) | [KI229004-0020-39] 2u (361d) | [KI229004-0020-40] 1u (361d) | [KI229004-0020-41] 1u (361d) | [KI229004-0020-36] 1u (579d) | [KI229004-0020-37] 2u (579d) | [KI229004-0020-38] 2u (579d) | [KI229004-0020-39] 2u (579d) | [KI229004-0020-40] 1u (579d) | [KI229004-0020-41] 1u (579d) | [KI229004-0022-38] 3u (915d) | [KI229004-0022-37] 2u (1319d) | [KI229004-0022-36] 1u (915d) | [TESH516004-BEIGE-20] 2u (142d) | [TESH516004-BEIGE-21] 2u (142d) | [TESH516004-BEIGE-22] 2u (142d) | [TESH516004-BEIGE-23] 2u (142d) | [TESH516004-BEIGE-24] 2u (142d) | [TESH516004-BEIGE-25] 2u (142d)
CLAGD/Stock/StorageGD/CLA-040-02-01-03;GOLD;65;0.00;B;1319;50;[KI229004-0020-37] 2u (585d) | [KI229004-0020-39] 3u (585d) | [KI229004-0020-38] 3u (585d) | [KI229004-0020-36] 6u (585d) | [KI229004-0022-37] 6u (1319d) | [KI229004-0022-36] 2u (915d) | [KI229004-0022-39] 5u (915d) | [KI229004-0022-38] 2u (915d) | [KI229004-0020-36] 5u (585d) | [KI229004-0020-37] 8u (585d) | [KI229004-0020-38] 1u (585d) | [KI229004-0020-39] 1u (585d) | [KI229004-0022-39] 3u (915d) | [KI229004-0022-38] 4u (915d) | [KI229004-0022-36] 4u (915d) | [KI229004-0022-37] 3u (1319d) | [KI229004-0022-41] 1u (915d) | [KI229004-0020-37] 3u (585d) | [KI229004-0020-36] 1u (585d) | [KI229004-0022-37] 1u (1319d) | [KI229004-0022-36] 1u (915d)
CLAGD/Stock/StorageGD/CLA-040-02-02-01;GOLD;70;0.00;B+A;438;70;[COSH542020-NAVY-34] 10u (432d) | [COSH542020-NAVY-34] 10u (432d) | [COSH542020-NAVY-34] 10u (432d) | [COSH542020-NAVY-34] 10u (432d) | [COSH264004-NAVY-33] 10u (438d) | [COSH542020-NAVY-33] 10u (432d) | [COSH542020-NAVY-33] 10u (432d)
CLAGD/Stock/StorageGD/CLA-040-03-01-03;GOLD;114;0.00;C+B+A+D;725;100;[OSSH143075-PINK-26] 1u (156d) | [OSSH143075-PINK-21] 2u (156d) | [OSSH143075-PINK-25] 2u (156d) | [OSSH143075-PINK-24] 2u (156d) | [OSSH143075-PINK-20] 1u (156d) | [OSSH143075-PINK-22] 2u (156d) | [OSSH143075-PINK-23] 2u (156d) | [COSH311001-BLAC-27] 1u (579d) | [COSH311001-BLAC-28] 1u (579d) | [COSH311001-BLAC-29] 1u (579d) | [COSH311001-BLAC-30] 2u (579d) | [COSH311001-BLAC-31] 2u (579d) | [COSH311001-BLAC-32] 1u (579d) | [COSH311001-BLAC-33] 1u (579d) | [COSH311001-BLAC-34] 1u (579d) | [COSH311001-BLAC-35] 1u (579d) | [COSH311001-BLAC-36] 1u (579d) | [COSH283005-BLAC-29] 10u (725d) | [COSH283005-BLAC-29] 10u (725d) | [COSH283005-BLAC-28] 10u (725d) | [COSH261031-SILV-29] 20u (170d) | [COSH261031-SILV-29] 10u (170d) | [COSH261030-PINK-29] 10u (170d) | [COSH261030-PINK-28] 10u (170d) | [COSH261030-PINK-28] 10u (170d)
CLAGD/Stock/StorageGD/CLA-040-03-03-01;GOLD;80;0.00;B+A;432;80;[COSH542020-NAVY-36] 10u (432d) | [COSH542020-NAVY-36] 10u (432d) | [COSH542020-NAVY-36] 10u (432d) | [COSH542020-NAVY-36] 10u (432d) | [COSH542020-NAVY-34] 10u (432d) | [COSH542020-NAVY-34] 10u (432d) | [COSH542020-NAVY-34] 10u (432d) | [COSH542020-NAVY-33] 10u (432d)
CLAGD/Stock/StorageGD/CLA-040-03-03-02;GOLD;80;0.00;A;432;80;[COSH542020-TAUP-36] 10u (432d) | [COSH542020-TAUP-36] 10u (432d) | [COSH542020-TAUP-36] 10u (432d) | [COSH542020-TAUP-36] 10u (432d) | [COSH542020-TAUP-36] 10u (432d) | [COSH542020-TAUP-36] 10u (432d) | [COSH542020-TAUP-36] 10u (432d) | [COSH542020-TAUP-36] 10u (432d)
CLAGD/Stock/StorageGD/CLA-040-03-03-03;GOLD;50;0.00;B+A;432;50;[COSH542020-NAVY-35] 10u (432d) | [COSH542020-NAVY-34] 10u (432d) | [COSH542020-NAVY-33] 10u (432d) | [COSH542020-NAVY-31] 10u (432d) | [COSH542020-NAVY-24] 10u (432d)
CLAGD/Stock/StorageGD/CLA-040-04-01-02;GOLD;58;0.00;B+A;450;80;[COSH542020-NAVY-36] 2u (432d) | [COSH542020-TAUP-33] 1u (432d) | [COSH542020-NAVY-33] 1u (432d) | [COSH542020-TAUP-33] 1u (432d) | [COSH542020-NAVY-36] 1u (432d) | [COSH542020-TAUP-31] 2u (432d) | [COSH542020-TAUP-31] 6u (432d) | [COSH542020-TAUP-31] 6u (432d) | [COSH542020-TAUP-31] 16u (432d) | [COSH542020-TAUP-27] 2u (432d) | [COSH542020-TAUP-31] 6u (432d) | [COSH542020-BLAC-34] 6u (450d) | [COSH542020-BLAC-31] 1u (450d) | [COSH542020-NAVY-32] 3u (432d) | [COSH542020-TAN-22] 3u (432d) | [COSH542020-TAUP-22] 1u (360d)
CLAGD/Stock/StorageGD/CLA-040-04-01-03;GOLD;24;0.00;C+B;514;20;[OSSH506001-JEAN-23] 2u (228d) | [OSSH506001-JEAN-20] 2u (228d) | [OSSH506001-JEAN-25] 2u (228d) | [OSSH506001-JEAN-24] 2u (228d) | [OSSH506001-JEAN-22] 2u (228d) | [OSSH506001-JEAN-21] 2u (228d) | [COSH283093-WHIT-29] 1u (514d) | [COSH283093-WHIT-30] 2u (514d) | [COSH283093-WHIT-31] 2u (514d) | [COSH283093-WHIT-32] 2u (514d) | [COSH283093-WHIT-33] 2u (514d) | [COSH283093-WHIT-34] 1u (514d) | [COSH283093-WHIT-35] 1u (514d) | [COSH283093-WHIT-36] 1u (514d)
CLAGD/Stock/StorageGD/CLA-040-04-02-01;GOLD;100;0.00;B+A;432;100;[COSH224050-MULT-29] 10u (367d) | [COSH224050-MULT-29] 10u (367d) | [COSH542020-TAUP-26] 10u (432d) | [COSH542020-TAUP-23] 10u (432d) | [COSH542020-TAUP-23] 10u (432d) | [COSH542020-TAUP-22] 10u (432d) | [COSH542090-GOLD-27] 10u (432d) | [COSH542090-GOLD-26] 10u (432d) | [COSH542090-GOLD-25] 10u (432d) | [COSH542090-GOLD-24] 10u (432d)
CLAGD/Stock/StorageGD/CLA-040-04-02-02;GOLD;72;0.00;D+C+B;508;60;[TESH516001-NAVY-20] 2u (142d) | [TESH516001-NAVY-21] 2u (142d) | [TESH516001-NAVY-22] 2u (142d) | [TESH516001-NAVY-23] 2u (142d) | [TESH516001-NAVY-24] 2u (142d) | [TESH516001-NAVY-25] 2u (142d) | [TESH516005-MULT-20] 2u (142d) | [TESH516005-MULT-21] 2u (142d) | [TESH516005-MULT-22] 2u (142d) | [TESH516005-MULT-23] 2u (142d) | [TESH516005-MULT-24] 2u (142d) | [TESH516005-MULT-25] 2u (142d) | [TESH516005-MULT-20] 2u (142d) | [TESH516005-MULT-21] 2u (142d) | [TESH516005-MULT-22] 2u (142d) | [TESH516005-MULT-23] 2u (142d) | [TESH516005-MULT-24] 2u (142d) | [TESH516005-MULT-25] 2u (142d) | [BJSH362002-BLAC-34] 1u (508d) | [BJSH362002-BLAC-35] 2u (508d) | [BJSH362002-BLAC-36] 2u (508d) | [BJSH362002-BLAC-37] 2u (508d) | [BJSH362002-BLAC-38] 2u (508d) | [BJSH362002-BLAC-39] 2u (508d) | [BJSH362002-BLAC-40] 1u (508d) | [BJSH362002-BLAC-34] 1u (508d) | [BJSH362002-BLAC-35] 2u (508d) | [BJSH362002-BLAC-36] 2u (508d) | [BJSH362002-BLAC-37] 2u (508d) | [BJSH362002-BLAC-38] 2u (508d) | [BJSH362002-BLAC-39] 2u (508d) | [BJSH362002-BLAC-40] 1u (508d) | [TESH516001-NAVY-20] 2u (72d) | [TESH516001-NAVY-21] 2u (72d) | [TESH516001-NAVY-22] 2u (72d) | [TESH516001-NAVY-23] 2u (72d) | [TESH516001-NAVY-24] 2u (72d) | [TESH516001-NAVY-25] 2u (72d)
CLAGD/Stock/StorageGD/CLA-040-04-02-03;GOLD;12;0.00;C+B;394;10;[OSSH127004-NAVY-22] 1u (394d) | [OSSH127004-NAVY-23] 1u (394d) | [OSSH127004-NAVY-24] 1u (394d) | [OSSH127004-NAVY-25] 2u (394d) | [OSSH127004-NAVY-26] 2u (394d) | [OSSH127004-NAVY-27] 2u (394d) | [OSSH127004-NAVY-28] 2u (394d) | [OSSH127004-NAVY-29] 1u (394d)
CLAGD/Stock/StorageGD/CLA-040-04-03-02;GOLD;100;0.00;A+D;432;100;[COSH542020-TAUP-35] 10u (432d) | [COSH542020-TAUP-35] 10u (432d) | [COSH542020-TAUP-35] 10u (432d) | [COSH542020-TAUP-35] 10u (432d) | [COSH542020-TAUP-35] 10u (432d) | [COSH542020-TAUP-35] 10u (432d) | [COSH542020-TAUP-35] 10u (432d) | [COSH542020-TAUP-33] 10u (432d) | [COSH542020-TAUP-33] 10u (432d) | [COSH224050-MULT-31] 10u (367d)
CLAGD/Stock/StorageGD/CLA-040-05-01-03;GOLD;70;0.00;B+D+C;904;70;[NV558663-0043-34] 3u (904d) | [BJSH586076-BLAC-34] 2u (369d) | [NV558661-0011-32] 1u (586d) | [NV558661-0011-33] 2u (586d) | [NV558661-0011-35] 1u (586d) | [NV558661-0011-31] 1u (586d) | [NV558661-0011-34] 2u (586d) | [BJSH586093-BROW-33] 1u (488d) | [BJSH586093-BROW-34] 2u (488d) | [BJSH586093-BROW-35] 2u (488d) | [BJSH586093-BROW-36] 2u (488d) | [BJSH586093-BROW-37] 2u (488d) | [BJSH586093-BROW-38] 2u (488d) | [BJSH586093-BROW-39] 1u (488d) | [BJSH586093-BROW-26] 1u (488d) | [BJSH586093-BROW-27] 1u (488d) | [BJSH586093-BROW-28] 1u (488d) | [BJSH586093-BROW-29] 1u (488d) | [BJSH586093-BROW-30] 1u (488d) | [BJSH586093-BROW-31] 1u (488d) | [BJSH586093-BROW-32] 1u (488d) | [BJSH586093-BROW-33] 1u (488d) | [BJSH586093-BROW-34] 1u (488d) | [BJSH586093-BROW-35] 1u (488d) | [BJSH586093-BROW-36] 1u (488d) | [BJSH586093-BROW-37] 1u (488d) | [BJSH586093-BROW-26] 1u (488d) | [BJSH586093-BROW-27] 1u (488d) | [BJSH586093-BROW-28] 1u (488d) | [BJSH586093-BROW-29] 1u (488d) | [BJSH586093-BROW-30] 1u (488d) | [BJSH586093-BROW-31] 1u (488d) | [BJSH586093-BROW-32] 1u (488d) | [BJSH586093-BROW-33] 1u (488d) | [BJSH586093-BROW-34] 1u (488d) | [BJSH586093-BROW-35] 1u (488d) | [BJSH586093-BROW-36] 1u (488d) | [BJSH586093-BROW-37] 1u (488d) | [BWSH588003-ZEBR-36] 1u (369d) | [BWSH588003-ZEBR-37] 2u (369d) | [BWSH588003-ZEBR-38] 3u (369d) | [BWSH588003-ZEBR-39] 3u (369d) | [BWSH588003-ZEBR-40] 2u (369d) | [BWSH588003-ZEBR-41] 1u (369d) | [BWSH368001-BLAC-36] 1u (487d) | [BWSH368001-BLAC-37] 2u (487d) | [BWSH368001-BLAC-38] 2u (487d) | [BWSH368001-BLAC-39] 2u (487d) | [BWSH368001-BLAC-40] 1u (487d) | [BWSH368001-BLAC-41] 1u (487d) | [BJSH362001-BLAC-40] 1u (508d)
CLAGD/Stock/StorageGD/CLA-040-05-02-03;GOLD;22;0.00;B+D;579;20;[COSH283043-PEWT-22] 10u (340d) | [NV126507-0043-27] 2u (579d) | [NV126507-0043-28] 2u (579d) | [NV126507-0043-29] 2u (579d) | [NV126507-0043-30] 1u (579d) | [NV126507-0043-31] 1u (579d) | [NV126507-0043-32] 1u (579d) | [NV126507-0043-33] 1u (579d) | [NV126507-0043-34] 1u (579d) | [NV126507-0043-35] 1u (579d)
CLAGD/Stock/StorageGD/CLA-040-05-03-02;GOLD;160;0.00;D+B;367;160;[COSH224050-MULT-34] 10u (367d) | [COSH224050-MULT-32] 10u (367d) | [COSH224050-MULT-31] 10u (367d) | [COSH224050-MULT-31] 10u (367d) | [COSH224050-MULT-31] 10u (367d) | [COSH224050-MULT-31] 10u (367d) | [COSH224050-MULT-30] 10u (367d) | [COSH224050-MULT-29] 10u (367d) | [COSH224050-MULT-29] 10u (367d) | [COSH224050-MULT-29] 10u (367d) | [COSH224050-MULT-29] 10u (367d) | [COSH224050-MULT-28] 10u (367d) | [COSH224050-MULT-28] 10u (367d) | [COSH224050-MULT-28] 10u (367d) | [COSH224050-MULT-28] 10u (367d) | [COSH224050-MULT-28] 10u (367d)
CLAGD/Stock/StorageGD/CLA-040-06-01-01;GOLD;94;0.00;C+B+A+D;1263;90;[MV231601-0001-38] 2u (1263d) | [MV231601-0001-41] 2u (1263d) | [MV231601-0001-36] 1u (1250d) | [MV231601-0001-37] 3u (1250d) | [MV231601-0001-40] 1u (1263d) | [MV231601-0001-41] 3u (1263d) | [MV231601-0001-36] 2u (1250d) | [MV231601-0001-37] 2u (1250d) | [MV231601-0001-38] 2u (1263d) | [COSH542020-TAUP-26] 10u (432d) | [COSH542020-TAUP-26] 10u (432d) | [COSH200002-NAVY-28] 10u (220d) | [NV128333-0001-36] 12u (725d) | [BWSH368001-BLAC-36] 1u (382d) | [BWSH368001-BLAC-37] 2u (382d) | [BWSH368001-BLAC-38] 3u (382d) | [BWSH368001-BLAC-39] 3u (382d) | [BWSH368001-BLAC-40] 2u (382d) | [BWSH368001-BLAC-41] 1u (382d) | [COSH542065-TAN-31] 10u (432d) | [NV121504-0043-24] 1u (579d) | [NV121504-0043-25] 1u (579d) | [NV121504-0043-26] 1u (579d) | [NV121504-0043-27] 1u (579d) | [NV121504-0043-28] 1u (579d) | [NV121504-0043-29] 2u (579d) | [NV121504-0043-30] 1u (579d) | [NV121504-0043-31] 1u (579d) | [NV121504-0043-32] 1u (579d) | [NV121504-0043-33] 1u (579d) | [NV121504-0043-34] 1u (579d)
CLAGD/Stock/StorageGD/CLA-040-06-01-02;GOLD;36;0.00;C+B;424;20;[COSH244004-PEWT-28] 2u (395d) | [COSH244004-PEWT-29] 2u (395d) | [COSH244004-PEWT-30] 2u (395d) | [COSH244004-PEWT-31] 4u (395d) | [COSH244004-PEWT-32] 4u (395d) | [COSH244004-PEWT-33] 4u (395d) | [COSH244004-PEWT-34] 2u (395d) | [COSH244004-PEWT-35] 2u (395d) | [COSH244004-PEWT-36] 2u (395d) | [COSH264004-NAVY-29] 1u (424d) | [COSH264004-NAVY-30] 2u (424d) | [COSH264004-NAVY-31] 2u (424d) | [COSH264004-NAVY-32] 2u (424d) | [COSH264004-NAVY-33] 2u (424d) | [COSH264004-NAVY-34] 1u (424d) | [COSH264004-NAVY-35] 1u (424d) | [COSH264004-NAVY-36] 1u (424d)
CLAGD/Stock/StorageGD/CLA-040-06-02-02;GOLD;40;0.00;B+C+A;450;40;[COSH542065-TAN-35] 10u (432d) | [COSH542065-TAN-31] 10u (432d) | [COSH542065-TAN-30] 10u (432d) | [BJSH543008-BLAC-35] 10u (450d)
CLAGD/Stock/StorageGD/CLA-040-06-03-03;GOLD;112;0.00;A+D+B+C;579;110;[COSH542020-TAUP-28] 10u (432d) | [COSH542020-TAUP-28] 10u (432d) | [COSH542020-TAUP-28] 10u (432d) | [COSH542020-TAUP-28] 10u (432d) | [COSH542020-TAUP-28] 10u (432d) | [COSH542020-TAUP-28] 10u (432d) | [COSH542020-TAUP-28] 10u (432d) | [COSH542020-TAUP-28] 10u (432d) | [COSH542020-TAUP-28] 10u (432d) | [COSH542020-TAUP-28] 10u (432d) | [NV126520-0011-24] 1u (579d) | [NV126520-0011-25] 1u (579d) | [NV126520-0011-26] 1u (579d) | [NV126520-0011-27] 1u (579d) | [NV126520-0011-28] 1u (579d) | [NV126520-0011-29] 1u (579d) | [NV126520-0011-30] 1u (579d) | [NV126520-0011-31] 1u (579d) | [NV126520-0011-32] 1u (579d) | [NV126520-0011-33] 1u (579d) | [NV126520-0011-34] 1u (579d) | [NV126520-0011-35] 1u (579d)
CLAGD/Stock/StorageGD/CLA-040-07-01-01;GOLD;80;0.00;A+D+C+B;579;80;[COSH542020-TAUP-35] 10u (432d) | [BJSH543001-BLAC-35] 10u (390d) | [NV128524-0040_C_24_35_12] 1u (24d) | [OSSH143073-BLUE-20] 1u (564d) | [OSSH143073-BLUE-21] 1u (564d) | [OSSH143073-BLUE-22] 2u (564d) | [OSSH143073-BLUE-23] 2u (564d) | [OSSH143073-BLUE-24] 2u (564d) | [OSSH143073-BLUE-25] 2u (564d) | [OSSH143073-BLUE-26] 2u (564d) | [NV128527-0160-24] 1u (579d) | [NV128527-0160-25] 1u (579d) | [NV128527-0160-26] 1u (579d) | [NV128527-0160-27] 1u (579d) | [NV128527-0160-28] 1u (579d) | [NV128527-0160-29] 1u (579d) | [NV128527-0160-30] 1u (579d) | [NV128527-0160-31] 1u (579d) | [NV128527-0160-32] 1u (579d) | [NV128527-0160-33] 1u (579d) | [NV128527-0160-34] 1u (579d) | [NV128527-0160-35] 1u (579d) | [NV128527-0160-27] 1u (579d) | [NV128527-0160-28] 1u (579d) | [NV128527-0160-29] 1u (579d) | [NV128527-0160-30] 2u (579d) | [NV128527-0160-31] 2u (579d) | [NV128527-0160-32] 2u (579d) | [NV128527-0160-33] 1u (579d) | [NV128527-0160-34] 1u (579d) | [NV126507-0043-27] 2u (579d) | [NV126507-0043-28] 2u (579d) | [NV126507-0043-29] 2u (579d) | [NV126507-0043-30] 1u (579d) | [NV126507-0043-31] 1u (579d) | [NV126507-0043-32] 1u (579d) | [NV126507-0043-33] 1u (579d) | [NV126507-0043-34] 1u (579d) | [NV126507-0043-35] 1u (579d) | [BJSH360003-BEIG-35] 2u (11d) | [BJSH360003-BEIG-36] 2u (11d) | [BJSH360003-BEIG-37] 2u (11d) | [BJSH360003-BEIG-38] 1u (11d) | [BJSH360003-BEIG-39] 1u (11d) | [BJSH360003-BEIG-33] 1u (11d) | [BJSH360003-BEIG-34] 2u (11d) | [BJSH360003-BEIG-40] 1u (11d)
CLAGD/Stock/StorageGD/CLA-040-07-01-02;GOLD;32;0.00;C+B+A;432;30;[COSH301085-WHIT-25] 1u (313d) | [COSH301085-WHIT-26] 1u (313d) | [COSH301085-WHIT-27] 1u (313d) | [COSH301085-WHIT-28] 1u (313d) | [COSH301085-WHIT-29] 1u (313d) | [COSH301085-WHIT-30] 1u (313d) | [COSH301085-WHIT-31] 1u (313d) | [COSH301085-WHIT-32] 1u (313d) | [COSH301085-WHIT-33] 1u (313d) | [COSH301085-WHIT-34] 1u (313d) | [COSH301085-WHIT-35] 1u (313d) | [COSH301085-WHIT-36] 1u (313d) | [COSH542020-TAUP-28] 10u (432d) | [BJSH542020-TAUP-39] 10u (156d)
CLAGD/Stock/StorageGD/CLA-040-07-01-03;GOLD;118;0.00;D+B+A;725;100;[MV231601-0020-40] 12u (725d) | [MV231601-0020-39] 12u (725d) | [MV231601-0020-39] 12u (725d) | [MV231601-0020-38] 10u (725d) | [MV231601-0020-39] 2u (725d) | [MV231601-0020-38] 12u (725d) | [MV231601-0020-38] 12u (725d) | [MV231601-0020-38] 12u (725d) | [MV231601-0020-37] 9u (725d) | [MV231601-0020-38] 3u (725d) | [MV231601-0020-37] 12u (725d) | [BJSH542020-TAUP-39] 10u (156d)
CLAGD/Stock/StorageGD/CLA-040-07-02-01;GOLD;64;0.00;B+A+D+C;725;60;[LI231010-0020-36] 1u (579d) | [LI231010-0020-37] 2u (579d) | [LI231010-0020-38] 3u (579d) | [LI231010-0020-39] 3u (579d) | [LI231010-0020-40] 2u (579d) | [LI231010-0020-41] 1u (579d) | [LI231010-0020-36] 1u (579d) | [LI231010-0020-37] 2u (579d) | [LI231010-0020-38] 3u (579d) | [LI231010-0020-39] 3u (579d) | [LI231010-0020-40] 2u (579d) | [LI231010-0020-41] 1u (579d) | [COSH261031-SILV-29] 10u (170d) | [COSH261031-SILV-27] 10u (170d) | [MV232305-0020-39] 10u (725d) | [MV232305-0020-39] 10u (725d)
CLAGD/Stock/StorageGD/CLA-040-07-02-02;GOLD;40;0.00;A;432;40;[COSH542020-TAUP-36] 10u (432d) | [COSH542020-TAUP-35] 10u (432d) | [COSH542020-TAUP-35] 10u (432d) | [COSH542020-TAUP-35] 10u (432d)
CLAGD/Stock/StorageGD/CLA-040-07-03-01;GOLD;108;0.00;D+B;725;90;[MV231601-0020-40] 1u (725d) | [MV231601-0020-41] 11u (725d) | [MV231601-0020-40] 12u (725d) | [MV231601-0020-39] 12u (725d) | [MV231601-0020-39] 12u (725d) | [MV231601-0020-38] 12u (725d) | [MV231601-0020-38] 12u (725d) | [MV231601-0020-37] 12u (725d) | [MV231601-0020-36] 12u (725d) | [MV231601-0020-36] 1u (725d) | [MV231601-0020-37] 4u (725d) | [MV231601-0020-38] 3u (725d) | [MV231601-0020-39] 2u (725d) | [MV231601-0020-40] 2u (725d)
CLAGD/Stock/StorageGD/CLA-040-07-03-03;GOLD;96;0.00;C+B;725;80;[MV231605-0020-39] 9u (725d) | [MV231605-0020-40] 3u (725d) | [MV231605-0020-39] 12u (725d) | [MV231605-0020-38] 12u (725d) | [MV231605-0020-38] 9u (725d) | [MV231605-0020-39] 3u (725d) | [MV231605-0020-38] 12u (725d) | [MV231605-0020-36] 11u (725d) | [MV231605-0020-38] 1u (725d) | [MV231605-0020-36] 2u (725d) | [MV231605-0020-37] 10u (725d) | [MV231605-0020-36] 11u (725d) | [MV231605-0020-38] 1u (725d)
CLAGD/Stock/StorageGD/CLA-040-08-01-01;GOLD;111;0.00;C+D+B+A;725;110;[MV128301-0001-38] 10u (725d) | [NV128524-0040-24] 1u (579d) | [NV128524-0040-25] 1u (579d) | [NV128524-0040-26] 1u (579d) | [NV128524-0040-27] 1u (579d) | [NV128524-0040-28] 1u (579d) | [NV128524-0040-29] 1u (579d) | [NV128524-0040-30] 1u (579d) | [NV128524-0040-31] 1u (579d) | [NV128524-0040-32] 1u (579d) | [NV128524-0040-33] 1u (579d) | [NV128524-0040-34] 1u (579d) | [NV128524-0040-35] 1u (579d) | [BJSH542083-TAUP-33] 10u (397d) | [NV553401-0011-33-34] 3u (123d) | [NV553401-0011-37-38] 1u (123d) | [NV553401-0269-35-36] 2u (123d) | [NV553401-0269-39-40] 2u (123d) | [NV553401-0010-33-34] 1u (123d) | [NV553401-0058-33-34] 1u (123d) | [NV553401-0011-31-32] 2u (123d) | [COSH200002-NAVY-26] 10u (123d) | [COSH200002-NAVY-31] 10u (123d) | [COSH200002-NAVY-27] 10u (123d) | [COSH300104-GOLD-25] 1u (276d) | [COSH300104-GOLD-26] 1u (276d) | [COSH300104-GOLD-27] 1u (276d) | [COSH300104-GOLD-28] 1u (276d) | [COSH300104-GOLD-29] 1u (276d) | [COSH300104-GOLD-30] 1u (276d) | [COSH300104-GOLD-31] 1u (276d) | [COSH300104-GOLD-32] 1u (276d) | [COSH300104-GOLD-33] 1u (276d) | [COSH300104-GOLD-34] 1u (276d) | [COSH300104-GOLD-35] 1u (276d) | [COSH300104-GOLD-36] 1u (276d) | [COSH300101-GOLD-25] 1u (276d) | [COSH300101-GOLD-26] 1u (276d) | [COSH300101-GOLD-27] 1u (276d) | [COSH300101-GOLD-28] 1u (276d) | [COSH300101-GOLD-29] 1u (276d) | [COSH300101-GOLD-30] 1u (276d) | [COSH300101-GOLD-31] 1u (276d) | [COSH300101-GOLD-32] 1u (276d) | [COSH300101-GOLD-33] 1u (276d) | [COSH300101-GOLD-34] 1u (276d) | [COSH300101-GOLD-35] 1u (276d) | [COSH300101-GOLD-36] 1u (276d) | [LI231010-0020-36] 1u (579d) | [LI231010-0020-37] 2u (579d) | [LI231010-0020-38] 3u (579d) | [LI231010-0020-39] 3u (579d) | [LI231010-0020-40] 2u (579d) | [LI231010-0020-41] 1u (579d) | [COSH265039-SILV_C_24_35_12] 1u (24d)
CLAGD/Stock/StorageGD/CLA-040-08-01-03;GOLD;66;0.00;B+C+A;493;70;[COSH283092-MULT-30] 6u (214d) | [COSH283092-MULT-31] 5u (214d) | [COSH283092-MULT-29] 1u (214d) | [OSSH140110-PINK-27] 2u (229d) | [OSSH140110-PINK-28] 2u (229d) | [OSSH140110-PINK-29] 2u (229d) | [OSSH140110-PINK-26] 1u (229d) | [OSSH140110-PINK-25] 1u (229d) | [OSSH140110-PINK-24] 1u (229d) | [OSSH140110-PINK-30] 2u (229d) | [OSSH140110-PINK-31] 1u (229d) | [BJSH542090-GOLD-35] 1u (241d) | [BJSH542090-GOLD-34] 1u (241d) | [BJSH542090-PEWT-32] 1u (103d) | [BJSH542090-PEWT-34] 2u (103d) | [BJSH542090-BLAC-32] 1u (241d) | [BJSH542090-BLAC-33] 1u (241d) | [BJSH542090-PEWT-35] 2u (103d) | [BJSH542090-PEWT-36] 1u (103d) | [BJSH542090-PEWT-37] 1u (103d) | [BJSH542090-PEWT-38] 1u (103d) | [BJSH586092-PLOM-26] 1u (374d) | [BJSH586092-PLOM-27] 1u (374d) | [BJSH586092-PLOM-28] 1u (374d) | [BJSH586092-PLOM-29] 1u (374d) | [BJSH586092-PLOM-30] 1u (374d) | [BJSH586092-PLOM-31] 1u (374d) | [BJSH586092-PLOM-32] 1u (374d) | [BJSH586092-PLOM-33] 1u (374d) | [BJSH586092-PLOM-34] 1u (374d) | [BJSH586092-PLOM-35] 1u (374d) | [BJSH586092-PLOM-36] 1u (374d) | [BJSH586092-PLOM-37] 1u (374d) | [BWSH190015-BLACK-36] 1u (493d) | [BWSH190015-BLACK-37] 2u (493d) | [BWSH190015-BLACK-38] 2u (493d) | [BWSH190015-BLACK-39] 2u (493d) | [BWSH190015-BLACK-40] 1u (493d) | [BWSH190015-BLACK-41] 1u (493d) | [BWSH190015-BLACK-36] 1u (493d) | [BWSH190015-BLACK-37] 2u (493d) | [BWSH190015-BLACK-38] 2u (493d) | [BWSH190015-BLACK-39] 2u (493d) | [BWSH190015-BLACK-40] 1u (493d) | [BWSH190015-BLACK-41] 1u (493d)
CLAGD/Stock/StorageGD/CLA-040-08-02-01;GOLD;72;0.00;C;725;60;[MV231602-0054-40] 12u (725d) | [MV231602-0054-40] 8u (725d) | [MV231602-0054-39] 4u (725d) | [MV231602-0054-39] 12u (725d) | [MV231602-0054-38] 12u (725d) | [MV231602-0054-37] 12u (725d) | [MV231602-0054-36] 8u (725d) | [MV231602-0054-37] 4u (725d)
CLAGD/Stock/StorageGD/CLA-040-08-02-03;GOLD;84;0.00;D+B;725;70;[MV231601-0020-41] 12u (725d) | [MV231601-0020-41] 12u (725d) | [MV231601-0020-40] 12u (725d) | [MV231601-0020-40] 12u (725d) | [MV231601-0020-39] 12u (725d) | [MV231601-0020-39] 12u (725d) | [MV231601-0020-37] 12u (725d)
CLAGD/Stock/StorageGD/CLA-040-08-03-01;GOLD;96;0.00;C+B;725;80;[MV231601-0001-39] 12u (725d) | [MV231601-0001-39] 12u (725d) | [MV231601-0001-38] 12u (725d) | [MV231601-0001-38] 12u (725d) | [MV231601-0001-38] 12u (725d) | [MV231601-0001-36] 12u (725d) | [MV231601-0001-37] 10u (725d) | [MV231601-0001-39] 2u (725d) | [MV231601-0001-40] 10u (725d) | [MV231601-0001-41] 2u (725d)
CLAGD/Stock/StorageGD/CLA-040-08-03-03;GOLD;96;0.00;C+B;725;80;[MV231603-0053-40] 12u (725d) | [MV231603-0053-39] 12u (725d) | [MV231603-0053-38] 12u (725d) | [MV231603-0053-37] 12u (725d) | [MV231601-0001-40] 12u (725d) | [MV231601-0001-40] 12u (725d) | [MV231601-0001-38] 6u (725d) | [MV231601-0001-39] 6u (725d) | [MV231601-0001-36] 1u (725d) | [MV231601-0001-37] 11u (725d)
CLAGD/Stock/StorageGD/CLA-040-09-01-01;GOLD;34;0.00;C+A+D;579;30;[MI124905-0011-28] 4u (211d) | [MI124905-0011-29] 7u (211d) | [MI124905-0011-30] 1u (211d) | [BJSH542020-TAUP-39] 10u (156d) | [NV126517-0040-27] 1u (579d) | [NV126517-0040-28] 1u (579d) | [NV126517-0040-29] 1u (579d) | [NV126517-0040-30] 2u (579d) | [NV126517-0040-31] 2u (579d) | [NV126517-0040-32] 2u (579d) | [NV126517-0040-33] 1u (579d) | [NV126517-0040-34] 1u (579d) | [NV126517-0040-35] 1u (579d)
CLAGD/Stock/StorageGD/CLA-040-09-02-01;GOLD;48;0.00;B+A;579;40;[LI231010-0020-36] 1u (579d) | [LI231010-0020-37] 2u (579d) | [LI231010-0020-38] 3u (579d) | [LI231010-0020-39] 3u (579d) | [LI231010-0020-40] 2u (579d) | [LI231010-0020-41] 1u (579d) | [LI231010-0020-36] 1u (579d) | [LI231010-0020-37] 2u (579d) | [LI231010-0020-38] 3u (579d) | [LI231010-0020-39] 3u (579d) | [LI231010-0020-40] 2u (579d) | [LI231010-0020-41] 1u (579d) | [LI231010-0020-36] 1u (579d) | [LI231010-0020-37] 2u (579d) | [LI231010-0020-38] 3u (579d) | [LI231010-0020-39] 3u (579d) | [LI231010-0020-40] 2u (579d) | [LI231010-0020-41] 1u (579d) | [LI231010-0020-36] 1u (579d) | [LI231010-0020-37] 2u (579d) | [LI231010-0020-38] 3u (579d) | [LI231010-0020-39] 3u (579d) | [LI231010-0020-40] 2u (579d) | [LI231010-0020-41] 1u (579d)
CLAGD/Stock/StorageGD/CLA-040-09-02-02;GOLD;50;0.00;C;725;50;[MV232305-0020-39] 10u (725d) | [MV232304-0020-37] 10u (725d) | [MV232301-0020-40] 10u (725d) | [MV232301-0020-39] 10u (725d) | [MV232301-0020-36] 10u (725d)
CLAGD/Stock/StorageGD/CLA-040-09-03-01;GOLD;118;0.00;D+B;725;100;[MV231601-0020-41] 12u (725d) | [MV231601-0020-40] 12u (725d) | [MV231601-0020-38] 12u (725d) | [MV231601-0020-38] 12u (725d) | [MV231601-0020-38] 12u (725d) | [MV231601-0020-37] 12u (725d) | [MV231601-0020-37] 12u (725d) | [MV231601-0020-36] 12u (725d) | [MV231601-0020-36] 7u (725d) | [MV231601-0020-38] 2u (725d) | [MV231601-0020-41] 1u (725d) | [MV231601-0020-38] 10u (725d) | [MV231601-0020-39] 2u (725d)
CLAGD/Stock/StorageGD/CLA-041-01-01-01;GOLD;168;0.00;B+C+A;1319;140;[KIX265034-GOLD-30] 2u (30d) | [KIX265034-GOLD-32] 1u (30d) | [LIS12243-0592-21] 1u (30d) | [LIS12243-0592-20] 2u (30d) | [LIS12244-0002-20] 1u (30d) | [MI126581-0021-35] 1u (30d) | [MI126581-0027-34] 1u (30d) | [MI126581-0027-32] 1u (30d) | [MI126581-0027-28] 1u (30d) | [MI126581-0021-28] 1u (30d) | [KIS10219-0047-19] 1u (30d) | [KIS10219-0047-24] 1u (30d) | [28001-0020-25] 3u (30d) | [LIS12244-0002-22] 2u (30d) | [LIS12244-0002-24] 1u (30d) | [LIS12243-0592-22] 1u (30d) | [LIS12244-0002-21] 1u (30d) | [LIS12244-0002-23] 1u (30d) | [LIS12243-0592-23] 1u (30d) | [OSSH506001-NAVY-22] 2u (228d) | [OSSH506001-NAVY-21] 2u (228d) | [OSSH506001-NAVY-20] 2u (228d) | [OSSH506001-NAVY-25] 2u (228d) | [OSSH506001-NAVY-24] 2u (228d) | [OSSH506001-NAVY-23] 2u (228d) | [OSSH122071-PLOM-20] 1u (415d) | [OSSH122071-PLOM-21] 1u (415d) | [OSSH122071-PLOM-22] 2u (415d) | [OSSH122071-PLOM-23] 2u (415d) | [OSSH122071-PLOM-24] 2u (415d) | [OSSH122071-PLOM-25] 2u (415d) | [OSSH122071-PLOM-26] 2u (415d) | [OSSH102102-NAVY-20] 1u (374d) | [OSSH102102-NAVY-21] 1u (374d) | [OSSH102102-NAVY-22] 2u (374d) | [OSSH102102-NAVY-23] 2u (374d) | [OSSH102102-NAVY-24] 2u (374d) | [OSSH102102-NAVY-25] 2u (374d) | [OSSH102102-NAVY-26] 2u (374d) | [OSSH102102-NAVY-19] 1u (467d) | [OSSH102102-NAVY-20] 1u (467d) | [OSSH102102-NAVY-21] 2u (467d) | [OSSH102102-NAVY-22] 2u (467d) | [OSSH102102-NAVY-23] 2u (467d) | [OSSH102102-NAVY-24] 2u (467d) | [OSSH102102-NAVY-25] 1u (467d) | [OSSH102102-NAVY-26] 1u (467d) | [OSSH102102-BORD-20] 1u (467d) | [OSSH102102-BORD-21] 1u (467d) | [OSSH102102-BORD-22] 2u (467d) | [OSSH102102-BORD-23] 2u (467d) | [OSSH102102-BORD-24] 2u (467d) | [OSSH102102-BORD-25] 2u (467d) | [OSSH102102-BORD-26] 2u (467d) | [OSSH102102-BORD-19] 1u (467d) | [OSSH102102-BORD-20] 1u (467d) | [OSSH102102-BORD-21] 2u (467d) | [OSSH102102-BORD-22] 2u (467d) | [OSSH102102-BORD-23] 2u (467d) | [OSSH102102-BORD-24] 2u (467d) | [OSSH102102-BORD-25] 1u (467d) | [OSSH102102-BORD-26] 1u (467d) | [BWSH347006-BLAC-36] 1u (382d) | [BWSH347006-BLAC-37] 2u (382d) | [BWSH347006-BLAC-38] 3u (382d) | [BWSH347006-BLAC-39] 3u (382d) | [BWSH347006-BLAC-40] 2u (382d) | [BWSH347006-BLAC-41] 1u (382d) | [OSSH505003-NAVY-20] 2u (432d) | [OSSH505003-NAVY-21] 2u (432d) | [OSSH505003-NAVY-22] 2u (432d) | [OSSH505003-NAVY-23] 2u (432d) | [OSSH505003-NAVY-24] 2u (432d) | [OSSH505003-NAVY-25] 2u (432d) | [OSSH505003-NAVY-20] 2u (432d) | [OSSH505003-NAVY-21] 2u (432d) | [OSSH505003-NAVY-22] 2u (432d) | [OSSH505003-NAVY-23] 2u (432d) | [OSSH505003-NAVY-24] 2u (432d) | [OSSH505003-NAVY-25] 2u (432d) | [LI231007-0022_-37] 1u (1061d) | [LI231007-0022_-40] 3u (1319d) | [LI231007-0022_-38] 4u (585d) | [LI231007-0022_-39] 1u (585d) | [LI231007-0022_-41] 2u (1289d) | [LI231007-0022_-40] 1u (1319d) | [LI231007-0022_-36] 3u (1319d) | [LI231007-0022_-38] 2u (585d) | [LI231007-0022_-37] 1u (1061d) | [LI231007-0022_-38] 2u (585d) | [LI231007-0022_-39] 6u (585d) | [LI231007-0022_-37] 1u (1061d) | [LI231007-0022_-36] 3u (1319d) | [LI231007-0022_-38] 4u (585d) | [LI231007-0022_-40] 1u (1319d) | [LI231007-0022_-37] 1u (1061d)
CLAGD/Stock/StorageGD/CLA-041-01-01-03;GOLD;51;0.00;A+C+D;579;50;[COSH542021-NAVY-29] 10u (193d) | [COSH542021-NAVY-28] 10u (193d) | [COSH542021-NAVY-28] 10u (193d) | [MV232308-0020-36] 2u (579d) | [MV232308-0020-37] 4u (579d) | [MV232308-0020-38] 3u (579d) | [MV232308-0020-39] 2u (579d) | [MV232308-0020-40] 1u (579d) | [NV234401-0020-36] 2u (579d) | [NV234401-0020-37] 3u (579d) | [NV234401-0020-38] 2u (579d) | [NV234401-0020-39] 1u (579d) | [NV234401-0020-40] 1u (579d)
CLAGD/Stock/StorageGD/CLA-041-02-01-02;GOLD;22;0.00;A+C+B;579;20;[COSH542021-NAVY-29] 10u (193d) | [MV232106-0160-36] 1u (579d) | [MV232106-0160-37] 2u (579d) | [MV232106-0160-38] 3u (579d) | [MV232106-0160-39] 3u (579d) | [MV232106-0160-40] 2u (579d) | [MV232106-0160-41] 1u (579d)
CLAGD/Stock/StorageGD/CLA-041-03-01-01;GOLD;52;0.00;C+D+A;632;60;[LI230609-0020-33] 1u (632d) | [NV234406-0207-37] 3u (11d) | [NV234406-0207-36] 2u (11d) | [NV234406-0207-38] 2u (11d) | [NV234406-0207-39] 1u (11d) | [NV234406-0207-40] 1u (11d) | [BJSH543008-TAN-35] 1u (11d) | [BJSH543008-TAUP-34] 1u (11d) | [BJSH543008-TAUP-36] 1u (11d) | [BJSH543008-TAUP-35] 2u (11d) | [BJSH543008-BLACK-39] 1u (11d) | [MV553202-0020-34] 2u (11d) | [MV553202-0020-35] 2u (11d) | [MV553202-0020-33] 2u (11d) | [MV553202-0020-36] 1u (11d) | [MV553202-0020-37] 1u (11d) | [MV553202-0020-38] 1u (11d) | [MV553202-0020-32] 1u (11d) | [MV553202-0020-30] 1u (11d) | [MV553202-0020-31] 1u (11d) | [BJSH360003-BEIG-40] 1u (11d) | [BJSH360003-BEIG-34] 2u (11d) | [BJSH360003-BEIG-33] 1u (11d) | [BJSH360003-BEIG-39] 1u (11d) | [BJSH360003-BEIG-38] 1u (11d) | [BJSH360003-BEIG-37] 2u (11d) | [BJSH360003-BEIG-36] 2u (11d) | [BJSH360003-BEIG-35] 2u (11d) | [BJSH384001-OFFW-33] 1u (11d) | [BJSH384001-OFFW-38] 1u (11d) | [BJSH384001-OFFW-39] 1u (11d) | [BJSH384001-OFFW-40] 1u (11d) | [BJSH384001-OFFW-34] 2u (11d) | [BJSH384001-OFFW-35] 2u (11d) | [BJSH384001-OFFW-36] 2u (11d) | [BJSH384001-OFFW-37] 2u (11d)
CLAGD/Stock/StorageGD/CLA-041-03-01-03;GOLD;60;0.00;C+B+D;579;50;[COSH264004-NAVY-29] 1u (522d) | [COSH264004-NAVY-30] 2u (522d) | [COSH264004-NAVY-31] 2u (522d) | [COSH264004-NAVY-32] 2u (522d) | [COSH264004-NAVY-33] 2u (522d) | [COSH264004-NAVY-34] 1u (522d) | [COSH264004-NAVY-35] 1u (522d) | [COSH264004-NAVY-36] 1u (522d) | [COSH264004-NAVY-29] 1u (522d) | [COSH264004-NAVY-30] 2u (522d) | [COSH264004-NAVY-31] 2u (522d) | [COSH264004-NAVY-32] 2u (522d) | [COSH264004-NAVY-33] 2u (522d) | [COSH264004-NAVY-34] 1u (522d) | [COSH264004-NAVY-35] 1u (522d) | [COSH264004-NAVY-36] 1u (522d) | [HI222003-0020_-36] 2u (579d) | [HI222003-0020_-37] 4u (579d) | [HI222003-0020_-38] 3u (579d) | [HI222003-0020_-39] 2u (579d) | [HI222003-0020_-40] 1u (579d) | [HI222003-0020_-36] 1u (579d) | [HI222003-0020_-37] 2u (579d) | [HI222003-0020_-38] 3u (579d) | [HI222003-0020_-39] 3u (579d) | [HI222003-0020_-40] 2u (579d) | [HI222003-0020_-41] 1u (579d) | [HI222003-0020_-36] 1u (579d) | [HI222003-0020_-37] 2u (579d) | [HI222003-0020_-38] 3u (579d) | [HI222003-0020_-39] 3u (579d) | [HI222003-0020_-40] 2u (579d) | [HI222003-0020_-41] 1u (579d)
CLAGD/Stock/StorageGD/CLA-041-03-02-02;GOLD;80;0.00;A+B;432;80;[COSH542020-TAUP-30] 10u (432d) | [COSH542020-TAUP-30] 10u (432d) | [COSH542020-TAUP-30] 10u (432d) | [COSH542020-TAUP-30] 10u (432d) | [COSH542020-TAUP-30] 10u (432d) | [COSH542020-TAUP-26] 10u (432d) | [COSH542020-TAUP-25] 10u (432d) | [COSH542020-TAUP-23] 10u (432d)
CLAGD/Stock/StorageGD/CLA-041-03-02-03;GOLD;37;0.00;A+C;1065;40;[BJSH542020-TAUP-39] 10u (156d) | [BJSH542020-TAUP-39] 10u (156d) | [MV231603-0053-37] 5u (1065d) | [MV231603-0053-36] 1u (1065d) | [MV231603-0053-40] 1u (1065d) | [BJSH542020-TAUP-39] 10u (156d)
CLAGD/Stock/StorageGD/CLA-041-03-03-01;GOLD;156;0.00;C+B+D;725;130;[MV231602-0054-40] 12u (725d) | [MV231602-0054-39] 12u (725d) | [MV231602-0054-39] 12u (725d) | [MV231602-0054-38] 12u (725d) | [MV231602-0054-38] 12u (725d) | [MV231602-0054-37] 12u (725d) | [MV231601-0020-39] 12u (725d) | [MV231601-0020-38] 12u (725d) | [MV231601-0020-38] 12u (725d) | [MV231601-0020-37] 12u (725d) | [MV231601-0020-37] 12u (725d) | [MV231601-0020-36] 11u (725d) | [MV231601-0020-37] 1u (725d) | [MV231602-0054-36] 5u (725d) | [MV231602-0054-37] 4u (725d) | [MV231602-0054-38] 3u (725d)
CLAGD/Stock/StorageGD/CLA-041-03-03-02;GOLD;132;0.00;C+B;725;110;[MV231605-0020-40] 12u (725d) | [MV231605-0020-39] 12u (725d) | [MV231605-0020-39] 12u (725d) | [MV231605-0020-38] 9u (725d) | [MV231605-0020-39] 3u (725d) | [MV231605-0020-38] 12u (725d) | [MV231605-0020-37] 3u (725d) | [MV231605-0020-38] 9u (725d) | [MV231611-0020-40] 12u (725d) | [MV231611-0020-37] 12u (725d) | [MV231605-0020-36] 12u (725d) | [MV231605-0020-38] 7u (725d) | [MV231605-0020-40] 5u (725d) | [MV231605-0020-37] 11u (725d) | [MV231605-0020-39] 1u (725d)
CLAGD/Stock/StorageGD/CLA-041-03-03-03;GOLD;57;0.00;C+B;725;50;[MV231605-0001-39] 9u (725d) | [MV231605-0001-39] 12u (725d) | [MV231605-0001-38] 6u (725d) | [MV231605-0001-39] 6u (725d) | [MV231601-0020-39] 12u (725d) | [MV231605-0001-37] 1u (725d) | [MV231605-0001-38] 2u (725d) | [MV231605-0001-39] 6u (725d) | [MV231605-0001-40] 3u (725d)
CLAGD/Stock/StorageGD/CLA-041-04-01-03;GOLD;130;0.00;D+B+C+A;579;120;[COTXTSH050-WHIT-6A] 8u (277d) | [KI226829-0078-41] 7u (30d) | [KI226829-0078-40] 2u (30d) | [KI226829-0078-41] 2u (30d) | [KI226831-0078-41] 1u (30d) | [KI226829-0078-40] 3u (30d) | [KI226826-0020-37] 2u (30d) | [BJSH588022-LEOP-32] 1u (488d) | [BJSH588022-LEOP-33] 1u (488d) | [BJSH588022-LEOP-34] 2u (488d) | [BJSH588022-LEOP-35] 2u (488d) | [BJSH588022-LEOP-36] 2u (488d) | [BJSH588022-LEOP-37] 2u (488d) | [BJSH588022-LEOP-38] 1u (488d) | [BJSH588022-LEOP-39] 1u (488d) | [BJSH586092-PLOM-26] 1u (396d) | [BJSH586092-PLOM-27] 1u (396d) | [BJSH586092-PLOM-28] 1u (396d) | [BJSH586092-PLOM-29] 1u (396d) | [BJSH586092-PLOM-30] 1u (396d) | [BJSH586092-PLOM-31] 1u (396d) | [BJSH586092-PLOM-32] 1u (396d) | [BJSH586092-PLOM-33] 1u (396d) | [BJSH586092-PLOM-34] 1u (396d) | [BJSH586092-PLOM-35] 1u (396d) | [BJSH586092-PLOM-36] 1u (396d) | [BJSH586092-PLOM-37] 1u (396d) | [BJSH586092-PLOM-26] 1u (374d) | [BJSH586092-PLOM-27] 1u (374d) | [BJSH586092-PLOM-28] 1u (374d) | [BJSH586092-PLOM-29] 1u (374d) | [BJSH586092-PLOM-30] 1u (374d) | [BJSH586092-PLOM-31] 1u (374d) | [BJSH586092-PLOM-32] 1u (374d) | [BJSH586092-PLOM-33] 1u (374d) | [BJSH586092-PLOM-34] 1u (374d) | [BJSH586092-PLOM-35] 1u (374d) | [BJSH586092-PLOM-36] 1u (374d) | [BJSH586092-PLOM-37] 1u (374d) | [BJSH373001-GOLD-32] 1u (415d) | [BJSH373001-GOLD-33] 1u (415d) | [BJSH373001-GOLD-34] 1u (415d) | [BJSH373001-GOLD-35] 2u (415d) | [BJSH373001-GOLD-36] 2u (415d) | [BJSH373001-GOLD-37] 2u (415d) | [BJSH373001-GOLD-38] 1u (415d) | [BJSH373001-GOLD-39] 1u (415d) | [BJSH373001-GOLD-40] 1u (415d) | [OSSH141064-PEWT-22] 1u (513d) | [OSSH141064-PEWT-23] 1u (513d) | [OSSH141064-PEWT-24] 1u (513d) | [OSSH141064-PEWT-25] 2u (513d) | [OSSH141064-PEWT-26] 2u (513d) | [OSSH141064-PEWT-27] 2u (513d) | [OSSH141064-PEWT-28] 2u (513d) | [OSSH141064-PEWT-29] 1u (513d) | [COSH283007-WHIT-27] 1u (514d) | [COSH283007-WHIT-28] 1u (514d) | [COSH283007-WHIT-29] 1u (514d) | [COSH283007-WHIT-30] 2u (514d) | [COSH283007-WHIT-31] 2u (514d) | [COSH283007-WHIT-32] 1u (514d) | [COSH283007-WHIT-33] 1u (514d) | [COSH283007-WHIT-34] 1u (514d) | [COSH283007-WHIT-35] 1u (514d) | [COSH283007-WHIT-36] 1u (514d) | [COSH283007-WHIT-29] 1u (381d) | [COSH283007-WHIT-30] 2u (381d) | [COSH283007-WHIT-31] 2u (381d) | [COSH283007-WHIT-32] 2u (381d) | [COSH283007-WHIT-33] 2u (381d) | [COSH283007-WHIT-34] 1u (381d) | [COSH283007-WHIT-35] 1u (381d) | [COSH283007-WHIT-36] 1u (381d) | [COSH283007-WHIT-27] 1u (513d) | [COSH283007-WHIT-28] 1u (513d) | [COSH283007-WHIT-29] 1u (513d) | [COSH283007-WHIT-30] 2u (513d) | [COSH283007-WHIT-31] 2u (513d) | [COSH283007-WHIT-32] 1u (513d) | [COSH283007-WHIT-33] 1u (513d) | [COSH283007-WHIT-34] 1u (513d) | [COSH283007-WHIT-35] 1u (513d) | [COSH283007-WHIT-36] 1u (513d) | [HI222003-0020_-36] 1u (579d) | [HI222003-0020_-37] 2u (579d) | [HI222003-0020_-38] 2u (579d) | [HI222003-0020_-39] 2u (579d) | [HI222003-0020_-40] 1u (579d) | [HI222003-0020_-41] 1u (579d)
CLAGD/Stock/StorageGD/CLA-041-04-02-02;GOLD;50;0.00;A+B;450;50;[COSH542020-BLAC-35] 10u (450d) | [COSH542020-BLAC-34] 10u (450d) | [COSH542020-BLAC-34] 10u (450d) | [COSH542020-BLAC-31] 10u (450d) | [COSH542020-BLAC-31] 10u (450d)
CLAGD/Stock/StorageGD/CLA-041-04-02-03;GOLD;40;0.00;A+B;432;40;[COSH542020-TAN-30] 10u (432d) | [COSH542020-TAN-23] 10u (432d) | [COSH542020-TAN-23] 10u (432d) | [COSH542020-TAN-23] 10u (432d)
CLAGD/Stock/StorageGD/CLA-041-04-03-01;GOLD;96;0.00;D+B;725;80;[MV231601-0020-40] 12u (725d) | [MV231601-0020-40] 12u (725d) | [MV231601-0020-39] 12u (725d) | [MV231601-0020-38] 12u (725d) | [MV231601-0020-38] 12u (725d) | [MV231601-0020-38] 12u (725d) | [MV231601-0020-37] 12u (725d) | [MV231601-0020-36] 12u (725d)
CLAGD/Stock/StorageGD/CLA-041-04-03-03;GOLD;96;0.00;D+B;725;80;[MV231601-0020-40] 12u (725d) | [MV231601-0020-40] 12u (725d) | [MV231601-0020-39] 3u (725d) | [MV231601-0020-40] 9u (725d) | [MV231601-0020-39] 12u (725d) | [MV231601-0020-39] 12u (725d) | [MV231601-0020-38] 12u (725d) | [MV231601-0020-37] 12u (725d) | [MV231601-0020-40] 4u (725d) | [MV231601-0020-37] 6u (725d) | [MV231601-0020-41] 2u (725d)
CLAGD/Stock/StorageGD/CLA-041-05-01-01;GOLD;206;0.00;D+C+B;480;210;[COTXSKI029-BURG-8A] 9u (108d) | [COTXSKI029-BURG-4A] 8u (108d) | [COTXDRE035-BEIG-4A] 5u (108d) | [COTXDRE030-WHIT-8A] 10u (277d) | [COTXSKI029-PINK-4A] 8u (108d) | [COTXSKI029-BURG-10A] 9u (108d) | [COTXTSH049-WHIT-6A] 15u (277d) | [COTXTSH046-WHIT-8A] 10u (277d) | [COTXTSH046-WHIT-6A] 10u (277d) | [COTXTSH042-PINK-6A] 15u (277d) | [COTXSWE020-WHIT-10A] 10u (277d) | [COTXSKI027-BROW-4A] 9u (108d) | [COTXSKI029-BURG-5A] 9u (108d) | [COTXTSH052-WHIT-8A] 10u (277d) | [COTXTSH052-WHIT-6A] 10u (277d) | [COTXTSH052-WHIT-5A] 10u (277d) | [COTXTSH050-WHIT-8A] 9u (277d) | [COTXTSH045-WHIT-12A] 10u (277d) | [COTXTSH050-WHIT-10A] 9u (277d) | [COTXSKI018-BEIG-6A] 11u (480d) | [COTXJOG016-BLAC-6A] 10u (108d)
CLAGD/Stock/StorageGD/CLA-041-05-01-02;GOLD;211;0.00;D+C+B;480;210;[COTXDRE032-BLUE-8A] 10u (277d) | [COTXSWE025-BEIG-6A] 10u (108d) | [COTXSWE025-BEIG-6A] 10u (108d) | [COTXDRE020-BEIG-6A] 9u (480d) | [COTXTSH045-WHIT-8A] 10u (277d) | [COTXTSH045-WHIT-6A] 10u (277d) | [COTXTSH045-WHIT-6A] 10u (277d) | [COTXTSH045-WHIT-6A] 10u (277d) | [COTXDRE031-BEIG-8A] 10u (277d) | [COTXDRE031-BEIG-6A] 10u (277d) | [COTXDRE030-PINK-8A] 10u (277d) | [COTXDRE030-PINK-6A] 10u (277d) | [COTXSKI018-BEIG-8A] 11u (480d) | [COTXSKI018-BEIG-6A] 11u (480d) | [COTXSKI018-BEIG-4A] 11u (480d) | [COTXSWE022-BEIG-6A] 10u (108d) | [COTXSWE022-BEIG-4A] 18u (108d) | [COTXSKI029-PINK-8A] 9u (108d) | [COTXSKI029-PINK-6A] 9u (108d) | [COTXSKI029-PINK-5A] 9u (108d) | [COTXDRE037-BEIG-4A] 4u (108d)
CLAGD/Stock/StorageGD/CLA-041-05-01-03;GOLD;226;0.00;D+B+C;480;220;[COTXTSH053-WHIT-8A] 10u (277d) | [COTXTSH053-WHIT-6A] 10u (277d) | [COTXTSH053-WHIT-10A] 9u (277d) | [COTXTSH045-WHIT-5A] 10u (277d) | [COTXDRE028-MULT-8A] 15u (277d) | [COTXDRE028-MULT-6A] 15u (277d) | [COTXDRE028-MULT-10A] 15u (277d) | [COTXSWE025-BEIG-4A] 9u (108d) | [COTXTSH053-WHIT-8A] 9u (277d) | [COTXTSH053-WHIT-5A] 10u (277d) | [COTXTSH053-WHIT-5A] 9u (277d) | [COTXTSH053-WHIT-12A] 9u (277d) | [COTXTSH053-WHIT-10A] 10u (277d) | [COTXTSH045-WHIT-4A] 10u (277d) | [COTXSWE025-BEIG-8A] 10u (108d) | [COTXSWE025-BEIG-8A] 10u (108d) | [COTXSWE025-BEIG-10A] 10u (108d) | [COTXTSH045-WHIT-8A] 10u (277d) | [COTXHOD014-GREY-6A] 9u (480d) | [COTXHOD014-GREY-5A] 9u (480d) | [COTXDRE037-BEIG-5A] 6u (108d) | [COTXDRE037-BEIG-10A] 6u (108d) | [COTXDRE037-BEIG-10A] 6u (108d)
CLAGD/Stock/StorageGD/CLA-041-05-02-01;GOLD;48;0.00;B+C;725;40;[MV231611-0020-37] 3u (725d) | [MV231611-0020-38] 9u (725d) | [MV231611-0020-37] 12u (725d) | [MV231611-0020-36] 6u (725d) | [MV231611-0020-37] 6u (725d) | [MV231611-0020-37] 5u (725d) | [MV231611-0020-38] 5u (725d) | [MV231611-0020-39] 2u (725d)
CLAGD/Stock/StorageGD/CLA-041-05-02-02;GOLD;50;0.00;A+B;432;50;[BJSH543001-BLAC-35] 10u (393d) | [COSH542020-TAUP-36] 10u (432d) | [COSH542020-NAVY-26] 10u (432d) | [BJSH543001-BLAC-40] 10u (390d) | [BJSH543001-BLAC-40] 10u (390d)
CLAGD/Stock/StorageGD/CLA-041-05-03-01;GOLD;108;0.00;C+B+D;725;90;[MV231605-0020-40] 11u (725d) | [MV231605-0020-41] 1u (725d) | [MV231605-0020-37] 10u (725d) | [MV231605-0020-36] 2u (725d) | [MV231605-0020-39] 12u (725d) | [MV231605-0020-37] 10u (725d) | [MV231605-0020-36] 2u (725d) | [MV231605-0020-37] 12u (725d) | [MV231605-0020-37] 12u (725d) | [MV231605-0020-40] 11u (725d) | [MV231605-0020-41] 1u (725d) | [MV231603-0053-38] 12u (725d) | [MV231601-0020-38] 12u (725d)
CLAGD/Stock/StorageGD/CLA-041-05-03-02;GOLD;67;0.00;D+C;725;70;[MV231601-0020-40] 12u (725d) | [MV231601-0020-40] 12u (725d) | [MV231605-0020-40] 3u (725d) | [MV231605-0020-40] 12u (725d) | [MV231602-0054-39] 1u (725d) | [MV231602-0054-40] 3u (725d) | [MV231602-0054-37] 3u (725d) | [MV231602-0054-38] 7u (725d) | [MV231602-0054-39] 2u (725d) | [MV231602-0054-39] 4u (725d) | [MV231602-0054-40] 8u (725d)
CLAGD/Stock/StorageGD/CLA-041-05-03-03;GOLD;84;0.00;C+B;725;70;[MV231605-0001-40] 3u (725d) | [MV231605-0001-41] 9u (725d) | [MV231605-0001-37] 12u (725d) | [MV231605-0001-36] 5u (725d) | [MV231605-0001-37] 7u (725d) | [MV231605-0001-37] 1u (725d) | [MV231605-0001-38] 2u (725d) | [MV231605-0001-39] 6u (725d) | [MV231605-0001-40] 3u (725d) | [MV231605-0001-36] 12u (725d) | [MV231605-0001-37] 12u (725d) | [MV231605-0001-40] 3u (725d) | [MV231605-0001-41] 9u (725d)
CLAGD/Stock/StorageGD/CLA-041-06-01-01;GOLD;123;0.00;B+A+D;480;150;[COTXHOD014-PINK-10A] 15u (480d) | [COTXDRE021-PINK-12A] 15u (480d) | [COTXSKI025-BEIG-6A] 9u (277d) | [COTXSKI025-BEIG-5A] 9u (277d) | [COTXHOD017-BEIG-8A] 5u (108d) | [COTXHOD017-BEIG-8A] 5u (108d) | [COTXHOD017-BEIG-5A] 5u (108d) | [COTXHOD017-BEIG-4A] 5u (108d) | [COTXHOD017-BEIG-4A] 4u (108d) | [COTXJOG015-PINK-12A] 7u (108d) | [COTXJOG015-PINK-10A] 8u (108d) | [COTXJOG015-PINK-10A] 7u (108d) | [COTXHOD017-BEIG-12A] 5u (108d) | [COTXHOD014-PINK-5A] 15u (480d) | [COTXJOG015-BURG-12A] 9u (108d)
CLAGD/Stock/StorageGD/CLA-041-06-01-03;GOLD;170;0.00;B+D;480;270;[COTXSKI018-PINK-10A] 11u (480d) | [COTXSKI027-BROW-6A] 10u (108d) | [COTXSKI027-BROW-12A] 10u (108d) | [COTXSKI027-BROW-10A] 10u (108d) | [COTXDRE036-GREY-5A] 5u (108d) | [COTXDRE036-GREY-10A] 5u (108d) | [COTXDRE036-GREY-10A] 5u (108d) | [COTXDRE036-GREY-10A] 5u (108d) | [COTXDRE035-BEIG-6A] 5u (108d) | [COTXDRE035-BEIG-6A] 5u (108d) | [COTXDRE035-BEIG-6A] 5u (108d) | [COTXDRE035-BEIG-12A] 5u (108d) | [COTXDRE033-PINK-6A] 5u (108d) | [COTXDRE033-PINK-6A] 5u (108d) | [COTXDRE033-PINK-12A] 5u (108d) | [COTXHOD018-BEIG-6A] 5u (108d) | [COTXHOD018-BEIG-6A] 5u (108d) | [COTXHOD018-BEIG-6A] 5u (108d) | [COTXHOD018-BEIG-5A] 5u (108d) | [COTXHOD016-PINK-8A] 5u (108d) | [COTXHOD016-PINK-8A] 5u (108d) | [COTXHOD016-PINK-6A] 5u (108d) | [COTXHOD016-PINK-5A] 5u (108d) | [COTXHOD016-PINK-4A] 4u (108d) | [COTXDRE035-BEIG-5A] 5u (108d) | [COTXSKI029-NAVY-8A] 10u (108d) | [COTXHOD014-PINK-12A] 15u (480d)
CLAGD/Stock/StorageGD/CLA-041-06-02-01;GOLD;40;0.00;C;725;40;[MV232301-0020-40] 10u (725d) | [MV232301-0020-39] 10u (725d) | [MV232301-0020-38] 10u (725d) | [MV232301-0020-37] 10u (725d)
CLAGD/Stock/StorageGD/CLA-041-06-02-03;GOLD;200;0.00;A+B;432;100;[COSH542020-NAVY-31] 20u (432d) | [COSH542020-NAVY-28] 20u (432d) | [COSH542020-NAVY-28] 20u (432d) | [COSH542020-NAVY-28] 20u (432d) | [COSH542020-NAVY-28] 20u (432d) | [COSH542020-NAVY-27] 20u (432d) | [COSH542020-NAVY-27] 20u (432d) | [COSH542020-NAVY-27] 20u (432d) | [COSH542020-NAVY-26] 20u (432d) | [COSH542020-NAVY-25] 20u (432d)
CLAGD/Stock/StorageGD/CLA-041-06-03-02;GOLD;40;0.00;C;725;40;[MV232305-0020-40] 10u (725d) | [MV232305-0020-39] 10u (725d) | [MV232305-0020-38] 10u (725d) | [MV232305-0020-37] 10u (725d)
CLAGD/Stock/StorageGD/CLA-041-07-01-01;GOLD;208;0.00;B+D+A;480;250;[COTXHOD014-GREY-10A] 9u (480d) | [COTXHOD014-GREY-10A] 9u (480d) | [COTXHOD014-GREY-4A] 8u (480d) | [COTXDRE026-BEIG-12A] 9u (480d) | [COTXDRE026-BEIG-10A] 9u (480d) | [COTXDRE026-BEIG-8A] 9u (480d) | [COTXDRE026-BEIG-8A] 9u (480d) | [COTXDRE023-BEIG-10A] 9u (480d) | [COTXSKI019-NAVY-10A] 11u (480d) | [COTXSKI019-NAVY-8A] 12u (480d) | [COTXSKI019-NAVY-8A] 11u (480d) | [COTXSKI019-NAVY-4A] 12u (480d) | [COTXHOD016-PINK-12A] 5u (108d) | [COTXHOD016-PINK-10A] 5u (108d) | [COTXHOD016-PINK-10A] 5u (108d) | [COTXHOD016-PINK-10A] 5u (108d) | [COTXHOD016-PINK-10A] 5u (108d) | [COTXDRE036-GREY-12A] 5u (108d) | [COTXDRE035-BEIG-8A] 5u (108d) | [COTXDRE035-BEIG-8A] 5u (108d) | [COTXJOG015-BURG-8A] 9u (108d) | [COTXJOG015-BURG-6A] 9u (108d) | [COTXJOG015-BEIG-8A] 11u (108d) | [COTXJOG015-BEIG-6A] 11u (108d) | [COTXJOG015-BEIG-10A] 11u (108d)
CLAGD/Stock/StorageGD/CLA-041-07-01-02;GOLD;251;0.00;B+C+A+D;480;250;[COTXSWE013-BLAC-10A] 12u (480d) | [COTXHOD014-GREY-12A] 8u (480d) | [COTXHOD014-GREY-8A] 9u (480d) | [COTXHOD014-GREY-8A] 9u (480d) | [COTXHOD014-GREY-6A] 9u (480d) | [COTXHOD014-GREY-6A] 8u (480d) | [COTXHOD014-GREY-6A] 8u (480d) | [COTXSKI019-NAVY-12A] 12u (480d) | [COTXSKI019-NAVY-10A] 12u (480d) | [COTXSKI019-NAVY-10A] 12u (480d) | [COTXSKI019-NAVY-6A] 12u (480d) | [COTXSKI019-NAVY-6A] 12u (480d) | [COTXSKI019-NAVY-6A] 11u (480d) | [COTXSKI019-NAVY-5A] 11u (480d) | [COTXJOG016-PINK-5A] 8u (108d) | [COTXJOG016-PINK-12A] 8u (108d) | [COTXJOG016-PINK-10A] 12u (108d) | [COTXJOG015-BLAC-6A] 8u (108d) | [COTXJOG015-BLAC-5A] 8u (108d) | [COTXJOG015-BLAC-10A] 8u (108d) | [COTXTSH057-OFFW-8A] 10u (108d) | [COTXTSH057-OFFW-6A] 10u (108d) | [COTXTSH057-OFFW-4A] 9u (108d) | [COTXTSH055-OFFW-8A] 10u (108d) | [COTXJOG016-BLAC-8A] 15u (108d)
CLAGD/Stock/StorageGD/CLA-041-07-01-03;GOLD;127;0.00;C+B+D+A;480;150;[COTXHOD014-PINK-6A] 15u (480d) | [COTXHOD011-MULT-10A] 8u (480d) | [COTXHOD011-MULT-10A] 8u (480d) | [COTXHOD011-MULT-6A] 8u (480d) | [COTXHOD011-MULT-5A] 8u (480d) | [COTXHOD011-MULT-6A] 8u (480d) | [COTXHOD011-MULT-4A] 8u (480d) | [COTXDRE020-BEIG-8A] 9u (480d) | [COTXDRE020-BEIG-5A] 9u (480d) | [COTXSKI025-BEIG-8A] 9u (277d) | [COTXHOD017-BEIG-6A] 5u (108d) | [COTXJOG015-PINK-8A] 8u (108d) | [COTXJOG015-PINK-8A] 7u (108d) | [COTXJOG015-PINK-5A] 8u (108d) | [COTXSKI028-PINK-4A] 9u (108d)
CLAGD/Stock/StorageGD/CLA-041-07-03-01;GOLD;48;0.00;C+B+D;579;40;[OSSH127004-NAVY-22] 1u (381d) | [OSSH127004-NAVY-23] 1u (381d) | [OSSH127004-NAVY-24] 1u (381d) | [OSSH127004-NAVY-25] 2u (381d) | [OSSH127004-NAVY-26] 2u (381d) | [OSSH127004-NAVY-27] 2u (381d) | [OSSH127004-NAVY-28] 2u (381d) | [OSSH127004-NAVY-29] 1u (381d) | [OSSH127004-NAVY-22] 1u (381d) | [OSSH127004-NAVY-23] 1u (381d) | [OSSH127004-NAVY-24] 1u (381d) | [OSSH127004-NAVY-25] 2u (381d) | [OSSH127004-NAVY-26] 2u (381d) | [OSSH127004-NAVY-27] 2u (381d) | [OSSH127004-NAVY-28] 2u (381d) | [OSSH127004-NAVY-29] 1u (381d) | [COSH265031-NAVY-24] 1u (579d) | [COSH265031-NAVY-25] 1u (579d) | [COSH265031-NAVY-26] 1u (579d) | [COSH265031-NAVY-27] 1u (579d) | [COSH265031-NAVY-28] 1u (579d) | [COSH265031-NAVY-29] 1u (579d) | [COSH265031-NAVY-30] 1u (579d) | [COSH265031-NAVY-31] 1u (579d) | [COSH265031-NAVY-32] 1u (579d) | [COSH265031-NAVY-33] 1u (579d) | [COSH265031-NAVY-34] 1u (579d) | [COSH265031-NAVY-35] 1u (579d) | [HI222003-0020_-36] 2u (579d) | [HI222003-0020_-37] 4u (579d) | [HI222003-0020_-38] 3u (579d) | [HI222003-0020_-39] 2u (579d) | [HI222003-0020_-40] 1u (579d)
CLAGD/Stock/StorageGD/CLA-041-07-03-02;GOLD;84;0.00;C+A;725;80;[MV231605-0001-38] 12u (725d) | [MV231605-0001-38] 12u (725d) | [BJSH543008-TAN-39] 10u (156d) | [BJSH543008-TAN-39] 10u (156d) | [BJSH543008-TAN-39] 10u (156d) | [BJSH543008-TAN-37] 10u (156d) | [BJSH543008-TAN-37] 10u (156d) | [BJSH543008-TAN-36] 10u (156d)
CLAGD/Stock/StorageGD/CLA-041-07-03-03;GOLD;72;0.00;C;659;60;[BJSH527066-MULT-39] 12u (659d) | [BJSH527066-MULT-38] 12u (659d) | [BJSH527066-MULT-37] 12u (659d) | [BJSH527066-MULT-37] 12u (659d) | [BJSH527066-MULT-36] 12u (659d) | [BJSH527066-MULT-34] 12u (659d)
CLAGD/Stock/StorageGD/CLA-041-08-01-01;GOLD;200;0.00;C+B+D;480;200;[COTXSKI019-BEIG-12A] 12u (480d) | [COTXSKI019-BEIG-6A] 12u (480d) | [COTXSKI019-BEIG-6A] 11u (480d) | [COTXSKI019-BEIG-6A] 11u (480d) | [COTXSKI019-BEIG-5A] 11u (480d) | [COTXDRE024-GREY-5A] 12u (480d) | [COTXSWE016-BEIG-6A] 12u (480d) | [COTXSWE016-BEIG-5A] 12u (480d) | [COTXSWE021-WHIT-10A] 9u (277d) | [COTXTSH047-WHIT-10A] 8u (277d) | [COTXJOG016-GREY-12A] 10u (108d) | [COTXDRE025-BEIG-12A] 15u (480d) | [COTXTSH040-OFFW-6A] 12u (480d) | [COTXSWE024-BEIG-8A] 10u (108d) | [COTXSWE022-BEIG-10A] 10u (108d) | [COTXDRE037-BEIG-8A] 6u (108d) | [COTXJOG015-BURG-10A] 9u (108d) | [COTXDRE037-BEIG-5A] 5u (108d) | [COTXDRE037-BEIG-10A] 5u (108d) | [COTXJOG015-BURG-4A] 8u (10d)
CLAGD/Stock/StorageGD/CLA-041-08-01-02;GOLD;291;0.00;B+D+C;480;300;[COTXJOG015-PINK-10A] 11u (480d) | [COTXDRE020-NAVY-6A] 9u (480d) | [COTXDRE020-NAVY-6A] 9u (480d) | [COTXDRE020-NAVY-4A] 9u (480d) | [COTXTSH044-WHIT-8A] 10u (277d) | [COTXTSH044-WHIT-6A] 10u (277d) | [COTXTSH044-WHIT-6A] 10u (277d) | [COTXTSH044-WHIT-6A] 10u (277d) | [COTXTSH044-WHIT-5A] 9u (277d) | [COTXTSH044-WHIT-4A] 10u (277d) | [COTXTSH044-WHIT-12A] 10u (277d) | [COTXTSH047-WHIT-8A] 10u (277d) | [COTXTSH047-WHIT-8A] 10u (277d) | [COTXTSH047-WHIT-8A] 10u (277d) | [COTXTSH047-WHIT-6A] 10u (277d) | [COTXTSH047-WHIT-6A] 9u (277d) | [COTXTSH047-WHIT-6A] 10u (277d) | [COTXTSH047-WHIT-5A] 10u (277d) | [COTXTSH047-WHIT-4A] 10u (277d) | [COTXTSH047-WHIT-12A] 9u (277d) | [COTXTSH051-WHIT-6A] 10u (277d) | [COTXTSH051-WHIT-4A] 10u (277d) | [COTXTSH051-WHIT-10A] 10u (277d) | [COTXJOG020-BEIG-8A] 10u (277d) | [COTXJOG020-BEIG-5A] 5u (277d) | [COTXJOG020-BEIG-12A] 5u (277d) | [COTXDRE032-BLUE-6A] 10u (277d) | [COTXTSH040-OFFW-10A] 12u (480d) | [COTXTSH040-OFFW-8A] 12u (480d) | [COTXTSH040-OFFW-5A] 12u (480d)
CLAGD/Stock/StorageGD/CLA-041-08-01-03;GOLD;240;0.00;C+B+D;480;240;[COTXDRE024-GREY-10A] 12u (480d) | [COTXDRE024-GREY-6A] 12u (480d) | [COTXDRE020-NAVY-8A] 9u (480d) | [COTXSWE017-BEIG-5A] 12u (480d) | [COTXDRE026-BEIG-10A] 9u (480d) | [COTXDRE026-BEIG-6A] 9u (480d) | [COTXDRE026-BEIG-6A] 9u (480d) | [COTXDRE026-BEIG-6A] 9u (480d) | [COTXDRE026-BEIG-5A] 9u (480d) | [COTXDRE026-BEIG-4A] 9u (480d) | [COTXJOG020-NAVY-12A] 5u (277d) | [COTXJOG016-GREY-5A] 10u (108d) | [COTXSKI028-PINK-12A] 10u (108d) | [COTXSKI028-PINK-10A] 10u (108d) | [COTXSKI028-PINK-8A] 10u (108d) | [COTXSKI028-PINK-10A] 10u (108d) | [COTXSKI018-BEIG-10A] 12u (480d) | [COTXTSH036-OFFW-5A] 15u (480d) | [COTXTSH035-OFFW-5A] 12u (480d) | [COTXTSH035-OFFW-4A] 12u (480d) | [COTXHOD014-GREY-5A] 8u (480d) | [COTXSKI029-PINK-8A] 9u (108d) | [COTXSKI029-PINK-5A] 9u (108d) | [COTXSKI029-PINK-10A] 9u (108d)
CLAGD/Stock/StorageGD/CLA-041-08-02-01;GOLD;80;0.00;B+A;432;80;[COSH542020-NAVY-35] 10u (432d) | [COSH542020-NAVY-35] 10u (432d) | [COSH542020-NAVY-35] 10u (432d) | [COSH542020-NAVY-35] 10u (432d) | [COSH542020-NAVY-33] 10u (432d) | [COSH542020-NAVY-33] 10u (432d) | [COSH542020-NAVY-33] 10u (432d) | [COSH542020-NAVY-33] 10u (432d)
CLAGD/Stock/StorageGD/CLA-041-09-01-01;GOLD;128;0.00;B+D;480;150;[COTXHOD015-BEIG-12A] 12u (480d) | [COTXJOG015-BEIG-10A] 11u (480d) | [COTXDRE023-BEIG-8A] 6u (480d) | [COTXDRE023-BEIG-8A] 9u (480d) | [COTXDRE023-BEIG-6A] 9u (480d) | [COTXDRE023-BEIG-6A] 9u (480d) | [COTXDRE023-BEIG-5A] 9u (480d) | [COTXJOG018-BLUE-8A] 10u (277d) | [COTXJOG018-BLUE-6A] 10u (277d) | [COTXTSH046-PINK-6A] 9u (277d) | [COTXTSH046-PINK-10A] 10u (277d) | [COTXHOD019-BEIG-6A] 5u (108d) | [COTXHOD019-BEIG-6A] 5u (108d) | [COTXHOD019-BEIG-5A] 5u (108d) | [COTXDRE023-BEIG-6A] 9u (480d)
CLAGD/Stock/StorageGD/CLA-041-09-01-02;GOLD;154;0.00;B+C+D;480;150;[COTXHOD010-BEIG-5A] 8u (480d) | [COTXDRE026-NAVY-6A] 9u (480d) | [COTXSKI019-BEIG-10A] 12u (480d) | [COTXSKI019-BEIG-10A] 11u (480d) | [COTXSKI019-BEIG-8A] 12u (480d) | [COTXSKI019-BEIG-4A] 11u (480d) | [COTXSKI018-GREY-6A] 12u (480d) | [COTXSWE021-WHIT-6A] 9u (277d) | [COTXSWE021-WHIT-5A] 10u (277d) | [COTXSKI029-NAVY-6A] 10u (108d) | [COTXSKI029-NAVY-10A] 10u (108d) | [COTXSWE024-BEIG-8A] 10u (108d) | [COTXSWE024-BEIG-5A] 10u (108d) | [COTXSWE024-BEIG-6A] 10u (108d) | [COTXSWE024-BEIG-6A] 10u (108d)
CLAGD/Stock/StorageGD/CLA-041-09-01-03;GOLD;171;0.00;B+C+D;480;190;[COTXSKI018-PINK-6A] 11u (480d) | [COTXSKI018-PINK-4A] 12u (480d) | [COTXHOD010-BEIG-6A] 8u (480d) | [COTXTSH056-OFFW-6A] 10u (108d) | [COTXTSH056-OFFW-10A] 10u (108d) | [COTXTSH054-OFFW-8A] 15u (108d) | [COTXTSH054-OFFW-6A] 15u (108d) | [COTXTSH054-OFFW-5A] 10u (108d) | [COTXTSH054-OFFW-10A] 10u (108d) | [COTXHOD019-BEIG-4A] 5u (108d) | [COTXHOD019-BEIG-10A] 5u (108d) | [COTXHOD018-BEIG-8A] 5u (108d) | [COTXHOD018-BEIG-10A] 5u (108d) | [COTXDRE033-PINK-8A] 5u (108d) | [COTXDRE033-PINK-5A] 5u (108d) | [COTXDRE033-PINK-4A] 4u (108d) | [COTXTSH040-OFFW-12A] 12u (480d) | [COTXTSH040-OFFW-4A] 12u (480d) | [COTXTSH039-OFFW-6A] 12u (480d)
CLAGD/Stock/StorageGD/CLA-041-09-02-01;GOLD;60;0.00;B;493;60;[BJSH542083-BLAC-35] 10u (493d) | [BJSH542083-BLAC-35] 10u (493d) | [BJSH542083-BLAC-35] 10u (493d) | [BJSH542083-BLAC-35] 10u (493d) | [BJSH542083-BLAC-33] 10u (493d) | [BJSH542083-BLAC-33] 10u (493d)
CLAGD/Stock/StorageGD/CLA-041-09-03-02;GOLD;90;0.00;A;432;90;[COSH542020-TAUP-31] 10u (432d) | [COSH542020-TAUP-31] 10u (432d) | [COSH542020-TAUP-31] 10u (432d) | [COSH542020-TAUP-31] 10u (432d) | [COSH542020-TAUP-31] 10u (432d) | [COSH542020-TAUP-31] 10u (432d) | [COSH542020-TAUP-31] 10u (432d) | [COSH542020-TAUP-31] 10u (432d) | [COSH542020-TAUP-31] 10u (432d)
CLAGD/Stock/StorageGD/CLA-041-09-03-03;GOLD;100;0.00;B+D+A;513;100;[COSH283092-MULT-28] 10u (513d) | [COSH224050-MULT-33] 10u (367d) | [COSH224050-MULT-33] 10u (367d) | [COSH224050-MULT-32] 10u (367d) | [COSH224050-MULT-30] 10u (367d) | [COSH224050-MULT-30] 10u (367d) | [COSH224050-MULT-29] 10u (367d) | [COSH542020-TAUP-26] 10u (432d) | [COSH542020-TAUP-23] 10u (432d) | [COSH542020-TAUP-22] 10u (432d)
CLAGD/Stock/StorageGD/CLA-042-01-01-03;GOLD;60;0.00;D;579;50;[BI206500-0001-36] 3u (579d) | [BI206500-0001-38] 6u (579d) | [BI206500-0001-40] 3u (579d) | [BI206500-0001-36] 3u (579d) | [BI206500-0001-38] 6u (579d) | [BI206500-0001-40] 3u (579d) | [BI206500-0001-36] 3u (579d) | [BI206500-0001-38] 6u (579d) | [BI206500-0001-40] 3u (579d) | [BI206500-0001-36] 3u (579d) | [BI206500-0001-38] 6u (579d) | [BI206500-0001-40] 3u (579d) | [BI206500-0001-36] 3u (579d) | [BI206500-0001-38] 6u (579d) | [BI206500-0001-40] 3u (579d)
CLAGD/Stock/StorageGD/CLA-042-01-02-02;GOLD;48;0.00;D+B;508;40;[TESH516001-PINK-20] 2u (142d) | [TESH516001-PINK-21] 2u (142d) | [TESH516001-PINK-22] 2u (142d) | [TESH516001-PINK-23] 2u (142d) | [TESH516001-PINK-24] 2u (142d) | [TESH516001-PINK-25] 2u (142d) | [TESH516001-NAVY-20] 2u (142d) | [TESH516001-NAVY-21] 2u (142d) | [TESH516001-NAVY-22] 2u (142d) | [TESH516001-NAVY-23] 2u (142d) | [TESH516001-NAVY-24] 2u (142d) | [TESH516001-NAVY-25] 2u (142d) | [TESH516001-WHIT-20] 2u (33d) | [TESH516001-WHIT-21] 2u (33d) | [TESH516001-WHIT-22] 2u (33d) | [TESH516001-WHIT-23] 2u (33d) | [TESH516001-WHIT-24] 2u (33d) | [TESH516001-WHIT-25] 2u (33d) | [BJSH362001-WHIT-34] 1u (508d) | [BJSH362001-WHIT-35] 2u (508d) | [BJSH362001-WHIT-36] 2u (508d) | [BJSH362001-WHIT-37] 2u (508d) | [BJSH362001-WHIT-38] 2u (508d) | [BJSH362001-WHIT-39] 2u (508d) | [BJSH362001-WHIT-40] 1u (508d)
CLAGD/Stock/StorageGD/CLA-042-01-03-02;GOLD;40;0.00;B+A;390;40;[BJSH543001-BLAC-36] 10u (390d) | [BJSH543001-BLAC-35] 10u (390d) | [BJSH543001-BLAC-35] 10u (390d) | [BJSH543001-BLAC-35] 10u (390d)
CLAGD/Stock/StorageGD/CLA-042-02-01-02;GOLD;60;0.00;A+B;522;50;[BJSH542020-TAUP-39] 10u (156d) | [BJSH542020-TAUP-39] 10u (156d) | [BJSH542020-TAUP-36] 10u (156d) | [BJSH542020-TAUP-36] 10u (156d) | [COSH283005-WHIT-32] 20u (522d)
CLAGD/Stock/StorageGD/CLA-042-02-01-03;GOLD;66;0.00;C+B+D;1263;60;[MV231601-0001-39] 5u (725d) | [MV231601-0001-36] 1u (1250d) | [MV231601-0001-40] 1u (1263d) | [MV231605-0001-40] 2u (1262d) | [MV231601-0001-41] 1u (1263d) | [MV231601-0001-37] 3u (1250d) | [MV231601-0001-40] 4u (1263d) | [MV231601-0001-38] 1u (1263d) | [MV231605-0020-39] 6u (1012d) | [MV231605-0020-40] 2u (1012d) | [MV231605-0020-37] 3u (1061d) | [MV231605-0020-38] 1u (1012d) | [MV231605-0020-36] 2u (1061d) | [MV231605-0020-41] 1u (1012d) | [COSH249005-GREY-34] 12u (549d) | [BI206500-0001-36] 3u (579d) | [BI206500-0001-38] 6u (579d) | [BI206500-0001-40] 3u (579d) | [BWSH368001-BLAC-36] 1u (487d) | [BWSH368001-BLAC-37] 2u (487d) | [BWSH368001-BLAC-38] 2u (487d) | [BWSH368001-BLAC-39] 2u (487d) | [BWSH368001-BLAC-40] 1u (487d) | [BWSH368001-BLAC-41] 1u (487d)
CLAGD/Stock/StorageGD/CLA-042-02-02-01;GOLD;50;0.00;B+A;383;50;[BJSH543001-TAUP-35] 10u (383d) | [BJSH543001-TAUP-35] 10u (383d) | [BJSH543001-TAUP-35] 10u (383d) | [BJSH543001-TAUP-34] 10u (383d) | [BJSH543001-TAUP-34] 10u (383d)
CLAGD/Stock/StorageGD/CLA-042-02-03-01;GOLD;119;0.00;D+C+B;508;120;[TESH516004-BEIGE-20] 2u (142d) | [TESH516004-BEIGE-21] 2u (142d) | [TESH516004-BEIGE-22] 2u (142d) | [TESH516004-BEIGE-23] 2u (142d) | [TESH516004-BEIGE-24] 2u (142d) | [TESH516004-BEIGE-25] 2u (142d) | [TESH516004-BEIGE-20] 2u (142d) | [TESH516004-BEIGE-21] 2u (142d) | [TESH516004-BEIGE-22] 2u (142d) | [TESH516004-BEIGE-23] 2u (142d) | [TESH516004-BEIGE-24] 2u (142d) | [TESH516004-BEIGE-25] 2u (142d) | [TESH516004-BEIGE-20] 2u (142d) | [TESH516004-BEIGE-21] 2u (142d) | [TESH516004-BEIGE-22] 2u (142d) | [TESH516004-BEIGE-23] 2u (142d) | [TESH516004-BEIGE-24] 2u (142d) | [TESH516004-BEIGE-25] 2u (142d) | [TESH516004-BEIGE-20] 2u (142d) | [TESH516004-BEIGE-21] 2u (142d) | [TESH516004-BEIGE-22] 2u (142d) | [TESH516004-BEIGE-23] 2u (142d) | [TESH516004-BEIGE-24] 2u (142d) | [TESH516004-BEIGE-25] 2u (142d) | [TESH516001-BEIG-20] 2u (24d) | [TESH516001-BEIG-21] 2u (24d) | [TESH516001-BEIG-22] 2u (24d) | [TESH516001-BEIG-23] 2u (24d) | [TESH516001-BEIG-24] 2u (24d) | [TESH516001-BEIG-25] 2u (24d) | [TESH516010-PINK-23] 1u (137d) | [TESH516010-PINK-24] 1u (137d) | [TESH516010-PINK-22] 2u (137d) | [TESH516010-PINK-20] 1u (137d) | [TESH516010-PINK-21] 1u (137d) | [TESH502010-MULT-21] 2u (137d) | [TESH502010-MULT-23] 2u (137d) | [TESH502010-MULT-24] 1u (137d) | [TESH502010-MULT-20] 1u (137d) | [TESH502010-MULT-22] 2u (137d) | [TESH502010-MULT-24] 1u (137d) | [TESH502010-MULT-20] 1u (137d) | [TESH502010-MULT-22] 2u (137d) | [TESH502010-MULT-23] 1u (137d) | [TESH502010-MULT-21] 1u (137d) | [TESH502010-MULT-22] 2u (137d) | [TESH502010-MULT-24] 1u (137d) | [TESH502010-MULT-21] 1u (137d) | [TESH502010-MULT-20] 1u (137d) | [TESH502010-MULT-23] 1u (137d) | [BWSH362002-BLAC-36] 1u (508d) | [BWSH362002-BLAC-37] 2u (508d) | [BWSH362002-BLAC-38] 2u (508d) | [BWSH362002-BLAC-39] 2u (508d) | [BWSH362002-BLAC-40] 1u (508d) | [BWSH362002-BLAC-41] 1u (508d) | [BJSH362001-WHIT-34] 1u (508d) | [BJSH362001-WHIT-35] 2u (508d) | [BJSH362001-WHIT-36] 2u (508d) | [BJSH362001-WHIT-37] 2u (508d) | [BJSH362001-WHIT-38] 2u (508d) | [BJSH362001-WHIT-39] 2u (508d) | [BJSH362001-WHIT-40] 1u (508d) | [BJSH362001-WHIT-34] 1u (508d) | [BJSH362001-WHIT-35] 2u (508d) | [BJSH362001-WHIT-36] 2u (508d) | [BJSH362001-WHIT-37] 2u (508d) | [BJSH362001-WHIT-38] 2u (508d) | [BJSH362001-WHIT-39] 2u (508d) | [BJSH362001-WHIT-40] 1u (508d)
CLAGD/Stock/StorageGD/CLA-042-03-01-02;GOLD;49;0.00;C+B;1073;50;[MV231602-0054-41] 1u (1073d) | [MV231602-0054-38] 2u (1073d) | [MV231611-0020-39] 3u (725d) | [MV231611-0020-40] 3u (1061d) | [MV231611-0020-41] 2u (1061d) | [MV231611-0020-36] 1u (761d) | [MV231611-0020-38] 1u (725d) | [MV231602-0054-38] 1u (1073d) | [MV231611-0020-39] 3u (725d) | [MV231602-0054-41] 4u (1073d) | [MV231611-0020-36] 1u (761d) | [MV231611-0020-38] 4u (725d) | [MV231611-0020-40] 1u (1061d) | [MV231602-0054-41] 3u (1073d) | [MV231611-0020-40] 1u (1061d) | [MV231611-0020-39] 2u (725d) | [MV231611-0020-36] 2u (761d) | [MV231602-0054-38] 3u (1073d) | [MV231611-0020-38] 1u (725d) | [BJSH542083-BLAC-34] 10u (493d)
CLAGD/Stock/StorageGD/CLA-042-03-01-03;GOLD;66;0.00;C+B;1061;40;[MV553202-0020-35] 4u (911d) | [MV553202-0020-32] 3u (911d) | [MV553202-0020-33] 2u (911d) | [MV553202-0020-34] 4u (911d) | [MV553202-0020-30] 6u (911d) | [MV553202-0020-35] 2u (911d) | [MV553202-0020-34] 4u (911d) | [MV553202-0020-31] 5u (911d) | [MV553202-0020-32] 1u (911d) | [MV553202-0020-33] 5u (911d) | [MV553202-0020-30] 1u (911d) | [MV231605-0020-40] 4u (1012d) | [MV231605-0020-37] 2u (1061d) | [MV231605-0020-36] 4u (1061d) | [MV231605-0020-41] 5u (1012d) | [MV231605-0020-37] 2u (1061d) | [MV231605-0020-40] 3u (1012d) | [MV231605-0020-38] 2u (1012d) | [MV231605-0020-36] 4u (1061d) | [MV231605-0020-39] 2u (1012d) | [MV231605-0020-41] 1u (1012d)
CLAGD/Stock/StorageGD/CLA-042-03-02-01;GOLD;90;0.00;B+A;450;90;[COSH542020-BLAC-36] 10u (450d) | [COSH542020-BLAC-36] 10u (450d) | [COSH542020-BLAC-36] 10u (450d) | [COSH542020-BLAC-36] 10u (450d) | [COSH542020-BLAC-35] 10u (450d) | [COSH542020-BLAC-35] 10u (450d) | [COSH542020-BLAC-35] 10u (450d) | [COSH542020-BLAC-35] 10u (450d) | [COSH542020-BLAC-34] 10u (450d)
CLAGD/Stock/StorageGD/CLA-042-03-02-03;GOLD;160;0.00;A+B;432;160;[COSH542020-TAUP-25] 10u (432d) | [COSH542020-TAUP-25] 10u (432d) | [COSH542020-TAUP-25] 10u (432d) | [COSH542020-TAUP-25] 10u (432d) | [COSH542020-TAUP-24] 10u (432d) | [COSH542020-TAUP-24] 10u (432d) | [COSH542020-TAUP-24] 10u (432d) | [COSH542020-TAUP-24] 10u (432d) | [COSH542020-TAUP-24] 10u (432d) | [COSH542020-TAUP-24] 10u (432d) | [COSH542020-TAUP-24] 10u (432d) | [COSH542020-TAUP-24] 10u (432d) | [COSH542020-TAUP-23] 10u (432d) | [COSH542020-TAUP-22] 10u (432d) | [COSH542020-TAUP-22] 10u (432d) | [COSH542020-TAUP-22] 10u (432d)
CLAGD/Stock/StorageGD/CLA-042-04-02-01;GOLD;90;0.00;A+B;725;90;[BJSH542020-TAUP-33] 10u (354d) | [BJSH542020-TAUP-33] 10u (354d) | [BJSH542020-TAUP-33] 10u (354d) | [COSH542020-TAUP-36] 10u (432d) | [MI111008-0011-27] 10u (725d) | [MI111008-0011-24] 10u (725d) | [BJSH542090-GOLD-39] 10u (354d) | [BJSH542090-GOLD-38] 10u (354d) | [BJSH542090-GOLD-36] 10u (354d)
CLAGD/Stock/StorageGD/CLA-042-04-02-03;GOLD;90;0.00;B+A;450;90;[COSH542090-GOLD-32] 10u (432d) | [COSH542090-GOLD-31] 10u (432d) | [COSH542090-GOLD-30] 10u (432d) | [COSH542090-GOLD-30] 10u (432d) | [COSH542090-GOLD-29] 10u (432d) | [COSH542090-GOLD-29] 10u (432d) | [COSH542090-GOLD-27] 10u (432d) | [COSH542020-TAN-29] 10u (432d) | [COSH542020-BLAC-31] 10u (450d)
CLAGD/Stock/StorageGD/CLA-042-05-01-02;GOLD;20;0.00;A+B;432;20;[BJSH542020-TAUP-33] 10u (382d) | [COSH542020-NAVY-36] 10u (432d)
CLAGD/Stock/StorageGD/CLA-042-05-02-03;GOLD;94;0.00;A+C+B;564;90;[BJSH542020-NAVY-33] 10u (432d) | [COSH283092-MULT-24] 10u (421d) | [COSH283092-MULT-23] 10u (421d) | [COSH542020-TAUP-25] 10u (432d) | [COSH542020-TAUP-25] 10u (432d) | [COSH542020-TAUP-25] 10u (432d) | [COSH542020-TAUP-24] 10u (432d) | [OSSH143073-BLUE-20] 1u (564d) | [OSSH143073-BLUE-21] 1u (564d) | [OSSH143073-BLUE-22] 2u (564d) | [OSSH143073-BLUE-23] 2u (564d) | [OSSH143073-BLUE-24] 2u (564d) | [OSSH143073-BLUE-25] 2u (564d) | [OSSH143073-BLUE-26] 2u (564d) | [BJSH527060-OFFW-32] 1u (421d) | [BJSH527060-OFFW-33] 1u (421d) | [BJSH527060-OFFW-34] 1u (421d) | [BJSH527060-OFFW-35] 2u (421d) | [BJSH527060-OFFW-36] 2u (421d) | [BJSH527060-OFFW-37] 2u (421d) | [BJSH527060-OFFW-38] 1u (421d) | [BJSH527060-OFFW-39] 1u (421d) | [BJSH527060-OFFW-40] 1u (421d)
CLAGD/Stock/StorageGD/CLA-042-06-01-02;GOLD;121;0.00;B+A+C;725;120;[COSH542065-TAUP-29] 10u (432d) | [COSH542065-TAUP-29] 10u (432d) | [COSH542065-TAUP-26] 10u (432d) | [COSH542020-TAUP-30] 10u (432d) | [COSH542020-TAUP-30] 10u (432d) | [COSH542020-NAVY-27] 10u (432d) | [COSH264005-BLAC-22] 10u (444d) | [BJSH542020-NAVY-41] 10u (432d) | [BJSH542020-NAVY-33] 10u (432d) | [BJSH527060-OFFW-35] 2u (633d) | [BJSH527060-OFFW-36] 3u (633d) | [BJSH527060-OFFW-37] 2u (633d) | [MVS14163-0001-24] 12u (725d) | [MVS14163-0001-22] 12u (725d)
CLAGD/Stock/StorageGD/CLA-042-06-02-02;GOLD;20;0.00;A;444;20;[BJSH542020-BLAC-34] 10u (444d) | [BJSH542020-TAUP-33] 10u (354d)
CLAGD/Stock/StorageGD/CLA-042-06-03-02;GOLD;50;0.00;B+A;432;50;[BJSH542020-NAVY-35] 10u (432d) | [BJSH542020-NAVY-33] 10u (432d) | [BJSH542020-NAVY-33] 10u (432d) | [BJSH542020-NAVY-33] 10u (432d) | [BJSH542020-NAVY-33] 10u (432d)
CLAGD/Stock/StorageGD/CLA-042-07-01-03;GOLD;89;0.00;D+B+A;725;90;[NV230069-0160-36] 1u (579d) | [NV230069-0160-37] 2u (579d) | [NV230069-0160-38] 2u (579d) | [NV230069-0160-39] 2u (579d) | [NV230069-0160-40] 1u (579d) | [NV230069-0160-41] 1u (579d) | [COSH542083-TAUP-28] 10u (185d) | [BJSH542020-BLAC-35] 10u (444d) | [BJSH542020-TAUP-36] 10u (395d) | [COSH542020-TAUP-30] 10u (432d) | [COSH542020-NAVY-35] 10u (432d) | [COSH542020-NAVY-26] 10u (432d) | [BJSH542020-NAVY-25] 10u (725d) | [BJSH542021-NAVY-23] 10u (725d)
CLAGD/Stock/StorageGD/CLA-042-07-02-01;GOLD;48;0.00;B+D;522;40;[COSH280001-NAVY-32] 12u (522d) | [COSH280001-NAVY-31] 12u (522d) | [COSH200002-NAVY-35] 12u (522d) | [COSH200002-NAVY-31] 12u (522d)
CLAGD/Stock/StorageGD/CLA-042-07-03-01;GOLD;80;0.00;B+C;432;80;[COSH542065-TAN-32] 10u (432d) | [COSH542065-TAN-32] 10u (432d) | [COSH542065-TAN-31] 10u (432d) | [COSH542065-TAN-27] 10u (432d) | [BJSH543001-TAN-33] 10u (397d) | [BJSH542020-NAVY-35] 10u (432d) | [BJSH542020-NAVY-34] 10u (432d) | [BJSH542020-NAVY-34] 10u (432d)
CLAGD/Stock/StorageGD/CLA-042-08-01-01;GOLD;80;0.00;B+A;725;80;[BJSH542020-TAN-24] 10u (725d) | [BJSH542020-TAN-24] 10u (725d) | [KI226831-0078-41] 10u (725d) | [KI226831-0078-41] 10u (725d) | [BJSH542020-NAVY-35] 10u (444d) | [BJSH542020-TAUP-37] 10u (156d) | [BJSH542020-TAUP-36] 10u (156d) | [BJSH542020-TAUP-36] 10u (156d)
CLAGD/Stock/StorageGD/CLA-042-08-01-03;GOLD;100;0.00;D+B+A;725;100;[NV556205-0043-34] 10u (725d) | [NV556205-0043-33] 10u (725d) | [BJSH542021-TAN-23] 10u (725d) | [BJSH542021-TAN-23] 10u (725d) | [BJSH542021-TAN-23] 10u (725d) | [BJSH534002-BLAC-35] 10u (605d) | [COSH542083-TAUP-32] 10u (185d) | [COSH542083-TAUP-29] 10u (185d) | [BJSH542020-TAUP-41] 10u (156d) | [BJSH542020-TAUP-35] 10u (156d)
CLAGD/Stock/StorageGD/CLA-042-09-01-03;GOLD;77;0.00;C+B+A+D;1065;70;[MV231603-0053-36] 2u (1065d) | [MV231603-0053-41] 4u (1065d) | [MV231603-0053-37] 4u (1065d) | [MV231603-0053-38] 5u (1065d) | [BJSH373001-GOLD-32] 1u (389d) | [BJSH373001-GOLD-33] 1u (389d) | [BJSH373001-GOLD-34] 1u (389d) | [BJSH373001-GOLD-35] 2u (389d) | [BJSH373001-GOLD-36] 2u (389d) | [BJSH373001-GOLD-37] 2u (389d) | [BJSH373001-GOLD-38] 1u (389d) | [BJSH373001-GOLD-39] 1u (389d) | [BJSH373001-GOLD-40] 1u (389d) | [BJSH542020-TAUP-37] 10u (156d) | [BJSH542020-TAUP-37] 10u (156d) | [BJSH542020-TAUP-37] 10u (156d) | [BJSH542020-NAVY-34] 10u (432d) | [OSSH153016-WHIT-28] 10u (361d)
CLAGD/Stock/StorageGD/CLA-042-09-02-03;GOLD;60;0.00;B+A+C;725;60;[BJSH542020-NAVY-34] 10u (432d) | [COSH542020-BLAC-35] 10u (450d) | [MV232310-0026-39] 10u (725d) | [MV232304-0020-41] 10u (725d) | [MV232304-0020-39] 5u (725d) | [MV232304-0020-40] 5u (725d) | [MV232304-0020-37] 10u (725d)
CLAGD/Stock/StorageGD/CLA-042-09-03-01;GOLD;50;0.00;B+C+D;605;50;[BJSH534002-FUCH-37] 10u (605d) | [BJSH534001-FUCH-39-40] 10u (605d) | [BJSH534001-LIME-39-40] 10u (605d) | [BJSH534001-LIME-39-40] 10u (605d) | [OSSH153016-WHIT-29] 10u (361d)
CLAGD/Stock/StorageGD/CLA-042-09-03-03;GOLD;20;0.00;B+C;725;20;[BJSH542020-NAVY-25] 10u (725d) | [MV232305-0020-38] 10u (725d)
CLAGD/Stock/StorageGD/CLA-043-01-01-01;GOLD;102;0.00;B+C;725;100;[BJSH542020-TAN-25] 10u (725d) | [BJSH542020-TAN-24] 10u (725d) | [BJSH542020-TAN-24] 10u (725d) | [BJSH542020-TAN-22] 10u (725d) | [BJSH542020-TAN-22] 10u (725d) | [BJSH543001-BLAC-33] 10u (690d) | [BJSH543001-BLAC-33] 10u (690d) | [KI226831-0078-41] 10u (725d) | [BJSH505006-WHIT-32] 1u (579d) | [BJSH505006-WHIT-33] 1u (579d) | [BJSH505006-WHIT-34] 2u (579d) | [BJSH505006-WHIT-35] 2u (579d) | [BJSH505006-WHIT-36] 2u (579d) | [BJSH505006-WHIT-37] 2u (579d) | [BJSH505006-WHIT-38] 1u (579d) | [BJSH505006-WHIT-39] 1u (579d) | [BJSH534001-FUCH-39-40] 10u (605d)
CLAGD/Stock/StorageGD/CLA-043-01-02-01;GOLD;40;0.00;A;432;40;[COSH542020-TAUP-33] 10u (432d) | [COSH542020-TAUP-33] 10u (432d) | [COSH542020-TAUP-33] 10u (432d) | [COSH542020-TAUP-33] 10u (432d)
CLAGD/Stock/StorageGD/CLA-043-01-02-02;GOLD;69;0.00;C+B+D+A;450;60;[MV231603-0053-41] 5u (387d) | [MV231603-0053-39] 7u (387d) | [MV231603-0053-39] 4u (387d) | [MV231611-0001-38] 1u (387d) | [MV231611-0001-39] 1u (387d) | [MV231603-0053-41] 2u (387d) | [MV231611-0001-40] 1u (387d) | [MV231611-0001-36] 1u (387d) | [MV231611-0001-37] 2u (387d) | [MV231603-0053-41] 4u (387d) | [MV231603-0053-39] 14u (387d) | [MV232304-0020-37] 1u (387d) | [MV232304-0037-40] 6u (387d) | [COSH542020-BLAC-35] 10u (450d) | [COSH542020-BLAC-31] 10u (450d)
CLAGD/Stock/StorageGD/CLA-043-01-03-02;GOLD;50;0.00;A;407;50;[BJSH542020-TAUP-36] 10u (407d) | [BJSH542020-TAUP-36] 10u (407d) | [BJSH542020-TAUP-36] 10u (407d) | [BJSH542020-TAUP-36] 10u (407d) | [BJSH542020-TAUP-36] 10u (407d)
CLAGD/Stock/StorageGD/CLA-043-01-03-03;GOLD;50;0.00;C+A;725;50;[MV232305-0037-39] 10u (725d) | [MV232305-0020-37] 10u (725d) | [MV232304-0020-40] 10u (725d) | [MV232301-0020-39] 10u (725d) | [BJSH542020-TAUP-36] 10u (407d)
CLAGD/Stock/StorageGD/CLA-043-02-01-02;GOLD;90;0.00;A+B;514;90;[BJSH542020-BLAC-34] 10u (444d) | [BJSH542020-BLAC-34] 10u (444d) | [COSH283094-GOLD-23] 10u (506d) | [COSH283094-SILV-22] 10u (506d) | [COSH283094-GOLD-25] 10u (514d) | [BJSH542020-TAUP-41] 10u (345d) | [BJSH542020-TAUP-40] 10u (156d) | [BJSH542020-TAUP-39] 10u (156d) | [BJSH542020-TAUP-36] 10u (156d)
CLAGD/Stock/StorageGD/CLA-043-02-02-01;GOLD;70;0.00;A;430;70;[BJSH542020-TAN-34] 10u (430d) | [BJSH542020-TAN-33] 10u (430d) | [BJSH542020-TAN-33] 10u (374d) | [BJSH542020-TAUP-34] 10u (416d) | [BJSH542020-TAUP-34] 10u (416d) | [BJSH542020-TAUP-34] 10u (416d) | [BJSH542020-TAUP-34] 10u (416d)
CLAGD/Stock/StorageGD/CLA-043-02-02-02;GOLD;30;0.00;A+B;432;30;[BJSH542020-TAN-33] 10u (430d) | [BJSH542020-TAN-33] 10u (430d) | [COSH542065-TAUP-26] 10u (432d)
CLAGD/Stock/StorageGD/CLA-043-02-02-03;GOLD;80;0.00;A;432;80;[COSH542020-TAN-30] 10u (432d) | [COSH542020-TAN-29] 10u (432d) | [COSH542020-TAN-29] 10u (432d) | [COSH542020-TAN-29] 10u (432d) | [COSH542020-TAN-29] 10u (432d) | [COSH542020-TAN-29] 10u (432d) | [COSH542020-TAN-28] 10u (432d) | [COSH542020-TAN-28] 10u (432d)
CLAGD/Stock/StorageGD/CLA-043-02-03-01;GOLD;60;0.00;B;432;60;[COSH542020-TAUP-34] 10u (432d) | [COSH542020-TAUP-34] 10u (432d) | [COSH542020-TAUP-34] 10u (432d) | [COSH542020-TAUP-34] 10u (432d) | [COSH542020-TAUP-34] 10u (432d) | [COSH542020-TAUP-34] 10u (432d)
CLAGD/Stock/StorageGD/CLA-043-02-03-02;GOLD;170;0.00;A;432;170;[COSH542020-TAUP-27] 10u (432d) | [COSH542020-TAUP-27] 10u (432d) | [COSH542020-TAUP-27] 10u (432d) | [COSH542020-TAUP-27] 10u (432d) | [COSH542020-TAUP-27] 10u (432d) | [COSH542020-TAUP-27] 10u (432d) | [COSH542020-TAUP-27] 10u (432d) | [COSH542020-TAUP-27] 10u (432d) | [COSH542020-TAUP-27] 10u (432d) | [COSH542020-TAUP-27] 10u (432d) | [COSH542020-TAUP-27] 10u (432d) | [COSH542020-TAUP-26] 10u (432d) | [COSH542020-TAUP-26] 10u (432d) | [COSH542020-TAUP-26] 10u (432d) | [COSH542020-TAUP-26] 10u (432d) | [COSH542020-TAUP-26] 10u (432d) | [COSH542020-TAUP-26] 10u (432d)
CLAGD/Stock/StorageGD/CLA-043-02-03-03;GOLD;80;0.00;A;432;80;[COSH542020-TAUP-30] 10u (432d) | [COSH542020-TAUP-30] 10u (432d) | [COSH542020-TAUP-30] 10u (432d) | [COSH542020-TAUP-29] 10u (432d) | [COSH542020-TAUP-29] 10u (432d) | [COSH542020-TAUP-25] 10u (432d) | [COSH542020-TAUP-25] 10u (432d) | [COSH542020-TAUP-25] 10u (432d)
CLAGD/Stock/StorageGD/CLA-043-03-01-02;GOLD;50;0.00;B;725;50;[BJSH542020-NAVY-35] 10u (444d) | [MI232110-0078-38] 10u (725d) | [BJSH542083-BLAC-36] 10u (493d) | [BJSH542083-BLAC-36] 10u (493d) | [BJSH542083-BLAC-34] 10u (493d)
CLAGD/Stock/StorageGD/CLA-043-03-03-01;GOLD;100;0.00;A;432;100;[COSH542020-TAN-29] 10u (432d) | [COSH542020-TAN-26] 10u (432d) | [COSH542020-TAN-26] 10u (432d) | [COSH542020-TAN-26] 10u (432d) | [COSH542020-TAN-25] 10u (432d) | [COSH542020-TAN-24] 10u (432d) | [COSH542020-TAN-24] 10u (432d) | [COSH542020-TAN-24] 10u (432d) | [COSH542020-TAN-24] 10u (432d) | [COSH542020-TAN-24] 10u (432d)
CLAGD/Stock/StorageGD/CLA-043-03-03-02;GOLD;70;0.00;A+B;432;70;[COSH542020-TAUP-36] 10u (432d) | [COSH542020-TAUP-36] 10u (432d) | [COSH542020-TAUP-35] 10u (432d) | [COSH542020-TAUP-35] 10u (432d) | [COSH542020-TAUP-35] 10u (432d) | [COSH542020-TAUP-35] 10u (432d) | [COSH542020-TAUP-34] 10u (432d)
CLAGD/Stock/StorageGD/CLA-043-03-03-03;GOLD;150;0.00;A+B;432;150;[COSH542020-TAN-26] 10u (432d) | [COSH542020-TAN-26] 10u (432d) | [COSH542020-TAN-26] 10u (432d) | [COSH542020-TAN-26] 10u (432d) | [COSH542020-TAN-26] 10u (432d) | [COSH542020-TAN-26] 10u (432d) | [COSH542020-TAN-25] 10u (432d) | [COSH542020-TAN-25] 10u (432d) | [COSH542020-TAN-22] 10u (432d) | [COSH542020-TAN-22] 10u (432d) | [COSH542020-TAN-22] 10u (432d) | [COSH542020-TAN-22] 10u (432d) | [COSH542020-TAN-22] 10u (432d) | [COSH542020-TAN-22] 10u (432d) | [COSH542020-TAN-22] 10u (432d)
CLAGD/Stock/StorageGD/CLA-043-04-01-03;GOLD;41;0.00;D+B+C;725;40;[COSH586016-SILV-33] 6u (183d) | [COSH586016-SILV-30] 2u (183d) | [COSH586016-SILV-26] 1u (183d) | [COSH586016-SILV-27] 1u (183d) | [COSH586016-SILV-32] 1u (183d) | [COSH542020-TAUP-34] 10u (432d) | [BJSH542020-NAVY-23] 10u (725d) | [MV232305-0020-37] 10u (725d)
CLAGD/Stock/StorageGD/CLA-043-04-02-01;GOLD;80;0.00;B+A;432;80;[BJSH543001-BLAC-36] 10u (383d) | [BJSH543001-BLAC-36] 10u (383d) | [BJSH543001-BLAC-36] 10u (383d) | [COSH542020-TAUP-27] 10u (432d) | [COSH542020-TAUP-27] 10u (432d) | [COSH542020-TAUP-27] 10u (432d) | [COSH542020-TAUP-27] 10u (432d) | [COSH542020-TAUP-27] 10u (432d)
CLAGD/Stock/StorageGD/CLA-043-04-02-02;GOLD;60;0.00;B+A;432;60;[COSH542065-TAUP-28] 10u (432d) | [COSH542020-TAN-31] 10u (432d) | [COSH542020-TAN-29] 10u (432d) | [COSH542020-TAN-29] 10u (432d) | [COSH542020-TAN-28] 10u (432d) | [COSH542020-TAN-28] 10u (432d)
CLAGD/Stock/StorageGD/CLA-043-04-03-01;GOLD;150;0.00;A;432;150;[COSH542020-TAN-31] 10u (432d) | [COSH542020-TAN-31] 10u (432d) | [COSH542020-TAN-31] 10u (432d) | [COSH542020-TAN-31] 10u (432d) | [COSH542020-TAN-31] 10u (432d) | [COSH542020-TAN-31] 10u (432d) | [COSH542020-TAN-31] 10u (432d) | [COSH542020-TAN-30] 10u (432d) | [COSH542020-TAN-30] 10u (432d) | [COSH542020-TAN-30] 10u (432d) | [COSH542020-TAN-28] 10u (432d) | [COSH542020-TAN-28] 10u (432d) | [COSH542020-TAN-27] 10u (432d) | [COSH542020-TAN-27] 10u (432d) | [COSH542020-TAN-27] 10u (432d)
CLAGD/Stock/StorageGD/CLA-043-04-03-03;GOLD;150;0.00;A;432;150;[COSH542020-TAN-33] 10u (432d) | [COSH542020-TAN-33] 10u (432d) | [COSH542020-TAN-33] 10u (432d) | [COSH542020-TAN-33] 10u (432d) | [COSH542020-TAN-33] 10u (432d) | [COSH542020-TAN-33] 10u (432d) | [COSH542020-TAN-33] 10u (432d) | [COSH542020-TAN-33] 10u (432d) | [COSH542020-TAN-31] 10u (432d) | [COSH542020-TAN-30] 10u (432d) | [COSH542020-TAN-30] 10u (432d) | [COSH542020-TAN-30] 10u (432d) | [COSH542020-TAN-30] 10u (432d) | [COSH542020-TAN-26] 10u (432d) | [COSH542020-TAN-24] 10u (432d)
CLAGD/Stock/StorageGD/CLA-043-05-01-01;GOLD;30;0.00;A+B;437;30;[COSH542021-TAN-25] 10u (437d) | [BJSH542090-GOLD-39] 10u (382d) | [BJSH542090-GOLD-37] 10u (382d)
CLAGD/Stock/StorageGD/CLA-043-05-01-02;GOLD;62;0.00;A+D;549;60;[BJSH542020-TAUP-36] 10u (395d) | [BJSH542020-TAUP-36] 10u (395d) | [BJSH542020-TAUP-36] 10u (395d) | [COSH249005-GREY-33] 12u (549d) | [BJSH542020-BLAC-33] 10u (444d) | [BJSH542020-BLAC-35] 10u (444d)
CLAGD/Stock/StorageGD/CLA-043-05-01-03;GOLD;29;0.00;A+B;725;30;[BJSH542020-TAUP-33] 10u (702d) | [BJSH542020-TAUP-22] 9u (725d) | [BJSH542020-BLAC-35] 10u (444d)
CLAGD/Stock/StorageGD/CLA-043-05-02-01;GOLD;60;0.00;A+B;416;60;[BJSH542090-GOLD-40] 10u (354d) | [BJSH542090-GOLD-38] 10u (354d) | [BJSH542090-GOLD-37] 10u (354d) | [BJSH542090-GOLD-37] 10u (354d) | [BJSH542020-TAUP-34] 10u (416d) | [BJSH542020-TAUP-34] 10u (416d)
CLAGD/Stock/StorageGD/CLA-043-05-02-02;GOLD;50;0.00;B+A;432;50;[BJSH543001-TAUP-35] 10u (383d) | [BJSH543001-TAUP-34] 10u (383d) | [COSH542020-TAUP-34] 10u (432d) | [COSH542020-TAUP-34] 10u (432d) | [BJSH542020-TAUP-34] 10u (416d)
CLAGD/Stock/StorageGD/CLA-043-05-02-03;GOLD;60;0.00;A;416;60;[BJSH542020-TAN-33] 10u (407d) | [BJSH542020-TAUP-37] 10u (407d) | [BJSH542020-TAUP-37] 10u (407d) | [BJSH542020-TAUP-37] 10u (407d) | [BJSH542020-TAUP-36] 10u (407d) | [BJSH542020-TAUP-34] 10u (416d)
CLAGD/Stock/StorageGD/CLA-043-05-03-01;GOLD;70;0.00;B;432;70;[COSH542020-TAUP-34] 10u (432d) | [COSH542020-TAUP-34] 10u (432d) | [COSH542020-TAUP-34] 10u (432d) | [COSH542020-TAUP-34] 10u (432d) | [COSH542020-TAUP-34] 10u (432d) | [COSH542020-TAUP-34] 10u (432d) | [COSH542020-TAUP-34] 10u (432d)
CLAGD/Stock/StorageGD/CLA-043-05-03-02;GOLD;140;0.00;A;432;140;[COSH542020-TAN-31] 10u (432d) | [COSH542020-TAN-30] 10u (432d) | [COSH542020-TAN-30] 10u (432d) | [COSH542020-TAN-29] 10u (432d) | [COSH542020-TAN-29] 10u (432d) | [COSH542020-TAN-29] 10u (432d) | [COSH542020-TAN-28] 10u (432d) | [COSH542020-TAN-28] 10u (432d) | [COSH542020-TAN-28] 10u (432d) | [COSH542020-TAN-28] 10u (432d) | [COSH542020-TAN-27] 10u (432d) | [COSH542020-TAN-27] 10u (432d) | [COSH542020-TAN-27] 10u (432d) | [COSH542020-TAN-27] 10u (432d)
CLAGD/Stock/StorageGD/CLA-043-05-03-03;GOLD;160;0.00;A;432;160;[COSH542020-TAN-31] 10u (432d) | [COSH542020-TAN-31] 10u (432d) | [COSH542020-TAN-31] 10u (432d) | [COSH542020-TAN-31] 10u (432d) | [COSH542020-TAN-30] 10u (432d) | [COSH542020-TAN-30] 10u (432d) | [COSH542020-TAN-30] 10u (432d) | [COSH542020-TAN-29] 10u (432d) | [COSH542020-TAN-28] 10u (432d) | [COSH542020-TAN-28] 10u (432d) | [COSH542020-TAN-28] 10u (432d) | [COSH542020-TAN-27] 10u (432d) | [COSH542020-TAN-27] 10u (432d) | [COSH542020-TAN-27] 10u (432d) | [COSH542020-TAN-27] 10u (432d) | [COSH542020-TAN-27] 10u (432d)
CLAGD/Stock/StorageGD/CLA-043-06-01-03;GOLD;84;0.00;B+A+D+C;522;80;[COSH283092-MULT-31] 10u (513d) | [OSSH129008-TAN-22] 2u (512d) | [OSSH129008-TAN-23] 2u (512d) | [OSSH129008-TAN-24] 2u (512d) | [OSSH129008-TAN-25] 2u (512d) | [OSSH129008-TAN-26] 2u (512d) | [OSSH129008-TAN-27] 2u (512d) | [COSH264004-NAVY-32] 10u (522d) | [COSH264004-NAVY-26] 10u (522d) | [COSH300105-WHIT-34] 1u (177d) | [COSH300105-WHIT-33] 1u (177d) | [COSH300105-WHIT-32] 1u (177d) | [COSH300105-WHIT-31] 1u (177d) | [COSH300105-WHIT-25] 1u (177d) | [COSH300105-WHIT-29] 1u (177d) | [COSH300105-WHIT-35] 1u (177d) | [COSH300105-WHIT-36] 1u (177d) | [COSH300105-WHIT-28] 1u (177d) | [COSH300105-WHIT-27] 1u (177d) | [COSH300105-WHIT-26] 1u (177d) | [MV232105-0021-40] 1u (415d) | [MV232105-0021-41] 1u (415d) | [MV232105-0021-38] 2u (415d) | [MV232104-0021-39] 2u (415d) | [MV232104-0021-40] 1u (415d) | [MV232104-0021-37] 2u (415d) | [MV231508-0160-38] 5u (415d) | [MV231508-0160-36] 1u (415d) | [MV231508-0160-40] 2u (415d) | [MV231508-0160-37] 2u (415d) | [MV231508-0160-41] 1u (415d) | [MV231508-0160-39] 1u (415d) | [COSH283108-MULT-31] 10u (341d)
CLAGD/Stock/StorageGD/CLA-043-06-02-01;GOLD;70;0.00;A+B;432;70;[COSH542020-TAN-26] 10u (432d) | [COSH542020-TAN-25] 10u (432d) | [COSH542020-TAN-24] 10u (432d) | [COSH542020-TAN-24] 10u (432d) | [COSH542020-TAN-23] 10u (432d) | [COSH542021-TAUP-25] 10u (431d) | [COSH542021-TAUP-25] 10u (431d)
CLAGD/Stock/StorageGD/CLA-043-06-02-02;GOLD;70;0.00;A;431;70;[COSH542021-TAUP-25] 10u (431d) | [COSH542021-TAUP-25] 10u (431d) | [COSH542021-TAUP-25] 10u (431d) | [COSH542021-TAUP-24] 10u (431d) | [COSH542021-TAUP-24] 10u (431d) | [COSH542021-TAUP-24] 10u (431d) | [COSH542021-TAUP-24] 10u (431d)
CLAGD/Stock/StorageGD/CLA-043-06-03-02;GOLD;70;0.00;C;725;70;[MV232305-0037-40] 10u (725d) | [MV232305-0037-38] 10u (725d) | [MV232305-0020-41] 10u (725d) | [MV232305-0020-39] 10u (725d) | [MV232305-0020-38] 10u (725d) | [MV232305-0020-37] 10u (725d) | [MV232305-0020-36] 10u (725d)
CLAGD/Stock/StorageGD/CLA-043-06-03-03;GOLD;60;0.00;A;432;60;[COSH542020-TAN-34] 10u (432d) | [COSH542020-TAN-34] 10u (432d) | [COSH542020-TAN-34] 10u (432d) | [COSH542020-TAN-34] 10u (432d) | [COSH542020-TAN-34] 10u (432d) | [COSH542020-TAN-34] 10u (432d)
CLAGD/Stock/StorageGD/CLA-043-07-01-02;GOLD;20;0.00;B;725;20;[COSH261029-NAVY-28] 10u (327d) | [KV130212-0371-35] 10u (725d)
CLAGD/Stock/StorageGD/CLA-043-07-01-03;GOLD;40;0.00;B;725;40;[KV130212-0371-35] 10u (725d) | [KV130212-0371-35] 10u (725d) | [KV130212-0371-34] 10u (725d) | [COSH261029-NAVY-30] 10u (327d)
CLAGD/Stock/StorageGD/CLA-043-07-02-01;GOLD;51;0.00;B+A;627;50;[KV121557-0052-34] 11u (627d) | [COSH283005-WHIT-31] 10u (522d) | [COSH283005-WHIT-31] 10u (522d) | [BJSH542020-BLAC-37] 10u (444d) | [BJSH542020-BLAC-34] 10u (444d)
CLAGD/Stock/StorageGD/CLA-043-07-02-03;GOLD;30;0.00;B;432;30;[COSH542090-GOLD-36] 10u (432d) | [COSH542090-GOLD-35] 10u (432d) | [BJSH542020-NAVY-34] 10u (432d)
CLAGD/Stock/StorageGD/CLA-043-08-01-01;GOLD;53;0.00;D+C+B+A;450;40;[MV231508-0160-38] 3u (352d) | [MV231508-0160-40] 2u (352d) | [MV231508-0160-37] 3u (352d) | [MV231508-0160-39] 3u (352d) | [MV231507-0001-39] 2u (352d) | [MV231507-0001-38] 2u (352d) | [BJSH543008-BLAC-35] 10u (450d) | [OSSX102098-BLAC-24] 2u (241d) | [OSSX102098-BLAC-21] 2u (241d) | [OSSX102098-BLAC-23] 2u (241d) | [OSSX102098-BLAC-20] 1u (241d) | [OSSP122073-NAVY-21] 1u (241d) | [OSSP122032-NAVY-25] 2u (241d) | [OSSP122032-NAVY-23] 2u (241d) | [OSSX102103-PINK-26] 1u (241d) | [COSP265068-PLOM-31] 1u (241d) | [OSSP122073-BLAC-24] 1u (241d) | [OSSP122073-BLAC-20] 1u (241d) | [OSSP122073-NAVY-23] 1u (241d) | [OSSP122073-NAVY-22] 1u (241d) | [COSH542020-TAN-28] 10u (432d)
CLAGD/Stock/StorageGD/CLA-043-08-01-02;GOLD;46;0.00;B+D+C;725;40;[NV128325-0001-32] 1u (229d) | [NV128325-0001-33] 1u (229d) | [NV128325-0001-35] 1u (229d) | [NV128325-0001-34] 1u (229d) | [NV128325-0001-27] 1u (229d) | [NV128325-0001-36] 1u (229d) | [NV128325-0001-31] 2u (229d) | [NV128325-0001-30] 2u (229d) | [NV128325-0001-29] 1u (229d) | [NV128325-0001-28] 1u (229d) | [NV128325-0001-32] 1u (229d) | [NV128325-0001-33] 1u (229d) | [NV128325-0001-35] 1u (229d) | [NV128325-0001-34] 1u (229d) | [NV128325-0001-27] 1u (229d) | [NV128325-0001-36] 1u (229d) | [NV128325-0001-31] 2u (229d) | [NV128325-0001-30] 2u (229d) | [NV128325-0001-29] 1u (229d) | [NV128325-0001-28] 1u (229d) | [MV232301-0020-38] 10u (725d) | [COSH300105-WHIT-25] 1u (123d) | [COSH300105-WHIT-26] 1u (123d) | [COSH300105-WHIT-27] 1u (123d) | [COSH300105-WHIT-28] 1u (123d) | [COSH300105-WHIT-29] 1u (123d) | [COSH300105-WHIT-30] 1u (123d) | [COSH300105-WHIT-31] 1u (123d) | [COSH300105-WHIT-32] 1u (123d) | [COSH300105-WHIT-33] 1u (123d) | [COSH300105-WHIT-34] 1u (123d) | [COSH300105-WHIT-35] 1u (123d) | [COSH300105-WHIT-36] 1u (123d)
CLAGD/Stock/StorageGD/CLA-043-09-01-03;GOLD;68;0.00;A+D+C+B;725;70;[BJSH542076-BLAC-30] 10u (579d) | [COSH249005-GREY-36] 12u (725d) | [MV232301-0020-40] 10u (725d) | [MV232301-0020-38] 10u (725d) | [COSH249005-GREY-34] 12u (725d) | [NV126509-0207-27] 2u (369d) | [NV128333-0001-34] 12u (725d)
CLAGD/Stock/StorageGD/CLA-043-09-02-01;GOLD;60;0.00;A;430;60;[BJSH542020-TAN-35] 10u (430d) | [BJSH542020-TAN-35] 10u (430d) | [BJSH542020-TAN-35] 10u (430d) | [BJSH542020-TAN-34] 10u (430d) | [BJSH542020-TAN-33] 10u (430d) | [BJSH542020-TAN-33] 10u (369d)
CLAGD/Stock/StorageGD/CLA-043-09-02-02;GOLD;50;0.00;A;431;50;[COSH542021-TAUP-27] 10u (431d) | [COSH542021-TAUP-25] 10u (431d) | [COSH542021-TAUP-25] 10u (431d) | [COSH542021-TAUP-25] 10u (431d) | [COSH542021-TAUP-23] 10u (431d)
CLAGD/Stock/StorageGD/CLA-043-09-02-03;GOLD;66;0.00;B+C;522;60;[COSH283093-WHIT-35] 5u (214d) | [COSH283093-WHIT-36] 4u (214d) | [COSH283093-BLAC-35] 5u (214d) | [COSH283093-BLAC-36] 4u (214d) | [COSH264004-NAVY-29] 1u (421d) | [COSH264004-NAVY-30] 2u (421d) | [COSH264004-NAVY-31] 2u (421d) | [COSH264004-NAVY-32] 2u (421d) | [COSH264004-NAVY-33] 2u (421d) | [COSH264004-NAVY-34] 1u (421d) | [COSH264004-NAVY-35] 1u (421d) | [COSH264004-NAVY-36] 1u (421d) | [COSH264004-NAVY-29] 1u (421d) | [COSH264004-NAVY-30] 2u (421d) | [COSH264004-NAVY-31] 2u (421d) | [COSH264004-NAVY-32] 2u (421d) | [COSH264004-NAVY-33] 2u (421d) | [COSH264004-NAVY-34] 1u (421d) | [COSH264004-NAVY-35] 1u (421d) | [COSH264004-NAVY-36] 1u (421d) | [COSH264004-NAVY-29] 1u (522d) | [COSH264004-NAVY-30] 2u (522d) | [COSH264004-NAVY-31] 2u (522d) | [COSH264004-NAVY-32] 2u (522d) | [COSH264004-NAVY-33] 2u (522d) | [COSH264004-NAVY-34] 1u (522d) | [COSH264004-NAVY-35] 1u (522d) | [COSH264004-NAVY-36] 1u (522d) | [COSH264004-NAVY-29] 1u (411d) | [COSH264004-NAVY-30] 2u (411d) | [COSH264004-NAVY-31] 2u (411d) | [COSH264004-NAVY-32] 2u (411d) | [COSH264004-NAVY-33] 2u (411d) | [COSH264004-NAVY-34] 1u (411d) | [COSH264004-NAVY-35] 1u (411d) | [COSH264004-NAVY-36] 1u (411d)
CLAGD/Stock/StorageGD/CLA-043-09-03-03;GOLD;150;0.00;A;432;150;[COSH542020-TAUP-30] 10u (432d) | [COSH542020-TAUP-30] 10u (432d) | [COSH542020-TAUP-29] 10u (432d) | [COSH542020-TAUP-29] 10u (432d) | [COSH542020-TAUP-29] 10u (432d) | [COSH542020-TAUP-29] 10u (432d) | [COSH542020-TAUP-29] 10u (432d) | [COSH542020-TAUP-29] 10u (432d) | [COSH542020-TAUP-29] 10u (432d) | [COSH542020-TAUP-29] 10u (432d) | [COSH542020-TAUP-29] 10u (432d) | [COSH542020-TAUP-29] 10u (432d) | [COSH542020-TAUP-29] 10u (432d) | [COSH542020-TAUP-29] 10u (432d) | [COSH542020-TAUP-29] 10u (432d)
CLAGD/Stock/StorageGD/CLA-044-01-01-01;GOLD;51;0.00;A+D+C;373;50;[BJSH542020-TAN-34] 10u (299d) | [BJSH542020-TAN-34] 10u (299d) | [BJSH542020-TAN-33] 10u (299d) | [OSSH143088-WHIT-20] 1u (313d) | [OSSH143088-WHIT-21] 1u (313d) | [OSSH143088-WHIT-22] 2u (313d) | [OSSH143088-WHIT-23] 2u (313d) | [OSSH143088-WHIT-24] 2u (313d) | [OSSH143088-WHIT-25] 2u (313d) | [OSSH143088-WHIT-26] 2u (313d) | [MV128399-0001-38] 9u (373d)
CLAGD/Stock/StorageGD/CLA-044-01-01-03;GOLD;40;0.00;B+D;579;40;[COSH264005-BLAC-25] 10u (229d) | [BJSH387001-WHIT-32] 1u (327d) | [BJSH387001-WHIT-33] 1u (327d) | [BJSH387001-WHIT-34] 1u (327d) | [BJSH387001-WHIT-35] 2u (327d) | [BJSH387001-WHIT-36] 2u (327d) | [BJSH387001-WHIT-37] 2u (327d) | [BJSH387001-WHIT-38] 1u (327d) | [BJSH387001-WHIT-39] 1u (327d) | [BJSH387001-WHIT-40] 1u (327d) | [KI229004-0022-36] 1u (579d) | [KI229004-0022-37] 2u (579d) | [KI229004-0022-38] 2u (579d) | [KI229004-0022-39] 2u (579d) | [KI229004-0022-40] 1u (579d) | [KI229004-0022-41] 1u (579d) | [KI229004-0022-36] 1u (579d) | [KI229004-0022-37] 2u (579d) | [KI229004-0022-38] 2u (579d) | [KI229004-0022-39] 2u (579d) | [KI229004-0022-40] 1u (579d) | [KI229004-0022-41] 1u (579d)
CLAGD/Stock/StorageGD/CLA-044-02-01-03;GOLD;95;0.00;D+B+C;579;100;[NV234401-0020-36] 2u (579d) | [NV234401-0020-37] 3u (579d) | [NV234401-0020-38] 2u (579d) | [NV234401-0020-39] 1u (579d) | [NV234401-0020-40] 1u (579d) | [NV234401-0020-36] 2u (579d) | [NV234401-0020-37] 3u (579d) | [NV234401-0020-38] 2u (579d) | [NV234401-0020-39] 1u (579d) | [NV234401-0020-40] 1u (579d) | [NV234402-0207-36] 1u (579d) | [NV234402-0207-37] 2u (579d) | [NV234402-0207-38] 2u (579d) | [NV234402-0207-39] 2u (579d) | [NV234402-0207-40] 1u (579d) | [NV234402-0207-41] 1u (579d) | [NV234402-0207-36] 1u (579d) | [NV234402-0207-37] 2u (579d) | [NV234402-0207-38] 2u (579d) | [NV234402-0207-39] 2u (579d) | [NV234402-0207-40] 1u (579d) | [NV234402-0207-41] 1u (579d) | [NV234402-0020-36] 1u (579d) | [NV234402-0020-37] 2u (579d) | [NV234402-0020-38] 2u (579d) | [NV234402-0020-39] 2u (579d) | [NV234402-0020-40] 1u (579d) | [NV234402-0020-41] 1u (579d) | [NV234402-0020-36] 1u (579d) | [NV234402-0020-37] 2u (579d) | [NV234402-0020-38] 2u (579d) | [NV234402-0020-39] 2u (579d) | [NV234402-0020-40] 1u (579d) | [NV234402-0020-41] 1u (579d) | [MV232310-0026-36] 2u (579d) | [MV232310-0026-37] 2u (579d) | [MV232310-0026-38] 2u (579d) | [MV232310-0026-39] 2u (579d) | [MV232310-0026-40] 1u (579d) | [COSH264020-WHIT-27] 10u (299d) | [COSH264013-MULT-29] 10u (299d) | [HI222003-0399-36] 1u (579d) | [HI222003-0399-37] 2u (579d) | [HI222003-0399-38] 3u (579d) | [HI222003-0399-39] 3u (579d) | [HI222003-0399-40] 2u (579d) | [HI222003-0399-41] 1u (579d)
CLAGD/Stock/StorageGD/CLA-044-03-01-01;GOLD;52;0.00;C+D+B;877;50;[BJSH586083-WHIT-34] 1u (585d) | [BJSH586083-WHIT-35] 1u (585d) | [BJSH586083-WHIT-38] 6u (585d) | [BJSH586083-WHIT-39] 3u (585d) | [NV230045-0020-36] 1u (877d) | [NV230045-0020-37] 2u (877d) | [NV230045-0020-38] 2u (877d) | [NV230045-0020-39] 2u (877d) | [NV230045-0020-40] 1u (877d) | [NV230045-0020-41] 1u (877d) | [NV230055-0001-36] 1u (376d) | [NV230045-0001-36] 1u (877d) | [NV230055-0001-37] 1u (877d) | [NV230055-0001-38] 2u (877d) | [NV230055-0001-39] 1u (877d) | [NV230055-0001-40] 1u (877d) | [NV230045-0001-41] 1u (376d) | [NV230055-0001-41] 1u (877d) | [NV551755-0001-32] 1u (584d) | [NV551755-0001-33] 1u (584d) | [NV551755-0001-34] 1u (584d) | [NV551755-0001-35] 2u (584d) | [NV551755-0001-36] 1u (584d) | [NV551755-0001-37] 2u (584d) | [NV551755-0001-38] 2u (584d) | [NV551755-0001-39] 1u (584d) | [NV230069-0160-41] 1u (877d) | [COSH265054-SILV-25] 1u (585d) | [COSH265054-SILV-27] 2u (585d) | [COSH265054-SILV-28] 1u (585d) | [COSH265054-SILV-31] 4u (585d) | [COSH265054-SILV-33] 1u (585d) | [COSH265037-PINK-24] 1u (585d) | [COSH265037-SILV-33] 1u (585d)
CLAGD/Stock/StorageGD/CLA-044-03-01-02;GOLD;142;0.00;B+C;513;120;[COSH542020-NAVY-35] 10u (296d) | [OSSH127004-SILV-22] 1u (513d) | [OSSH127004-SILV-23] 1u (513d) | [OSSH127004-SILV-24] 1u (513d) | [OSSH127004-SILV-25] 2u (513d) | [OSSH127004-SILV-26] 2u (513d) | [OSSH127004-SILV-27] 2u (513d) | [OSSH127004-SILV-28] 2u (513d) | [OSSH127004-SILV-29] 1u (513d) | [OSSH127004-SILV-22] 1u (513d) | [OSSH127004-SILV-23] 1u (513d) | [OSSH127004-SILV-24] 1u (513d) | [OSSH127004-SILV-25] 2u (513d) | [OSSH127004-SILV-26] 2u (513d) | [OSSH127004-SILV-27] 2u (513d) | [OSSH127004-SILV-28] 2u (513d) | [OSSH127004-SILV-29] 1u (513d) | [OSSH127004-SILV-22] 1u (513d) | [OSSH127004-SILV-23] 1u (513d) | [OSSH127004-SILV-24] 1u (513d) | [OSSH127004-SILV-25] 2u (513d) | [OSSH127004-SILV-26] 2u (513d) | [OSSH127004-SILV-27] 2u (513d) | [OSSH127004-SILV-28] 2u (513d) | [OSSH127004-SILV-29] 1u (513d) | [OSSH127004-SILV-22] 1u (513d) | [OSSH127004-SILV-23] 1u (513d) | [OSSH127004-SILV-24] 1u (513d) | [OSSH127004-SILV-25] 2u (513d) | [OSSH127004-SILV-26] 2u (513d) | [OSSH127004-SILV-27] 2u (513d) | [OSSH127004-SILV-28] 2u (513d) | [OSSH127004-SILV-29] 1u (513d) | [OSSH127004-SILV-22] 1u (513d) | [OSSH127004-SILV-23] 1u (513d) | [OSSH127004-SILV-24] 1u (513d) | [OSSH127004-SILV-25] 2u (513d) | [OSSH127004-SILV-26] 2u (513d) | [OSSH127004-SILV-27] 2u (513d) | [OSSH127004-SILV-28] 2u (513d) | [OSSH127004-SILV-29] 1u (513d) | [OSSH127004-SILV-22] 1u (513d) | [OSSH127004-SILV-23] 1u (513d) | [OSSH127004-SILV-24] 1u (513d) | [OSSH127004-SILV-25] 2u (513d) | [OSSH127004-SILV-26] 2u (513d) | [OSSH127004-SILV-27] 2u (513d) | [OSSH127004-SILV-28] 2u (513d) | [OSSH127004-SILV-29] 1u (513d) | [OSSH127004-SILV-22] 1u (513d) | [OSSH127004-SILV-23] 1u (513d) | [OSSH127004-SILV-24] 1u (513d) | [OSSH127004-SILV-25] 2u (513d) | [OSSH127004-SILV-26] 2u (513d) | [OSSH127004-SILV-27] 2u (513d) | [OSSH127004-SILV-28] 2u (513d) | [OSSH127004-SILV-29] 1u (513d) | [OSSH127004-SILV-22] 1u (513d) | [OSSH127004-SILV-23] 1u (513d) | [OSSH127004-SILV-24] 1u (513d) | [OSSH127004-SILV-25] 2u (513d) | [OSSH127004-SILV-26] 2u (513d) | [OSSH127004-SILV-27] 2u (513d) | [OSSH127004-SILV-28] 2u (513d) | [OSSH127004-SILV-29] 1u (513d) | [OSSH127004-SILV-22] 1u (513d) | [OSSH127004-SILV-23] 1u (513d) | [OSSH127004-SILV-24] 1u (513d) | [OSSH127004-SILV-25] 2u (513d) | [OSSH127004-SILV-26] 2u (513d) | [OSSH127004-SILV-27] 2u (513d) | [OSSH127004-SILV-28] 2u (513d) | [OSSH127004-SILV-29] 1u (513d) | [OSSH127004-SILV-22] 1u (513d) | [OSSH127004-SILV-23] 1u (513d) | [OSSH127004-SILV-24] 1u (513d) | [OSSH127004-SILV-25] 2u (513d) | [OSSH127004-SILV-26] 2u (513d) | [OSSH127004-SILV-27] 2u (513d) | [OSSH127004-SILV-28] 2u (513d) | [OSSH127004-SILV-29] 1u (513d) | [OSSH127004-SILV-22] 1u (381d) | [OSSH127004-SILV-23] 1u (381d) | [OSSH127004-SILV-24] 1u (381d) | [OSSH127004-SILV-25] 2u (381d) | [OSSH127004-SILV-26] 2u (381d) | [OSSH127004-SILV-27] 2u (381d) | [OSSH127004-SILV-28] 2u (381d) | [OSSH127004-SILV-29] 1u (381d)
CLAGD/Stock/StorageGD/CLA-044-04-01-01;GOLD;95;0.00;C+A+B+D;725;90;[MV231605-0001-39] 12u (725d) | [MV231605-0001-40] 12u (725d) | [BJSH542020-TAUP-40] 10u (156d) | [BJSH542020-TAUP-39] 10u (156d) | [BJSH542020-TAUP-38] 10u (156d) | [COSH542020-TAN-23] 10u (295d) | [MV232104-0021-38] 3u (295d) | [MV232104-0021-39] 3u (295d) | [MV232104-0021-37] 1u (60d) | [BJSH387001-BLAC-32] 1u (327d) | [BJSH387001-BLAC-33] 1u (327d) | [BJSH387001-BLAC-34] 1u (327d) | [BJSH387001-BLAC-35] 2u (327d) | [BJSH387001-BLAC-36] 2u (327d) | [BJSH387001-BLAC-37] 2u (327d) | [BJSH387001-BLAC-38] 1u (327d) | [BJSH387001-BLAC-39] 1u (327d) | [BJSH387001-BLAC-40] 1u (327d) | [BJSH355001-OFFW-34] 12u (620d)
CLAGD/Stock/StorageGD/CLA-044-04-01-03;GOLD;74;0.00;B+A+C+D;620;70;[COSH542065-TAN-32] 10u (432d) | [COSH542065-TAN-29] 10u (432d) | [BJSH355001-OFFW-36] 12u (620d) | [BJSH355001-OFFW-33] 12u (620d) | [COSH261030-PINK-30] 10u (170d) | [COSH261030-PINK-29] 10u (170d) | [COSH261030-PINK-29] 10u (170d)
CLAGD/Stock/StorageGD/CLA-044-05-01-01;GOLD;74;0.00;B+D+A;513;70;[BJSH376001-WHIT-30] 1u (313d) | [BJSH376001-WHIT-31] 1u (313d) | [BJSH376001-WHIT-32] 1u (313d) | [BJSH376001-WHIT-33] 1u (313d) | [BJSH376001-WHIT-34] 1u (313d) | [BJSH376001-WHIT-35] 1u (313d) | [BJSH376001-WHIT-36] 1u (313d) | [BJSH376001-WHIT-37] 1u (313d) | [BJSH376001-WHIT-38] 1u (313d) | [BJSH376001-WHIT-39] 1u (313d) | [BJSH376001-WHIT-40] 1u (313d) | [BJSH376001-WHIT-41] 1u (313d) | [BJSH376001-BEIG-30] 1u (313d) | [BJSH376001-BEIG-31] 1u (313d) | [BJSH376001-BEIG-32] 1u (313d) | [BJSH376001-BEIG-33] 1u (313d) | [BJSH376001-BEIG-34] 1u (313d) | [BJSH376001-BEIG-35] 1u (313d) | [BJSH376001-BEIG-36] 1u (313d) | [BJSH376001-BEIG-37] 1u (313d) | [BJSH376001-BEIG-38] 1u (313d) | [BJSH376001-BEIG-39] 1u (313d) | [BJSH376001-BEIG-40] 1u (313d) | [BJSH376001-BEIG-41] 1u (313d) | [BJSH542020-TAN-41] 10u (156d) | [BJSH542020-TAN-37] 10u (156d) | [BJSH542020-TAN-41] 10u (185d) | [COSH283092-MULT-29] 10u (513d) | [COSH283092-MULT-29] 10u (513d)
CLAGD/Stock/StorageGD/CLA-044-05-02-02;GOLD;114;0.00;A+B+D;1319;100;[OSSH501003-ROSE-20] 2u (417d) | [OSSH501003-ROSE-21] 2u (417d) | [OSSH501003-ROSE-22] 2u (417d) | [OSSH501003-ROSE-23] 2u (417d) | [OSSH501003-ROSE-24] 2u (417d) | [OSSH501003-ROSE-25] 2u (417d) | [OSSH501003-ROSE-20] 2u (417d) | [OSSH501003-ROSE-21] 2u (417d) | [OSSH501003-ROSE-22] 2u (417d) | [OSSH501003-ROSE-23] 2u (417d) | [OSSH501003-ROSE-24] 2u (417d) | [OSSH501003-ROSE-25] 2u (417d) | [OSSH501003-ROSE-20] 2u (417d) | [OSSH501003-ROSE-21] 2u (417d) | [OSSH501003-ROSE-22] 2u (417d) | [OSSH501003-ROSE-23] 2u (417d) | [OSSH501003-ROSE-24] 2u (417d) | [OSSH501003-ROSE-25] 2u (417d) | [OSSH501002-PINK-20] 2u (372d) | [OSSH501002-PINK-21] 2u (372d) | [OSSH501002-PINK-22] 2u (372d) | [OSSH501002-PINK-23] 2u (372d) | [OSSH501002-PINK-24] 2u (372d) | [OSSH501002-PINK-25] 2u (372d) | [OSSH501002-PINK-20] 2u (372d) | [OSSH501002-PINK-21] 2u (372d) | [OSSH501002-PINK-22] 2u (372d) | [OSSH501002-PINK-23] 2u (372d) | [OSSH501002-PINK-24] 2u (372d) | [OSSH501002-PINK-25] 2u (372d) | [LI231007-0022_-39] 4u (585d) | [LI231007-0022_-40] 3u (1319d) | [LI231007-0022_-37] 1u (1061d) | [LI231007-0022_-38] 1u (585d) | [LI231007-0022_-38] 5u (585d) | [LI231007-0022_-40] 2u (1319d) | [LI231007-0022_-39] 2u (585d) | [LI558635-0160-26] 1u (579d) | [LI558635-0160-27] 1u (579d) | [LI558635-0160-28] 1u (579d) | [LI558635-0160-29] 1u (579d) | [LI558635-0160-30] 1u (579d) | [LI558635-0160-31] 1u (579d) | [LI558635-0160-32] 1u (579d) | [LI558635-0160-33] 1u (579d) | [LI558635-0160-34] 1u (579d) | [LI558635-0160-35] 1u (579d) | [LI558635-0160-36] 1u (579d) | [LI558636-0054-28] 1u (579d) | [LI558636-0054-29] 1u (579d) | [LI558636-0054-30] 1u (579d) | [LI558636-0054-31] 1u (579d) | [LI558636-0054-32] 1u (579d) | [LI558636-0054-33] 1u (579d) | [LI558636-0054-34] 2u (579d) | [LI558636-0054-35] 2u (579d) | [LI558636-0054-36] 1u (579d) | [LI558636-0054-37] 1u (579d) | [LI553902-0207-28] 1u (579d) | [LI553902-0207-29] 1u (579d) | [LI553902-0207-30] 1u (579d) | [LI553902-0207-31] 1u (579d) | [LI553902-0207-32] 1u (579d) | [LI553902-0207-33] 1u (579d) | [LI553902-0207-34] 2u (579d) | [LI553902-0207-35] 2u (579d) | [LI553902-0207-36] 1u (579d) | [LI553902-0207-37] 1u (579d) | [LI553902-0207-38] 1u (579d)
CLAGD/Stock/StorageGD/CLA-044-05-03-01;GOLD;36;0.00;D;579;40;[NV234406-0020-36] 2u (579d) | [NV234406-0020-37] 3u (579d) | [NV234406-0020-38] 2u (579d) | [NV234406-0020-39] 1u (579d) | [NV234406-0020-40] 1u (579d) | [NV234401-0001-36] 2u (579d) | [NV234401-0001-37] 3u (579d) | [NV234401-0001-38] 2u (579d) | [NV234401-0001-39] 1u (579d) | [NV234401-0001-40] 1u (579d) | [NV230045-0001-36] 2u (579d) | [NV230045-0001-37] 3u (579d) | [NV230045-0001-38] 2u (579d) | [NV230045-0001-39] 1u (579d) | [NV230045-0001-40] 1u (579d) | [NV230045-0001-36] 2u (579d) | [NV230045-0001-37] 3u (579d) | [NV230045-0001-38] 2u (579d) | [NV230045-0001-39] 1u (579d) | [NV230045-0001-40] 1u (579d)
CLAGD/Stock/StorageGD/CLA-044-06-01-01;GOLD;46;0.00;D+C+B;904;40;[NV558659-0040-27] 1u (586d) | [NV558659-0040-28] 1u (586d) | [NV558659-0040-29] 1u (586d) | [NV558659-0040-32] 1u (586d) | [NV558659-0040-35] 1u (586d) | [NV558659-0040-37] 1u (586d) | [NV558659-0040-38] 1u (586d) | [NV558659-0207-31] 1u (586d) | [NV558659-0207-32] 1u (586d) | [NV558663-0011-28] 1u (682d) | [NV558663-0011-29] 1u (682d) | [NV558663-0011-31] 1u (904d) | [BWSH328029-BLAC-36] 1u (229d) | [BWSH328029-BLAC-41] 1u (229d) | [BWSH328029-BLAC-37] 2u (229d) | [BWSH328029-BLAC-38] 3u (229d) | [BWSH328029-BLAC-40] 2u (229d) | [BWSH328029-BLAC-39] 3u (229d) | [TESH501001-PINK-25] 10u (148d) | [NV128317-0011-34] 12u (725d)
CLAGD/Stock/StorageGD/CLA-044-06-01-03;GOLD;160;0.00;B+D+C;579;120;[COSH264005-BLAC-23] 10u (283d) | [BJSH542020-TAUP-25] 10u (283d) | [BJSH333033-GOLD-36] 3u (186d) | [BJSH333033-GOLD-40] 1u (186d) | [BJSH333033-GOLD-39] 1u (186d) | [BJSH333033-GOLD-35] 2u (186d) | [BJSH333033-GOLD-38] 1u (186d) | [BJSH333033-GOLD-37] 2u (186d) | [BJSH333033-GOLD-34] 1u (186d) | [BJSH333033-GOLD-33] 1u (186d) | [COSH283101-MULT-31] 10u (341d) | [COSH283101-MULT-27] 10u (341d) | [BWSH300101-MULT-36] 1u (579d) | [BWSH300101-MULT-37] 2u (579d) | [BWSH300101-MULT-38] 3u (579d) | [BWSH300101-MULT-39] 3u (579d) | [BWSH300101-MULT-40] 2u (579d) | [BWSH300101-MULT-41] 1u (579d) | [BWSH300101-MULT-36] 1u (579d) | [BWSH300101-MULT-37] 2u (579d) | [BWSH300101-MULT-38] 3u (579d) | [BWSH300101-MULT-39] 3u (579d) | [BWSH300101-MULT-40] 2u (579d) | [BWSH300101-MULT-41] 1u (579d) | [COSH283083-NAVY-27] 1u (341d) | [COSH283083-NAVY-28] 1u (341d) | [COSH283083-NAVY-29] 2u (341d) | [COSH283083-NAVY-30] 2u (341d) | [COSH283083-NAVY-31] 2u (341d) | [COSH283083-NAVY-32] 2u (341d) | [COSH283083-NAVY-33] 1u (341d) | [COSH283083-NAVY-34] 1u (341d) | [COSH283083-NAVY-27] 1u (341d) | [COSH283083-NAVY-28] 1u (341d) | [COSH283083-NAVY-29] 2u (341d) | [COSH283083-NAVY-30] 2u (341d) | [COSH283083-NAVY-31] 2u (341d) | [COSH283083-NAVY-32] 2u (341d) | [COSH283083-NAVY-33] 1u (341d) | [COSH283083-NAVY-34] 1u (341d) | [COSH283083-NAVY-27] 1u (341d) | [COSH283083-NAVY-28] 1u (341d) | [COSH283083-NAVY-29] 2u (341d) | [COSH283083-NAVY-30] 2u (341d) | [COSH283083-NAVY-31] 2u (341d) | [COSH283083-NAVY-32] 2u (341d) | [COSH283083-NAVY-33] 1u (341d) | [COSH283083-NAVY-34] 1u (341d) | [COSH283083-NAVY-27] 3u (341d) | [COSH283083-NAVY-28] 3u (341d) | [COSH283083-NAVY-29] 6u (341d) | [COSH283083-NAVY-30] 6u (341d) | [COSH283083-NAVY-31] 6u (341d) | [COSH283083-NAVY-32] 6u (341d) | [COSH283083-NAVY-33] 3u (341d) | [COSH283083-NAVY-34] 3u (341d) | [COSH283083-NAVY-27] 1u (341d) | [COSH283083-NAVY-28] 1u (341d) | [COSH283083-NAVY-29] 2u (341d) | [COSH283083-NAVY-30] 2u (341d) | [COSH283083-NAVY-31] 2u (341d) | [COSH283083-NAVY-32] 2u (341d) | [COSH283083-NAVY-33] 1u (341d) | [COSH283083-NAVY-34] 1u (341d)
CLAGD/Stock/StorageGD/CLA-044-07-03-03;GOLD;60;0.00;A;444;60;[COSH542021-TAN-33] 10u (298d) | [BJSH542020-NAVY-37] 10u (444d) | [BJSH542020-NAVY-37] 10u (444d) | [BJSH542020-NAVY-37] 10u (444d) | [BJSH542020-NAVY-37] 10u (444d) | [BJSH542020-NAVY-37] 10u (444d)
CLAGD/Stock/StorageGD/CLA-044-09-01-02;GOLD;84;0.00;A+B+C;579;80;[COSH542020-TAN-25] 10u (299d) | [COSH542020-TAN-23] 10u (299d) | [COSH542020-TAN-23] 10u (299d) | [COSH542021-TAUP-28] 10u (416d) | [OSSH129008-TAN-22] 2u (298d) | [OSSH129008-TAN-23] 2u (298d) | [OSSH129008-TAN-24] 2u (298d) | [OSSH129008-TAN-25] 2u (298d) | [OSSH129008-TAN-26] 2u (298d) | [OSSH129008-TAN-27] 2u (298d) | [OSSH122060-WHIT-19] 1u (579d) | [OSSH122060-WHIT-20] 1u (579d) | [OSSH122060-WHIT-21] 2u (579d) | [OSSH122060-WHIT-22] 2u (579d) | [OSSH122060-WHIT-23] 2u (579d) | [OSSH122060-WHIT-24] 2u (579d) | [OSSH122060-WHIT-25] 1u (579d) | [OSSH122060-WHIT-26] 1u (579d) | [BJSH542083-BLAC-34] 10u (493d) | [BJSH542020-TAUP-33] 10u (345d)
CLAGD/Stock/StorageGD/CLA-044-09-01-03;GOLD;94;0.00;A+D+B;725;90;[BJSH542021-TAUP-38] 10u (207d) | [BJSH542021-TAUP-38] 10u (207d) | [BJSH542021-TAUP-38] 10u (207d) | [BJSH542021-TAUP-38] 10u (207d) | [BJSH542021-TAUP-38] 10u (207d) | [BJSH542021-TAUP-37] 10u (207d) | [COSH542020-TAUP-27] 10u (432d) | [NV128317-0011-36] 12u (725d) | [BJSH300113-MULT-33] 1u (299d) | [BJSH300113-MULT-34] 2u (299d) | [BJSH300113-MULT-35] 2u (299d) | [BJSH300113-MULT-36] 2u (299d) | [BJSH300113-MULT-37] 2u (299d) | [BJSH300113-MULT-38] 1u (299d) | [BJSH300113-MULT-39] 1u (299d) | [BJSH300113-MULT-40] 1u (299d)
CLAGD/Stock/StorageGD/CLA-044-09-03-02;GOLD;60;0.00;B+A;493;60;[BJSH542083-BLAC-36] 10u (493d) | [BJSH542083-BLAC-35] 10u (493d) | [COSH542083-TAUP-27] 10u (451d) | [COSH542083-TAUP-25] 10u (451d) | [COSH542020-TAN-34] 10u (432d) | [COSH542020-TAN-29] 10u (432d)
CLAGD/Stock/StorageGD/CLA-044-09-03-03;GOLD;60;0.00;A;432;60;[BJSH542020-NAVY-36] 10u (432d) | [BJSH542020-NAVY-36] 10u (432d) | [BJSH542020-NAVY-36] 10u (432d) | [BJSH542020-NAVY-33] 10u (432d) | [BJSH542020-NAVY-33] 10u (432d) | [BJSH542020-NAVY-33] 10u (432d)
CLAGD/Stock/StorageGD/CLA-045-01-01-01;GOLD;82;0.00;A+B;508;80;[BJSH542021-TAUP-41] 10u (207d) | [BJSH542021-TAUP-41] 10u (207d) | [BJSH542021-TAUP-38] 10u (207d) | [BJSH542021-TAUP-38] 10u (207d) | [BJSH542021-TAUP-37] 10u (207d) | [BJSH542021-TAUP-35] 10u (207d) | [BJSH362003-PEWT-34] 1u (508d) | [BJSH362003-PEWT-35] 2u (508d) | [BJSH362003-PEWT-36] 2u (508d) | [BJSH362003-PEWT-37] 2u (508d) | [BJSH362003-PEWT-38] 2u (508d) | [BJSH362003-PEWT-39] 2u (508d) | [BJSH362003-PEWT-40] 1u (508d) | [COSH542090-GOLD-28] 10u (432d)
CLAGD/Stock/StorageGD/CLA-045-01-01-03;GOLD;104;0.00;C+B+A;579;80;[COSH285049-WHIT-27] 1u (554d) | [COSH285049-WHIT-28] 1u (554d) | [COSH285049-WHIT-29] 1u (554d) | [COSH285049-WHIT-30] 2u (554d) | [COSH285049-WHIT-31] 2u (554d) | [COSH285049-WHIT-32] 2u (554d) | [COSH285049-WHIT-33] 1u (554d) | [COSH285049-WHIT-34] 1u (554d) | [COSH285049-WHIT-35] 1u (554d) | [COSH265050-WHIT-27] 1u (579d) | [COSH265050-WHIT-28] 1u (579d) | [COSH265050-WHIT-29] 1u (579d) | [COSH265050-WHIT-30] 2u (579d) | [COSH265050-WHIT-31] 2u (579d) | [COSH265050-WHIT-32] 2u (579d) | [COSH265050-WHIT-33] 1u (579d) | [COSH265050-WHIT-34] 1u (579d) | [COSH265050-WHIT-35] 1u (579d) | [COSH265050-WHIT-27] 2u (579d) | [COSH265050-WHIT-28] 2u (579d) | [COSH265050-WHIT-29] 2u (579d) | [COSH265050-WHIT-30] 1u (579d) | [COSH265050-WHIT-31] 1u (579d) | [COSH265050-WHIT-32] 1u (579d) | [COSH265050-WHIT-33] 1u (579d) | [COSH265050-WHIT-34] 1u (579d) | [COSH265050-WHIT-35] 1u (579d) | [COSH265050-WHIT-27] 2u (579d) | [COSH265050-WHIT-28] 2u (579d) | [COSH265050-WHIT-29] 2u (579d) | [COSH265050-WHIT-30] 1u (579d) | [COSH265050-WHIT-31] 1u (579d) | [COSH265050-WHIT-32] 1u (579d) | [COSH265050-WHIT-33] 1u (579d) | [COSH265050-WHIT-34] 1u (579d) | [COSH265050-WHIT-35] 1u (579d) | [COSH285049-WHIT-27] 1u (579d) | [COSH285049-WHIT-28] 1u (579d) | [COSH285049-WHIT-29] 1u (579d) | [COSH285049-WHIT-30] 2u (579d) | [COSH285049-WHIT-31] 2u (579d) | [COSH285049-WHIT-32] 2u (579d) | [COSH285049-WHIT-33] 1u (579d) | [COSH285049-WHIT-34] 1u (579d) | [COSH285049-WHIT-35] 1u (579d) | [BJSH586086-PINK-26] 2u (579d) | [BJSH586086-PINK-27] 2u (579d) | [BJSH586086-PINK-28] 2u (579d) | [BJSH586086-PINK-29] 2u (579d) | [BJSH586086-PINK-30] 2u (579d) | [BJSH586086-PINK-31] 2u (579d) | [BJSH586086-PINK-32] 2u (579d) | [BJSH586086-PINK-33] 2u (579d) | [BJSH586086-PINK-34] 2u (579d) | [BJSH586086-PINK-35] 2u (579d) | [BJSH586086-PINK-36] 2u (579d) | [BJSH586086-PINK-37] 2u (579d) | [BJSH543008-BLAC-40] 10u (450d) | [BJSH542020-TAN-37] 10u (299d)
CLAGD/Stock/StorageGD/CLA-045-02-01-02;GOLD;110;0.00;B+D+C;725;110;[COSH284097-MULT-34] 10u (299d) | [COSH284097-MULT-33] 10u (299d) | [COSH284097-MULT-32] 10u (299d) | [COSH284097-MULT-31] 10u (299d) | [COSH284097-MULT-31] 10u (299d) | [COSH284097-MULT-31] 10u (299d) | [COSH284097-MULT-31] 10u (299d) | [COSH284097-MULT-30] 10u (299d) | [COSH284097-MULT-27] 10u (299d) | [MV232305-0020-40] 10u (725d) | [MV232305-0020-38] 10u (725d)
CLAGD/Stock/StorageGD/CLA-045-02-01-03;GOLD;124;0.00;B+D+A;416;120;[OSSH127011-WHIT-22] 1u (299d) | [OSSH127011-WHIT-23] 2u (299d) | [OSSH127011-WHIT-24] 2u (299d) | [OSSH127011-WHIT-25] 2u (299d) | [OSSH127011-WHIT-26] 2u (299d) | [OSSH127011-WHIT-27] 1u (299d) | [OSSH127011-WHIT-28] 1u (299d) | [OSSH127011-WHIT-29] 1u (299d) | [OSSH127011-WHIT-22] 1u (299d) | [OSSH127011-WHIT-23] 2u (299d) | [OSSH127011-WHIT-24] 2u (299d) | [OSSH127011-WHIT-25] 2u (299d) | [OSSH127011-WHIT-26] 2u (299d) | [OSSH127011-WHIT-27] 1u (299d) | [OSSH127011-WHIT-28] 1u (299d) | [OSSH127011-WHIT-29] 1u (299d) | [COSH224050-MULT-33] 10u (367d) | [COSH542021-TAN-29] 10u (416d) | [COSH542021-TAN-29] 10u (416d) | [COSH542021-TAN-29] 10u (416d) | [BJSH542020-NAVY-33] 10u (156d) | [TESH500009-PINK-25] 10u (299d) | [TESH500009-PINK-23] 10u (299d) | [COSH542083-TAUP-25] 10u (185d) | [COSH542083-TAN-22] 10u (185d) | [COSH542083-TAN-27] 10u (185d)
CLAGD/Stock/StorageGD/CLA-045-02-02-02;GOLD;36;0.00;C+D;579;30;[BJSH534002-BLAC-33] 1u (579d) | [BJSH534002-BLAC-34] 2u (579d) | [BJSH534002-BLAC-35] 2u (579d) | [BJSH534002-BLAC-36] 2u (579d) | [BJSH534002-BLAC-37] 2u (579d) | [BJSH534002-BLAC-38] 1u (579d) | [BJSH534002-BLAC-39] 1u (579d) | [BJSH534002-BLAC-40] 1u (579d) | [BJSH534002-BLAC-33] 1u (579d) | [BJSH534002-BLAC-34] 2u (579d) | [BJSH534002-BLAC-35] 2u (579d) | [BJSH534002-BLAC-36] 2u (579d) | [BJSH534002-BLAC-37] 2u (579d) | [BJSH534002-BLAC-38] 1u (579d) | [BJSH534002-BLAC-39] 1u (579d) | [BJSH534002-BLAC-40] 1u (579d) | [NV551769-0207-28] 1u (579d) | [NV551769-0207-29] 1u (579d) | [NV551769-0207-30] 1u (579d) | [NV551769-0207-31] 1u (579d) | [NV551769-0207-32] 1u (579d) | [NV551769-0207-33] 1u (579d) | [NV551769-0207-34] 1u (579d) | [NV551769-0207-35] 1u (579d) | [NV551769-0207-36] 1u (579d) | [NV551769-0207-37] 1u (579d) | [NV551769-0207-38] 1u (579d) | [NV551769-0207-39] 1u (579d)
CLAGD/Stock/StorageGD/CLA-045-03-01-01;GOLD;135;0.00;D+C;817;110;[BJSH300115-BLAC-33] 1u (299d) | [BJSH300115-BLAC-34] 2u (299d) | [BJSH300115-BLAC-35] 2u (299d) | [BJSH300115-BLAC-36] 2u (299d) | [BJSH300115-BLAC-37] 2u (299d) | [BJSH300115-BLAC-38] 1u (299d) | [BJSH300115-BLAC-39] 1u (299d) | [BJSH300115-BLAC-40] 1u (299d) | [BJSH300115-BLAC-33] 1u (299d) | [BJSH300115-BLAC-34] 2u (299d) | [BJSH300115-BLAC-35] 2u (299d) | [BJSH300115-BLAC-36] 2u (299d) | [BJSH300115-BLAC-37] 2u (299d) | [BJSH300115-BLAC-38] 1u (299d) | [BJSH300115-BLAC-39] 1u (299d) | [BJSH300115-BLAC-40] 1u (299d) | [BJSH300115-BLAC-33] 1u (299d) | [BJSH300115-BLAC-34] 2u (299d) | [BJSH300115-BLAC-35] 2u (299d) | [BJSH300115-BLAC-36] 2u (299d) | [BJSH300115-BLAC-37] 2u (299d) | [BJSH300115-BLAC-38] 1u (299d) | [BJSH300115-BLAC-39] 1u (299d) | [BJSH300115-BLAC-40] 1u (299d) | [BJSH300115-BLAC-33] 1u (299d) | [BJSH300115-BLAC-34] 2u (299d) | [BJSH300115-BLAC-35] 2u (299d) | [BJSH300115-BLAC-36] 2u (299d) | [BJSH300115-BLAC-37] 2u (299d) | [BJSH300115-BLAC-38] 1u (299d) | [BJSH300115-BLAC-39] 1u (299d) | [BJSH300115-BLAC-40] 1u (299d) | [BJSH300115-BLAC-33] 1u (299d) | [BJSH300115-BLAC-34] 2u (299d) | [BJSH300115-BLAC-35] 2u (299d) | [BJSH300115-BLAC-36] 2u (299d) | [BJSH300115-BLAC-37] 2u (299d) | [BJSH300115-BLAC-38] 1u (299d) | [BJSH300115-BLAC-39] 1u (299d) | [BJSH300115-BLAC-40] 1u (299d) | [OSSH154012-WHIT-29] 1u (584d) | [OSSH154012-WHIT-25] 2u (584d) | [OSSH154012-WHIT-24] 2u (584d) | [OSSH154012-WHIT-23] 2u (584d) | [OSSH154012-WHIT-26] 2u (584d) | [OSSH154012-WHIT-27] 1u (584d) | [OSSH154012-WHIT-28] 1u (584d) | [NV130086-0001-28] 1u (817d) | [NV130086-0001-26] 2u (817d) | [NV130086-0001-25] 1u (817d) | [COSH285079-MULT-27] 1u (313d) | [COSH285079-MULT-28] 1u (313d) | [COSH285079-MULT-29] 1u (313d) | [COSH285079-MULT-30] 2u (313d) | [COSH285079-MULT-31] 2u (313d) | [COSH285079-MULT-32] 2u (313d) | [COSH285079-MULT-33] 1u (313d) | [COSH285079-MULT-34] 1u (313d) | [COSH285079-MULT-35] 1u (313d) | [BJSH384005-OFFW-33] 1u (296d) | [BJSH384005-OFFW-34] 2u (296d) | [BJSH384005-OFFW-35] 2u (296d) | [BJSH384005-OFFW-36] 2u (296d) | [BJSH384005-OFFW-37] 2u (296d) | [BJSH384005-OFFW-38] 1u (296d) | [BJSH384005-OFFW-39] 1u (296d) | [BJSH384005-OFFW-40] 1u (296d) | [COSH330003-GREY-25] 1u (108d) | [COSH330003-GREY-26] 1u (108d) | [COSH330003-GREY-27] 1u (108d) | [COSH330003-GREY-28] 1u (108d) | [COSH330003-GREY-29] 1u (108d) | [COSH330003-GREY-30] 1u (108d) | [COSH330003-GREY-31] 1u (108d) | [COSH330003-GREY-32] 1u (108d) | [COSH330003-GREY-33] 1u (108d) | [COSH330003-GREY-34] 1u (108d) | [COSH330003-GREY-35] 1u (108d) | [COSH330003-GREY-36] 1u (108d) | [COSH330003-GREY-25] 1u (108d) | [COSH330003-GREY-26] 1u (108d) | [COSH330003-GREY-27] 1u (108d) | [COSH330003-GREY-28] 1u (108d) | [COSH330003-GREY-29] 1u (108d) | [COSH330003-GREY-30] 1u (108d) | [COSH330003-GREY-31] 1u (108d) | [COSH330003-GREY-32] 1u (108d) | [COSH330003-GREY-33] 1u (108d) | [COSH330003-GREY-34] 1u (108d) | [COSH330003-GREY-35] 1u (108d) | [COSH330003-GREY-36] 1u (108d) | [COSH330003-GREY-25] 1u (108d) | [COSH330003-GREY-26] 1u (108d) | [COSH330003-GREY-27] 1u (108d) | [COSH330003-GREY-28] 1u (108d) | [COSH330003-GREY-29] 1u (108d) | [COSH330003-GREY-30] 1u (108d) | [COSH330003-GREY-31] 1u (108d) | [COSH330003-GREY-32] 1u (108d) | [COSH330003-GREY-33] 1u (108d) | [COSH330003-GREY-34] 1u (108d) | [COSH330003-GREY-35] 1u (108d) | [COSH330003-GREY-36] 1u (108d)
CLAGD/Stock/StorageGD/CLA-045-03-01-03;GOLD;96;0.00;C+B;659;80;[BJSH527066-MULT-41] 12u (659d) | [BJSH527066-MULT-40] 12u (659d) | [BJSH527066-MULT-38] 12u (659d) | [BJSH527066-MULT-37] 12u (659d) | [BJSH527066-MULT-36] 12u (659d) | [BJSH527066-MULT-35] 12u (659d) | [BJSH527066-MULT-35] 12u (659d) | [MV128410-0002-25] 1u (579d) | [MV128410-0002-26] 1u (579d) | [MV128410-0002-27] 1u (579d) | [MV128410-0002-28] 1u (579d) | [MV128410-0002-29] 1u (579d) | [MV128410-0002-30] 1u (579d) | [MV128410-0002-31] 1u (579d) | [MV128410-0002-32] 1u (579d) | [MV128410-0002-33] 1u (579d) | [MV128410-0002-34] 1u (579d) | [MV128410-0002-35] 1u (579d) | [MV128410-0002-36] 1u (579d)
CLAGD/Stock/StorageGD/CLA-045-04-01-02;GOLD;102;0.00;D+C+B;725;100;[COSH284096-WHIT-34] 10u (299d) | [COSH284096-WHIT-33] 10u (299d) | [COSH284096-WHIT-31] 10u (299d) | [COSH284096-WHIT-27] 10u (299d) | [MV232304-0020-39] 10u (725d) | [MV232304-0020-39] 10u (725d) | [BJSH401007-PINK-36] 10u (144d) | [BJSH401007-BEIGE-36] 10u (144d) | [BJSH401007-BEIGE-36] 10u (144d) | [BJSH527066-MULT-38] 7u (659d) | [BJSH527066-MULT-39] 5u (659d)
CLAGD/Stock/StorageGD/CLA-045-04-01-03;GOLD;80;0.00;D+C;725;80;[COSH264013-MULT-30] 10u (299d) | [MV232304-0020-40] 10u (725d) | [MV232304-0020-39] 10u (725d) | [MV232304-0020-39] 10u (725d) | [MV232304-0020-38] 10u (725d) | [MV232304-0020-38] 10u (725d) | [MV232304-0020-37] 5u (725d) | [MV232304-0020-38] 5u (725d) | [COSH284096-WHIT-28] 10u (299d)
CLAGD/Stock/StorageGD/CLA-045-05-01-02;GOLD;92;0.00;D+B+C;579;80;[NV551759-0040-28] 1u (579d) | [NV551759-0040-29] 1u (579d) | [NV551759-0040-30] 1u (579d) | [NV551759-0040-31] 1u (579d) | [NV551759-0040-32] 1u (579d) | [NV551759-0040-33] 1u (579d) | [NV551759-0040-34] 1u (579d) | [NV551759-0040-35] 1u (579d) | [NV551759-0040-36] 1u (579d) | [NV551759-0040-37] 1u (579d) | [NV551759-0040-38] 1u (579d) | [NV551759-0040-39] 1u (579d) | [NV128322-0020-27] 1u (579d) | [NV128322-0020-28] 1u (579d) | [NV128322-0020-29] 1u (579d) | [NV128322-0020-30] 2u (579d) | [NV128322-0020-31] 2u (579d) | [NV128322-0020-32] 1u (579d) | [NV128322-0020-33] 1u (579d) | [NV128322-0020-34] 1u (579d) | [NV128322-0020-35] 1u (579d) | [NV128322-0020-36] 1u (579d) | [NV128322-0020-27] 1u (579d) | [NV128322-0020-28] 1u (579d) | [NV128322-0020-29] 1u (579d) | [NV128322-0020-30] 2u (579d) | [NV128322-0020-31] 2u (579d) | [NV128322-0020-32] 1u (579d) | [NV128322-0020-33] 1u (579d) | [NV128322-0020-34] 1u (579d) | [NV128322-0020-35] 1u (579d) | [NV128322-0020-36] 1u (579d) | [NV128322-0020-27] 1u (579d) | [NV128322-0020-28] 1u (579d) | [NV128322-0020-29] 1u (579d) | [NV128322-0020-30] 2u (579d) | [NV128322-0020-31] 2u (579d) | [NV128322-0020-32] 1u (579d) | [NV128322-0020-33] 1u (579d) | [NV128322-0020-34] 1u (579d) | [NV128322-0020-35] 1u (579d) | [NV128322-0020-36] 1u (579d) | [NV128322-0020-27] 1u (579d) | [NV128322-0020-28] 1u (579d) | [NV128322-0020-29] 1u (579d) | [NV128322-0020-30] 2u (579d) | [NV128322-0020-31] 2u (579d) | [NV128322-0020-32] 1u (579d) | [NV128322-0020-33] 1u (579d) | [NV128322-0020-34] 1u (579d) | [NV128322-0020-35] 1u (579d) | [NV128322-0020-36] 1u (579d) | [COSH261030-PINK-25] 10u (170d) | [COSH283092-MULT-29] 10u (513d) | [BJSH377003-WHIT-32] 1u (270d) | [BJSH377003-WHIT-33] 1u (270d) | [BJSH377003-WHIT-34] 1u (270d) | [BJSH377003-WHIT-35] 2u (270d) | [BJSH377003-WHIT-36] 2u (270d) | [BJSH377003-WHIT-37] 2u (270d) | [BJSH377003-WHIT-38] 1u (270d) | [BJSH377003-WHIT-39] 1u (270d) | [BJSH377003-WHIT-40] 1u (270d)
CLAGD/Stock/StorageGD/CLA-045-05-01-03;GOLD;59;0.00;B+D;373;50;[KV226810-0001-41] 1u (373d) | [KV226810-0001-39] 6u (372d) | [KV226810-0001-40] 2u (372d) | [KV226810-0001-37] 2u (372d) | [BJSH377003-WHIT-32] 1u (270d) | [BJSH377003-WHIT-33] 1u (270d) | [BJSH377003-WHIT-34] 1u (270d) | [BJSH377003-WHIT-35] 2u (270d) | [BJSH377003-WHIT-36] 2u (270d) | [BJSH377003-WHIT-37] 2u (270d) | [BJSH377003-WHIT-38] 1u (270d) | [BJSH377003-WHIT-39] 1u (270d) | [BJSH377003-WHIT-40] 1u (270d) | [BJSH377003-WHIT-32] 1u (270d) | [BJSH377003-WHIT-33] 1u (270d) | [BJSH377003-WHIT-34] 1u (270d) | [BJSH377003-WHIT-35] 2u (270d) | [BJSH377003-WHIT-36] 2u (270d) | [BJSH377003-WHIT-37] 2u (270d) | [BJSH377003-WHIT-38] 1u (270d) | [BJSH377003-WHIT-39] 1u (270d) | [BJSH377003-WHIT-40] 1u (270d) | [BJSH377003-BLAC-32] 1u (270d) | [BJSH377003-BLAC-33] 1u (270d) | [BJSH377003-BLAC-34] 1u (270d) | [BJSH377003-BLAC-35] 2u (270d) | [BJSH377003-BLAC-36] 2u (270d) | [BJSH377003-BLAC-37] 2u (270d) | [BJSH377003-BLAC-38] 1u (270d) | [BJSH377003-BLAC-39] 1u (270d) | [BJSH377003-BLAC-40] 1u (270d) | [BJSH377001-YELL-32] 1u (270d) | [BJSH377001-YELL-33] 1u (270d) | [BJSH377001-YELL-34] 1u (270d) | [BJSH377001-YELL-35] 2u (270d) | [BJSH377001-YELL-36] 2u (270d) | [BJSH377001-YELL-37] 2u (270d) | [BJSH377001-YELL-38] 1u (270d) | [BJSH377001-YELL-39] 1u (270d) | [BJSH377001-YELL-40] 1u (270d)
CLAGD/Stock/StorageGD/CLA-045-06-01-02;GOLD;72;0.00;B+A;579;60;[LI231010-0020-36] 1u (579d) | [LI231010-0020-37] 2u (579d) | [LI231010-0020-38] 3u (579d) | [LI231010-0020-39] 3u (579d) | [LI231010-0020-40] 2u (579d) | [LI231010-0020-41] 1u (579d) | [LI231010-0020-36] 1u (579d) | [LI231010-0020-37] 2u (579d) | [LI231010-0020-38] 3u (579d) | [LI231010-0020-39] 3u (579d) | [LI231010-0020-40] 2u (579d) | [LI231010-0020-41] 1u (579d) | [LI231010-0020-36] 1u (579d) | [LI231010-0020-37] 2u (579d) | [LI231010-0020-38] 3u (579d) | [LI231010-0020-39] 3u (579d) | [LI231010-0020-40] 2u (579d) | [LI231010-0020-41] 1u (579d) | [LI231010-0020-36] 1u (579d) | [LI231010-0020-37] 2u (579d) | [LI231010-0020-38] 3u (579d) | [LI231010-0020-39] 3u (579d) | [LI231010-0020-40] 2u (579d) | [LI231010-0020-41] 1u (579d) | [LI231010-0020-36] 1u (579d) | [LI231010-0020-37] 2u (579d) | [LI231010-0020-38] 3u (579d) | [LI231010-0020-39] 3u (579d) | [LI231010-0020-40] 2u (579d) | [LI231010-0020-41] 1u (579d) | [LI231010-0020-36] 1u (579d) | [LI231010-0020-37] 2u (579d) | [LI231010-0020-38] 3u (579d) | [LI231010-0020-39] 3u (579d) | [LI231010-0020-40] 2u (579d) | [LI231010-0020-41] 1u (579d)
CLAGD/Stock/StorageGD/CLA-045-06-01-03;GOLD;80;0.00;D+B+A;579;70;[COSH586002-MULT-26] 1u (313d) | [COSH586002-MULT-27] 1u (313d) | [COSH586002-MULT-28] 1u (313d) | [COSH586002-MULT-29] 2u (313d) | [COSH586002-MULT-30] 2u (313d) | [COSH586002-MULT-31] 1u (313d) | [COSH586002-MULT-32] 1u (313d) | [COSH586002-MULT-33] 1u (313d) | [COSH586002-MULT-34] 1u (313d) | [COSH586002-MULT-35] 1u (313d) | [COSH586002-MULT-26] 1u (313d) | [COSH586002-MULT-27] 1u (313d) | [COSH586002-MULT-28] 1u (313d) | [COSH586002-MULT-29] 2u (313d) | [COSH586002-MULT-30] 2u (313d) | [COSH586002-MULT-31] 1u (313d) | [COSH586002-MULT-32] 1u (313d) | [COSH586002-MULT-33] 1u (313d) | [COSH586002-MULT-34] 1u (313d) | [COSH586002-MULT-35] 1u (313d) | [COSH586002-MULT-26] 1u (313d) | [COSH586002-MULT-27] 1u (313d) | [COSH586002-MULT-28] 1u (313d) | [COSH586002-MULT-29] 2u (313d) | [COSH586002-MULT-30] 2u (313d) | [COSH586002-MULT-31] 1u (313d) | [COSH586002-MULT-32] 1u (313d) | [COSH586002-MULT-33] 1u (313d) | [COSH586002-MULT-34] 1u (313d) | [COSH586002-MULT-35] 1u (313d) | [BJSH300115-WHIT-33] 1u (299d) | [BJSH300115-WHIT-34] 2u (299d) | [BJSH300115-WHIT-35] 2u (299d) | [BJSH300115-WHIT-36] 2u (299d) | [BJSH300115-WHIT-37] 2u (299d) | [BJSH300115-WHIT-38] 1u (299d) | [BJSH300115-WHIT-39] 1u (299d) | [BJSH300115-WHIT-40] 1u (299d) | [BJSH300110-LEOP-33] 1u (299d) | [BJSH300110-LEOP-34] 2u (299d) | [BJSH300110-LEOP-35] 2u (299d) | [BJSH300110-LEOP-36] 2u (299d) | [BJSH300110-LEOP-37] 2u (299d) | [BJSH300110-LEOP-38] 1u (299d) | [BJSH300110-LEOP-39] 1u (299d) | [BJSH300110-LEOP-40] 1u (299d) | [BJSH387001-WHIT-32] 1u (327d) | [BJSH387001-WHIT-33] 1u (327d) | [BJSH387001-WHIT-34] 1u (327d) | [BJSH387001-WHIT-35] 1u (327d) | [BJSH387001-WHIT-36] 2u (327d) | [BJSH387001-WHIT-37] 2u (327d) | [BJSH387001-WHIT-38] 1u (327d) | [BJSH387001-WHIT-39] 1u (327d) | [BJSH387001-WHIT-40] 1u (327d) | [MI219001-0020-36] 1u (579d) | [MI219001-0020-37] 2u (579d) | [MI219001-0020-38] 2u (579d) | [MI219001-0020-39] 2u (579d) | [MI219001-0020-40] 1u (579d) | [MI219001-0020-41] 1u (579d)
CLAGD/Stock/StorageGD/CLA-045-07-01-02;GOLD;182;0.00;C+D+B;579;160;[OSSH122066-GOLD-19] 1u (579d) | [OSSH122066-GOLD-20] 1u (579d) | [OSSH122066-GOLD-21] 2u (579d) | [OSSH122066-GOLD-22] 2u (579d) | [OSSH122066-GOLD-23] 2u (579d) | [OSSH122066-GOLD-24] 2u (579d) | [OSSH122066-GOLD-25] 1u (579d) | [OSSH122066-GOLD-26] 1u (579d) | [OSSH122062-BEIG-20] 1u (579d) | [OSSH122062-BEIG-21] 1u (579d) | [OSSH122062-BEIG-22] 2u (579d) | [OSSH122062-BEIG-23] 2u (579d) | [OSSH122062-BEIG-24] 2u (579d) | [OSSH122062-BEIG-25] 2u (579d) | [OSSH122062-BEIG-26] 2u (579d) | [OSSH122062-BEIG-19] 1u (579d) | [OSSH122062-BEIG-20] 1u (579d) | [OSSH122062-BEIG-21] 2u (579d) | [OSSH122062-BEIG-22] 2u (579d) | [OSSH122062-BEIG-23] 2u (579d) | [OSSH122062-BEIG-24] 2u (579d) | [OSSH122062-BEIG-25] 1u (579d) | [OSSH122062-BEIG-26] 1u (579d) | [OSSH122062-BEIG-19] 1u (579d) | [OSSH122062-BEIG-20] 1u (579d) | [OSSH122062-BEIG-21] 2u (579d) | [OSSH122062-BEIG-22] 2u (579d) | [OSSH122062-BEIG-23] 2u (579d) | [OSSH122062-BEIG-24] 2u (579d) | [OSSH122062-BEIG-25] 1u (579d) | [OSSH122062-BEIG-26] 1u (579d) | [OSSH122062-BEIG-19] 1u (579d) | [OSSH122062-BEIG-20] 1u (579d) | [OSSH122062-BEIG-21] 2u (579d) | [OSSH122062-BEIG-22] 2u (579d) | [OSSH122062-BEIG-23] 2u (579d) | [OSSH122062-BEIG-24] 2u (579d) | [OSSH122062-BEIG-25] 1u (579d) | [OSSH122062-BEIG-26] 1u (579d) | [OSSH151057-WHIT-20] 2u (579d) | [OSSH151057-WHIT-21] 2u (579d) | [OSSH151057-WHIT-22] 2u (579d) | [OSSH151057-WHIT-23] 2u (579d) | [OSSH151057-WHIT-24] 2u (579d) | [OSSH151057-WHIT-25] 2u (579d) | [OSSH151057-WHIT-20] 2u (579d) | [OSSH151057-WHIT-21] 2u (579d) | [OSSH151057-WHIT-22] 2u (579d) | [OSSH151057-WHIT-23] 2u (579d) | [OSSH151057-WHIT-24] 2u (579d) | [OSSH151057-WHIT-25] 2u (579d) | [OSSH151056-SILV-20] 2u (579d) | [OSSH151056-SILV-21] 2u (579d) | [OSSH151056-SILV-22] 2u (579d) | [OSSH151056-SILV-23] 2u (579d) | [OSSH151056-SILV-24] 2u (579d) | [OSSH151056-SILV-25] 2u (579d) | [OSSH151056-GOLD-20] 2u (579d) | [OSSH151056-GOLD-21] 2u (579d) | [OSSH151056-GOLD-22] 2u (579d) | [OSSH151056-GOLD-23] 2u (579d) | [OSSH151056-GOLD-24] 2u (579d) | [OSSH151056-GOLD-25] 2u (579d) | [OSSH151056-GOLD-20] 2u (579d) | [OSSH151056-GOLD-21] 2u (579d) | [OSSH151056-GOLD-22] 2u (579d) | [OSSH151056-GOLD-23] 2u (579d) | [OSSH151056-GOLD-24] 2u (579d) | [OSSH151056-GOLD-25] 2u (579d) | [OSSH151056-GOLD-20] 2u (579d) | [OSSH151056-GOLD-21] 2u (579d) | [OSSH151056-GOLD-22] 2u (579d) | [OSSH151056-GOLD-23] 2u (579d) | [OSSH151056-GOLD-24] 2u (579d) | [OSSH151056-GOLD-25] 2u (579d) | [OSSH151056-GOLD-20] 2u (579d) | [OSSH151056-GOLD-21] 2u (579d) | [OSSH151056-GOLD-22] 2u (579d) | [OSSH151056-GOLD-23] 2u (579d) | [OSSH151056-GOLD-24] 2u (579d) | [OSSH151056-GOLD-25] 2u (579d) | [OSSH151056-GOLD-20] 2u (579d) | [OSSH151056-GOLD-21] 2u (579d) | [OSSH151056-GOLD-22] 2u (579d) | [OSSH151056-GOLD-23] 2u (579d) | [OSSH151056-GOLD-24] 2u (579d) | [OSSH151056-GOLD-25] 2u (579d) | [NV232811-0371-36] 1u (579d) | [NV232811-0371-37] 1u (579d) | [NV232811-0371-38] 2u (579d) | [NV232811-0371-39] 2u (579d) | [NV232811-0371-40] 1u (579d) | [NV232811-0371-41] 1u (579d) | [NV234406-0207-36] 2u (579d) | [NV234406-0207-37] 3u (579d) | [NV234406-0207-38] 2u (579d) | [NV234406-0207-39] 1u (579d) | [NV234406-0207-40] 1u (579d) | [NV234406-0207-36] 2u (579d) | [NV234406-0207-37] 3u (579d) | [NV234406-0207-38] 2u (579d) | [NV234406-0207-39] 1u (579d) | [NV234406-0207-40] 1u (579d)
CLAGD/Stock/StorageGD/CLA-046-01-01-01;GOLD;66;0.00;D+B+C;432;60;[BJSH300113-MULT-33] 1u (299d) | [BJSH300113-MULT-34] 2u (299d) | [BJSH300113-MULT-35] 2u (299d) | [BJSH300113-MULT-36] 2u (299d) | [BJSH300113-MULT-37] 2u (299d) | [BJSH300113-MULT-38] 1u (299d) | [BJSH300113-MULT-39] 1u (299d) | [BJSH300113-MULT-40] 1u (299d) | [BJSH300113-MULT-33] 1u (299d) | [BJSH300113-MULT-34] 2u (299d) | [BJSH300113-MULT-35] 2u (299d) | [BJSH300113-MULT-36] 2u (299d) | [BJSH300113-MULT-37] 2u (299d) | [BJSH300113-MULT-38] 1u (299d) | [BJSH300113-MULT-39] 1u (299d) | [BJSH300113-MULT-40] 1u (299d) | [COSH542065-TAUP-29] 10u (432d) | [COSH301085-WHIT-25] 1u (313d) | [COSH301085-WHIT-26] 1u (313d) | [COSH301085-WHIT-27] 1u (313d) | [COSH301085-WHIT-28] 1u (313d) | [COSH301085-WHIT-29] 1u (313d) | [COSH301085-WHIT-30] 1u (313d) | [COSH301085-WHIT-31] 1u (313d) | [COSH301085-WHIT-32] 1u (313d) | [COSH301085-WHIT-33] 1u (313d) | [COSH301085-WHIT-34] 1u (313d) | [COSH301085-WHIT-35] 1u (313d) | [COSH301085-WHIT-36] 1u (313d) | [OSSH127012-MULT-23] 10u (299d) | [OSSH127012-MULT-23] 10u (299d)
CLAGD/Stock/StorageGD/CLA-046-02-01-02;GOLD;84;0.00;D+A;372;70;[TESH515019-TAN-20] 2u (171d) | [TESH515019-TAN-21] 2u (171d) | [TESH515019-TAN-22] 2u (171d) | [TESH515019-TAN-23] 2u (171d) | [TESH515019-TAN-24] 2u (171d) | [TESH515019-TAN-25] 2u (171d) | [TESH515019-TAN-20] 2u (171d) | [TESH515019-TAN-21] 2u (171d) | [TESH515019-TAN-22] 2u (171d) | [TESH515019-TAN-23] 2u (171d) | [TESH515019-TAN-24] 2u (171d) | [TESH515019-TAN-25] 2u (171d) | [TESH515019-TAN-20] 2u (171d) | [TESH515019-TAN-21] 2u (171d) | [TESH515019-TAN-22] 2u (171d) | [TESH515019-TAN-23] 2u (171d) | [TESH515019-TAN-24] 2u (171d) | [TESH515019-TAN-25] 2u (171d) | [TESH515019-TAN-20] 2u (171d) | [TESH515019-TAN-21] 2u (171d) | [TESH515019-TAN-22] 2u (171d) | [TESH515019-TAN-23] 2u (171d) | [TESH515019-TAN-24] 2u (171d) | [TESH515019-TAN-25] 2u (171d) | [TESH515019-TAN-20] 2u (171d) | [TESH515019-TAN-21] 2u (171d) | [TESH515019-TAN-22] 2u (171d) | [TESH515019-TAN-23] 2u (171d) | [TESH515019-TAN-24] 2u (171d) | [TESH515019-TAN-25] 2u (171d) | [TESH515019-TAN-20] 2u (171d) | [TESH515019-TAN-21] 2u (171d) | [TESH515019-TAN-22] 2u (171d) | [TESH515019-TAN-23] 2u (171d) | [TESH515019-TAN-24] 2u (171d) | [TESH515019-TAN-25] 2u (171d) | [OSSH501002-PINK-20] 2u (372d) | [OSSH501002-PINK-21] 2u (372d) | [OSSH501002-PINK-22] 2u (372d) | [OSSH501002-PINK-23] 2u (372d) | [OSSH501002-PINK-24] 2u (372d) | [OSSH501002-PINK-25] 2u (372d)
CLAGD/Stock/StorageGD/CLA-046-03-01-03;GOLD;81;0.00;C+B+D;579;70;[COSH285049-WHIT-32] 2u (368d) | [COSH285049-WHIT-33] 1u (368d) | [COSH285049-WHIT-34] 1u (368d) | [COSH285049-WHIT-35] 1u (368d) | [COSH285049-WHIT-31] 2u (368d) | [COSH285049-WHIT-30] 2u (368d) | [COSH285049-WHIT-27] 1u (368d) | [COSH285049-WHIT-28] 1u (368d) | [COSH285049-WHIT-29] 1u (368d) | [OSSH122062-BEIG-19] 1u (579d) | [OSSH122062-BEIG-20] 1u (579d) | [OSSH122062-BEIG-21] 2u (579d) | [OSSH122062-BEIG-22] 2u (579d) | [OSSH122062-BEIG-23] 2u (579d) | [OSSH122062-BEIG-24] 2u (579d) | [OSSH122062-BEIG-25] 1u (579d) | [OSSH122062-BEIG-26] 1u (579d) | [BWSH360003-BEIG-41] 1u (128d) | [BWSH360003-BEIG-40] 1u (128d) | [BWSH360003-BEIG-39] 2u (128d) | [BWSH360003-BEIG-38] 2u (128d) | [BWSH360003-BEIG-37] 2u (128d) | [BWSH360003-BEIG-36] 1u (128d) | [BWSH360003-BEIG-39] 3u (128d) | [BWSH360003-BEIG-40] 2u (128d) | [BWSH360003-BEIG-41] 1u (128d) | [BWSH360003-BEIG-38] 3u (128d) | [BWSH360003-BEIG-36] 1u (128d) | [BWSH360003-BEIG-37] 2u (128d) | [BWSH360003-BEIG-36] 1u (128d) | [BWSH360003-BEIG-37] 2u (128d) | [BWSH360003-BEIG-38] 3u (128d) | [BWSH360003-BEIG-39] 3u (128d) | [BWSH360003-BEIG-40] 2u (128d) | [BWSH360003-BEIG-41] 1u (128d) | [COSH285058-MULT-24] 1u (564d) | [COSH285058-MULT-25] 1u (564d) | [COSH285058-MULT-26] 1u (564d) | [COSH285058-MULT-27] 1u (564d) | [COSH285058-MULT-28] 1u (564d) | [COSH285058-MULT-29] 1u (564d) | [COSH285058-MULT-30] 1u (564d) | [COSH285058-MULT-31] 1u (564d) | [COSH285058-MULT-32] 1u (564d) | [COSH285058-MULT-33] 1u (564d) | [COSH285058-MULT-34] 1u (564d) | [COSH285058-MULT-35] 1u (564d) | [COSH285058-MULT-24] 1u (564d) | [COSH285058-MULT-25] 1u (564d) | [COSH285058-MULT-26] 1u (564d) | [COSH285058-MULT-27] 1u (564d) | [COSH285058-MULT-28] 1u (564d) | [COSH285058-MULT-29] 1u (564d) | [COSH285058-MULT-30] 1u (564d) | [COSH285058-MULT-31] 1u (564d) | [COSH285058-MULT-32] 1u (564d) | [COSH285058-MULT-33] 1u (564d) | [COSH285058-MULT-34] 1u (564d) | [COSH285058-MULT-35] 1u (564d)
CLAGD/Stock/StorageGD/CLA-046-06-01-02;GOLD;80;0.00;D+B+C;915;80;[NV230069-0160-39] 2u (877d) | [NV230069-0160-41] 1u (877d) | [NV230069-0160-36] 1u (586d) | [NV230069-0160-37] 2u (586d) | [NV230069-0160-38] 2u (586d) | [NV230069-0160-40] 1u (586d) | [NV230046-0020-36] 1u (579d) | [NV230046-0020-37] 2u (579d) | [NV230046-0020-38] 2u (579d) | [NV230046-0020-39] 2u (579d) | [NV230046-0020-40] 1u (579d) | [NV230046-0020-41] 1u (579d) | [OSSH143086-NAVY-20] 1u (313d) | [OSSH143086-NAVY-21] 1u (313d) | [OSSH143086-NAVY-22] 2u (313d) | [OSSH143086-NAVY-23] 2u (313d) | [OSSH143086-NAVY-24] 2u (313d) | [OSSH143086-NAVY-25] 2u (313d) | [OSSH143086-NAVY-26] 2u (313d) | [BJSH542095-BEIG-31] 1u (93d) | [BJSH542095-BEIG-32] 2u (93d) | [BJSH542095-BEIG-33] 2u (93d) | [BJSH542095-BEIG-34] 2u (93d) | [BJSH542095-BEIG-35] 2u (93d) | [BJSH542095-BEIG-36] 1u (93d) | [BJSH542095-BEIG-37] 1u (93d) | [BJSH542095-BEIG-38] 1u (93d) | [BWSH368001-BLAC-36] 1u (487d) | [BWSH368001-BLAC-37] 2u (487d) | [BWSH368001-BLAC-38] 2u (487d) | [BWSH368001-BLAC-39] 2u (487d) | [BWSH368001-BLAC-40] 1u (487d) | [BWSH368001-BLAC-41] 1u (487d) | [HI222003-0399-38] 2u (915d) | [HI222003-0399-39] 1u (915d) | [HI222003-0399-36] 1u (915d) | [HI222003-0399-41] 1u (915d) | [COSH265031-PINK-27] 2u (579d) | [COSH265031-PINK-28] 2u (579d) | [COSH265031-PINK-29] 2u (579d) | [COSH265031-PINK-30] 1u (579d) | [COSH265031-PINK-31] 1u (579d) | [COSH265031-PINK-32] 1u (579d) | [COSH265031-PINK-33] 1u (579d) | [COSH265031-PINK-34] 1u (579d) | [COSH265031-PINK-35] 1u (579d) | [HI222003-0020_-36] 1u (579d) | [HI222003-0020_-37] 2u (579d) | [HI222003-0020_-38] 3u (579d) | [HI222003-0020_-39] 3u (579d) | [HI222003-0020_-40] 2u (579d) | [HI222003-0020_-41] 1u (579d)
CLAGD/Stock/StorageGD/CLA-046-07-01-01;GOLD;29;0.00;B;493;40;[COSH542065-TAN-28] 8u (432d) | [COSH542065-TAUP-24] 3u (432d) | [COSH542065-TAUP-25] 7u (432d) | [BJSH542083-BLAC-34] 5u (493d) | [BJSH542083-BLAC-35] 2u (493d) | [BJSH542083-BLAC-34] 3u (493d) | [BJSH542083-BLAC-33] 1u (356d)
CLAGD/Stock/StorageGD/CLA-046-08-01-01;GOLD;162;0.00;D+C+A+B;618;90;[COSH200002-NAVY-30] 89u (618d) | [COSH542065-TAN-26] 2u (432d) | [COSH542065-TAN-29] 1u (432d) | [COSH542065-TAN-30] 1u (432d) | [COSH542065-TAN-25] 3u (432d) | [COSH542065-TAN-24] 1u (432d) | [BJSH542083-BLAC-41] 9u (493d) | [COSH542065-TAUP-23] 3u (432d) | [COSH542065-TAUP-22] 3u (432d) | [COSH542065-TAUP-27] 1u (432d) | [COSH542065-TAUP-28] 2u (432d) | [COSH542065-TAUP-31] 1u (318d) | [COSH542065-TAN-23] 8u (432d) | [COSH542065-TAN-24] 2u (432d) | [COSH542065-BEIG-32] 1u (347d) | [COSH542065-BEIG-31] 2u (452d) | [COSH542065-BEIG-29] 1u (313d) | [COSH542065-BEIG-34] 1u (421d) | [COSH542065-BEIG-35] 1u (437d) | [COSH542065-BEIG-33] 1u (452d) | [COSH542083-TAUP-28] 4u (442d) | [COSH542083-TAUP-32] 1u (297d) | [COSH542083-TAUP-22] 1u (348d) | [COSH542083-TAUP-25] 3u (442d) | [COSH542083-TAUP-36] 1u (297d) | [COSH542083-TAN-26] 1u (324d) | [COSH542083-TAN-22] 4u (348d) | [COSH542083-TAN-24] 2u (451d) | [COSH542083-TAN-23] 1u (368d) | [COSH542083-TAN-27] 3u (361d) | [COSH542083-TAN-25] 1u (348d) | [COSH542083-TAUP-34] 7u (340d)
CLAGD/Stock/StorageGD/CLA-046-08-01-02;GOLD;62;0.00;B+A;494;70;[BJSH542083-TAUP-33] 12u (494d) | [BJSH542083-TAUP-31] 4u (494d) | [BJSH542083-TAUP-36] 2u (428d) | [BJSH542083-TAUP-35] 4u (428d) | [BJSH542083-TAUP-41] 4u (296d) | [BJSH542083-TAUP-34] 2u (494d) | [BJSH542083-BLAC-33] 7u (356d) | [BJSH542083-BLAC-33] 9u (356d) | [COSH542065-TAUP-32] 1u (313d) | [COSH542065-TAUP-36] 1u (432d) | [COSH542065-TAUP-34] 1u (330d) | [COSH542065-TAUP-35] 2u (331d) | [COSH542065-TAUP-33] 1u (347d) | [BJSH542083-BLAC-36] 7u (493d) | [BJSH542083-BLAC-36] 3u (493d) | [BJSH542083-BLAC-33] 1u (356d) | [BJSH542083-BLAC-35] 1u (493d)
CLAGD/Stock/StorageGD/CLA-046-08-01-03;GOLD;27;0.00;B+D;493;30;[BJSH542083-BLAC-35] 8u (493d) | [BJSH542083-BLAC-35] 7u (493d) | [COSH325003-WHITE-25] 1u (170d) | [COSH325003-WHITE-26] 1u (170d) | [COSH325003-WHITE-27] 1u (170d) | [COSH325003-WHITE-28] 1u (170d) | [COSH325003-WHITE-29] 2u (170d) | [COSH325003-WHITE-30] 2u (170d) | [COSH325003-WHITE-31] 1u (170d) | [COSH325003-WHITE-32] 1u (170d) | [COSH325003-WHITE-33] 1u (170d) | [COSH325003-WHITE-34] 1u (170d)
CLAGD/Stock/StorageGD/CLA-046-09-01-01;GOLD;44;0.00;B+D;708;40;[BJSH542021-TAUP-22] 8u (708d) | [TESH502008-PINK-20] 2u (170d) | [TESH502008-PINK-21] 2u (170d) | [TESH502008-PINK-22] 2u (170d) | [TESH502008-PINK-23] 2u (170d) | [TESH502008-PINK-24] 2u (170d) | [TESH502008-PINK-25] 2u (170d) | [TESH502008-PINK-20] 2u (170d) | [TESH502008-PINK-21] 2u (170d) | [TESH502008-PINK-22] 2u (170d) | [TESH502008-PINK-23] 2u (170d) | [TESH502008-PINK-24] 2u (170d) | [TESH502008-PINK-25] 2u (170d) | [TESH502008-PINK-20] 2u (170d) | [TESH502008-PINK-21] 2u (170d) | [TESH502008-PINK-22] 2u (170d) | [TESH502008-PINK-23] 2u (170d) | [TESH502008-PINK-24] 2u (170d) | [TESH502008-PINK-25] 2u (170d)
CLAGD/Stock/StorageGD/CLA-047-03-01-01;GOLD;74;0.00;A+B+C+D;579;90;[COSH542021-TAN-33] 6u (298d) | [COSH542021-TAN-32] 2u (347d) | [COSH542021-TAN-29] 7u (416d) | [COSH542021-TAN-35] 2u (298d) | [COSH542021-TAN-34] 3u (298d) | [COSH542021-TAN-30] 1u (367d) | [COSH542021-NAVY-25] 6u (397d) | [COSH542021-NAVY-22] 1u (303d) | [COSH542021-NAVY-23] 3u (302d) | [COSH542021-NAVY-24] 1u (431d) | [COSH542021-NAVY-27] 1u (282d) | [COSH542021-TAN-25] 4u (437d) | [COSH542021-TAN-30] 1u (367d) | [COSH542021-TAN-28] 3u (274d) | [COSH542021-TAN-29] 2u (416d) | [COSH542021-TAN-27] 10u (442d) | [BWSH368001-BLAC-36] 1u (487d) | [BWSH368001-BLAC-37] 2u (487d) | [BWSH368001-BLAC-38] 2u (487d) | [BWSH368001-BLAC-39] 2u (487d) | [BWSH368001-BLAC-40] 1u (487d) | [BWSH368001-BLAC-41] 1u (487d) | [HI222003-0020_-36] 2u (579d) | [HI222003-0020_-37] 4u (579d) | [HI222003-0020_-38] 3u (579d) | [HI222003-0020_-39] 2u (579d) | [HI222003-0020_-40] 1u (579d)
CLAGD/Stock/StorageGD/CLA-047-03-01-03;GOLD;70;0.00;A+B+D+C;794;70;[BJSH542021-BLAC-38] 1u (428d) | [BJSH542021-TAN-22] 2u (701d) | [BJSH542021-BLAC-36] 2u (428d) | [BJSH542021-NAVY-22] 1u (794d) | [BJSH542021-NAVY-25] 1u (349d) | [BJSH542021-TAUP-33] 4u (345d) | [BJSH542021-TAUP-31] 1u (295d) | [BJSH542021-TAUP-35] 1u (443d) | [OSSH122064-SILV-22] 2u (585d) | [OSSH122066-GOLD-24] 1u (585d) | [OSSH122066-GOLD-25] 1u (585d) | [OSSH122064-SILV-26] 2u (585d) | [OSSH122064-SILV-24] 1u (585d) | [OSSH122066-GOLD-22] 1u (585d) | [OSSH122064-SILV-20] 1u (585d) | [COSH300094-WHIT-25] 1u (579d) | [COSH300094-WHIT-26] 1u (579d) | [COSH300094-WHIT-27] 1u (579d) | [COSH300094-WHIT-28] 1u (579d) | [COSH300094-WHIT-29] 1u (579d) | [COSH300094-WHIT-30] 1u (579d) | [COSH300094-WHIT-31] 1u (579d) | [COSH300094-WHIT-32] 1u (579d) | [COSH300094-WHIT-33] 1u (579d) | [COSH300094-WHIT-34] 1u (579d) | [COSH300094-WHIT-35] 1u (579d) | [COSH300094-WHIT-36] 1u (579d) | [COSH300094-WHIT-25] 1u (579d) | [COSH300094-WHIT-26] 1u (579d) | [COSH300094-WHIT-27] 1u (579d) | [COSH300094-WHIT-28] 1u (579d) | [COSH300094-WHIT-29] 1u (579d) | [COSH300094-WHIT-30] 1u (579d) | [COSH300094-WHIT-31] 1u (579d) | [COSH300094-WHIT-32] 1u (579d) | [COSH300094-WHIT-33] 1u (579d) | [COSH300094-WHIT-34] 1u (579d) | [COSH300094-WHIT-35] 1u (579d) | [COSH300094-WHIT-36] 1u (579d) | [COSH300094-WHIT-25] 1u (579d) | [COSH300094-WHIT-26] 1u (579d) | [COSH300094-WHIT-27] 1u (579d) | [COSH300094-WHIT-28] 1u (579d) | [COSH300094-WHIT-29] 1u (579d) | [COSH300094-WHIT-30] 1u (579d) | [COSH300094-WHIT-31] 1u (579d) | [COSH300094-WHIT-32] 1u (579d) | [COSH300094-WHIT-33] 1u (579d) | [COSH300094-WHIT-34] 1u (579d) | [COSH300094-WHIT-35] 1u (579d) | [COSH300094-WHIT-36] 1u (579d) | [COSH300092-WHIT-25] 1u (579d) | [COSH300092-WHIT-26] 1u (579d) | [COSH300092-WHIT-27] 1u (579d) | [COSH300092-WHIT-28] 1u (579d) | [COSH300092-WHIT-29] 1u (579d) | [COSH300092-WHIT-30] 1u (579d) | [COSH300092-WHIT-31] 1u (579d) | [COSH300092-WHIT-32] 1u (579d) | [COSH300092-WHIT-33] 1u (579d) | [COSH300092-WHIT-34] 1u (579d) | [COSH300092-WHIT-35] 1u (579d) | [COSH300092-WHIT-36] 1u (579d)
CLAGD/Stock/StorageGD/CLA-047-04-01-01;GOLD;36;0.00;B+A;1319;40;[LI231010-0020-41] 2u (585d) | [LI231010-0020-36] 6u (585d) | [LI231010-0020-39] 1u (585d) | [LI231010-0020-39] 3u (585d) | [LI231010-0020-40] 1u (585d) | [LI231010-0020-37] 2u (1319d) | [LI231010-0020-36] 2u (585d) | [LI231010-0020-38] 1u (1060d) | [LI231010-0020-38] 2u (1060d) | [LI231010-0020-39] 2u (585d) | [LI231010-0020-40] 1u (585d) | [LI231010-0020-37] 2u (1319d) | [LI231010-0020-36] 2u (585d) | [LI231007-0022_-38] 3u (585d) | [LI231007-0022_-41] 1u (1289d) | [LI231007-0022_-37] 1u (1061d) | [LI231007-0022_-36] 3u (1319d) | [LI231007-0022_-40] 1u (1319d)
CLAGD/Stock/StorageGD/CLA-047-05-01-01;GOLD;105;0.00;D+B;579;90;[NV558663-0043-28] 1u (579d) | [NV558663-0043-29] 1u (579d) | [NV558663-0043-30] 1u (579d) | [NV558663-0043-31] 1u (579d) | [NV558663-0043-32] 1u (579d) | [NV558663-0043-33] 1u (579d) | [NV558663-0043-34] 2u (579d) | [NV558663-0043-35] 2u (579d) | [NV558663-0043-36] 1u (579d) | [NV558663-0043-37] 1u (579d) | [NV234401-0001-36] 2u (579d) | [NV234401-0001-37] 3u (579d) | [NV234401-0001-38] 2u (579d) | [NV234401-0001-39] 1u (579d) | [NV234401-0001-40] 1u (579d) | [MV551748-0040-28] 1u (579d) | [MV551748-0040-29] 1u (579d) | [MV551748-0040-30] 1u (579d) | [MV551748-0040-31] 1u (579d) | [MV551748-0040-32] 1u (579d) | [MV551748-0040-33] 1u (579d) | [MV551748-0040-34] 1u (579d) | [MV551748-0040-35] 1u (579d) | [MV551748-0040-36] 1u (579d) | [MV551748-0040-37] 1u (579d) | [MV551748-0040-38] 1u (579d) | [MV551748-0040-39] 1u (579d) | [MV551748-0040-28] 1u (579d) | [MV551748-0040-29] 1u (579d) | [MV551748-0040-30] 1u (579d) | [MV551748-0040-31] 1u (579d) | [MV551748-0040-32] 1u (579d) | [MV551748-0040-33] 1u (579d) | [MV551748-0040-34] 1u (579d) | [MV551748-0040-35] 1u (579d) | [MV551748-0040-36] 1u (579d) | [MV551748-0040-37] 1u (579d) | [MV551748-0040-38] 1u (579d) | [MV551748-0040-39] 1u (579d) | [MV551748-0040-28] 1u (579d) | [MV551748-0040-29] 1u (579d) | [MV551748-0040-30] 1u (579d) | [MV551748-0040-31] 1u (579d) | [MV551748-0040-32] 1u (579d) | [MV551748-0040-33] 1u (579d) | [MV551748-0040-34] 1u (579d) | [MV551748-0040-35] 1u (579d) | [MV551748-0040-36] 1u (579d) | [MV551748-0040-37] 1u (579d) | [MV551748-0040-38] 1u (579d) | [MV551748-0040-39] 1u (579d) | [COSH586006-PINK-26] 1u (313d) | [COSH586006-PINK-27] 1u (313d) | [COSH586006-PINK-28] 1u (313d) | [COSH586006-PINK-29] 2u (313d) | [COSH586006-PINK-30] 2u (313d) | [COSH586006-PINK-31] 1u (313d) | [COSH586006-PINK-32] 1u (313d) | [COSH586006-PINK-33] 1u (313d) | [COSH586006-PINK-34] 1u (313d) | [COSH586006-PINK-35] 1u (313d) | [COSH586006-BEIG-26] 1u (313d) | [COSH586006-BEIG-27] 1u (313d) | [COSH586006-BEIG-28] 1u (313d) | [COSH586006-BEIG-29] 2u (313d) | [COSH586006-BEIG-30] 2u (313d) | [COSH586006-BEIG-31] 1u (313d) | [COSH586006-BEIG-32] 1u (313d) | [COSH586006-BEIG-33] 1u (313d) | [COSH586006-BEIG-34] 1u (313d) | [COSH586006-BEIG-35] 1u (313d) | [COSH215039-PINK-24] 1u (313d) | [COSH215039-PINK-25] 1u (313d) | [COSH215039-PINK-26] 1u (313d) | [COSH215039-PINK-27] 1u (313d) | [COSH215039-PINK-28] 1u (313d) | [COSH215039-PINK-29] 2u (313d) | [COSH215039-PINK-30] 1u (313d) | [COSH215039-PINK-31] 1u (313d) | [COSH215039-PINK-32] 1u (313d) | [COSH215039-PINK-33] 1u (313d) | [COSH215039-PINK-34] 1u (313d) | [OSSH104002-KHAK-22] 1u (297d) | [OSSH104002-KHAK-23] 2u (297d) | [OSSH104002-KHAK-24] 2u (297d) | [OSSH104002-KHAK-25] 2u (297d) | [OSSH104002-KHAK-26] 2u (297d) | [OSSH104002-KHAK-27] 1u (297d) | [OSSH104002-KHAK-28] 1u (297d) | [OSSH104002-KHAK-29] 1u (297d)
CLAGD/Stock/StorageGD/CLA-047-05-01-02;GOLD;54;0.00;B+D;589;50;[BJSH542090-BLAC-39] 7u (354d) | [COSH215041-GOLD-24] 1u (313d) | [COSH215041-GOLD-25] 1u (313d) | [COSH215041-GOLD-26] 1u (313d) | [COSH215041-GOLD-27] 1u (313d) | [COSH215041-GOLD-28] 1u (313d) | [COSH215041-GOLD-29] 2u (313d) | [COSH215041-GOLD-30] 1u (313d) | [COSH215041-GOLD-31] 1u (313d) | [COSH215041-GOLD-32] 1u (313d) | [COSH215041-GOLD-33] 1u (313d) | [COSH215041-GOLD-34] 1u (313d) | [NV558658-0345-37] 2u (586d) | [NV558658-0345-36] 2u (586d) | [NV558658-0345-35] 2u (586d) | [NV558665-0001-28] 1u (589d) | [NV558658-0345-39] 1u (586d) | [NV558658-0345-38] 1u (586d) | [NV558658-0345-33] 3u (586d) | [NV558661-0207-27] 4u (586d) | [NV558661-0207-28] 4u (586d) | [NV558661-0207-26] 2u (586d) | [NV558661-0207-29] 4u (586d) | [MV231508-0160-36] 1u (579d) | [MV231508-0160-37] 2u (579d) | [MV231508-0160-38] 2u (579d) | [MV231508-0160-39] 2u (579d) | [MV231508-0160-40] 1u (579d) | [MV231508-0160-41] 1u (579d)
CLAGD/Stock/StorageGD/CLA-047-05-01-03;GOLD;24;0.00;B+A;382;30;[BJSH542090-BLAC-35] 4u (382d) | [BJSH542090-BLAC-37] 1u (354d) | [BJSH542090-BLAC-37] 7u (354d) | [BWSH347006-TAN-36] 1u (358d) | [BWSH347006-TAN-37] 2u (358d) | [BWSH347006-TAN-38] 3u (358d) | [BWSH347006-TAN-39] 3u (358d) | [BWSH347006-TAN-40] 2u (358d) | [BWSH347006-TAN-41] 1u (358d)
CLAGD/Stock/StorageGD/CLA-047-06-01-02;GOLD;44;0.00;D+C+B;394;40;[TESH502008-WHIT-25] 10u (170d) | [TESH502008-WHIT-20] 10u (170d) | [BJSH586072-MINK-27] 1u (229d) | [BJSH586072-MINK-33] 1u (229d) | [BJSH586072-MINK-32] 1u (229d) | [BJSH586072-MINK-31] 1u (229d) | [BJSH586072-MINK-30] 1u (229d) | [BJSH586072-MINK-34] 1u (229d) | [BJSH586072-MINK-35] 1u (229d) | [BJSH586072-MINK-36] 1u (229d) | [BJSH586072-MINK-26] 1u (229d) | [BJSH586072-MINK-37] 1u (229d) | [BJSH586072-MINK-28] 1u (229d) | [BJSH586072-MINK-29] 1u (229d) | [OSSH127004-NAVY-22] 1u (394d) | [OSSH127004-NAVY-23] 1u (394d) | [OSSH127004-NAVY-24] 1u (394d) | [OSSH127004-NAVY-25] 2u (394d) | [OSSH127004-NAVY-26] 2u (394d) | [OSSH127004-NAVY-27] 2u (394d) | [OSSH127004-NAVY-28] 2u (394d) | [OSSH127004-NAVY-29] 1u (394d)
CLAGD/Stock/StorageGD/CLA-047-06-01-03;GOLD;139;0.00;C+B+D;904;140;[BJSH527061-OFFW-32] 1u (579d) | [BJSH527061-OFFW-33] 1u (579d) | [BJSH527061-OFFW-34] 1u (579d) | [BJSH527061-OFFW-35] 2u (579d) | [BJSH527061-OFFW-36] 2u (579d) | [BJSH527061-OFFW-37] 2u (579d) | [BJSH527061-OFFW-38] 1u (579d) | [BJSH527061-OFFW-39] 1u (579d) | [BJSH527061-OFFW-40] 1u (579d) | [NV230056-0020-36] 1u (579d) | [NV230056-0020-37] 2u (579d) | [NV230056-0020-38] 2u (579d) | [NV230056-0020-39] 2u (579d) | [NV230056-0020-40] 1u (579d) | [NV230056-0020-41] 1u (579d) | [NV230056-0020-36] 1u (579d) | [NV230056-0020-37] 2u (579d) | [NV230056-0020-38] 2u (579d) | [NV230056-0020-39] 2u (579d) | [NV230056-0020-40] 1u (579d) | [NV230056-0020-41] 1u (579d) | [NV230056-0020-36] 1u (579d) | [NV230056-0020-37] 2u (579d) | [NV230056-0020-38] 2u (579d) | [NV230056-0020-39] 2u (579d) | [NV230056-0020-40] 1u (579d) | [NV230056-0020-41] 1u (579d) | [NV230056-0020-36] 1u (579d) | [NV230056-0020-37] 2u (579d) | [NV230056-0020-38] 2u (579d) | [NV230056-0020-39] 2u (579d) | [NV230056-0020-40] 1u (579d) | [NV230056-0020-41] 1u (579d) | [MV551745-0399-28] 5u (579d) | [MV551745-0399-29] 5u (579d) | [MV551745-0399-30] 2u (579d) | [MV231508-0160-36] 1u (579d) | [MV231508-0160-37] 2u (579d) | [MV231508-0160-38] 2u (579d) | [MV231508-0160-39] 2u (579d) | [MV231508-0160-40] 1u (579d) | [MV231508-0160-41] 1u (579d) | [NV558668-0043-27] 1u (586d) | [NV558668-0043-28] 4u (586d) | [NV558668-0043-32] 4u (586d) | [NV558663-0011-29] 1u (682d) | [NV558663-0011-32] 2u (904d) | [NV558663-0011-31] 1u (904d) | [NV558663-0043-32] 2u (904d) | [NV558663-0043-34] 1u (904d) | [NV558663-0043-31] 3u (904d) | [NV558663-0043-37] 1u (904d) | [NV558666-0043-38] 1u (904d) | [NV558666-0043-39] 1u (684d) | [NV558663-0043-30] 1u (904d) | [NV558663-0043-26] 1u (586d) | [NV558663-0011-30] 1u (904d) | [NV230045-0020-36] 1u (579d) | [NV230045-0020-37] 2u (579d) | [NV230045-0020-38] 2u (579d) | [NV230045-0020-39] 2u (579d) | [NV230045-0020-40] 1u (579d) | [NV230045-0020-41] 1u (579d) | [NV234406-0020-36] 1u (579d) | [NV234406-0020-37] 2u (579d) | [NV234406-0020-38] 2u (579d) | [NV234406-0020-39] 2u (579d) | [NV234406-0020-40] 1u (579d) | [NV234406-0020-41] 1u (579d) | [NV230046-0020-36] 1u (579d) | [NV230046-0020-37] 2u (579d) | [NV230046-0020-38] 2u (579d) | [NV230046-0020-39] 2u (579d) | [NV230046-0020-40] 1u (579d) | [NV230046-0020-41] 1u (579d) | [NV230045-0020-36] 1u (579d) | [NV230045-0020-37] 2u (579d) | [NV230045-0020-38] 2u (579d) | [NV230045-0020-39] 2u (579d) | [NV230045-0020-40] 1u (579d) | [NV230045-0020-41] 1u (579d) | [NV230045-0001-36] 2u (579d) | [NV230045-0001-37] 3u (579d) | [NV230045-0001-38] 2u (579d) | [NV230045-0001-39] 1u (579d) | [NV230045-0001-40] 1u (579d)
CLAGD/Stock/StorageGD/CLA-047-07-01-01;GOLD;186;0.00;B+A+D+C;579;170;[BJSH542090-BLAC-41] 4u (354d) | [BJSH542090-BLAC-34] 1u (382d) | [BJSH542090-GOLD-38] 7u (354d) | [BJSH542090-GOLD-37] 2u (382d) | [COSH249005-PINK-33] 10u (212d) | [COSH249005-PINK-31] 10u (212d) | [COSH249005-PINK-30] 10u (212d) | [COSH249005-GREY-28] 10u (212d) | [COSH283005-WHIT-29] 1u (514d) | [COSH283005-WHIT-30] 2u (514d) | [COSH283005-WHIT-31] 2u (514d) | [COSH283005-WHIT-32] 2u (514d) | [COSH283005-WHIT-33] 2u (514d) | [COSH283005-WHIT-34] 1u (514d) | [COSH283005-WHIT-35] 1u (514d) | [COSH283005-WHIT-36] 1u (514d) | [COSH283093-WHIT-29] 1u (514d) | [COSH283093-WHIT-30] 2u (514d) | [COSH283093-WHIT-31] 2u (514d) | [COSH283093-WHIT-32] 2u (514d) | [COSH283093-WHIT-33] 2u (514d) | [COSH283093-WHIT-34] 1u (514d) | [COSH283093-WHIT-35] 1u (514d) | [COSH283093-WHIT-36] 1u (514d) | [COSH264004-NAVY-29] 1u (522d) | [COSH264004-NAVY-30] 2u (522d) | [COSH264004-NAVY-31] 2u (522d) | [COSH264004-NAVY-32] 2u (522d) | [COSH264004-NAVY-33] 2u (522d) | [COSH264004-NAVY-34] 1u (522d) | [COSH264004-NAVY-35] 1u (522d) | [COSH264004-NAVY-36] 1u (522d) | [COSH264004-NAVY-29] 1u (522d) | [COSH264004-NAVY-30] 2u (522d) | [COSH264004-NAVY-31] 2u (522d) | [COSH264004-NAVY-32] 2u (522d) | [COSH264004-NAVY-33] 2u (522d) | [COSH264004-NAVY-34] 1u (522d) | [COSH264004-NAVY-35] 1u (522d) | [COSH264004-NAVY-36] 1u (522d) | [COSH264004-NAVY-29] 1u (522d) | [COSH264004-NAVY-30] 2u (522d) | [COSH264004-NAVY-31] 2u (522d) | [COSH264004-NAVY-32] 2u (522d) | [COSH264004-NAVY-33] 2u (522d) | [COSH264004-NAVY-34] 1u (522d) | [COSH264004-NAVY-35] 1u (522d) | [COSH264004-NAVY-36] 1u (522d) | [COSH264004-NAVY-29] 1u (382d) | [COSH264004-NAVY-30] 2u (382d) | [COSH264004-NAVY-31] 2u (382d) | [COSH264004-NAVY-32] 2u (382d) | [COSH264004-NAVY-33] 2u (382d) | [COSH264004-NAVY-34] 1u (382d) | [COSH264004-NAVY-35] 1u (382d) | [COSH264004-NAVY-36] 1u (382d) | [COSH265031-TITA-24] 1u (579d) | [COSH265031-TITA-25] 1u (579d) | [COSH265031-TITA-26] 1u (579d) | [COSH265031-TITA-27] 1u (579d) | [COSH265031-TITA-28] 1u (579d) | [COSH265031-TITA-29] 1u (579d) | [COSH265031-TITA-30] 1u (579d) | [COSH265031-TITA-31] 1u (579d) | [COSH265031-TITA-32] 1u (579d) | [COSH265031-TITA-33] 1u (579d) | [COSH265031-TITA-34] 1u (579d) | [COSH265031-TITA-35] 1u (579d) | [COSH265031-TITA-24] 1u (579d) | [COSH265031-TITA-25] 1u (579d) | [COSH265031-TITA-26] 1u (579d) | [COSH265031-TITA-27] 1u (579d) | [COSH265031-TITA-28] 1u (579d) | [COSH265031-TITA-29] 1u (579d) | [COSH265031-TITA-30] 1u (579d) | [COSH265031-TITA-31] 1u (579d) | [COSH265031-TITA-32] 1u (579d) | [COSH265031-TITA-33] 1u (579d) | [COSH265031-TITA-34] 1u (579d) | [COSH265031-TITA-35] 1u (579d) | [COSH265031-PINK-27] 2u (579d) | [COSH265031-PINK-28] 2u (579d) | [COSH265031-PINK-29] 2u (579d) | [COSH265031-PINK-30] 1u (579d) | [COSH265031-PINK-31] 1u (579d) | [COSH265031-PINK-32] 1u (579d) | [COSH265031-PINK-33] 1u (579d) | [COSH265031-PINK-34] 1u (579d) | [COSH265031-PINK-35] 1u (579d) | [COSH265031-NAVY-24] 1u (579d) | [COSH265031-NAVY-25] 1u (579d) | [COSH265031-NAVY-26] 1u (579d) | [COSH265031-NAVY-27] 1u (579d) | [COSH265031-NAVY-28] 1u (579d) | [COSH265031-NAVY-29] 1u (579d) | [COSH265031-NAVY-30] 1u (579d) | [COSH265031-NAVY-31] 1u (579d) | [COSH265031-NAVY-32] 1u (579d) | [COSH265031-NAVY-33] 1u (579d) | [COSH265031-NAVY-34] 1u (579d) | [COSH265031-NAVY-35] 1u (579d) | [HI222003-0020_-36] 2u (579d) | [HI222003-0020_-37] 4u (579d) | [HI222003-0020_-38] 3u (579d) | [HI222003-0020_-39] 2u (579d) | [HI222003-0020_-40] 1u (579d)
CLAGD/Stock/StorageGD/CLA-047-07-01-02;GOLD;56;0.00;C+A+B;883;60;[JVK25102-0598-37] 7u (883d) | [JVK25102-0598-38] 2u (883d) | [BJSH542090-GOLD-33] 4u (382d) | [BJSH542090-GOLD-41] 4u (354d) | [BJSH542090-GOLD-34] 3u (382d) | [BWSH360003-BEIG-38] 3u (128d) | [BWSH360003-BEIG-37] 2u (128d) | [BWSH360003-BEIG-36] 1u (128d) | [BWSH360003-BEIG-39] 3u (128d) | [BWSH360003-BEIG-41] 1u (128d) | [BWSH360003-BEIG-40] 2u (128d) | [BWSH360003-BEIG-36] 1u (128d) | [BWSH360003-BEIG-37] 2u (128d) | [BWSH360003-BEIG-38] 3u (128d) | [BWSH360003-BEIG-39] 3u (128d) | [BWSH360003-BEIG-40] 2u (128d) | [BWSH360003-BEIG-41] 1u (128d) | [BWSH360003-BEIG-36] 1u (128d) | [BWSH360003-BEIG-37] 2u (128d) | [BWSH360003-BEIG-38] 3u (128d) | [BWSH360003-BEIG-39] 3u (128d) | [BWSH360003-BEIG-40] 2u (128d) | [BWSH360003-BEIG-41] 1u (128d)
CLAGD/Stock/StorageGD/CLA-047-07-01-03;GOLD;68;0.00;D+B+C+A;382;70;[BJSH300114-BLAC-34] 2u (299d) | [BJSH300114-BLAC-35] 2u (299d) | [BJSH300114-BLAC-36] 2u (299d) | [BJSH300114-BLAC-37] 2u (299d) | [BJSH300114-BLAC-38] 1u (299d) | [BJSH300114-BLAC-39] 1u (299d) | [BJSH300114-BLAC-40] 1u (299d) | [BJSH300113-MULT-34] 2u (299d) | [BJSH300113-MULT-35] 2u (299d) | [BJSH300113-MULT-36] 2u (299d) | [BJSH300113-MULT-37] 2u (299d) | [BJSH300113-MULT-38] 1u (299d) | [BJSH300113-MULT-39] 1u (299d) | [BJSH300113-MULT-40] 1u (299d) | [COSH283111-MULT-30] 9u (299d) | [COSH264020-WHIT-30] 9u (299d) | [OSSH104003-KHAK-22] 1u (297d) | [OSSH104003-KHAK-23] 1u (297d) | [OSSH104003-KHAK-24] 2u (297d) | [OSSH104003-KHAK-25] 2u (297d) | [OSSH104003-KHAK-26] 2u (297d) | [OSSH104003-KHAK-27] 1u (297d) | [OSSH104003-KHAK-28] 1u (297d) | [OSSH104003-KHAK-29] 1u (297d) | [COSH260012-NAVY-27] 1u (297d) | [COSH260012-NAVY-28] 1u (297d) | [COSH260012-NAVY-29] 2u (297d) | [COSH260012-NAVY-30] 1u (297d) | [COSH260012-NAVY-31] 2u (297d) | [COSH260012-NAVY-32] 2u (297d) | [COSH260012-NAVY-33] 1u (297d) | [COSH260012-NAVY-34] 1u (297d) | [BJSH542090-GOLD-34] 4u (382d) | [BJSH542090-GOLD-41] 2u (354d)
CLAGD/Stock/StorageGD/CLA-047-08-01-01;GOLD;81;0.00;B+D+C+A;579;80;[COSH249005-PINK-25] 10u (212d) | [COSH215043-SILV-24] 1u (313d) | [COSH215043-SILV-25] 1u (313d) | [COSH215043-SILV-26] 1u (313d) | [COSH215043-SILV-27] 1u (313d) | [COSH215043-SILV-28] 1u (313d) | [COSH215043-SILV-29] 2u (313d) | [COSH215043-SILV-30] 1u (313d) | [COSH215043-SILV-31] 1u (313d) | [COSH215043-SILV-32] 1u (313d) | [COSH215043-SILV-33] 1u (313d) | [COSH215043-SILV-34] 1u (313d) | [COSH300093-GOLD-25] 1u (579d) | [COSH300093-GOLD-26] 1u (579d) | [COSH300093-GOLD-27] 1u (579d) | [COSH300093-GOLD-28] 1u (579d) | [COSH300093-GOLD-29] 1u (579d) | [COSH300093-GOLD-30] 1u (579d) | [COSH300093-GOLD-31] 1u (579d) | [COSH300093-GOLD-32] 1u (579d) | [COSH300093-GOLD-33] 1u (579d) | [COSH300093-GOLD-34] 1u (579d) | [COSH300093-GOLD-35] 1u (579d) | [COSH300093-GOLD-36] 1u (579d) | [COSH215043-SILV-24] 1u (313d) | [COSH215043-SILV-25] 1u (313d) | [COSH215043-SILV-26] 1u (313d) | [COSH215043-SILV-27] 1u (313d) | [COSH215043-SILV-28] 1u (313d) | [COSH215043-SILV-29] 2u (313d) | [COSH215043-SILV-30] 1u (313d) | [COSH215043-SILV-31] 1u (313d) | [COSH215043-SILV-32] 1u (313d) | [COSH215043-SILV-33] 1u (313d) | [COSH215043-SILV-34] 1u (313d) | [KI226826-0020-37] 2u (52d) | [KI226826-0020-39] 2u (52d) | [KI226826-0020-36] 1u (52d) | [KI226826-0020-38] 2u (52d) | [KI226826-0020-41] 1u (52d) | [KIX102025-BLAC-26] 1u (52d) | [KIX102025-BLAC-24] 1u (52d) | [KIX102025-BLAC-26] 1u (52d) | [KI226826-0020-37] 2u (52d) | [KI226826-0020-38] 2u (52d) | [KI226826-0020-39] 3u (52d) | [KV226811-0020-41] 1u (52d) | [KI226826-0020-36] 1u (52d) | [KI226826-0020-38] 2u (52d) | [KI226826-0020-39] 2u (52d) | [KI226826-0020-36] 2u (52d) | [KI226831-0078-40] 1u (52d) | [KI226831-0078-41] 1u (52d) | [KI226826-0020-37] 1u (52d) | [COSH327001-TAN-33] 1u (52d) | [COSH327001-TAUP-33] 1u (52d) | [COSH327003-TAN-32] 1u (52d) | [COSH327003-TAUP-32] 1u (52d) | [COSH327001-NAVY-33] 1u (52d) | [BJSH543002-TAUP-37] 1u (52d)
CLAGD/Stock/StorageGD/CLA-047-09-01-02;GOLD;84;0.00;D+C+A;579;80;[BJSH377003-WHIT-33] 1u (142d) | [COSH280001-NAVY-34] 12u (142d) | [BJSH582012-BLAC-40] 1u (142d) | [BJSH542020-TAN-39] 10u (185d) | [NV551769-0207-28] 1u (579d) | [NV551769-0207-29] 1u (579d) | [NV551769-0207-30] 1u (579d) | [NV551769-0207-31] 1u (579d) | [NV551769-0207-32] 1u (579d) | [NV551769-0207-33] 1u (579d) | [NV551769-0207-34] 1u (579d) | [NV551769-0207-35] 1u (579d) | [NV551769-0207-36] 1u (579d) | [NV551769-0207-37] 1u (579d) | [NV551769-0207-38] 1u (579d) | [NV551769-0207-39] 1u (579d) | [NV121504-0043-24] 1u (579d) | [NV121504-0043-25] 1u (579d) | [NV121504-0043-26] 1u (579d) | [NV121504-0043-27] 1u (579d) | [NV121504-0043-28] 1u (579d) | [NV121504-0043-29] 2u (579d) | [NV121504-0043-30] 1u (579d) | [NV121504-0043-31] 1u (579d) | [NV121504-0043-32] 1u (579d) | [NV121504-0043-33] 1u (579d) | [NV121504-0043-34] 1u (579d) | [NV121504-0043-24] 1u (579d) | [NV121504-0043-25] 1u (579d) | [NV121504-0043-26] 1u (579d) | [NV121504-0043-27] 1u (579d) | [NV121504-0043-28] 1u (579d) | [NV121504-0043-29] 2u (579d) | [NV121504-0043-30] 1u (579d) | [NV121504-0043-31] 1u (579d) | [NV121504-0043-32] 1u (579d) | [NV121504-0043-33] 1u (579d) | [NV121504-0043-34] 1u (579d) | [NV121504-0043-24] 1u (579d) | [NV121504-0043-25] 1u (579d) | [NV121504-0043-26] 1u (579d) | [NV121504-0043-27] 1u (579d) | [NV121504-0043-28] 1u (579d) | [NV121504-0043-29] 2u (579d) | [NV121504-0043-30] 1u (579d) | [NV121504-0043-31] 1u (579d) | [NV121504-0043-32] 1u (579d) | [NV121504-0043-33] 1u (579d) | [NV121504-0043-34] 1u (579d) | [NV121504-0043-24] 1u (579d) | [NV121504-0043-25] 1u (579d) | [NV121504-0043-26] 1u (579d) | [NV121504-0043-27] 1u (579d) | [NV121504-0043-28] 1u (579d) | [NV121504-0043-29] 2u (579d) | [NV121504-0043-30] 1u (579d) | [NV121504-0043-31] 1u (579d) | [NV121504-0043-32] 1u (579d) | [NV121504-0043-33] 1u (579d) | [NV121504-0043-34] 1u (579d)
CLAWD/Stock/StorageWD/CLA-048-08-02-01;WHITE;60;0.00;A;725;30;[KAACSCA017] 20u (725d) | [KAACSCA017] 20u (725d) | [KAACSCA017] 20u (725d)
CLAWD/Stock/StorageWD/CLA-049-01-01-01;WHITE;44;0.00;A+B;725;20;[KAACSCA017] 20u (725d) | [KLBGCRO003-BLAC] 24u (725d)
CLAWD/Stock/StorageWD/CLA-049-02-02-01;WHITE;120;0.00;A;725;60;[KAACSCA017] 20u (725d) | [KAACSCA017] 20u (725d) | [KAACSCA017] 20u (725d) | [KAACSCA017] 20u (725d) | [KAACSCA017] 20u (725d) | [KAACSCA017] 20u (725d)
CLAWD/Stock/StorageWD/CLA-049-02-02-02;WHITE;476;0.00;B+A;725;100;[KLBGCRO003-BLAC] 24u (725d) | [KAACBEA011] 50u (725d) | [KAACBEA011] 50u (725d) | [KAACBEA011] 50u (725d) | [KAACBEA007] 50u (725d) | [KAACBEA007] 50u (725d) | [KAACBEA007-FUCH] 50u (725d) | [KLBGCRO003-BLAC] 12u (376d) | [KLABAG02-0001] 116u (93d) | [KLBGCRO003-BLAC] 24u (725d)
CLAWD/Stock/StorageWD/CLA-049-02-02-03;WHITE;144;0.00;A+B;725;70;[KAACSCA017] 20u (725d) | [KAACSCA017] 20u (725d) | [KAACSCA017] 20u (725d) | [KAACSCA017] 20u (725d) | [KAACSCA017] 20u (725d) | [KAACSCA017] 20u (725d) | [KLBGCRO003-BLAC] 24u (725d)
CLAWD/Stock/StorageWD/CLA-049-03-02-02;WHITE;85;0.00;A;725;40;[KAACSCA017] 20u (725d) | [KAACSCA017] 20u (725d) | [KAACSCA017] 20u (725d) | [KAACSCA014] 25u (725d)
CLAWD/Stock/StorageWD/CLA-049-03-02-03;WHITE;105;0.00;A;725;50;[KAACSCA017] 20u (725d) | [KAACSCA017] 20u (725d) | [KAACSCA017] 20u (725d) | [KAACSCA017] 20u (725d) | [KAACSCA014] 25u (725d)
CLAWD/Stock/StorageWD/CLA-049-04-02-02;WHITE;120;0.00;A;725;60;[KAACSCA017] 20u (725d) | [KAACSCA017] 20u (725d) | [KAACSCA017] 20u (725d) | [KAACSCA017] 20u (725d) | [KAACSCA017] 20u (725d) | [KAACSCA017] 20u (725d)
CLAWD/Stock/StorageWD/CLA-049-05-02-01;WHITE;140;0.00;B;612;70;[KLBGTOT005] 20u (612d) | [KLBGTOT005] 20u (612d) | [KLBGTOT005] 20u (612d) | [KLBGTOT005] 20u (612d) | [KLBGTOT005] 20u (612d) | [KLBGTOT005] 20u (612d) | [KLBGTOT005] 20u (612d)
CLAWD/Stock/StorageWD/CLA-049-06-01-01;WHITE;2088;0.00;B+C;642;450;[KLATOP19-0371-M] 50u (642d) | [KLATOP19-0371-M] 38u (642d) | [KLATOP21-0314-S] 50u (207d) | [KLATOP21-0314-S] 50u (207d) | [KLATOP21-0314-L] 50u (207d) | [KLATOP21-0005-M] 50u (207d) | [KLATOP21-0005-M] 50u (207d) | [KLATOP15-0314-M] 50u (207d) | [KLATOP15-0314-L] 50u (207d) | [KLABOT03-0314-L] 50u (207d) | [KLABOT02-0314-M] 50u (207d) | [KLABOT02-0314-M] 50u (207d) | [KLABOT02-0314-L] 50u (207d) | [KLAONE06-0517-M] 25u (309d) | [KLAONE06-0517-M] 25u (309d) | [KLAONE06-0517-M] 25u (309d) | [KLAONE06-0517-M] 25u (309d) | [KLATOP21-0824-S] 50u (309d) | [KLATOP21-0824-S] 50u (309d) | [KLATOP21-0824-S] 50u (309d) | [KLATOP21-0824-S] 50u (309d) | [KLATOP21-0824-S] 50u (309d) | [KLATOP21-0824-S] 50u (309d) | [KLATOP21-0824-M] 50u (309d) | [KLATOP21-0824-M] 50u (309d) | [KLATOP21-0824-M] 50u (309d) | [KLATOP21-0824-M] 50u (309d) | [KLATOP21-0824-M] 50u (309d) | [KLATOP21-0824-M] 50u (309d) | [KLATOP21-0824-M] 50u (309d) | [KLATOP15-0824-L] 50u (309d) | [KLAONE12-0824-M] 25u (309d) | [KLABOT03-0824-S] 50u (309d) | [KLABOT03-0824-S] 50u (309d) | [KLABOT03-0824-S] 50u (309d) | [KLABOT03-0824-M] 50u (309d) | [KLABOT03-0824-M] 50u (309d) | [KLABOT03-0824-M] 50u (309d) | [KLABOT03-0824-M] 50u (309d) | [KLABOT03-0824-M] 50u (309d) | [KLABOT03-0824-M] 50u (309d) | [KLABOT03-0824-L] 50u (309d) | [KLABOT03-0824-L] 50u (309d) | [KLABOT03-0824-L] 50u (309d) | [KLAONE12-0824-S] 25u (309d)
CLAWD/Stock/StorageWD/CLA-049-06-01-02;WHITE;760;0.00;B+D;725;90;[KLATOP02-0115-S] 50u (725d) | [KLATOP02-0115-S] 50u (725d) | [KLATOP17-0066-M] 30u (725d) | [KAACHAI029-0517] 500u (312d) | [KLATOP23-0314-S] 50u (642d) | [KLBGCRO011-BROW] 20u (95d) | [KLBGCRO010-BLAC] 20u (95d) | [KLBGCRO010-BLAC] 20u (95d) | [KLBGCRO009-BLAC] 20u (95d)
CLAWD/Stock/StorageWD/CLA-049-06-02-01;WHITE;220;0.00;A;725;110;[KLBGTOT005] 20u (612d) | [KLBGTOT005] 20u (612d) | [KLBGTOT005] 20u (612d) | [KLBGTOT005] 20u (612d) | [KLBGTOT005] 20u (612d) | [KLBGTOT005] 20u (612d) | [KLBGTOT005] 20u (612d) | [KLBGTOT005] 20u (612d) | [KLBGTOT005] 20u (612d) | [KLBGTOT004] 20u (612d) | [KLABAG13-0011] 20u (725d)
CLAWD/Stock/StorageWD/CLA-049-06-02-03;WHITE;115;0.00;A+C;725;40;[KLABAG11-0012] 30u (725d) | [KLABAG11-0012] 30u (725d) | [KLABAG11-0012] 30u (725d) | [KLABAG16-0011] 25u (725d)
CLAWD/Stock/StorageWD/CLA-049-07-01-01;WHITE;490;0.00;A+B+C+D;725;110;[KLATOP04-0018-SM] 50u (375d) | [KLATOP04-0018-SM] 50u (375d) | [KLATOP23-0314-S] 50u (375d) | [KLATOP23-0314-S] 50u (375d) | [KLATOP04-0011-SM] 50u (642d) | [KLATOP04-0011-SM] 50u (642d) | [KLATOP04-0509-SM] 50u (642d) | [KLATOP04-0509-SM] 50u (642d) | [KLATOP04-0011-SM] 50u (725d) | [KLBGCRO009-BLAC] 20u (95d) | [KLBGCRO009-BLAC] 20u (95d)
CLAWD/Stock/StorageWD/CLA-049-07-01-02;WHITE;690;0.00;B+A+D;725;150;[KLATOP23-0314-S] 50u (642d) | [KLATOP19-0371-S] 50u (642d) | [KLATOP19-0371-M] 50u (642d) | [KLATOP19-0371-M] 50u (642d) | [KLATOP04-0020-SM] 50u (642d) | [KLABOT02-0302-S] 50u (725d) | [KLATOP19-0371-S] 50u (642d) | [KLATOP19-0371-S] 50u (642d) | [KLATOP04-0011-SM] 50u (725d) | [KLATOP04-0011-SM] 50u (725d) | [KLATOP04-0018-SM] 50u (725d) | [KLATOP04-0018-SM] 50u (725d) | [KLATOP04-0018-SM] 50u (725d) | [KLBGCRO011-BLAC] 20u (95d) | [KLBGCRO011-BLAC] 20u (95d)
CLAWD/Stock/StorageWD/CLA-049-07-01-03;WHITE;1590;0.00;B+C+A;725;340;[KLATOP04-0020-ML] 20u (725d) | [KLATOP04-0020-ML] 20u (725d) | [KLABOT03-0314-S] 50u (207d) | [KLABOT03-0314-M] 50u (207d) | [KLABOT03-0314-M] 50u (207d) | [KLATOP21-0824-M] 50u (309d) | [KLATOP21-0824-M] 50u (309d) | [KLATOP21-0824-M] 50u (309d) | [KLATOP21-0824-M] 50u (309d) | [KLATOP21-0824-L] 50u (309d) | [KLATOP21-0824-L] 50u (309d) | [KLATOP21-0824-L] 50u (309d) | [KLATOP21-0824-L] 50u (309d) | [KLATOP21-0824-L] 50u (309d) | [KLATOP21-0824-L] 50u (309d) | [KLATOP21-0824-L] 50u (309d) | [KLATOP21-0824-L] 50u (309d) | [KLATOP21-0824-L] 50u (309d) | [KLATOP15-0824-S] 50u (309d) | [KLATOP06-0824-S] 50u (309d) | [KLATOP06-0824-S] 50u (309d) | [KLAONE12-0824-M] 25u (309d) | [KLAONE12-0824-M] 25u (309d) | [KLABOT03-0824-XL] 50u (309d) | [KLABOT03-0824-L] 50u (309d) | [KLABOT02-0824-S] 50u (309d) | [KLABOT02-0824-M] 50u (309d) | [KLABOT02-0824-M] 50u (309d) | [KLABOT02-0824-M] 50u (309d) | [KLABOT02-0824-M] 50u (309d) | [KLABOT02-0824-M] 50u (309d) | [KLABOT02-0824-M] 50u (309d) | [KLABOT02-0824-L] 50u (309d) | [KLABOT02-0824-L] 50u (309d)
CLAWD/Stock/StorageWD/CLA-049-07-02-02;WHITE;100;0.00;A+D;612;50;[KLBGTOT007] 20u (612d) | [KLBGTOT004] 20u (612d) | [KLBGTOT004] 20u (612d) | [KLBGCRO010-BLAC] 20u (95d) | [KLBGCRO010-BLAC] 20u (95d)
CLAWD/Stock/StorageWD/CLA-049-07-02-03;WHITE;180;0.00;A+B;612;90;[KLBGTOT007] 20u (612d) | [KLBGTOT007] 20u (612d) | [KLBGTOT007] 20u (612d) | [KLBGTOT003] 20u (612d) | [KLBGTOT003] 20u (612d) | [KLBGTOT003] 20u (612d) | [KLBGTOT003] 20u (612d) | [KLBGTOT003] 20u (612d) | [KLBGTOT003] 20u (612d)
CLAWD/Stock/StorageWD/CLA-049-08-01-01;WHITE;1663;0.00;B+A+D+C;725;390;[KLABOT12-0012-S] 40u (725d) | [KLATOP15-0314-S] 50u (207d) | [KLATOP15-0314-S] 50u (207d) | [KLABOT16-0005-S] 50u (207d) | [KLABOT03-0314-S] 50u (207d) | [KATXSKI001-0517] 25u (309d) | [KATXSKI001-0517] 25u (309d) | [KATXSKI001-0517] 25u (309d) | [KLATOP24-0517-M] 50u (309d) | [KLATOP06-0269-M] 50u (309d) | [KLATOP04-0269-ML] 50u (309d) | [KLATOP04-0269-ML] 50u (309d) | [KLATOP04-0269-ML] 50u (309d) | [KLABOT18-0517-S] 50u (309d) | [KLABOT18-0517-S] 50u (309d) | [KLABOT18-0517-M] 50u (309d) | [KLABOT18-0517-M] 50u (309d) | [KATXSAR001-0517] 25u (309d) | [KATXSAR001-0517] 25u (309d) | [KATXSAR001-0517] 25u (309d) | [KATXSAR001-0517] 25u (309d) | [KATXSAR001-0517] 25u (309d) | [KATXSAR001-0517] 25u (309d) | [KLATOP15-0824-M] 50u (309d) | [KLATOP15-0824-M] 50u (309d) | [KLATOP15-0824-M] 50u (309d) | [KLATOP06-0824-S] 50u (309d) | [KLAONE12-0824-S] 25u (309d) | [KLAONE12-0824-S] 25u (309d) | [KLABOT03-0824-S] 50u (309d) | [KLABOT03-0824-L] 50u (309d) | [KLABOT03-0824-L] 50u (309d) | [KLABOT03-0824-L] 50u (309d) | [KLABOT03-0005-S] 50u (309d) | [KLABOT02-0824-M] 50u (309d) | [KLABOT02-0824-L] 48u (309d) | [KLATOP21-0269-L] 50u (309d) | [KLATOP06-0269-M] 50u (309d) | [KLATOP04-0269-ML] 50u (309d)
CLAWD/Stock/StorageWD/CLA-049-08-01-02;WHITE;1230;0.00;A+C+B;725;280;[KLATOP02-0041-S] 10u (642d) | [KLATOP02-0041-L] 40u (642d) | [KLATOP01-0020-S] 15u (642d) | [KLATOP19-0160-S] 50u (725d) | [KLATOP19-0160-S] 50u (725d) | [KLATOP19-0160-S] 50u (725d) | [KLATOP19-0160-S] 50u (725d) | [KLATOP04-0006-SM] 50u (725d) | [KLATOP04-0011-ML] 50u (725d) | [KLATOP04-0011-ML] 50u (725d) | [KLATOP04-0011-ML] 50u (725d) | [KLATOP04-0011-SM] 50u (725d) | [KLATOP04-0011-SM] 50u (725d) | [KLABOT01-0314-L] 30u (642d) | [KLABOT02-0006-S] 50u (725d) | [KLABOT10-0520-S] 50u (725d) | [KLABOT03-0371-S] 15u (641d) | [KLABOT03-0371-S] 50u (641d) | [KLABOT03-0371-S] 50u (641d) | [KLABOT03-0371-S] 50u (641d) | [KLABOT03-0371-M] 50u (641d) | [KLABOT03-0371-M] 50u (641d) | [KLATOP04-0006-SM] 50u (725d) | [KLABOT03-0005-S] 50u (725d) | [KLABOT03-0005-S] 50u (725d) | [KLATOP17-0012-M] 30u (725d) | [KLATOP17-0012-S] 40u (725d) | [KLATOP04-0006-SM] 50u (725d)
CLAWD/Stock/StorageWD/CLA-049-08-02-01;WHITE;212;0.00;B+D+A;725;110;[KLBGCRO003-BLAC] 24u (725d) | [KLBGCRO003-BLAC] 24u (725d) | [KLBGTOT008-GREE] 20u (247d) | [KLBGTOT008-GREE] 20u (247d) | [KLBGTOT008-GREE] 20u (247d) | [KLBGTOT008-GREE] 20u (247d) | [KLBGCRO003-DENI] 24u (725d) | [KLBGCRO003-DENI] 24u (725d) | [KLABAG14-0011] 12u (725d) | [KLABAG14-0011] 12u (725d) | [KLABAG14-0011] 12u (725d)
CLAWD/Stock/StorageWD/CLA-049-08-02-03;WHITE;120;0.00;A;725;60;[KLABAG13-0011] 20u (725d) | [KLABAG13-0011] 20u (725d) | [KLABAG13-0011] 20u (725d) | [KLABAG13-0011] 20u (725d) | [KLABAG13-0011] 20u (725d) | [KLABAG13-0011] 20u (725d)
CLAWD/Stock/StorageWD/CLA-049-09-01-03;WHITE;1340;0.00;A+B;725;300;[KLATOP04-0005-SM] 50u (725d) | [KLATOP04-0018-SM] 50u (725d) | [KLATOP04-0018-SM] 50u (725d) | [KLATOP14-0006-S] 30u (725d) | [KLATOP04-0006-SM] 50u (725d) | [KLATOP04-0006-SM] 50u (725d) | [KLATOP04-0006-SM] 50u (725d) | [KLATOP04-0006-SM] 50u (725d) | [KLATOP04-0006-SM] 50u (725d) | [KLABOT16-0011-S] 30u (641d) | [KLABOT16-0011-M] 20u (641d) | [KLABOT16-0011-M] 50u (641d) | [KLABOT16-0011-M] 50u (641d) | [KLABOT03-0018-S] 50u (725d) | [KLABOT03-0018-S] 50u (725d) | [KLABOT01-0006-S] 30u (486d) | [KLABOT01-0006-S] 30u (486d) | [KLABOT03-0005-S] 50u (376d) | [KLABOT03-0005-S] 50u (376d) | [KLATOP23-0314-S] 50u (376d) | [KAACSCA017] 20u (725d) | [KLABOT03-0006-S] 50u (725d) | [KLABOT03-0006-S] 50u (725d) | [KLABOT03-0006-S] 50u (725d) | [KLABOT02-0006-S] 50u (725d) | [KLABOT02-0006-S] 50u (725d) | [KLABOT02-0006-S] 50u (725d) | [KLABOT12-0066-S] 40u (725d) | [KLABOT12-0066-S] 40u (725d) | [KLABOT16-0509-M] 50u (376d)
CLAWD/Stock/StorageWD/CLA-049-09-02-02;WHITE;120;0.00;C+D;725;50;[KLABAG16-0013] 25u (725d) | [KLABAG16-0013] 25u (725d) | [KLABAG16-0013] 25u (725d) | [KLABAG16-0013] 25u (725d) | [KLBGCRO010-BLAC] 20u (95d)
CLABD/Stock/StorageBD/CLA-050-01-01-01;BLACK;30;0.00;B;689;10;[DFBG24W108-BLAC] 30u (689d)
CLABD/Stock/StorageBD/CLA-050-02-01-02;BLACK;72;0.00;A+B;689;30;[DFSH370011-BEIG-36] 1u (211d) | [DFSH370011-BEIG-37] 2u (211d) | [DFSH370011-BEIG-38] 3u (211d) | [DFSH370011-BEIG-39] 3u (211d) | [DFSH370011-BEIG-40] 2u (211d) | [DFSH370011-BEIG-41] 1u (211d) | [DFBG24W108-BLAC] 30u (689d) | [DFBG24W108-BLAC] 30u (689d)
CLABD/Stock/StorageBD/CLA-050-03-01-03;BLACK;150;0.00;C+B;725;70;[DFTXHOD018-GREY-L] 16u (443d) | [DFTXHOD018-GREY-M] 16u (443d) | [DFTXHOD018-BLAC-L] 16u (443d) | [DFTXHOD018-BLAC-M] 16u (443d) | [DFTXHOD018-BLAC-M] 16u (443d) | [DFBG24W105-SILV] 50u (725d) | [DFBG24W104-SILV] 20u (725d)
CLABD/Stock/StorageBD/CLA-051-08-01-02;BLACK;152;0.00;A+B;725;100;[DFSH370005-BLAC-36] 1u (211d) | [DFSH370005-BLAC-37] 2u (211d) | [DFSH370005-BLAC-38] 3u (211d) | [DFSH370005-BLAC-39] 3u (211d) | [DFSH370005-BLAC-40] 2u (211d) | [DFSH370005-BLAC-41] 1u (211d) | [DFSH370005-BLAC-36] 1u (211d) | [DFSH370005-BLAC-37] 2u (211d) | [DFSH370005-BLAC-38] 3u (211d) | [DFSH370005-BLAC-39] 3u (211d) | [DFSH370005-BLAC-40] 2u (211d) | [DFSH370005-BLAC-41] 1u (211d) | [DFSH370005-BLAC-36] 1u (211d) | [DFSH370005-BLAC-37] 2u (211d) | [DFSH370005-BLAC-38] 3u (211d) | [DFSH370005-BLAC-39] 3u (211d) | [DFSH370005-BLAC-40] 2u (211d) | [DFSH370005-BLAC-41] 1u (211d) | [DFSH370005-BLAC-36] 1u (211d) | [DFSH370005-BLAC-37] 2u (211d) | [DFSH370005-BLAC-38] 3u (211d) | [DFSH370005-BLAC-39] 3u (211d) | [DFSH370005-BLAC-40] 2u (211d) | [DFSH370005-BLAC-41] 1u (211d) | [DFSH370005-BLAC-36] 1u (211d) | [DFSH370005-BLAC-37] 2u (211d) | [DFSH370005-BLAC-38] 3u (211d) | [DFSH370005-BLAC-39] 3u (211d) | [DFSH370005-BLAC-40] 2u (211d) | [DFSH370005-BLAC-41] 1u (211d) | [DFSH370005-BLAC-36] 1u (211d) | [DFSH370005-BLAC-37] 2u (211d) | [DFSH370005-BLAC-38] 3u (211d) | [DFSH370005-BLAC-39] 3u (211d) | [DFSH370005-BLAC-40] 2u (211d) | [DFSH370005-BLAC-41] 1u (211d) | [DFBG24W104-SILV] 20u (725d) | [DFBG24W104-SILV] 20u (725d) | [DFBG24W104-SILV] 20u (725d) | [DFBG24W104-BLAC] 20u (725d)
CLABD/Stock/StorageBD/CLA-052-02-01-02;BLACK;121;0.00;A+B;577;100;[DFSH371004-BLAC-36] 1u (211d) | [DFSH371004-BLAC-37] 2u (211d) | [DFSH371004-BLAC-38] 3u (211d) | [DFSH371004-BLAC-39] 3u (211d) | [DFSH371004-BLAC-40] 2u (211d) | [DFSH371004-BLAC-41] 1u (211d) | [DFSH371004-BLAC-36] 1u (211d) | [DFSH371004-BLAC-37] 2u (211d) | [DFSH371004-BLAC-38] 3u (211d) | [DFSH371004-BLAC-39] 3u (211d) | [DFSH371004-BLAC-40] 2u (211d) | [DFSH371004-BLAC-41] 1u (211d) | [DFSH371004-BLAC-36] 1u (211d) | [DFSH371004-BLAC-37] 2u (211d) | [DFSH371004-BLAC-38] 3u (211d) | [DFSH371004-BLAC-39] 3u (211d) | [DFSH371004-BLAC-40] 2u (211d) | [DFSH371004-BLAC-41] 1u (211d) | [DFSH371004-BLAC-36] 1u (211d) | [DFSH371004-BLAC-37] 2u (211d) | [DFSH371004-BLAC-38] 3u (211d) | [DFSH371004-BLAC-39] 3u (211d) | [DFSH371004-BLAC-40] 2u (211d) | [DFSH371004-BLAC-41] 1u (211d) | [DFSH371004-BLAC-36] 1u (211d) | [DFSH371004-BLAC-37] 2u (211d) | [DFSH371004-BLAC-38] 3u (211d) | [DFSH371004-BLAC-39] 3u (211d) | [DFSH371004-BLAC-40] 2u (211d) | [DFSH371004-BLAC-41] 1u (211d) | [DFSH371004-BLAC-36] 1u (211d) | [DFSH371004-BLAC-37] 2u (211d) | [DFSH371004-BLAC-38] 3u (211d) | [DFSH371004-BLAC-39] 3u (211d) | [DFSH371004-BLAC-40] 2u (211d) | [DFSH371004-BLAC-41] 1u (211d) | [DFSH371004-BLAC-36] 1u (211d) | [DFSH371004-BLAC-37] 2u (211d) | [DFSH371004-BLAC-38] 3u (211d) | [DFSH371004-BLAC-39] 3u (211d) | [DFSH371004-BLAC-40] 2u (211d) | [DFSH371004-BLAC-41] 1u (211d) | [DFSH371004-BLAC-36] 1u (211d) | [DFSH371004-BLAC-37] 2u (211d) | [DFSH371004-BLAC-38] 3u (211d) | [DFSH371004-BLAC-39] 3u (211d) | [DFSH371004-BLAC-40] 2u (211d) | [DFSH371004-BLAC-41] 1u (211d) | [JIK10146-0020-36] 1u (577d) | [JIK10146-0020-37] 2u (577d) | [JIK10146-0020-38] 2u (577d) | [JIK10146-0020-39] 2u (577d) | [JIK10146-0020-40] 1u (577d) | [JIK10146-0020-41] 1u (577d) | [DFBG24W102-SILV] 16u (396d)
CLABD/Stock/StorageBD/CLA-052-04-01-03;BLACK;130;0.00;A;396;25;[DFBG24W105-BLAC] 50u (396d) | [DFBG24W108-SILV] 30u (396d) | [DFKSUN0562-0020] 50u (26d)
CLABD/Stock/StorageBD/CLA-054-01-01-03;BLACK;360;0.00;D+A+B;375;55;[DFSU942001-BLAC] 50u (143d) | [DFSU942001-BLAC] 50u (143d) | [DFSU913001-TORT] 50u (143d) | [DFKSUN0826-0058] 50u (145d) | [DFSU913001-TORT] 50u (143d) | [DFSU914001-CARE] 50u (143d) | [DFSU090002-BLAC] 50u (375d) | [DFTXHOD022-OFFW-S] 5u (71d) | [DFTXSWE014-ANTR-L] 5u (71d)
CLABD/Stock/StorageBD/CLA-054-04-01-02;BLACK;408;0.00;B+D+C;443;140;[DFTXSWE011-BLACK-L] 24u (443d) | [DFTXHOD019-BROW-XL] 16u (443d) | [DFTXHOD019-BROW-L] 10u (443d) | [DFTXHOD019-BROW-M] 16u (443d) | [DFTXHOD019-BROW-M] 16u (443d) | [DFTXHOD019-GREE-L] 16u (443d) | [DFTXHOD019-GREE-M] 16u (443d) | [DFTXHOD018-GREY-M] 16u (443d) | [DFTXTSH024-GREY-M] 30u (213d) | [DFBGGYM002-BLAC] 48u (61d) | [DFBG24W106-SILV] 43u (61d) | [DFACSC2304-BLAC] 40u (61d) | [DFKCAS0106-0058-Iphone X/XS] 38u (61d) | [DFBG25S001-WHIT] 79u (61d)
CLABD/Stock/StorageBD/CLA-054-04-01-03;BLACK;2089;0.00;A+B+C+D;556;270;[DFTXSOC010-BLAC-41-46] 100u (556d) | [DFTXSOC010-BLAC-41-46] 100u (556d) | [DFTXSOC010-BLAC-41-46] 100u (556d) | [DFTXSOC010-BLAC-41-46] 100u (556d) | [DFTXSOC010-BLAC-41-46] 100u (556d) | [DFTXSOC010-BLAC-36-40] 100u (556d) | [DFTXSOC009-GREE-41-46] 100u (556d) | [DFTXSOC009-GREE-41-46] 100u (556d) | [DFTXSOC009-GREE-41-46] 100u (556d) | [DFTXSOC009-GREE-41-46] 100u (556d) | [DFTXSOC009-GREE-41-46] 100u (556d) | [DFTXSOC009-GREE-41-46] 100u (556d) | [DFTXSOC009-GREE-36-40] 100u (556d) | [DFTXSOC009-GREE-36-40] 100u (556d) | [DFTXSOC005-BLUE-41-46] 100u (556d) | [DFTXSOC005-BLUE-41-46] 100u (556d) | [DFTXSOC005-BLUE-41-46] 100u (556d) | [DFTXSOC005-BLUE-36-40] 100u (556d) | [DFTXSOC005-BLUE-36-40] 100u (556d) | [DFTXTSH028-NAVY-M] 22u (213d) | [DFTXTSH028-NAVY-L] 30u (213d) | [DFTXTSH025-WHIT-S] 18u (213d) | [DFTXTSH025-BLAC-S] 30u (213d) | [DFTXTSH025-BLAC-M] 30u (213d) | [DFTXTSH024-GREY-M] 20u (213d) | [DFTXTSH024-BLAC-M] 20u (213d) | [DFTXTSH023-GREY-M] 19u (213d)
CLABD/Stock/StorageBD/CLA-054-05-01-01;BLACK;8249;0.00;B;625;1650;[DFACLY2301-WHIT] 50u (625d) | [DFACLY2301-PINK] 50u (577d) | [DFACLY2301-PINK] 50u (577d) | [DFACLY2301-PINK] 50u (577d) | [DFACLY2301-PINK] 50u (577d) | [DFACLY2301-PINK] 50u (577d) | [DFACLY2301-PINK] 50u (577d) | [DFACLY2301-PINK] 50u (577d) | [DFACLY2301-PINK] 50u (577d) | [DFACLY2301-PINK] 50u (577d) | [DFACLY2301-PINK] 50u (577d) | [DFACLY2301-PINK] 50u (577d) | [DFACLY2301-PINK] 50u (577d) | [DFACLY2301-PINK] 50u (577d) | [DFACLY2301-PINK] 50u (577d) | [DFACLY2301-PINK] 50u (577d) | [DFACLY2301-YELL] 50u (577d) | [DFACLY2301-YELL] 50u (577d) | [DFACLY2301-YELL] 49u (577d) | [DFACLY2301-YELL] 50u (577d) | [DFACLY2301-YELL] 50u (577d) | [DFACLY2301-YELL] 50u (577d) | [DFACLY2301-YELL] 50u (577d) | [DFACLY2301-YELL] 50u (577d) | [DFACLY2301-YELL] 50u (577d) | [DFACLY2301-YELL] 50u (577d) | [DFACLY2301-YELL] 50u (577d) | [DFACLY2301-YELL] 50u (577d) | [DFACLY2301-YELL] 50u (577d) | [DFACLY2301-YELL] 50u (577d) | [DFACLY2301-YELL] 50u (577d) | [DFACLY2301-GREY] 50u (577d) | [DFACLY2301-GREY] 50u (577d) | [DFACLY2301-GREY] 50u (577d) | [DFACLY2301-GREY] 50u (577d) | [DFACLY2301-GREY] 50u (577d) | [DFACLY2301-GREY] 50u (577d) | [DFACLY2301-GREY] 50u (577d) | [DFACLY2301-GREY] 50u (577d) | [DFACLY2301-GREY] 50u (577d) | [DFACLY2301-GREY] 50u (577d) | [DFACLY2301-GREY] 50u (577d) | [DFACLY2301-GREY] 50u (577d) | [DFACLY2301-GREY] 50u (577d) | [DFACLY2301-GREY] 50u (577d) | [DFACLY2301-GREY] 50u (577d) | [DFACLY2301-GREY] 50u (577d) | [DFACLY2301-GREY] 50u (577d) | [DFACLY2301-GREY] 50u (577d) | [DFACLY2301-GREY] 50u (577d) | [DFACLY2301-GREY] 50u (577d) | [DFACLY2301-GREY] 50u (577d) | [DFACLY2301-GREY] 50u (577d) | [DFACLY2301-GREY] 50u (577d) | [DFACLY2301-GREY] 50u (577d) | [DFACLY2301-GREY] 50u (577d) | [DFACLY2301-GREY] 50u (577d) | [DFACLY2301-GREY] 50u (577d) | [DFACLY2301-GREY] 50u (577d) | [DFACLY2301-GREY] 50u (577d) | [DFACLY2301-GREY] 50u (577d) | [DFACLY2301-GREY] 50u (577d) | [DFACLY2301-GREY] 50u (577d) | [DFACLY2301-GREY] 50u (577d) | [DFACLY2301-GREY] 50u (577d) | [DFACLY2301-GREY] 50u (577d) | [DFACLY2301-GREY] 50u (577d) | [DFACLY2301-GREY] 50u (577d) | [DFACLY2301-GREY] 50u (577d) | [DFACLY2301-GREY] 50u (577d) | [DFACLY2301-GREY] 50u (577d) | [DFACLY2301-GREY] 50u (577d) | [DFACLY2301-GREY] 50u (577d) | [DFACLY2301-GREY] 50u (577d) | [DFACLY2301-GREY] 50u (577d) | [DFACLY2301-GREY] 50u (577d) | [DFACLY2301-GREY] 50u (577d) | [DFACLY2301-GREY] 50u (577d) | [DFACLY2301-GREY] 50u (577d) | [DFACLY2301-GREY] 50u (577d) | [DFACLY2301-GREY] 50u (577d) | [DFACLY2301-GREY] 50u (577d) | [DFACLY2301-GREY] 50u (577d) | [DFACLY2301-GREY] 50u (577d) | [DFACLY2301-GREY] 50u (577d) | [DFACLY2301-GREY] 50u (577d) | [DFACLY2301-GREY] 50u (577d) | [DFACLY2301-GREY] 50u (577d) | [DFACLY2301-GREY] 50u (577d) | [DFACLY2301-GREY] 50u (577d) | [DFACLY2301-GREY] 50u (577d) | [DFACLY2301-GREY] 50u (577d) | [DFACLY2301-GREY] 50u (577d) | [DFACLY2301-GREY] 50u (577d) | [DFACLY2301-GREY] 50u (577d) | [DFACLY2301-GREY] 50u (577d) | [DFACLY2301-GREY] 50u (577d) | [DFACLY2301-GREY] 50u (577d) | [DFACLY2301-GREY] 50u (577d) | [DFACLY2301-GREY] 50u (577d) | [DFACLY2301-GREY] 50u (577d) | [DFACLY2301-WHIT] 50u (625d) | [DFACLY2301-WHIT] 50u (625d) | [DFACLY2301-WHIT] 50u (625d) | [DFACLY2301-WHIT] 50u (625d) | [DFACLY2301-WHIT] 50u (625d) | [DFACLY2301-WHIT] 50u (625d) | [DFACLY2301-WHIT] 50u (625d) | [DFACLY2301-WHIT] 50u (625d) | [DFACLY2301-WHIT] 50u (625d) | [DFACLY2301-WHIT] 50u (625d) | [DFACLY2301-WHIT] 50u (625d) | [DFACLY2301-WHIT] 50u (625d) | [DFACLY2301-WHIT] 50u (625d) | [DFACLY2301-WHIT] 50u (625d) | [DFACLY2301-WHIT] 50u (625d) | [DFACLY2301-WHIT] 50u (625d) | [DFACLY2301-WHIT] 50u (625d) | [DFACLY2301-WHIT] 50u (625d) | [DFACLY2301-WHIT] 50u (625d) | [DFACLY2301-WHIT] 50u (625d) | [DFACLY2301-WHIT] 50u (625d) | [DFACLY2301-WHIT] 50u (625d) | [DFACLY2301-WHIT] 50u (625d) | [DFACLY2301-WHIT] 50u (625d) | [DFACLY2301-WHIT] 50u (625d) | [DFACLY2301-WHIT] 50u (625d) | [DFACLY2301-WHIT] 50u (625d) | [DFACLY2301-WHIT] 50u (625d) | [DFACLY2301-WHIT] 50u (625d) | [DFACLY2301-WHIT] 50u (625d) | [DFACLY2301-WHIT] 50u (625d) | [DFACLY2301-WHIT] 50u (625d) | [DFACLY2301-WHIT] 50u (625d) | [DFACLY2301-WHIT] 50u (625d) | [DFACLY2301-WHIT] 50u (625d) | [DFACLY2301-WHIT] 50u (625d) | [DFACLY2301-WHIT] 50u (625d) | [DFACLY2301-WHIT] 50u (625d) | [DFACLY2301-WHIT] 50u (625d) | [DFACLY2301-WHIT] 50u (625d) | [DFACLY2301-WHIT] 50u (625d) | [DFACLY2301-WHIT] 50u (625d) | [DFACLY2301-WHIT] 50u (625d) | [DFACLY2301-WHIT] 50u (625d) | [DFACLY2301-WHIT] 50u (625d) | [DFACLY2301-WHIT] 50u (625d) | [DFACLY2301-WHIT] 50u (625d) | [DFACLY2301-WHIT] 50u (625d) | [DFACLY2301-WHIT] 50u (625d) | [DFACLY2301-WHIT] 50u (625d) | [DFACLY2301-WHIT] 50u (625d) | [DFACLY2301-WHIT] 50u (625d) | [DFACLY2301-WHIT] 50u (625d) | [DFACLY2301-WHIT] 50u (625d) | [DFACLY2301-WHIT] 50u (625d) | [DFACLY2301-WHIT] 50u (625d) | [DFACLY2301-WHIT] 50u (625d) | [DFACLY2301-WHIT] 50u (625d) | [DFACLY2301-WHIT] 50u (625d) | [DFACLY2301-WHIT] 50u (625d) | [DFACLY2301-WHIT] 50u (625d) | [DFACLY2301-WHIT] 50u (625d) | [DFACLY2301-WHIT] 50u (625d) | [DFACLY2301-WHIT] 50u (577d)
CLABD/Stock/StorageBD/CLA-054-05-01-02;BLACK;600;0.00;B+A+D;432;130;[DFACCA2406-DARK] 25u (432d) | [DFACCA2406-DARK] 25u (432d) | [DFACCA2406-DARK] 25u (432d) | [DFACCA2405-BLAC] 25u (432d) | [DFACCA2405-BLAC] 25u (432d) | [DFACCA2405-BLAC] 25u (432d) | [DFACCA2405-BLAC] 25u (432d) | [DFACCA2405-BLAC] 25u (432d) | [DFACCA2404-KHAK] 75u (432d) | [DFACCA2404-TAUP] 25u (432d) | [DFSU925001-GREE] 50u (145d) | [DFSU925001-GREE] 50u (145d) | [DFSU925001-GREE] 50u (145d) | [DFSU913001-TORT] 50u (165d) | [DFSU942001-CREA] 50u (165d) | [DFSU906002-SILV] 50u (171d)
CLABD/Stock/StorageBD/CLA-054-05-02-01;BLACK;650;0.00;A+D;425;65;[DFSU930001-YELL] 50u (425d) | [DFSU930001-YELL] 50u (425d) | [DFSU930001-YELL] 50u (425d) | [DFSU930001-YELL] 50u (425d) | [DFSU930001-YELL] 50u (425d) | [DFSU930001-YELL] 50u (425d) | [DFSU930001-YELL] 50u (425d) | [DFSU930001-YELL] 50u (425d) | [DFSU930001-YELL] 50u (425d) | [DFSU930001-YELL] 50u (425d) | [DFSU919001-LAVE] 50u (143d) | [DFSU913001-BROW] 50u (143d) | [DFSU942001-BLAC] 50u (143d)
CLABD/Stock/StorageBD/CLA-054-06-01-01;BLACK;613;0.00;B+A+D;725;140;[DFBG24W106-BLAC] 60u (725d) | [DFBG24W106-BLAC] 22u (725d) | [DFTXHOD017-BLAC-S] 4u (383d) | [DFACBE2303-GREY] 46u (381d) | [DFACBE2304-BEIG] 35u (381d) | [DFACGL2302-TEAL] 47u (340d) | [DFACLY2301-GREY] 50u (122d) | [DFACLY2301-GREY] 50u (122d) | [DFACBE2308-NAVY] 50u (387d) | [DFACBE2308-PINK] 49u (387d) | [DFBG25S004-WHIT] 50u (299d) | [DFBG25S004-WHIT] 50u (299d) | [DFBG25S003-DENI] 50u (299d) | [DFBG25S003-DENI] 50u (299d)
CLABD/Stock/StorageBD/CLA-054-06-01-02;BLACK;1011;0.00;B+A+C+D;556;230;[DFTXSOC011-ORAN-41-46] 100u (556d) | [DFTXSOC011-ORAN-41-46] 100u (556d) | [DFTXSOC011-ORAN-41-46] 100u (556d) | [DFTXSOC005-BLAC-41-46] 100u (556d) | [DFTXSOC005-BLAC-41-46] 100u (556d) | [DFTXSOC005-BLAC-36-40] 100u (556d) | [DFKCOR0504-0011] 99u (383d) | [DFACGL2303-GREE] 31u (383d) | [DFTXTSH039-BURG-M] 20u (89d) | [DFTXTSH039-BURG-S] 20u (89d) | [DFTXTSH039-BLAC-M] 19u (89d) | [DFTXTSH039-BLAC-M] 18u (89d) | [DFTXTSH039-BLAC-M] 19u (89d) | [DFTXTSH039-BLAC-S] 19u (89d) | [DFTXTSH038-ANTR-L] 20u (89d) | [DFTXTSH038-ANTR-M] 9u (89d) | [DFTXTSH038-ANTR-M] 20u (89d) | [DFTXTSH038-ANTR-M] 20u (89d) | [DFTXTSH037-WHIT-M] 16u (89d) | [DFTXTSH036-WHIT-L] 20u (89d) | [DFTXTSH036-WHIT-L] 20u (89d) | [DFTXTSH036-WHIT-M] 19u (89d) | [DFTXTSH036-BLAC-L] 22u (89d)
CLABD/Stock/StorageBD/CLA-054-06-01-03;BLACK;770;0.00;C+B+A+D;556;210;[DFTXTSH020-BLACK-M] 5u (339d) | [DFTXHOD019-GREE-M] 16u (339d) | [DFTXTSH020-WHIT-M] 18u (443d) | [DFTXHOD019-GREE-L] 11u (339d) | [DFTXSOC007-PURP-36-40] 100u (556d) | [DFTXSOC007-PURP-36-40] 100u (556d) | [DFTXSOC005-PURP-36-40] 100u (556d) | [DFTXSOC005-PURP-36-40] 100u (556d) | [DFTXSOC005-PURP-36-40] 100u (556d) | [DFTXTSH035-WHIT-S] 20u (270d) | [DFTXTSH034-WHIT-S] 24u (270d) | [DFTXTSH034-WHIT-M] 25u (270d) | [DFTXTSH031-GREY-M] 15u (270d) | [DFTXTSH030-BLAC-L] 9u (270d) | [DFTXTSH029-NAVY-M] 16u (270d) | [DFTXTSH027-PINK-M] 20u (270d) | [DFTXTSH027-PINK-L] 20u (270d) | [DFTXTSH038-ANTR-L] 20u (89d) | [DFTXTSH037-WHIT-L] 17u (89d) | [DFTXTSH037-WHIT-M] 17u (89d) | [DFTXTSH036-WHIT-M] 17u (89d)
CLABD/Stock/StorageBD/CLA-054-06-03-02;BLACK;328;0.00;A+B+D;589;180;[DFACTOW002-WHIT] 14u (530d) | [DFACTOW002-WHIT] 14u (530d) | [DFACTOW002-WHIT] 14u (530d) | [DFACTOW002-WHIT] 14u (530d) | [DFACTOW002-WHIT] 14u (530d) | [DFACTOW002-WHIT] 14u (530d) | [DFACTOW002-WHIT] 14u (530d) | [DFACTOW002-WHIT] 14u (530d) | [DFACTOW002-WHIT] 14u (530d) | [DFSW100001-BLAC-M] 25u (565d) | [DFSW100001-BLAC-S] 25u (565d) | [DFSW100001-BLAC-S] 25u (565d) | [DFSW100001-BLUE-L] 25u (565d) | [DFSW100001-BLUE-M] 12u (565d) | [DFSW100001-BLUE-M] 25u (565d) | [DFSW100001-BLUE-S] 25u (565d) | [DFSW100001-BLUE-S] 25u (565d) | [DFTXTSH013-BLAC-XS] 15u (589d)
CLABD/Stock/StorageBD/CLA-054-07-01-02;BLACK;1538;0.00;A+B+C+D;556;280;[DFTXSOC009-BLAC-41-46] 100u (556d) | [DFTXSOC009-BLAC-41-46] 100u (556d) | [DFTXSOC009-BLAC-41-46] 100u (556d) | [DFTXSOC009-BLAC-41-46] 100u (556d) | [DFTXSOC009-BLAC-41-46] 100u (556d) | [DFTXSOC009-BLAC-36-40] 100u (556d) | [DFTXSOC007-BLAC-36-40] 100u (556d) | [DFTXSOC008-BLUE-41-46] 100u (556d) | [DFTXSOC008-BLUE-41-46] 100u (556d) | [DFTXSOC006-BLAC-41-46] 100u (556d) | [DFTXSOC006-BLAC-41-46] 100u (556d) | [DFTXSOC006-BLAC-36-40] 100u (556d) | [DFTXSOC006-BLAC-36-40] 100u (556d) | [DFTXTSH020-BLACK-M] 18u (443d) | [DFTXTSH020-BLACK-L] 17u (443d) | [DFTXTSH020-BLACK-M] 18u (443d) | [DFTXTSH020-BLACK-M] 18u (339d) | [DFTXTSH020-WHIT-L] 19u (443d) | [DFTXTSH020-WHIT-M] 18u (443d) | [DFTXTSH020-WHIT-M] 18u (443d) | [DFTXHOD018-GREY-M] 3u (443d) | [DFTXTSH035-WHIT-S] 20u (270d) | [DFTXTSH031-GREY-L] 5u (270d) | [DFTXTSH030-BLAC-M] 20u (270d) | [DFTXTSH027-BLAC-S] 20u (270d) | [DFTXTSH026-WHIT-L] 4u (270d) | [DFTXTSH026-NAVY-M] 20u (270d) | [DFTXTSH026-BLAC-M] 20u (270d)
CLABD/Stock/StorageBD/CLA-054-07-01-03;BLACK;2499;0.00;B+A+C;556;260;[DFTXSOC010-WHIT-41-46] 100u (556d) | [DFTXSOC010-WHIT-41-46] 100u (556d) | [DFTXSOC010-WHIT-41-46] 100u (556d) | [DFTXSOC010-WHIT-41-46] 100u (556d) | [DFTXSOC010-WHIT-36-40] 100u (556d) | [DFTXSOC009-WHIT-41-46] 100u (556d) | [DFTXSOC009-WHIT-41-46] 100u (556d) | [DFTXSOC009-WHIT-41-46] 100u (556d) | [DFTXSOC006-WHIT-41-46] 100u (556d) | [DFTXSOC006-WHIT-36-40] 100u (556d) | [DFTXSOC006-WHIT-36-40] 100u (556d) | [DFTXSOC022-PINK-36-40] 50u (304d) | [DFTXSOC022-PURP-36-40] 100u (304d) | [DFTXSOC022-PURP-36-40] 100u (304d) | [DFTXSOC022-PINK-36-40] 49u (304d) | [DFTXSOC022-PINK-36-40] 100u (304d) | [DFTXSOC022-PINK-36-40] 100u (304d) | [DFTXSOC014-SAND-36-40] 100u (304d) | [DFTXSOC014-SAND-36-40] 100u (304d) | [DFTXSOC014-SAND-36-40] 100u (304d) | [DFTXSOC014-ORAN-36-40] 100u (304d) | [DFTXSOC014-ORAN-36-40] 100u (304d) | [DFTXSOC014-ORAN-36-40] 100u (304d) | [DFTXSOC014-GREE-36-40] 100u (304d) | [DFTXSOC014-GREE-36-40] 100u (304d) | [DFTXSOC014-GREE-36-40] 100u (304d)
CLABD/Stock/StorageBD/CLA-054-07-03-01;BLACK;168;0.00;A;705;120;[DFACTOW002-BLAC] 14u (705d) | [DFACTOW002-BLAC] 14u (705d) | [DFACTOW002-BLAC] 14u (705d) | [DFACTOW002-BLAC] 14u (705d) | [DFACTOW002-BLAC] 14u (705d) | [DFACTOW002-BLAC] 14u (705d) | [DFACTOW002-BLAC] 14u (705d) | [DFACTOW002-BLAC] 14u (705d) | [DFACTOW002-BLAC] 14u (705d) | [DFACTOW002-BLAC] 14u (705d) | [DFACTOW002-BLAC] 14u (705d) | [DFACTOW002-BLAC] 14u (705d)
CLABD/Stock/StorageBD/CLA-054-07-03-02;BLACK;80;0.00;A;725;40;[DFACSC2303-BLAC] 20u (725d) | [DFACSC2303-BLAC] 20u (725d) | [DFACSC2303-BLAC] 20u (725d) | [DFACSC2303-BLAC] 20u (725d)
CLABD/Stock/StorageBD/CLA-054-07-03-03;BLACK;154;0.00;C;705;110;[DFACTOW001-WHIT] 14u (705d) | [DFACTOW001-WHIT] 14u (705d) | [DFACTOW001-WHIT] 14u (705d) | [DFACTOW001-WHIT] 14u (705d) | [DFACTOW001-WHIT] 14u (705d) | [DFACTOW001-WHIT] 14u (705d) | [DFACTOW001-WHIT] 14u (705d) | [DFACTOW001-WHIT] 14u (705d) | [DFACTOW001-WHIT] 14u (705d) | [DFACTOW001-WHIT] 14u (705d) | [DFACTOW001-WHIT] 14u (705d)
CLABD/Stock/StorageBD/CLA-054-08-01-02;BLACK;325;0.00;B;612;130;[DFACCA2402-ORAN] 25u (612d) | [DFACCA2402-ORAN] 25u (612d) | [DFACCA2402-ORAN] 25u (612d) | [DFACCA2401-WHIT] 25u (612d) | [DFACCA2401-WHIT] 25u (612d) | [DFACCA2401-WHIT] 25u (612d) | [DFACCA2401-WHIT] 25u (612d) | [DFACCA2401-WHIT] 25u (612d) | [DFACCA2401-WHIT] 25u (612d) | [DFACCA2401-BLAC] 25u (612d) | [DFACCA2401-BLAC] 25u (612d) | [DFACCA2401-BLAC] 25u (612d) | [DFACCA2401-BLAC] 25u (612d)
CLABD/Stock/StorageBD/CLA-054-08-01-03;BLACK;916;0.00;B+C+A;725;260;[DFACHA2402-DENI] 25u (612d) | [DFACHA2402-DENI] 25u (612d) | [DFACHA2401-BLAC] 25u (612d) | [DFACCA2402-LIME] 25u (612d) | [DFACCA2402-LIME] 25u (612d) | [DFACCA2402-LIME] 25u (612d) | [DFACCA2402-LIME] 25u (612d) | [DFKBEN0002-0006] 45u (382d) | [DFACBE2308-BLAC] 22u (725d) | [DFACBE2308-BLAC] 24u (725d) | [DFACBE2306-BLAC] 25u (725d) | [DFACLY2301-WHIT] 68u (382d) | [DFACLY2301-WHIT] 50u (382d) | [DFACLY2301-GREY] 50u (382d) | [DFACLY2301-GREY] 50u (382d) | [DFACLY2301-GREY] 50u (382d) | [DFACBE2306-KHAK] 32u (725d) | [DFACLY2301-GREY] 50u (382d) | [DFACBE2308-BLAC] 25u (725d) | [DFACBE2308-BLAC] 24u (725d) | [DFACGL2302-TEAL] 19u (725d) | [DFACGL2302-TEAL] 30u (725d) | [DFACLY2301-YELL] 50u (382d) | [DFACLY2301-YELL] 50u (382d) | [DFACLY2301-YELL] 50u (382d) | [DFBG24W111-GREE] 27u (59d)
CLABD/Stock/StorageBD/CLA-054-08-02-01;BLACK;120;0.00;B;725;60;[DFACSC2303-GREY] 20u (725d) | [DFACSC2303-GREY] 20u (725d) | [DFACSC2303-GREY] 20u (725d) | [DFACSC2303-GREY] 20u (725d) | [DFACSC2303-GREY] 20u (725d) | [DFACSC2303-GREY] 20u (725d)
CLABD/Stock/StorageBD/CLA-054-08-02-03;BLACK;827;0.00;B;432;100;[DFACSC2306-TAUP] 25u (432d) | [DFACSC2306-TAUP] 25u (432d) | [DFACSC2306-TAUP] 25u (432d) | [DFACSC2306-TAUP] 25u (432d) | [DFACSC2306-TAUP] 25u (432d) | [DFACSC2306-TAUP] 25u (432d) | [DFACLY2301-WHIT] 337u (382d) | [DFACLY2301-GREY] 42u (382d) | [DFACLY2301-YELL] 54u (382d) | [DFACLY2301-PINK] 244u (382d)
CLABD/Stock/StorageBD/CLA-054-08-03-01;BLACK;164;0.00;A+C+B;705;120;[DFACTOW002-WHIT] 14u (705d) | [DFACTOW002-WHIT] 13u (705d) | [DFACTOW002-WHIT] 14u (705d) | [DFACTOW002-WHIT] 14u (705d) | [DFACTOW001-WHIT] 14u (705d) | [DFACTOW001-WHIT] 14u (705d) | [DFACTOW003-BLUE] 14u (705d) | [DFACTOW002-WHIT] 14u (705d) | [DFACTOW002-WHIT] 14u (705d) | [DFACTOW002-WHIT] 14u (705d) | [DFACTOW002-WHIT] 14u (705d) | [DFACTOW002-BLAC] 11u (705d)
CLABD/Stock/StorageBD/CLA-054-08-03-02;BLACK;196;0.00;C;705;140;[DFACTOW001-BLAC] 14u (705d) | [DFACTOW001-BLAC] 14u (705d) | [DFACTOW001-BLAC] 14u (705d) | [DFACTOW001-BLAC] 14u (705d) | [DFACTOW001-BLAC] 14u (705d) | [DFACTOW001-BLAC] 14u (705d) | [DFACTOW001-BLAC] 14u (705d) | [DFACTOW001-BLAC] 14u (705d) | [DFACTOW001-BLAC] 14u (705d) | [DFACTOW001-BLAC] 14u (705d) | [DFACTOW001-BLAC] 14u (705d) | [DFACTOW001-BLAC] 14u (705d) | [DFACTOW001-BLAC] 14u (705d) | [DFACTOW001-BLAC] 14u (705d)
CLABD/Stock/StorageBD/CLA-054-08-03-03;BLACK;72;0.00;A+C;705;60;[DFACTOW002-BLAC] 8u (705d) | [DFACTOW002-BLAC] 14u (705d) | [DFACTOW002-BLAC] 14u (705d) | [DFACTOW002-BLAC] 14u (705d) | [DFACTOW002-BLAC] 14u (705d) | [DFACTOW001-BLAC] 8u (705d)
CLABD/Stock/StorageBD/CLA-054-09-01-03;BLACK;910;0.00;D+B+A;1095;170;[DFBG25S001-WHIT] 50u (318d) | [DFBG25S001-WHIT] 50u (318d) | [DFBG25S001-WHIT] 50u (318d) | [DFBG25S001-WHIT] 50u (318d) | [DFBG25S001-WHIT] 50u (318d) | [DFTXPUF005-NAVY-XL] 10u (422d) | [DFACEYE006-GREE] 50u (815d) | [DFACEYE006-GREE] 50u (815d) | [DFACEYE006-PURP] 50u (815d) | [DFACEYE003-GREE] 50u (815d) | [DFKCOR0507-0019] 50u (1095d) | [DFKCOR0507-0019] 50u (1095d) | [DFKCOR0507-0019] 50u (1095d) | [DFKCOR0507-0019] 50u (1095d) | [DFKCOR0507-0019] 50u (1095d) | [DFKSUN0244-0509] 50u (59d) | [DFSU929001-RED] 50u (59d) | [DFKSUN0213-0800] 50u (59d) | [DFSU929001-PURP] 50u (59d)
CLABD/Stock/StorageBD/CLA-054-09-03-03;BLACK;126;0.00;C;705;90;[DFACTOW003-PINK] 14u (437d) | [DFACTOW003-PINK] 14u (705d) | [DFACTOW003-PINK] 14u (705d) | [DFACTOW003-PINK] 14u (705d) | [DFACTOW003-PINK] 14u (705d) | [DFACTOW003-PINK] 14u (705d) | [DFACTOW003-PINK] 14u (705d) | [DFACTOW003-PINK] 14u (705d) | [DFACTOW003-PINK] 14u (705d)
CLABD/Stock/StorageBD/CLA-055-01-01-03;BLACK;1118;0.00;A+B+D;387;100;[DFAC05000-BLAC] 500u (212d) | [DFAC05000-BLAC] 500u (212d) | [DFTXPUF005-NAVY-S] 4u (122d) | [DFACSC2303-GREY] 10u (122d) | [DFACSC2303-BLAC] 10u (387d) | [DFACSC2303-BLAC] 20u (387d) | [DFTXHOD023-BROW-L] 15u (89d) | [DFTXHOD023-BROW-L] 15u (89d) | [DFTXHOD023-BROW-M] 15u (89d) | [DFTXHOD023-BROW-M] 14u (89d) | [DFTXHOD023-BROW-S] 15u (89d)
CLABD/Stock/StorageBD/CLA-055-01-02-01;BLACK;200;0.00;A+B;432;80;[DFACSC2310-BLAC] 25u (432d) | [DFACSC2310-BLAC] 25u (432d) | [DFACSC2310-BLAC] 25u (432d) | [DFACSC2310-BLAC] 25u (432d) | [DFACSC2308-BLAC] 25u (432d) | [DFACSC2308-BLAC] 25u (432d) | [DFACSC2308-BLAC] 25u (432d) | [DFACSC2308-BLAC] 25u (432d)
CLABD/Stock/StorageBD/CLA-055-01-03-01;BLACK;80;0.00;B+A;422;80;[DFTXPUF005-NAVY-L] 10u (422d) | [DFTXPUF005-NAVY-M] 10u (422d) | [DFTXPUF005-NAVY-S] 10u (422d) | [DFTXPUF005-NAVY-S] 10u (422d) | [DFTXPUF005-NAVY-S] 10u (422d) | [DFTXPUF005-BLAC-XS] 10u (422d) | [DFTXPUF005-SILV-S] 10u (422d) | [DFTXPUF005-SILV-S] 10u (422d)
CLABD/Stock/StorageBD/CLA-055-02-01-02;BLACK;388;0.00;B+C;389;150;[DFTXSWE013-GREY-L] 26u (360d) | [DFTXSWE013-GREY-M] 27u (360d) | [DFTXSWE013-GREY-M] 27u (360d) | [DFTXSWE013-BLUE-L] 27u (360d) | [DFTXHOD020-GREY-M] 16u (360d) | [DFTXHOD020-BLUE-L] 5u (360d) | [DFTXHOD020-BLUE-XL] 11u (360d) | [DFTXHOD020-BLUE-L] 15u (360d) | [DFTXHOD020-BLUE-M] 16u (360d) | [DFTXHOD019-WINE-M] 16u (360d) | [DFTXSWE012-GREY-XL] 25u (360d) | [DFTXSWE012-GREY-M] 20u (360d) | [DFTXSWE012-GREY-L] 4u (360d) | [DFTXSWE012-GREY-M] 25u (360d) | [DFACSC2304-BLAC] 50u (389d) | [DFBGGYM002-BLAC] 41u (59d) | [DFACGL2301-KHAK] 37u (59d)
CLABD/Stock/StorageBD/CLA-055-02-02-02;BLACK;148;0.00;A+B;414;80;[DFSH370006-NUT-36] 8u (414d) | [DFBG24W110-GREE] 20u (327d) | [DFBG24W110-GREE] 20u (327d) | [DFBG24W110-BROW] 20u (327d) | [DFBG24W110-BROW] 20u (327d) | [DFBG24W110-BROW] 20u (327d) | [DFBG24W110-BROW] 20u (327d) | [DFBG24W110-BROW] 20u (327d)
CLABD/Stock/StorageBD/CLA-055-02-03-01;BLACK;100;0.00;B+A;422;100;[DFTXPUF005-NAVY-M] 10u (422d) | [DFTXPUF005-NAVY-M] 10u (422d) | [DFTXPUF005-NAVY-S] 10u (422d) | [DFTXPUF005-BLAC-S] 10u (422d) | [DFTXPUF005-SILV-M] 10u (422d) | [DFTXPUF005-SILV-S] 10u (422d) | [DFTXPUF005-SILV-S] 10u (422d) | [DFTXPUF005-SILV-S] 10u (422d) | [DFTXPUF005-SILV-XS] 10u (422d) | [DFTXPUF005-SILV-XS] 10u (422d)
CLABD/Stock/StorageBD/CLA-055-02-03-02;BLACK;120;0.00;B+A;422;120;[DFTXPUF005-NAVY-L] 10u (422d) | [DFTXPUF005-NAVY-M] 10u (422d) | [DFTXPUF005-NAVY-M] 10u (422d) | [DFTXPUF005-NAVY-S] 10u (422d) | [DFTXPUF005-NAVY-XS] 10u (422d) | [DFTXPUF005-BLAC-L] 10u (422d) | [DFTXPUF005-BLAC-M] 10u (422d) | [DFTXPUF005-BLAC-M] 10u (422d) | [DFTXPUF005-BLAC-M] 10u (422d) | [DFTXPUF005-BLAC-M] 10u (422d) | [DFTXPUF005-BLAC-XS] 10u (422d) | [DFTXPUF005-SILV-M] 10u (422d)
CLABD/Stock/StorageBD/CLA-055-02-03-03;BLACK;100;0.00;B+A;422;100;[DFTXPUF005-BLAC-XL] 10u (422d) | [DFTXPUF005-BLAC-S] 10u (422d) | [DFTXPUF005-SILV-S] 10u (422d) | [DFTXPUF005-SILV-XS] 10u (422d) | [DFTXPUF005-NAVY-XL] 10u (422d) | [DFTXPUF005-NAVY-M] 10u (422d) | [DFTXPUF005-BLAC-M] 10u (422d) | [DFTXPUF005-BLAC-S] 10u (422d) | [DFTXPUF005-SILV-S] 10u (422d) | [DFTXPUF005-SILV-XS] 10u (422d)
CLABD/Stock/StorageBD/CLA-055-03-01-01;BLACK;275;0.00;B;432;100;[DFTXTSH022-BLAC-M] 69u (360d) | [DFTXHOD021-WINE-XS] 17u (360d) | [DFTXHOD020-GREY-L] 15u (360d) | [DFACSC2306-CORA] 25u (432d) | [DFACSC2306-CORA] 25u (432d) | [DFACSC2306-CORA] 25u (432d) | [DFACSC2306-CORA] 25u (432d) | [DFACSC2306-CORA] 25u (432d) | [DFACSC2308-BLAC] 25u (432d) | [DFBG24W111-RED] 24u (59d)
CLABD/Stock/StorageBD/CLA-055-03-02-03;BLACK;142;0.00;A+B;414;80;[DFSH370006-NUT-36] 2u (414d) | [DFBG24W110-NAVY] 20u (327d) | [DFBG24W110-NAVY] 20u (327d) | [DFBG24W110-GREE] 20u (327d) | [DFBG24W110-PINK] 20u (327d) | [DFBG24W110-PINK] 20u (327d) | [DFBG24W110-BROW] 20u (327d) | [DFBG24W110-BLAC] 20u (327d)
CLABD/Stock/StorageBD/CLA-055-03-03-01;BLACK;58;0.00;B+A;422;100;[DFTXPUF005-NAVY-XL] 6u (422d) | [DFTXPUF005-NAVY-M] 5u (422d) | [DFTXPUF005-NAVY-S] 5u (422d) | [DFTXPUF005-NAVY-XS] 6u (422d) | [DFTXPUF005-BLAC-XL] 7u (422d) | [DFTXPUF005-BLAC-L] 4u (422d) | [DFTXPUF005-BLAC-S] 4u (422d) | [DFTXPUF005-BLAC-XS] 7u (422d) | [DFTXPUF005-SILV-M] 3u (422d) | [DFTXPUF005-SILV-XS] 11u (422d)
CLABD/Stock/StorageBD/CLA-055-03-03-03;BLACK;110;0.00;B;422;110;[DFTXPUF005-NAVY-L] 10u (422d) | [DFTXPUF005-NAVY-M] 10u (422d) | [DFTXPUF005-NAVY-M] 10u (422d) | [DFTXPUF005-NAVY-XS] 10u (422d) | [DFTXPUF005-BLAC-L] 10u (422d) | [DFTXPUF005-BLAC-M] 10u (422d) | [DFTXPUF005-BLAC-M] 10u (422d) | [DFTXPUF005-BLAC-M] 10u (422d) | [DFTXPUF005-BLAC-S] 10u (422d) | [DFTXPUF005-SILV-XS] 10u (422d) | [DFTXPUF005-SILV-XS] 10u (422d)
CLABD/Stock/StorageBD/CLA-055-04-01-02;BLACK;470;0.00;D+A+B;725;130;[DFBG25S001-WHIT] 50u (318d) | [DFBG25S001-WHIT] 50u (318d) | [DFBG25S001-WHIT] 50u (318d) | [DFBG25S001-WHIT] 50u (318d) | [DFACBE2305-BLAC] 50u (725d) | [DFACBE2303-GREY] 50u (725d) | [DFACBE2303-GREY] 50u (725d) | [DFACBE2304-PINK] 50u (725d) | [DFACTOW003-BLUE] 14u (425d) | [DFACTOW003-BLUE] 14u (425d) | [DFACTOW003-BLUE] 14u (425d) | [DFACTOW003-BLUE] 14u (425d) | [DFACTOW003-BLUE] 14u (425d)
CLABD/Stock/StorageBD/CLA-055-04-03-01;BLACK;60;0.00;B+A;422;50;[DFBG24W110-RED] 20u (327d) | [DFTXPUF005-NAVY-L] 10u (422d) | [DFTXPUF005-SILV-S] 10u (422d) | [DFTXPUF005-SILV-S] 10u (422d) | [DFTXPUF005-SILV-XS] 10u (422d)
CLABD/Stock/StorageBD/CLA-055-04-03-02;BLACK;100;0.00;A;725;50;[DFACSC2303-BLAC] 20u (725d) | [DFACSC2303-BLAC] 20u (725d) | [DFACSC2303-BLAC] 20u (725d) | [DFACSC2303-BLAC] 20u (725d) | [DFACSC2303-BLAC] 20u (725d)
CLABD/Stock/StorageBD/CLA-056-01-01-01;BLACK;650;0.00;A+D+B;876;65;[DFKSUN0229] 50u (179d) | [DFKSUN0229] 50u (179d) | [DFSU934001-TRAN] 50u (185d) | [DFSU901001-GREE] 50u (876d) | [DFSU901001-GREE] 50u (876d) | [DFSU901001-GREE] 50u (876d) | [DFSU947001-SILV] 50u (143d) | [DFSU947001-SILV] 50u (143d) | [DFSU947001-GOLD] 50u (143d) | [DFSU947001-GOLD] 50u (143d) | [DFSU947001-GOLD] 50u (143d) | [DFKSUN0213-0800] 50u (143d) | [DFSU921001-GREE] 50u (143d)
CLABD/Stock/StorageBD/CLA-056-02-01-01;BLACK;700;0.00;A+B+D;876;70;[DFKSUN1513-0802] 50u (288d) | [DFKSUN1513-0802] 50u (288d) | [DFKSUN1513-0802] 50u (288d) | [DFKSUN1513-0802] 50u (288d) | [DFSU901001-RED] 50u (876d) | [DFSU901001-GREE] 50u (876d) | [DFSU901001-GREE] 50u (876d) | [DFSU901001-GREE] 50u (876d) | [DFSU901001-GREE] 50u (876d) | [DFSU901001-GREE] 50u (876d) | [DFSU948002-GREE] 50u (177d) | [DFSU938001-SAND] 50u (61d) | [DFSU938001-SAND] 50u (61d) | [DFSU938001-SAND] 50u (61d)
CLABD/Stock/StorageBD/CLA-056-02-01-03;BLACK;1182;0.00;C+D;381;135;[DFKBLU0011] 40u (226d) | [DFKBLU0011] 50u (226d) | [DFSU913001-TORT] 50u (185d) | [DFSU913001-TORT] 50u (185d) | [DFSU913001-TORT] 50u (185d) | [DFSU913001-TORT] 50u (185d) | [DFSU913001-TORT] 50u (185d) | [DFSU913001-TORT] 50u (185d) | [DFSU913001-TORT] 50u (185d) | [DFSU913001-TORT] 50u (185d) | [DFSU913001-TORT] 50u (185d) | [DFSU913001-TORT] 50u (185d) | [DFSU913001-TORT] 50u (185d) | [DFSU913001-TORT] 50u (185d) | [DFSU913001-TORT] 50u (185d) | [DFSU913001-TORT] 50u (185d) | [DFSU913001-TORT] 50u (185d) | [DFSU913001-TORT] 50u (185d) | [DFSU913001-TORT] 50u (185d) | [DFSU913001-TORT] 50u (185d) | [DFSU913001-TORT] 50u (185d) | [DFSU913001-TORT] 50u (185d) | [DFSU913001-TORT] 50u (185d) | [HVKAWAT111-0001-UNI] 41u (381d) | [HVKAWAT110-0011-UNI] 1u (381d)
CLABD/Stock/StorageBD/CLA-056-03-01-02;BLACK;900;0.00;D+A;639;90;[DFSU919001-TORT] 50u (185d) | [DFSU919001-TORT] 50u (185d) | [DFSU919001-TORT] 50u (185d) | [DFSU942001-BLAC] 50u (288d) | [DFSU152010-BLUE] 50u (639d) | [DFSU152010-BLUE] 50u (639d) | [DFKSUN0213-0800] 50u (143d) | [DFKSUN0213-0800] 50u (143d) | [DFKSUN0213-0800] 50u (143d) | [DFKSUN0213-0800] 50u (143d) | [DFKSUN0212-0800] 50u (67d) | [DFKSUN0212-0800] 50u (67d) | [DFKSUN0212-0800] 50u (143d) | [DFKSUN0212-0800] 50u (143d) | [DFKSUN0212-0800] 50u (143d) | [DFKSUN0212-0800] 50u (143d) | [DFKSUN0212-0800] 50u (143d) | [DFKSUN0211-0802] 50u (143d)
CLABD/Stock/StorageBD/CLA-056-03-01-03;BLACK;650;0.00;B+A+D;876;65;[DFSU909001-RED] 50u (737d) | [DFSU910001-BLUE] 50u (737d) | [DFSU901002-CRYS] 50u (876d) | [DFSU901001-RED] 50u (876d) | [DFKSUN0824-0246] 50u (869d) | [DFSU901001-RED] 50u (876d) | [DFKSUN0563-0020] 50u (297d) | [DFKSUN0561-0020] 50u (297d) | [DFKSUN0561-0011] 50u (297d) | [DFSU913001-TORT] 50u (149d) | [DFSU935001-BLUE] 50u (145d) | [DFSU923001-CREA] 50u (291d) | [DFKSUN0561-0011] 50u (297d)
CLABD/Stock/StorageBD/CLA-056-04-01-03;BLACK;647;0.00;D+C+B+A;856;65;[DFSU948002-GREE] 50u (177d) | [DFSU948001-GREE] 50u (180d) | [DFSU948001-GREE] 50u (180d) | [DFKSUN0528-0822] 50u (640d) | [DFSU903001-IVOR] 50u (744d) | [DFSU903001-TORT] 50u (856d) | [DFSU905001-TORT] 47u (856d) | [DFKSUN0212-0800] 50u (143d) | [DFKSUN0212-0800] 50u (143d) | [DFKSUN0212-0800] 50u (143d) | [DFKSUN0211-0802] 50u (143d) | [DFSU934001-BLAC] 50u (143d) | [DFSU948001-ORAN] 50u (180d)
CLABD/Stock/StorageBD/CLA-056-05-01-01;BLACK;1100;0.00;A+D+B;864;110;[DFKSUN0824-0246] 50u (542d) | [DFSU936001-ORAN] 50u (143d) | [DFSU936001-ORAN] 50u (143d) | [DFSU936001-ORAN] 50u (143d) | [DFSU936001-ORAN] 50u (143d) | [DFSU936001-ORAN] 50u (143d) | [DFSU936001-ORAN] 50u (143d) | [DFSU936001-ORAN] 50u (143d) | [DFSU936001-ORAN] 50u (143d) | [DFSU936001-ORAN] 50u (143d) | [DFSU936001-ORAN] 50u (143d) | [DFSU915001-TAN] 50u (171d) | [DFSU901001-RED] 50u (864d) | [DFSU901001-RED] 50u (864d) | [DFSU901001-RED] 50u (864d) | [DFSU901001-RED] 50u (864d) | [DFSU949001-RED] 50u (204d) | [DFSU948001-ORAN] 50u (177d) | [DFSU948001-ORAN] 50u (177d) | [DFSU948001-ORAN] 50u (177d) | [DFSU948001-ORAN] 50u (177d) | [DFSU901001-RED] 50u (30d)
CLABD/Stock/StorageBD/CLA-056-06-01-02;BLACK;96;0.00;A;393;80;[DFSH371007-BLAC-36] 1u (171d) | [DFSH371007-BLAC-37] 2u (171d) | [DFSH371007-BLAC-38] 3u (171d) | [DFSH371007-BLAC-39] 3u (171d) | [DFSH371007-BLAC-40] 2u (171d) | [DFSH371007-BLAC-41] 1u (171d) | [DFSH371007-BLAC-36] 1u (171d) | [DFSH371007-BLAC-37] 2u (171d) | [DFSH371007-BLAC-38] 3u (171d) | [DFSH371007-BLAC-39] 3u (171d) | [DFSH371007-BLAC-40] 2u (171d) | [DFSH371007-BLAC-41] 1u (171d) | [DFSH371007-BLAC-36] 1u (171d) | [DFSH371007-BLAC-37] 2u (171d) | [DFSH371007-BLAC-38] 3u (171d) | [DFSH371007-BLAC-39] 3u (171d) | [DFSH371007-BLAC-40] 2u (171d) | [DFSH371007-BLAC-41] 1u (171d) | [DFSH371007-BLAC-36] 1u (171d) | [DFSH371007-BLAC-37] 2u (171d) | [DFSH371007-BLAC-38] 3u (171d) | [DFSH371007-BLAC-39] 3u (171d) | [DFSH371007-BLAC-40] 2u (171d) | [DFSH371007-BLAC-41] 1u (171d) | [DFSH371007-BLAC-36] 1u (171d) | [DFSH371007-BLAC-37] 2u (171d) | [DFSH371007-BLAC-38] 3u (171d) | [DFSH371007-BLAC-39] 3u (171d) | [DFSH371007-BLAC-40] 2u (171d) | [DFSH371007-BLAC-41] 1u (171d) | [DFSH371007-BLAC-36] 1u (171d) | [DFSH371007-BLAC-37] 2u (171d) | [DFSH371007-BLAC-38] 3u (171d) | [DFSH371007-BLAC-39] 3u (171d) | [DFSH371007-BLAC-40] 2u (171d) | [DFSH371007-BLAC-41] 1u (171d) | [DFSH371007-BLAC-36] 1u (171d) | [DFSH371007-BLAC-37] 2u (171d) | [DFSH371007-BLAC-38] 3u (171d) | [DFSH371007-BLAC-39] 3u (171d) | [DFSH371007-BLAC-40] 2u (171d) | [DFSH371007-BLAC-41] 1u (171d) | [DFSH370003-TAUP-36] 12u (393d)
CLABD/Stock/StorageBD/CLA-056-08-01-02;BLACK;1000;0.00;A+D+B;432;100;[DFSU906004-KHAK] 50u (212d) | [DFSU906004-KHAK] 50u (214d) | [DFSU906004-KHAK] 50u (214d) | [DFSU906004-KHAK] 50u (214d) | [DFSU906004-KHAK] 50u (214d) | [DFSU906004-KHAK] 50u (212d) | [DFSU906004-KHAK] 50u (214d) | [DFSU906004-KHAK] 50u (214d) | [DFSU906004-KHAK] 50u (214d) | [DFSU906004-KHAK] 50u (214d) | [DFSU906004-KHAK] 50u (214d) | [DFSU906004-KHAK] 50u (214d) | [DFSU906004-KHAK] 50u (214d) | [DFSU906004-KHAK] 50u (212d) | [DFSU906004-KHAK] 50u (214d) | [DFSU945001-ROSE] 50u (191d) | [DFSU945001-ROSE] 50u (191d) | [DFSU945001-GOLD] 50u (191d) | [DFSU931001-RED] 50u (432d) | [DFSU919001-TORT] 50u (143d)
CLABD/Stock/StorageBD/CLA-056-09-01-03;BLACK;739;0.00;A+B+C;1178;95;[DFSU915001-TAN] 50u (290d) | [DFKSUN0262-0801] 50u (297d) | [DFKSUN0260-0801] 50u (290d) | [DFKSUN0844-0800] 50u (1178d) | [DFKSUN0844-0800] 50u (1178d) | [DFKSUN1025] 66u (226d) | [DFKWAT0102-0020] 25u (226d) | [DFKWAT0082-0040] 16u (226d) | [DFKWAT0091-0020] 1u (226d) | [HVKAWAT111-0001-UNI] 39u (381d) | [HVKAWAT111-0001-UNI] 42u (381d) | [HVKAWAT111-0001-UNI] 50u (381d) | [DFKSUN1526-0803] 50u (534d) | [DFKSUN0522-0800] 50u (625d) | [DFKSUN0522-0800] 50u (625d) | [DFKSUN0522-0800] 50u (625d) | [DFKSUN0522-0800] 50u (625d)
CLABD/Stock/StorageBD/CLA-057-01-01-01;BLACK;651;0.00;A+D+B+C;1178;65;[DFSU906004-PURP] 50u (171d) | [DFSU932001-BLUE] 50u (297d) | [DFSU932001-BLUE] 50u (297d) | [DFSU932001-BLUE] 50u (297d) | [DFSU942001-TORT] 50u (149d) | [DFSU942001-TORT] 50u (149d) | [DFSU942001-BLAC] 50u (149d) | [DFKSUN0565-0002] 50u (297d) | [DFKSUN0565-0002] 50u (297d) | [DFSU909001-RED] 50u (737d) | [HVKAWAT111-0001-UNI] 51u (605d) | [DFKSUN1514] 50u (589d) | [DFKSUN0844-0800] 50u (1178d)
CLABD/Stock/StorageBD/CLA-057-01-01-02;BLACK;649;0.00;B+D;863;65;[DFSU901002-CRYS] 50u (863d) | [DFSU901002-CRYS] 50u (863d) | [DFSU901002-CRYS] 50u (863d) | [DFSU901002-CRYS] 50u (863d) | [DFSU901002-CRYS] 50u (863d) | [DFSU901002-CRYS] 50u (863d) | [DFSU901001-BLAC] 49u (863d) | [DFSU901001-BLAC] 50u (863d) | [DFSU901001-RED] 50u (789d) | [DFSU901001-GREE] 50u (863d) | [DFSU901001-GREE] 50u (863d) | [DFSU901001-GREE] 50u (863d) | [DFSU913001-GREE] 50u (135d)
CLABD/Stock/StorageBD/CLA-057-02-01-03;BLACK;300;0.00;A+B+C;1178;45;[DFSU906004-KHAK] 50u (214d) | [DFSU922001-BLUE] 50u (291d) | [DFSU909001-BLAC] 50u (737d) | [DFSUN020001-BURG] 50u (639d) | [DFSU907001-BLAC] 50u (863d) | [DFKSNA122-0202] 25u (1178d) | [DFKSNA122-0202] 25u (1178d)
CLABD/Stock/StorageBD/CLA-057-03-03-03;BLACK;554;0.00;A;418;65;[DFSH371004-CORA-36] 4u (418d) | [DFKSUN0563-0020] 50u (297d) | [DFKSUN0563-0020] 50u (297d) | [DFKSUN0563-0020] 50u (297d) | [DFKSUN0563-0020] 50u (297d) | [DFKSUN0563-0020] 50u (297d) | [DFKSUN0563-0020] 50u (297d) | [DFKSUN0563-0020] 50u (297d) | [DFKSUN0563-0020] 50u (297d) | [DFKSUN0561-0020] 50u (297d) | [DFKSUN0561-0020] 50u (297d) | [DFKSUN0560-0020] 50u (297d)
CLABD/Stock/StorageBD/CLA-057-04-02-03;BLACK;762;0.00;A+B;393;85;[DFSU932001-PURP] 50u (297d) | [DFSU932001-PURP] 50u (297d) | [DFSU932001-PURP] 50u (297d) | [DFSU932001-PURP] 50u (297d) | [DFSU932001-PURP] 50u (297d) | [DFSU932001-PURP] 50u (297d) | [DFSU932001-PURP] 50u (297d) | [DFSU932001-PURP] 50u (297d) | [DFSU932001-PURP] 50u (297d) | [DFSU932001-PURP] 50u (297d) | [DFSU932001-PURP] 50u (297d) | [DFSU932001-PURP] 50u (297d) | [DFSU932001-GREE] 50u (297d) | [DFSU932001-BLUE] 50u (297d) | [DFSU932001-BLUE] 50u (297d) | [DFSH370003-TAUP-36] 12u (393d)
CLABD/Stock/StorageBD/CLA-057-05-01-01;BLACK;900;0.00;A;375;90;[DFKSUN0571-0058] 50u (297d) | [DFKSUN0571-0004] 50u (297d) | [DFKSUN0571-0004] 50u (297d) | [DFKSUN0571-0004] 50u (297d) | [DFKSUN0571-0004] 50u (297d) | [DFKSUN0571-0001] 50u (297d) | [DFKSUN0571-0001] 50u (297d) | [DFKSUN0571-0001] 50u (297d) | [DFKSUN0571-0001] 50u (297d) | [DFKSUN0571-0001] 50u (297d) | [DFKSUN0261-0803] 50u (375d) | [DFKSUN0261-0803] 50u (375d) | [DFKSUN0261-0803] 50u (375d) | [DFKSUN0261-0803] 50u (375d) | [DFKSUN0826-0058] 50u (145d) | [DFKSUN0826-0058] 50u (145d) | [DFKSUN0826-0058] 50u (145d) | [DFKSUN0826-0058] 50u (145d)
CLABD/Stock/StorageBD/CLA-057-05-01-02;BLACK;131;0.00;A+D;730;75;[DFSH370012-TAUP-36] 1u (129d) | [DFSH370012-TAUP-37] 1u (129d) | [DFSH370012-TAUP-38] 3u (129d) | [DFSH370012-TAUP-39] 3u (129d) | [DFSH370012-TAUP-40] 2u (129d) | [DFSH370012-TAUP-41] 1u (129d) | [DFSH370012-TAUP-42] 1u (129d) | [DFSH370012-TAUP-36] 1u (129d) | [DFSH370012-TAUP-37] 1u (129d) | [DFSH370012-TAUP-38] 3u (129d) | [DFSH370012-TAUP-39] 3u (129d) | [DFSH370012-TAUP-40] 2u (129d) | [DFSH370012-TAUP-41] 1u (129d) | [DFSH370012-TAUP-42] 1u (129d) | [DFSH370012-TAUP-36] 1u (129d) | [DFSH370012-TAUP-37] 1u (129d) | [DFSH370012-TAUP-38] 3u (129d) | [DFSH370012-TAUP-39] 3u (129d) | [DFSH370012-TAUP-40] 2u (129d) | [DFSH370012-TAUP-41] 1u (129d) | [DFSH370012-TAUP-42] 1u (129d) | [DFSH370012-BLAC-36] 1u (129d) | [DFSH370012-BLAC-37] 1u (129d) | [DFSH370012-BLAC-38] 3u (129d) | [DFSH370012-BLAC-39] 3u (129d) | [DFSH370012-BLAC-40] 2u (129d) | [DFSH370012-BLAC-41] 1u (129d) | [DFSH370012-BLAC-42] 1u (129d) | [DFSU936001-ORAN] 50u (179d) | [DFSH370004-BLAC-36] 9u (730d) | [DFSH370012-TAUP-40] 12u (129d) | [DFSH370012-TAUP-40] 12u (129d)
CLABD/Stock/StorageBD/CLA-057-05-03-03;BLACK;550;0.00;A;375;55;[DFSUN020001-BLAC] 50u (375d) | [DFSUN020001-BLAC] 50u (375d) | [DFSUN020001-BLAC] 50u (375d) | [DFSUN020001-BLAC] 50u (375d) | [DFSUN020001-BLAC] 50u (375d) | [DFSUN020001-BLAC] 50u (375d) | [DFSUN020001-BLAC] 50u (375d) | [DFSUN020001-BLAC] 50u (375d) | [DFSUN020001-BLAC] 50u (375d) | [DFSUN020001-BLAC] 50u (375d) | [DFSUN020001-BLAC] 50u (375d)
CLABD/Stock/StorageBD/CLA-057-06-01-01;BLACK;700;0.00;D+A;375;70;[DFSU938001-TORT] 50u (163d) | [DFSU938001-TORT] 50u (163d) | [DFSU938001-TORT] 50u (163d) | [DFSU938001-TORT] 50u (163d) | [DFSU936001-BLAC] 50u (179d) | [DFSU936001-BLAC] 50u (179d) | [DFSUN020001-BLAC] 50u (375d) | [DFSU938001-GREE] 50u (163d) | [DFSU938001-GREE] 50u (163d) | [DFSU938001-BLAC] 50u (163d) | [DFSU938001-BLAC] 50u (163d) | [DFSU938001-BLAC] 50u (163d) | [DFKSUN0826-0058] 50u (145d) | [DFKSUN0820-0020] 50u (30d)
CLABD/Stock/StorageBD/CLA-057-06-01-03;BLACK;387;0.00;A+B;863;75;[DFKSUN0571-0058] 50u (297d) | [DFKSUN0571-0058] 50u (297d) | [DFKSUN0571-0058] 50u (297d) | [DFKSUN0571-0004] 50u (297d) | [MIK34901-0043-43] 10u (725d) | [DFSU910001-WHIT] 50u (737d) | [DFSU910001-WHIT] 50u (737d) | [DFSU901001-GREE] 50u (863d) | [DFSH370004-BLAC-36] 9u (730d) | [DFSH370004-BLAC-36] 9u (730d) | [DFSH370004-BLAC-36] 9u (730d)
CLABD/Stock/StorageBD/CLA-057-07-01-02;BLACK;850;0.00;A+B;381;85;[DFSU911001-GREE] 50u (381d) | [DFSU911001-GREE] 50u (381d) | [DFSU932001-PURP] 50u (297d) | [DFSU932001-GREE] 50u (297d) | [DFSU932001-GREE] 50u (297d) | [DFSU932001-GREE] 50u (297d) | [DFSU932001-GREE] 50u (297d) | [DFSU932001-GREE] 50u (297d) | [DFSUN020001-BLAC] 50u (290d) | [DFKSUN0565-0011] 50u (32d) | [DFKSUN0565-0011] 50u (32d) | [DFKSUN0565-0011] 50u (32d) | [DFKSUN0565-0011] 50u (32d) | [DFKSUN0565-0011] 50u (32d) | [DFSU932001-BLUE] 50u (32d) | [DFSU932001-BLUE] 50u (32d) | [DFSU932001-BLUE] 50u (32d)
CLABD/Stock/StorageBD/CLA-057-07-03-03;BLACK;330;0.00;A+B;725;60;[DFKSUN0565-0002] 50u (297d) | [DFKSUN0565-0002] 50u (297d) | [DFKSUN0565-0002] 50u (297d) | [DFKSUN0565-0002] 50u (297d) | [DFKSUN0565-0002] 50u (297d) | [DFKSUN0565-0002] 50u (297d) | [MIK34901-0043-45] 10u (725d) | [MIK34901-0043-42] 10u (725d) | [MIK34901-0043-42] 10u (725d)
CLABD/Stock/StorageBD/CLA-057-08-01-01;BLACK;597;0.00;B+A;968;65;[DFSU931001-RED] 50u (353d) | [DFSU931001-RED] 50u (353d) | [DFSU931001-RED] 50u (353d) | [DFSU931001-RED] 50u (353d) | [DFSU931001-RED] 50u (353d) | [DFSU931001-RED] 50u (353d) | [DFSU906003-GOLD] 50u (185d) | [DFSU909001-DEMI] 31u (400d) | [DFKOPT0331-0001] 66u (968d) | [DFSU910001-WHIT] 50u (379d) | [DFKSUN0213-0800] 50u (89d) | [DFKSUN0213-0800] 50u (89d)
CLABD/Stock/StorageBD/CLA-057-08-01-03;BLACK;696;0.00;A+D+B+C;1178;100;[DFSU932001-BLUE] 50u (353d) | [DFKSUN0571-0003] 50u (355d) | [DFSU940001-TRAN] 50u (290d) | [DFSU940001-BROW] 50u (290d) | [DFSU940001-BLAC] 50u (290d) | [DFSU940001-BLAC] 50u (290d) | [DFKSUN0844-0800] 50u (1178d) | [DFKBLU0192] 49u (1163d) | [DFSU901003-YELL] 48u (876d) | [DFKBLU0192] 50u (1163d) | [DFKBLU0010] 50u (1152d) | [DFKBLU0010] 50u (1152d) | [DFKBLU0010] 50u (1152d) | [DFKBLU0010] 49u (1152d)
CLABD/Stock/StorageBD/CLA-057-08-02-01;BLACK;170;0.00;B+A;379;105;[DFSU910001-BLUE] 50u (379d) | [DFSH371004-TAUP-42] 12u (171d) | [DFSH371004-TAUP-42] 12u (171d) | [DFSH371004-TAUP-42] 12u (171d) | [DFSH371004-TAUP-41] 12u (171d) | [DFSH371004-TAUP-41] 12u (171d) | [DFSH371004-TAUP-41] 12u (171d) | [DFSH371004-TAUP-41] 12u (171d) | [DFSH371004-TAUP-41] 12u (171d) | [DFSH371004-TAUP-41] 12u (171d) | [DFSH371004-TAUP-41] 12u (171d)
CLABD/Stock/StorageBD/CLA-057-08-03-02;BLACK;120;0.00;C;619;100;[DFSH393001-WHIT-36] 1u (619d) | [DFSH393001-WHIT-37] 2u (619d) | [DFSH393001-WHIT-38] 3u (619d) | [DFSH393001-WHIT-39] 3u (619d) | [DFSH393001-WHIT-40] 2u (619d) | [DFSH393001-WHIT-41] 1u (619d) | [DFSH393001-WHIT-36] 1u (619d) | [DFSH393001-WHIT-37] 2u (619d) | [DFSH393001-WHIT-38] 3u (619d) | [DFSH393001-WHIT-39] 3u (619d) | [DFSH393001-WHIT-40] 2u (619d) | [DFSH393001-WHIT-41] 1u (619d) | [DFSH393001-WHIT-36] 1u (619d) | [DFSH393001-WHIT-37] 2u (619d) | [DFSH393001-WHIT-38] 3u (619d) | [DFSH393001-WHIT-39] 3u (619d) | [DFSH393001-WHIT-40] 2u (619d) | [DFSH393001-WHIT-41] 1u (619d) | [DFSH393001-WHIT-36] 1u (619d) | [DFSH393001-WHIT-37] 2u (619d) | [DFSH393001-WHIT-38] 3u (619d) | [DFSH393001-WHIT-39] 3u (619d) | [DFSH393001-WHIT-40] 2u (619d) | [DFSH393001-WHIT-41] 1u (619d) | [DFSH393001-WHIT-36] 1u (619d) | [DFSH393001-WHIT-37] 2u (619d) | [DFSH393001-WHIT-38] 3u (619d) | [DFSH393001-WHIT-39] 3u (619d) | [DFSH393001-WHIT-40] 2u (619d) | [DFSH393001-WHIT-41] 1u (619d) | [DFSH393001-WHIT-36] 1u (619d) | [DFSH393001-WHIT-37] 2u (619d) | [DFSH393001-WHIT-38] 3u (619d) | [DFSH393001-WHIT-39] 3u (619d) | [DFSH393001-WHIT-40] 2u (619d) | [DFSH393001-WHIT-41] 1u (619d) | [DFSH393001-WHIT-36] 1u (619d) | [DFSH393001-WHIT-37] 2u (619d) | [DFSH393001-WHIT-38] 3u (619d) | [DFSH393001-WHIT-39] 3u (619d) | [DFSH393001-WHIT-40] 2u (619d) | [DFSH393001-WHIT-41] 1u (619d) | [DFSH393001-WHIT-36] 1u (619d) | [DFSH393001-WHIT-37] 2u (619d) | [DFSH393001-WHIT-38] 3u (619d) | [DFSH393001-WHIT-39] 3u (619d) | [DFSH393001-WHIT-40] 2u (619d) | [DFSH393001-WHIT-41] 1u (619d) | [DFSH393001-WHIT-36] 1u (619d) | [DFSH393001-WHIT-37] 2u (619d) | [DFSH393001-WHIT-38] 3u (619d) | [DFSH393001-WHIT-39] 3u (619d) | [DFSH393001-WHIT-40] 2u (619d) | [DFSH393001-WHIT-41] 1u (619d) | [DFSH393001-WHIT-36] 1u (619d) | [DFSH393001-WHIT-37] 2u (619d) | [DFSH393001-WHIT-38] 3u (619d) | [DFSH393001-WHIT-39] 3u (619d) | [DFSH393001-WHIT-40] 2u (619d) | [DFSH393001-WHIT-41] 1u (619d)
CLABD/Stock/StorageBD/CLA-057-09-01-01;BLACK;480;0.00;B+A+D;388;55;[DFSU914001-CARE] 50u (289d) | [DFKSUN0227-0800] 50u (289d) | [DFSU915001-TAN] 50u (298d) | [DFTXTSH024-BLAC-L] 30u (186d) | [DFKSUN0228-0800] 50u (298d) | [DFSU903001-TORT] 50u (388d) | [DFSU923001-AMBE] 50u (180d) | [DFSU922001-PURP] 50u (180d) | [DFSU941001-BROW] 50u (180d) | [DFSU941001-BROW] 50u (180d)
CLABD/Stock/StorageBD/CLA-057-09-02-03;BLACK;500;0.00;A;375;50;[DFKSUN0261-0803] 50u (375d) | [DFKSUN0261-0803] 50u (375d) | [DFKSUN0261-0803] 50u (375d) | [DFKSUN0261-0803] 50u (375d) | [DFKSUN0261-0803] 50u (375d) | [DFKSUN0261-0803] 50u (375d) | [DFKSUN0261-0803] 50u (375d) | [DFKSUN0261-0803] 50u (375d) | [DFKSUN0261-0803] 50u (375d) | [DFKSUN0261-0803] 50u (375d)
CLABD/Stock/StorageBD/CLA-057-09-03-01;BLACK;108;0.00;B;654;60;[DFACLEI001-BLAC] 18u (654d) | [DFACLEI001-BLAC] 18u (654d) | [DFACLEI001-BLAC] 18u (654d) | [DFACLEI001-BLAC] 18u (654d) | [DFACLEI001-BLAC] 18u (654d) | [DFACLEI001-BLAC] 18u (654d)
CLABD/Stock/StorageBD/CLA-058-01-01-02;BLACK;417;0.00;C+B+A+D;856;40;[DFKSUN1025] 68u (226d) | [DFSU903001-IVOR] 49u (856d) | [DFSU903001-GREE] 50u (856d) | [DFKSUN0560-0020] 50u (381d) | [DFSU906002-KHAK] 50u (347d) | [DFSU927001-RED] 50u (297d) | [DFSU927001-RED] 50u (297d) | [DFSU901001-RED] 50u (379d)
CLABD/Stock/StorageBD/CLA-058-01-01-03;BLACK;650;0.00;A+D;618;65;[DFKSUN1513-0802] 50u (618d) | [DFKSUN1513-0802] 50u (618d) | [DFKSUN1513-0802] 50u (618d) | [DFKSUN1513-0802] 50u (618d) | [DFKSUN1513-0802] 50u (618d) | [DFSU942001-CREA] 50u (165d) | [DFSU942001-CREA] 50u (165d) | [DFSU948002-BLAC] 50u (180d) | [DFSU948001-GREE] 50u (180d) | [DFSU948001-GREE] 50u (180d) | [DFSU948001-GREE] 50u (180d) | [DFSU948001-GREE] 50u (177d) | [DFKSUN0820-0020] 50u (145d)
CLABD/Stock/StorageBD/CLA-058-01-02-01;BLACK;899;0.00;D+B+A;1163;105;[DFSU942001-TORT] 50u (185d) | [DFSU942001-TORT] 50u (185d) | [DFSU942001-TORT] 50u (185d) | [DFSU942001-TORT] 50u (185d) | [DFSU915001-TRAN] 50u (297d) | [DFSU915001-TRAN] 50u (297d) | [DFKBLU0192] 50u (1163d) | [DFKBLU0192] 50u (1163d) | [DFSU903001-GREE] 49u (741d) | [DFKBLU0192] 50u (1163d) | [DFSU903001-GREE] 50u (744d) | [DFSU932001-PURP] 50u (380d) | [DFSU906004-KHAK] 50u (212d) | [DFSU906004-KHAK] 50u (212d) | [DFSU906004-KHAK] 50u (212d) | [DFSU906004-KHAK] 50u (212d) | [DFSU906004-KHAK] 50u (212d) | [DFSU906004-KHAK] 50u (212d)
CLABD/Stock/StorageBD/CLA-058-02-01-01;BLACK;750;0.00;C+D+B+A;856;75;[DFKSUN0528-0822] 50u (640d) | [DFSU942001-BLAC] 50u (288d) | [DFSU942001-BLAC] 50u (288d) | [DFSU915001-WHIT] 50u (290d) | [DFSU915001-TAN] 50u (289d) | [DFKSUN0262-0801] 50u (289d) | [DFKSUN0262-0801] 50u (289d) | [DFKSUN0260-0801] 50u (298d) | [DFKSUN0260-0801] 50u (298d) | [DFSU903001-BLAC] 50u (856d) | [DFSU903001-BLAC] 50u (856d) | [DFSU946001-ROSE] 50u (75d) | [DFSU946001-ROSE] 50u (75d) | [DFSU946001-ROSE] 50u (75d) | [DFSU946001-ROSE] 50u (75d)
CLABD/Stock/StorageBD/CLA-058-02-01-02;BLACK;500;0.00;A+B;625;50;[DFSUN020001-BROW] 50u (297d) | [DFSUN020001-BROW] 50u (297d) | [DFSU931001-RED] 50u (297d) | [DFSU931001-RED] 50u (297d) | [DFKSUN0523] 50u (625d) | [DFKSUN0571-0003] 50u (297d) | [DFKSUN0571-0001] 50u (297d) | [DFKSUN0571-0001] 50u (297d) | [DFSU914001-BRON] 50u (298d) | [DFSUN020001-BLAC] 50u (298d)
CLABD/Stock/StorageBD/CLA-058-02-01-03;BLACK;232;0.00;B+D;577;125;[DFSH361009-FUCH-36] 1u (270d) | [DFSH361009-FUCH-37] 2u (270d) | [DFSH361009-FUCH-38] 3u (270d) | [DFSH361009-FUCH-39] 3u (270d) | [DFSH361009-FUCH-40] 2u (270d) | [DFSH361009-FUCH-41] 1u (270d) | [DFSH361009-FUCH-36] 1u (270d) | [DFSH361009-FUCH-37] 2u (270d) | [DFSH361009-FUCH-38] 3u (270d) | [DFSH361009-FUCH-39] 3u (270d) | [DFSH361009-FUCH-40] 2u (270d) | [DFSH361009-FUCH-41] 1u (270d) | [DFSH361009-FUCH-36] 1u (270d) | [DFSH361009-FUCH-37] 2u (270d) | [DFSH361009-FUCH-38] 3u (270d) | [DFSH361009-FUCH-39] 3u (270d) | [DFSH361009-FUCH-40] 2u (270d) | [DFSH361009-FUCH-41] 1u (270d) | [DFSH361009-FUCH-36] 1u (270d) | [DFSH361009-FUCH-37] 2u (270d) | [DFSH361009-FUCH-38] 3u (270d) | [DFSH361009-FUCH-39] 3u (270d) | [DFSH361009-FUCH-40] 2u (270d) | [DFSH361009-FUCH-41] 1u (270d) | [DFSH361009-FUCH-36] 1u (270d) | [DFSH361009-FUCH-37] 2u (270d) | [DFSH361009-FUCH-38] 3u (270d) | [DFSH361009-FUCH-39] 3u (270d) | [DFSH361009-FUCH-40] 2u (270d) | [DFSH361009-FUCH-41] 1u (270d) | [DFSH361009-FUCH-36] 1u (270d) | [DFSH361009-FUCH-37] 2u (270d) | [DFSH361009-FUCH-38] 3u (270d) | [DFSH361009-FUCH-39] 3u (270d) | [DFSH361009-FUCH-40] 2u (270d) | [DFSH361009-FUCH-41] 1u (270d) | [DFACCA2510-BROW] 25u (108d) | [DFACCA2506-CAME] 25u (108d) | [DFSU951001-SILV] 25u (67d) | [DFSU951001-GREE] 25u (67d) | [DFSU951000-SILV] 25u (67d) | [NVK33409-0010-38] 3u (61d) | [NVK33409-0010-39] 3u (61d) | [NVK33409-0010-36] 2u (61d) | [NVK33409-0010-41] 1u (61d) | [NVK33409-0010-40] 2u (61d) | [NVK33409-0010-37] 3u (61d) | [NVK33409-0010-40] 2u (61d) | [NVK33409-0010-41] 1u (61d) | [NVK33409-0010-39] 3u (61d) | [NVK33409-0010-38] 3u (61d) | [NVK53525-0521-41] 3u (577d) | [NVK53525-0521-42] 3u (577d) | [NVK53525-0521-43] 3u (577d) | [NVK53525-0521-44] 2u (577d) | [NVK53525-0521-45] 1u (577d)
CLABD/Stock/StorageBD/CLA-058-02-02-01;BLACK;550;0.00;A;621;55;[DFKSUN0827-0020] 50u (542d) | [DFKSUN0827-0020] 50u (542d) | [DFKSUN0827-0020] 50u (542d) | [DFKSUN0827-0020] 50u (621d) | [DFKSUN0827-0020] 50u (621d) | [DFKSUN0827-0020] 50u (621d) | [DFKSUN0827-0020] 50u (621d) | [DFKSUN0827-0020] 50u (621d) | [DFKSUN0827-0020] 50u (621d) | [DFKSUN0571-0020] 50u (355d) | [DFKSUN0571-0020] 50u (355d)
CLABD/Stock/StorageBD/CLA-058-02-02-02;BLACK;700;0.00;B+A;621;70;[DFSU931001-RED] 50u (297d) | [DFSU931001-RED] 50u (297d) | [DFSU931001-RED] 50u (297d) | [DFSU931001-RED] 50u (297d) | [DFKSUN0827-0020] 50u (621d) | [DFKSUN0827-0020] 50u (621d) | [DFKSUN0827-0020] 50u (621d) | [DFKSUN0827-0020] 50u (621d) | [DFKSUN0827-0020] 50u (621d) | [DFKSUN0827-0020] 50u (621d) | [DFKSUN0827-0020] 50u (621d) | [DFKSUN0827-0020] 50u (621d) | [DFKSUN0827-0020] 50u (621d) | [DFKSUN0827-0020] 50u (621d)
CLABD/Stock/StorageBD/CLA-058-03-01-01;BLACK;1583;0.00;B+A+C;1178;160;[DFSU903001-TORT] 50u (856d) | [DFSU903001-TORT] 50u (856d) | [DFSU903001-TORT] 50u (856d) | [DFSU903001-BLAC] 50u (856d) | [DFSU901001-GREE] 50u (863d) | [DFSU901001-GREE] 45u (863d) | [DFSU901001-GREE] 50u (863d) | [DFKPCS0016] 100u (1178d) | [DFKPCS0016] 100u (1178d) | [DFKPCS0015] 100u (1178d) | [DFKPCS0015] 97u (1178d) | [DFKPCS0013] 100u (1178d) | [DFKPCS0013] 100u (1178d) | [DFKPCS0012] 100u (1178d) | [DFKPCS0012] 99u (1178d) | [DFKPCS0011] 93u (1178d) | [DFKPCS0011] 100u (1178d) | [DFKPCS0010] 99u (1178d) | [DFKPCS0010] 100u (1178d) | [DFKSUN1513-0802] 50u (564d)
CLABD/Stock/StorageBD/CLA-058-04-01-02;BLACK;800;0.00;A+D;534;80;[DFSUN020001-BROW] 50u (439d) | [DFSUN020001-BROW] 50u (439d) | [DFKSUN0228-0800] 50u (439d) | [DFKSUN0228-0800] 50u (439d) | [DFKSUN1526-0803] 50u (534d) | [DFKSUN1526-0803] 50u (534d) | [DFKSUN1526-0803] 50u (534d) | [DFKSUN1526-0803] 50u (534d) | [DFKSUN1526-0803] 50u (534d) | [DFKSUN1526-0803] 50u (534d) | [DFSU932001-PURP] 50u (297d) | [DFSU932001-BLUE] 50u (297d) | [DFSU911001-GREE] 50u (297d) | [DFKSUN0262-0801] 50u (297d) | [DFSU946001-SILV] 50u (227d) | [DFSU945001-SILV] 50u (191d)
CLABD/Stock/StorageBD/CLA-058-04-02-01;BLACK;812;0.00;A+B;639;90;[DFSH370004-BLAC-36] 12u (396d) | [DFKSUN1526-0803] 50u (639d) | [DFKSUN1526-0803] 50u (639d) | [DFKSUN1526-0803] 50u (639d) | [DFKSUN1526-0803] 50u (639d) | [DFKSUN1526-0803] 50u (639d) | [DFKSUN1526-0803] 50u (639d) | [DFKSUN1526-0803] 50u (639d) | [DFKSUN1526-0803] 50u (639d) | [DFKSUN1526-0803] 50u (639d) | [DFKSUN1526-0803] 50u (639d) | [DFKSUN1526-0803] 50u (639d) | [DFKSUN1526-0803] 50u (639d) | [DFSU915001-WHIT] 50u (290d) | [DFSU915001-TAN] 50u (290d) | [DFKSUN0260-0801] 50u (290d) | [DFKSUN0260-0801] 50u (290d)
CLABD/Stock/StorageBD/CLA-058-05-02-01;BLACK;550;0.00;A;640;55;[DFKSUN1526-0803] 50u (640d) | [DFKSUN1526-0803] 50u (640d) | [DFKSUN1526-0803] 50u (640d) | [DFKSUN1526-0803] 50u (639d) | [DFKSUN1526-0803] 50u (639d) | [DFKSUN1526-0803] 50u (639d) | [DFKSUN1526-0803] 50u (640d) | [DFKSUN1526-0803] 50u (639d) | [DFKSUN1526-0803] 50u (640d) | [DFKSUN1526-0803] 50u (639d) | [DFKSUN1526-0803] 50u (640d)
CLABD/Stock/StorageBD/CLA-058-05-02-03;BLACK;800;0.00;A;639;80;[DFKSUN0827-0020] 50u (542d) | [DFKSUN0827-0020] 50u (542d) | [DFKSUN0827-0020] 50u (542d) | [DFKSUN0827-0020] 50u (542d) | [DFKSUN0827-0020] 50u (542d) | [DFKSUN0827-0020] 50u (542d) | [DFKSUN0827-0020] 50u (542d) | [DFKSUN0827-0020] 50u (542d) | [DFKSUN0827-0020] 50u (542d) | [DFKSUN0827-0020] 50u (542d) | [DFKSUN0827-0020] 50u (542d) | [DFKSUN0827-0020] 50u (542d) | [DFKSUN0827-0020] 50u (542d) | [DFKSUN0827-0020] 50u (621d) | [DFKSUN0827-0020] 50u (639d) | [DFKSUN0827-0020] 50u (621d)
CLABD/Stock/StorageBD/CLA-058-06-01-01;BLACK;650;0.00;A+B;1178;95;[DFSU909001-WHIT] 50u (737d) | [DFSU909001-RED] 50u (737d) | [DFSU901001-BLAC] 50u (876d) | [DFSU901001-BLAC] 50u (876d) | [DFSU901001-BLAC] 50u (876d) | [DFKBLU0783] 50u (1178d) | [DFKBLU0783] 50u (1178d) | [DFKBLU0783] 50u (1178d) | [DFKBLU0783] 50u (1178d) | [DFKBLU0783] 50u (1178d) | [DFKBLU0783] 50u (1178d) | [DFKSUN0262-0801] 50u (297d) | [DFSU921001-GREE] 50u (149d)
CLABD/Stock/StorageBD/CLA-058-06-01-03;BLACK;750;0.00;A+B+D;864;75;[DFSU901003-YELL] 50u (864d) | [DFSU901003-YELL] 50u (864d) | [DFSU901001-BLAC] 50u (864d) | [DFSU901001-BLAC] 50u (863d) | [DFSU901001-BLAC] 50u (864d) | [DFSU901001-BLAC] 50u (863d) | [DFSU901001-BLAC] 50u (864d) | [DFSU901001-BLAC] 50u (863d) | [DFSU945001-SILV] 50u (298d) | [DFSU945001-SILV] 50u (191d) | [DFSU945001-SILV] 50u (191d) | [DFSU945001-ROSE] 50u (191d) | [DFKSUN0229] 50u (297d) | [DFKSUN0229] 50u (297d) | [DFKSUN0229] 50u (297d)
CLABD/Stock/StorageBD/CLA-058-06-03-01;BLACK;900;0.00;A;534;90;[DFKSUN1526-0803] 50u (534d) | [DFKSUN1526-0803] 50u (534d) | [DFKSUN1526-0803] 50u (534d) | [DFKSUN1526-0803] 50u (534d) | [DFKSUN1526-0803] 50u (534d) | [DFKSUN1526-0803] 50u (534d) | [DFKSUN1526-0803] 50u (534d) | [DFKSUN1526-0803] 50u (534d) | [DFKSUN1526-0803] 50u (534d) | [DFKSUN1526-0803] 50u (534d) | [DFKSUN1526-0803] 50u (534d) | [DFKSUN1526-0803] 50u (534d) | [DFKSUN1526-0803] 50u (534d) | [DFKSUN1526-0803] 50u (534d) | [DFKSUN1526-0803] 50u (534d) | [DFKSUN1526-0803] 50u (534d) | [DFKSUN1526-0803] 50u (534d) | [DFKSUN1526-0803] 50u (534d)
CLABD/Stock/StorageBD/CLA-058-07-01-01;BLACK;750;0.00;D+A;1178;85;[DFSU913001-GREE] 50u (185d) | [DFSU913001-GREE] 50u (185d) | [DFSU913001-GREE] 50u (185d) | [DFSU913001-GREE] 50u (185d) | [DFSU913001-GREE] 50u (185d) | [DFKSUN1120] 50u (1178d) | [DFKSUN1120] 50u (1178d) | [DFKBLU0783] 50u (1178d) | [DFKBLU0783] 50u (1178d) | [DFKSUN0541-0160] 50u (1178d) | [DFKSUN0541-0160] 50u (1178d) | [DFKSUN0783-0805] 50u (639d) | [DFKSUN0783-0805] 50u (639d) | [DFKSUN0783-0805] 50u (639d) | [DFKSUN0783-0805] 50u (639d)
CLABD/Stock/StorageBD/CLA-058-07-01-02;BLACK;800;0.00;D+A+B;569;80;[DFSU913001-TORT] 50u (149d) | [DFSU913001-TORT] 50u (149d) | [DFSU913001-TORT] 50u (149d) | [DFSU913001-TORT] 50u (149d) | [DFSU913001-TORT] 50u (149d) | [DFSU913001-TORT] 50u (149d) | [DFSU913001-TORT] 50u (149d) | [DFSU913001-TORT] 50u (149d) | [DFSU913001-TORT] 50u (149d) | [DFSU942001-BROW] 50u (149d) | [DFSU942001-BROW] 50u (149d) | [DFSU934001-GREE] 50u (185d) | [DFSU942001-TORT] 50u (288d) | [DFSU942001-BLAC] 50u (288d) | [DFKSUN0229] 50u (289d) | [DFSU924001-ORAN] 50u (569d)
CLABD/Stock/StorageBD/CLA-058-07-03-01;BLACK;1150;0.00;A;640;115;[DFKSUN1526-0803] 50u (639d) | [DFKSUN1526-0803] 50u (639d) | [DFKSUN1526-0803] 50u (640d) | [DFKSUN1526-0803] 50u (640d) | [DFKSUN1526-0803] 50u (640d) | [DFKSUN1526-0803] 50u (640d) | [DFKSUN1526-0803] 50u (639d) | [DFKSUN1526-0803] 50u (639d) | [DFKSUN1526-0803] 50u (640d) | [DFKSUN1526-0803] 50u (639d) | [DFKSUN1526-0803] 50u (640d) | [DFKSUN1526-0803] 50u (640d) | [DFKSUN1526-0803] 50u (640d) | [DFKSUN1526-0803] 50u (640d) | [DFKSUN1526-0803] 50u (639d) | [DFKSUN1526-0803] 50u (639d) | [DFKSUN1526-0803] 50u (640d) | [DFKSUN1526-0803] 50u (640d) | [DFKSUN1526-0803] 50u (640d) | [DFKSUN1526-0803] 50u (640d) | [DFKSUN1526-0803] 50u (640d) | [DFKSUN1526-0803] 50u (639d) | [DFKSUN1526-0803] 50u (639d)
CLABD/Stock/StorageBD/CLA-058-08-01-02;BLACK;700;0.00;A+D;534;70;[DFKSUN0211-0802] 50u (185d) | [DFKSUN0211-0802] 50u (185d) | [DFSU942001-TORT] 50u (185d) | [DFSU942001-TORT] 50u (185d) | [DFSU942001-TORT] 50u (185d) | [DFSU942001-TORT] 50u (185d) | [DFSU942001-BLAC] 50u (185d) | [DFKSUN0565-0011] 50u (297d) | [DFKSUN0561-0020] 50u (297d) | [DFKSUN1231-0020] 50u (375d) | [DFKSUN1231-0020] 50u (375d) | [DFKSUN1231-0020] 50u (375d) | [DFSU916001-BLUE] 50u (534d) | [DFKSUN0262-0801] 50u (297d)
CLABD/Stock/StorageBD/CLA-058-08-02-02;BLACK;400;0.00;A;639;40;[DFSUN020001-BURG] 50u (639d) | [DFSUN020001-BURG] 50u (639d) | [DFSUN020001-BURG] 50u (639d) | [DFSUN020001-BURG] 50u (639d) | [DFSUN020001-BURG] 50u (639d) | [DFSUN020001-BURG] 50u (639d) | [DFSUN020001-BURG] 50u (639d) | [DFSUN020001-BURG] 50u (639d)
CLABD/Stock/StorageBD/CLA-058-09-01-03;BLACK;550;0.00;A+B;639;55;[DFKSUN0827-0020] 50u (292d) | [DFKSUN0827-0020] 50u (292d) | [DFKSUN0827-0020] 50u (292d) | [DFKSUN0827-0020] 50u (292d) | [DFKSUN0827-0020] 50u (292d) | [DFKSUN0785-0800] 50u (639d) | [DFKSUN0785-0800] 50u (639d) | [DFKSUN0785-0800] 50u (639d) | [DFSU931001-RED] 50u (297d) | [DFSU923001-CREA] 50u (375d) | [DFKSUN1526-0803] 50u (534d)
CLABD/Stock/StorageBD/CLA-058-09-03-01;BLACK;950;0.00;A+D;639;95;[DFKSUN1521-0800] 50u (639d) | [DFKSUN1521-0800] 50u (639d) | [DFKSUN1521-0800] 50u (639d) | [DFKSUN1521-0800] 50u (639d) | [DFKSUN1521-0800] 50u (639d) | [DFKSUN1521-0800] 50u (639d) | [DFKSUN1521-0800] 50u (639d) | [DFKSUN1521-0800] 50u (639d) | [DFKSUN1521-0800] 50u (639d) | [DFKSUN1521-0800] 50u (639d) | [DFKSUN1521-0800] 50u (639d) | [DFKSUN1521-0800] 50u (639d) | [DFKSUN1521-0800] 50u (639d) | [DFSU925001-PINK] 50u (171d) | [DFSU925001-PINK] 50u (171d) | [DFSU925001-GREE] 50u (171d) | [DFSU926001-CARE] 50u (171d) | [DFSU926001-BURG] 50u (171d) | [DFSU926001-BURG] 50u (171d)
CLABD/Stock/StorageBD/CLA-058-09-03-02;BLACK;1100;0.00;A;640;110;[DFKSUN0827-0020] 50u (640d) | [DFKSUN0827-0020] 50u (640d) | [DFKSUN0827-0020] 50u (640d) | [DFKSUN0827-0020] 50u (640d) | [DFKSUN0827-0020] 50u (640d) | [DFKSUN0827-0020] 50u (621d) | [DFKSUN0827-0020] 50u (640d) | [DFKSUN0827-0020] 50u (640d) | [DFKSUN0827-0020] 50u (640d) | [DFKSUN0827-0020] 50u (640d) | [DFKSUN0827-0020] 50u (640d) | [DFKSUN0827-0020] 50u (640d) | [DFKSUN0827-0020] 50u (640d) | [DFKSUN0827-0020] 50u (640d) | [DFKSUN0827-0020] 50u (640d) | [DFKSUN0827-0020] 50u (640d) | [DFKSUN0827-0020] 50u (621d) | [DFKSUN0827-0020] 50u (621d) | [DFKSUN0827-0020] 50u (640d) | [DFKSUN0827-0020] 50u (640d) | [DFKSUN0827-0020] 50u (640d) | [DFKSUN0827-0020] 50u (621d)
CLABD/Stock/StorageBD/CLA-059-01-02-03;BLACK;500;0.00;A;375;50;[DFSUN020001-BROW] 50u (375d) | [DFSUN020001-BROW] 50u (375d) | [DFSUN020001-BROW] 50u (375d) | [DFSUN020001-BROW] 50u (375d) | [DFSUN020001-BROW] 50u (375d) | [DFSUN020001-BROW] 50u (375d) | [DFSUN020001-BROW] 50u (375d) | [DFSUN020001-BROW] 50u (375d) | [DFSUN020001-BROW] 50u (375d) | [DFSUN020001-BROW] 50u (375d)
CLABD/Stock/StorageBD/CLA-059-01-03-03;BLACK;350;0.00;A;639;35;[DFKSUN1521-0800] 50u (639d) | [DFKSUN1521-0800] 50u (639d) | [DFKSUN1521-0800] 50u (639d) | [DFKSUN1521-0800] 50u (639d) | [DFKSUN1521-0800] 50u (639d) | [DFKSUN1521-0800] 50u (639d) | [DFKSUN1521-0800] 50u (639d)
CLABD/Stock/StorageBD/CLA-059-02-03-03;BLACK;650;0.00;A;639;65;[DFKSUN0262-0801] 50u (297d) | [DFKSUN0262-0801] 50u (297d) | [DFKSUN0262-0801] 50u (297d) | [DFKSUN1521-0800] 50u (639d) | [DFKSUN1521-0800] 50u (639d) | [DFKSUN1521-0800] 50u (639d) | [DFKSUN1521-0800] 50u (639d) | [DFKSUN1521-0800] 50u (639d) | [DFKSUN1521-0800] 50u (639d) | [DFKSUN1521-0800] 50u (639d) | [DFKSUN1521-0800] 50u (639d) | [DFKSUN1521-0800] 50u (639d) | [DFKSUN1521-0800] 50u (639d)
CLABD/Stock/StorageBD/CLA-059-04-02-03;BLACK;548;0.00;A+B+C;1178;65;[DFKSUN0781] 50u (291d) | [DFKSUN0781] 50u (291d) | [DFKSUN0781] 50u (291d) | [DFKSUN0781] 50u (291d) | [DFKSUN0541-0160] 42u (1178d) | [DFSU903001-GREE] 45u (744d) | [DFSU911001-GREE] 50u (453d) | [DFKSUN0783-0805] 50u (639d) | [DFKBLU0010] 50u (1178d) | [DFSU903001-GREE] 32u (744d) | [DFSU905001-TORT] 48u (845d) | [DFSU915001-WHIT] 31u (439d)
CLABD/Stock/StorageBD/CLA-059-04-03-03;BLACK;191;0.00;A+D;1178;125;[DFKSUN0541-0160] 47u (1178d) | [DFSH370011-TAN-36] 1u (129d) | [DFSH370011-TAN-37] 1u (129d) | [DFSH370011-TAN-38] 3u (129d) | [DFSH370011-TAN-39] 3u (129d) | [DFSH370011-TAN-40] 2u (129d) | [DFSH370011-TAN-41] 1u (129d) | [DFSH370011-TAN-42] 1u (129d) | [DFSH370011-TAN-36] 1u (129d) | [DFSH370011-TAN-37] 1u (129d) | [DFSH370011-TAN-38] 3u (129d) | [DFSH370011-TAN-39] 3u (129d) | [DFSH370011-TAN-40] 2u (129d) | [DFSH370011-TAN-41] 1u (129d) | [DFSH370011-TAN-42] 1u (129d) | [DFSH370011-TAN-36] 1u (129d) | [DFSH370011-TAN-37] 1u (129d) | [DFSH370011-TAN-38] 3u (129d) | [DFSH370011-TAN-39] 3u (129d) | [DFSH370011-TAN-40] 2u (129d) | [DFSH370011-TAN-41] 1u (129d) | [DFSH370011-TAN-42] 1u (129d) | [DFSH370011-TAN-36] 1u (129d) | [DFSH370011-TAN-37] 1u (129d) | [DFSH370011-TAN-38] 3u (129d) | [DFSH370011-TAN-39] 3u (129d) | [DFSH370011-TAN-40] 2u (129d) | [DFSH370011-TAN-41] 1u (129d) | [DFSH370011-TAN-42] 1u (129d) | [DFSH370011-TAN-36] 1u (129d) | [DFSH370011-TAN-37] 1u (129d) | [DFSH370011-TAN-38] 3u (129d) | [DFSH370011-TAN-39] 3u (129d) | [DFSH370011-TAN-40] 2u (129d) | [DFSH370011-TAN-41] 1u (129d) | [DFSH370011-TAN-42] 1u (129d) | [DFSH370011-TAN-36] 1u (129d) | [DFSH370011-TAN-37] 1u (129d) | [DFSH370011-TAN-38] 3u (129d) | [DFSH370011-TAN-39] 3u (129d) | [DFSH370011-TAN-40] 2u (129d) | [DFSH370011-TAN-41] 1u (129d) | [DFSH370011-TAN-42] 1u (129d) | [DFSH370011-TAN-36] 1u (129d) | [DFSH370011-TAN-37] 1u (129d) | [DFSH370011-TAN-38] 3u (129d) | [DFSH370011-TAN-39] 3u (129d) | [DFSH370011-TAN-40] 2u (129d) | [DFSH370011-TAN-41] 1u (129d) | [DFSH370011-TAN-42] 1u (129d) | [DFSH370011-TAN-36] 1u (129d) | [DFSH370011-TAN-37] 1u (129d) | [DFSH370011-TAN-38] 3u (129d) | [DFSH370011-TAN-39] 3u (129d) | [DFSH370011-TAN-40] 2u (129d) | [DFSH370011-TAN-41] 1u (129d) | [DFSH370011-TAN-42] 1u (129d) | [DFSH370011-TAN-36] 1u (129d) | [DFSH370011-TAN-37] 1u (129d) | [DFSH370011-TAN-38] 3u (129d) | [DFSH370011-TAN-39] 3u (129d) | [DFSH370011-TAN-40] 2u (129d) | [DFSH370011-TAN-41] 1u (129d) | [DFSH370011-TAN-42] 1u (129d) | [DFSH370011-TAN-36] 1u (129d) | [DFSH370011-TAN-37] 1u (129d) | [DFSH370011-TAN-38] 3u (129d) | [DFSH370011-TAN-39] 3u (129d) | [DFSH370011-TAN-40] 2u (129d) | [DFSH370011-TAN-41] 1u (129d) | [DFSH370011-TAN-42] 1u (129d) | [DFSH370011-TAN-36] 1u (129d) | [DFSH370011-TAN-37] 1u (129d) | [DFSH370011-TAN-38] 3u (129d) | [DFSH370011-TAN-39] 3u (129d) | [DFSH370011-TAN-40] 2u (129d) | [DFSH370011-TAN-41] 1u (129d) | [DFSH370011-TAN-42] 1u (129d) | [DFSH370011-TAN-36] 1u (129d) | [DFSH370011-TAN-37] 1u (129d) | [DFSH370011-TAN-38] 3u (129d) | [DFSH370011-TAN-39] 3u (129d) | [DFSH370011-TAN-40] 2u (129d) | [DFSH370011-TAN-41] 1u (129d) | [DFSH370011-TAN-42] 1u (129d)
CLABD/Stock/StorageBD/CLA-059-08-03-03;BLACK;1250;0.00;A;639;125;[DFKSUN1521-0800] 50u (639d) | [DFKSUN1521-0800] 50u (639d) | [DFKSUN1521-0800] 50u (639d) | [DFKSUN1521-0800] 50u (639d) | [DFKSUN1521-0800] 50u (639d) | [DFKSUN1521-0800] 50u (639d) | [DFKSUN1521-0800] 50u (639d) | [DFKSUN1521-0800] 50u (639d) | [DFKSUN1521-0800] 50u (639d) | [DFKSUN1521-0800] 50u (639d) | [DFKSUN1521-0800] 50u (639d) | [DFKSUN1521-0800] 50u (639d) | [DFKSUN1521-0800] 50u (639d) | [DFKSUN1521-0800] 50u (639d) | [DFKSUN1521-0800] 50u (639d) | [DFKSUN1521-0800] 50u (639d) | [DFKSUN1521-0800] 50u (639d) | [DFKSUN1521-0800] 50u (639d) | [DFKSUN1521-0800] 50u (639d) | [DFKSUN1521-0800] 50u (639d) | [DFKSUN1521-0800] 50u (639d) | [DFKSUN1521-0800] 50u (639d) | [DFKSUN1521-0800] 50u (639d) | [DFKSUN1521-0800] 50u (639d) | [DFKSUN1521-0800] 50u (639d)
CLABD/Stock/StorageBD/CLA-060-08-01-01;BLACK;33;0.00;A+B;646;30;[DFSH370006-BLAC-41] 12u (184d) | [DFSH370006-BLAC-39] 12u (184d) | [DFSH321018-MULT_-36] 1u (646d) | [DFSH321018-MULT_-37] 2u (646d) | [DFSH321018-MULT_-38] 2u (646d) | [DFSH321018-MULT_-39] 2u (646d) | [DFSH321018-MULT_-40] 1u (646d) | [DFSH321018-MULT_-41] 1u (646d)
CLABD/Stock/StorageBD/CLA-061-02-01-03;BLACK;24;0.00;A;492;20;[DFSH370006-BLAC-40] 12u (184d) | [DFSH347003_-BLAC-41] 12u (492d)
CLABD/Stock/StorageBD/CLA-061-02-02-01;BLACK;60;0.00;A;492;50;[DFSH347003_-BLAC-38] 12u (492d) | [DFSH347003_-BLAC-37] 12u (492d) | [DFSH347003_-BLAC-36] 12u (492d) | [DFSH347003_-BLAC-39] 12u (492d) | [DFSH347003_-BLAC-38] 12u (492d)
CLABD/Stock/StorageBD/CLA-061-03-01-03;BLACK;57;0.00;D+B;646;50;[DFSH375006-TAN-37] 12u (141d) | [DFSH370019-BROW-38] 12u (141d) | [DFSH370019-BROW-37] 12u (141d) | [DFSH370019-BLAC-38] 12u (141d) | [DFSH321018-MULT_-36] 1u (646d) | [DFSH321018-MULT_-37] 2u (646d) | [DFSH321018-MULT_-38] 2u (646d) | [DFSH321018-MULT_-39] 2u (646d) | [DFSH321018-MULT_-40] 1u (646d) | [DFSH321018-MULT_-41] 1u (646d)
CLABD/Stock/StorageBD/CLA-062-02-03-02;BLACK;108;0.00;B;646;120;[DFSH321018-MULT_-36] 1u (646d) | [DFSH321018-MULT_-37] 2u (646d) | [DFSH321018-MULT_-38] 2u (646d) | [DFSH321018-MULT_-39] 2u (646d) | [DFSH321018-MULT_-40] 1u (646d) | [DFSH321018-MULT_-41] 1u (646d) | [DFSH321018-MULT_-36] 1u (646d) | [DFSH321018-MULT_-37] 2u (646d) | [DFSH321018-MULT_-38] 2u (646d) | [DFSH321018-MULT_-39] 2u (646d) | [DFSH321018-MULT_-40] 1u (646d) | [DFSH321018-MULT_-41] 1u (646d) | [DFSH321018-MULT_-36] 1u (646d) | [DFSH321018-MULT_-37] 2u (646d) | [DFSH321018-MULT_-38] 2u (646d) | [DFSH321018-MULT_-39] 2u (646d) | [DFSH321018-MULT_-40] 1u (646d) | [DFSH321018-MULT_-41] 1u (646d) | [DFSH321018-MULT_-36] 1u (646d) | [DFSH321018-MULT_-37] 2u (646d) | [DFSH321018-MULT_-38] 2u (646d) | [DFSH321018-MULT_-39] 2u (646d) | [DFSH321018-MULT_-40] 1u (646d) | [DFSH321018-MULT_-41] 1u (646d) | [DFSH321018-MULT_-36] 1u (646d) | [DFSH321018-MULT_-37] 2u (646d) | [DFSH321018-MULT_-38] 2u (646d) | [DFSH321018-MULT_-39] 2u (646d) | [DFSH321018-MULT_-40] 1u (646d) | [DFSH321018-MULT_-41] 1u (646d) | [DFSH321018-MULT_-36] 1u (646d) | [DFSH321018-MULT_-37] 2u (646d) | [DFSH321018-MULT_-38] 2u (646d) | [DFSH321018-MULT_-39] 2u (646d) | [DFSH321018-MULT_-40] 1u (646d) | [DFSH321018-MULT_-41] 1u (646d) | [DFSH321018-MULT_-36] 1u (646d) | [DFSH321018-MULT_-37] 2u (646d) | [DFSH321018-MULT_-38] 2u (646d) | [DFSH321018-MULT_-39] 2u (646d) | [DFSH321018-MULT_-40] 1u (646d) | [DFSH321018-MULT_-41] 1u (646d) | [DFSH321018-MULT_-36] 1u (646d) | [DFSH321018-MULT_-37] 2u (646d) | [DFSH321018-MULT_-38] 2u (646d) | [DFSH321018-MULT_-39] 2u (646d) | [DFSH321018-MULT_-40] 1u (646d) | [DFSH321018-MULT_-41] 1u (646d) | [DFSH321018-MULT_-36] 1u (646d) | [DFSH321018-MULT_-37] 2u (646d) | [DFSH321018-MULT_-38] 2u (646d) | [DFSH321018-MULT_-39] 2u (646d) | [DFSH321018-MULT_-40] 1u (646d) | [DFSH321018-MULT_-41] 1u (646d) | [DFSH321018-MULT_-36] 1u (646d) | [DFSH321018-MULT_-37] 2u (646d) | [DFSH321018-MULT_-38] 2u (646d) | [DFSH321018-MULT_-39] 2u (646d) | [DFSH321018-MULT_-40] 1u (646d) | [DFSH321018-MULT_-41] 1u (646d) | [DFSH321018-MULT_-36] 1u (646d) | [DFSH321018-MULT_-37] 2u (646d) | [DFSH321018-MULT_-38] 2u (646d) | [DFSH321018-MULT_-39] 2u (646d) | [DFSH321018-MULT_-40] 1u (646d) | [DFSH321018-MULT_-41] 1u (646d) | [DFSH321018-MULT_-36] 1u (646d) | [DFSH321018-MULT_-37] 2u (646d) | [DFSH321018-MULT_-38] 2u (646d) | [DFSH321018-MULT_-39] 2u (646d) | [DFSH321018-MULT_-40] 1u (646d) | [DFSH321018-MULT_-41] 1u (646d)
CLABD/Stock/StorageBD/CLA-062-03-02-02;BLACK;36;0.00;A;478;30;[DFSH371006-BEIG-41] 12u (478d) | [DFSH371006-BEIG-36] 12u (478d) | [DFSH371006-BEIG-36] 12u (445d)
CLABD/Stock/StorageBD/CLA-062-03-03-01;BLACK;72;0.00;B+A;492;60;[DFSH347003-SILV-38] 12u (492d) | [DFSH347003-SILV-38] 12u (492d) | [DFSH347003-SILV-37] 12u (492d) | [DFSH347003-SILV-37] 12u (492d) | [DFSH347003-SILV-37] 12u (492d) | [DFSH347003-SILV-36] 12u (492d)
CLABD/Stock/StorageBD/CLA-062-04-01-01;BLACK;122;0.00;A+C+B;522;70;[DFSH321089-GOLD-37] 12u (522d) | [DFSH321089-GOLD-37] 12u (522d) | [DFSH321089-GOLD-37] 12u (522d) | [DFKBEN0002-0006] 50u (382d) | [DFSH370004-BLAC-36] 12u (396d) | [KI330212-0020-41] 12u (396d) | [KI330212-0020-41] 12u (396d)
CLABD/Stock/StorageBD/CLA-062-05-01-01;BLACK;24;0.00;A;417;20;[DFSH371004-TAN-37] 12u (417d) | [DFSH371004-TAN-39] 12u (382d)
CLABD/Stock/StorageBD/CLA-062-05-01-02;BLACK;36;0.00;A;382;30;[DFSH371004-TAN-39] 12u (382d) | [DFSH371004-TAN-39] 12u (382d) | [DFSH371004-TAN-39] 12u (382d)
CLABD/Stock/StorageBD/CLA-062-05-01-03;BLACK;25;0.00;D+A;626;30;[DFSH370006-GREY-42] 12u (157d) | [DFSH321072-SILV-41] 1u (626d) | [DFSH370004-BLAC-36] 12u (396d)
CLABD/Stock/StorageBD/CLA-062-05-03-01;BLACK;12;0.00;B;522;10;[DFSH321089-BLAC-37] 12u (522d)
CLABD/Stock/StorageBD/CLA-062-06-01-02;BLACK;121;0.00;C+B+A;400;90;[KV330025-0067-38] 2u (400d) | [KV330025-0067-41] 3u (400d) | [KV330025-0067-40] 3u (400d) | [KV330025-0067-31] 3u (400d) | [KV330025-0067-37] 2u (400d) | [KV330025-0067-35] 1u (400d) | [KV330025-0067-34] 2u (400d) | [KV330025-0067-30] 2u (400d) | [KV330025-0067-33] 2u (400d) | [KV330025-0067-39] 1u (400d) | [KV330025-0067-32] 3u (400d) | [KV330025-0067-36] 1u (400d) | [DFSH407001-KHAK-36] 1u (172d) | [DFSH407001-KHAK-37] 2u (172d) | [DFSH407001-KHAK-38] 3u (172d) | [DFSH407001-KHAK-39] 3u (172d) | [DFSH407001-KHAK-40] 2u (172d) | [DFSH407001-KHAK-41] 1u (172d) | [DFSH407001-KHAK-36] 1u (172d) | [DFSH407001-KHAK-37] 2u (172d) | [DFSH407001-KHAK-38] 3u (172d) | [DFSH407001-KHAK-39] 3u (172d) | [DFSH407001-KHAK-40] 2u (172d) | [DFSH407001-KHAK-41] 1u (172d) | [DFSH407001-KHAK-36] 1u (172d) | [DFSH407001-KHAK-37] 2u (172d) | [DFSH407001-KHAK-38] 3u (172d) | [DFSH407001-KHAK-39] 3u (172d) | [DFSH407001-KHAK-40] 2u (172d) | [DFSH407001-KHAK-41] 1u (172d) | [DFSH407001-KHAK-36] 1u (172d) | [DFSH407001-KHAK-37] 2u (172d) | [DFSH407001-KHAK-38] 3u (172d) | [DFSH407001-KHAK-39] 3u (172d) | [DFSH407001-KHAK-40] 2u (172d) | [DFSH407001-KHAK-41] 1u (172d) | [DFSH407001-KHAK-36] 1u (172d) | [DFSH407001-KHAK-37] 2u (172d) | [DFSH407001-KHAK-38] 3u (172d) | [DFSH407001-KHAK-39] 3u (172d) | [DFSH407001-KHAK-40] 2u (172d) | [DFSH407001-KHAK-41] 1u (172d) | [DFSH407001-KHAK-36] 1u (172d) | [DFSH407001-KHAK-37] 2u (172d) | [DFSH407001-KHAK-38] 3u (172d) | [DFSH407001-KHAK-39] 3u (172d) | [DFSH407001-KHAK-40] 2u (172d) | [DFSH407001-KHAK-41] 1u (172d) | [DFSH371008-BLAC-39] 12u (107d) | [DFSH370006-BLAC-42] 12u (184d)
CLABD/Stock/StorageBD/CLA-062-06-01-03;BLACK;105;0.00;C+A+B;619;90;[DFSH392001-BLAC-36] 1u (619d) | [DFSH392001-BLAC-37] 2u (619d) | [DFSH392001-BLAC-38] 3u (619d) | [DFSH392001-BLAC-39] 3u (619d) | [DFSH392001-BLAC-40] 2u (619d) | [DFSH392001-BLAC-41] 1u (619d) | [DFSH392001-BLAC-36] 1u (619d) | [DFSH392001-BLAC-37] 2u (619d) | [DFSH392001-BLAC-38] 3u (619d) | [DFSH392001-BLAC-39] 3u (619d) | [DFSH392001-BLAC-40] 2u (619d) | [DFSH392001-BLAC-41] 1u (619d) | [DFSH392001-BLAC-36] 1u (619d) | [DFSH392001-BLAC-37] 2u (619d) | [DFSH392001-BLAC-38] 3u (619d) | [DFSH392001-BLAC-39] 3u (619d) | [DFSH392001-BLAC-40] 2u (619d) | [DFSH392001-BLAC-41] 1u (619d) | [DFSH392001-BLAC-36] 1u (619d) | [DFSH392001-BLAC-37] 2u (619d) | [DFSH392001-BLAC-38] 3u (619d) | [DFSH392001-BLAC-39] 3u (619d) | [DFSH392001-BLAC-40] 2u (619d) | [DFSH392001-BLAC-41] 1u (619d) | [DFSH392001-BLAC-36] 1u (619d) | [DFSH392001-BLAC-37] 2u (619d) | [DFSH392001-BLAC-38] 3u (619d) | [DFSH392001-BLAC-39] 3u (619d) | [DFSH392001-BLAC-40] 2u (619d) | [DFSH392001-BLAC-41] 1u (619d) | [DFSH392001-BLAC-36] 1u (619d) | [DFSH392001-BLAC-37] 2u (619d) | [DFSH392001-BLAC-38] 3u (619d) | [DFSH392001-BLAC-39] 3u (619d) | [DFSH392001-BLAC-40] 2u (619d) | [DFSH392001-BLAC-41] 1u (619d) | [DFSH392001-BLAC-36] 1u (619d) | [DFSH392001-BLAC-37] 2u (619d) | [DFSH392001-BLAC-38] 3u (619d) | [DFSH392001-BLAC-39] 3u (619d) | [DFSH392001-BLAC-40] 2u (619d) | [DFSH392001-BLAC-41] 1u (619d) | [DFSH394001-BLAC-36] 1u (556d) | [DFSH394001-BLAC-37] 2u (571d) | [DFSH394001-BLAC-38] 2u (571d) | [DFSH394001-BLAC-39] 2u (571d) | [DFSH394001-BLAC-40] 1u (571d) | [DFSH394001-BLAC-41] 1u (571d) | [DFSH321089-BLAC-37] 12u (522d)
CLABD/Stock/StorageBD/CLA-062-07-01-02;BLACK;360;0.00;B+A+C;619;80;[DFSH334001-FUCH-38] 10u (318d) | [DFSH334001-FUCH-38] 10u (318d) | [DFSH334001-FUCH-38] 10u (318d) | [DFSH334001-FUCH-38] 10u (318d) | [DFSH334001-FUCH-36] 10u (318d) | [DFSH370005-CAME-37] 2u (186d) | [DFSH370005-CAME-36] 1u (186d) | [DFSH370005-CAME-41] 1u (186d) | [DFSH370005-CAME-38] 1u (186d) | [DFSH397001-WHIT-41] 1u (619d) | [DFSH397001-WHIT-42] 2u (619d) | [DFSH397001-WHIT-43] 3u (619d) | [DFSH397001-WHIT-44] 2u (619d) | [DFSH397001-WHIT-45] 1u (619d) | [DFKMAS0104] 296u (382d)
CLABD/Stock/StorageBD/CLA-062-08-01-02;BLACK;60;0.00;A+B;522;50;[DFSH371004-TAN-40] 12u (355d) | [DFSH371004-TAN-40] 12u (355d) | [DFSH321089-BLAC-37] 12u (522d) | [DFSH321089-BLAC-36] 12u (522d) | [DFSH321086-OFFW-45] 12u (522d)
CLABD/Stock/StorageBD/CLA-062-08-01-03;BLACK;52;0.00;B;400;40;[NVK33410-0009-40] 5u (400d) | [NVK33410-0009-36] 1u (383d) | [NVK33410-0009-37] 1u (400d) | [NVK33410-0020-40] 1u (400d) | [NVK33410-0020-36] 4u (400d) | [NVK33410-0009-40] 1u (400d) | [NVK33410-0009-39] 1u (383d) | [NVK33410-0009-39] 8u (400d) | [NVK33410-0009-41] 2u (400d) | [NVK33410-0009-40] 2u (400d) | [NVK33410-0009-38] 10u (400d) | [NVK33410-0009-37] 2u (400d) | [NVK33410-0009-36] 2u (387d) | [NVK53525-0521-41] 9u (400d) | [NVK53525-0521-42] 3u (400d)
CLABD/Stock/StorageBD/CLA-062-08-02-03;BLACK;60;0.00;A;492;50;[DFSH347003_-BLAC-39] 12u (492d) | [DFSH347003_-BLAC-38] 12u (492d) | [DFSH347003_-BLAC-38] 12u (492d) | [DFSH347003_-BLAC-37] 12u (492d) | [DFSH347003_-BLAC-37] 12u (492d)
CLABD/Stock/StorageBD/CLA-062-08-03-03;BLACK;60;0.00;A;417;50;[DFSH370003-TAN-39] 12u (355d) | [DFSH370003-TAN-41] 12u (417d) | [DFSH370003-TAN-41] 12u (417d) | [DFSH370003-TAN-41] 12u (417d) | [DFSH370003-TAN-41] 12u (417d)
CLABD/Stock/StorageBD/CLA-062-09-01-02;BLACK;47;0.00;B+C+A;619;40;[NVK33410-0269-41] 12u (400d) | [NVK33410-0269-38] 5u (400d) | [DFSH375003-BLAC-39] 2u (186d) | [DFSH375003-BLAC-37] 2u (186d) | [DFSH375003-BLAC-36] 1u (186d) | [DFSH375003-BLAC-38] 1u (186d) | [DFSH393001-WHIT-36] 1u (619d) | [DFSH393001-WHIT-37] 2u (619d) | [DFSH393001-WHIT-38] 3u (619d) | [DFSH393001-WHIT-39] 3u (619d) | [DFSH393001-WHIT-40] 2u (619d) | [DFSH393001-WHIT-41] 1u (619d) | [DFSH321089-GOLD-40] 12u (522d)
CLABD/Stock/StorageBD/CLA-062-09-01-03;BLACK;36;0.00;A;430;30;[DFSH370006-NUT-36] 12u (430d) | [DFSH370006-NUT-36] 12u (430d) | [DFSH370006-NUT-36] 12u (417d)
CLABD/Stock/StorageBD/CLA-062-09-03-03;BLACK;72;0.00;A;396;60;[DFSH371004-TAN-40] 12u (396d) | [DFSH371004-TAN-40] 12u (396d) | [DFSH371004-TAN-40] 12u (396d) | [DFSH371004-TAN-40] 12u (355d) | [DFSH371004-TAN-40] 12u (355d) | [DFSH371004-TAN-37] 12u (355d)
CLABD/Stock/StorageBD/CLA-063-01-01-02;BLACK;18;0.00;C;619;20;[DFSH397001-WHIT-41] 1u (619d) | [DFSH397001-WHIT-42] 2u (619d) | [DFSH397001-WHIT-43] 3u (619d) | [DFSH397001-WHIT-44] 2u (619d) | [DFSH397001-WHIT-45] 1u (619d) | [DFSH397001-WHIT-41] 1u (619d) | [DFSH397001-WHIT-42] 2u (619d) | [DFSH397001-WHIT-43] 3u (619d) | [DFSH397001-WHIT-44] 2u (619d) | [DFSH397001-WHIT-45] 1u (619d)
CLABD/Stock/StorageBD/CLA-063-01-01-03;BLACK;285;0.00;A+C;619;80;[DFSH370003-TAUP-36] 4u (164d) | [DFKMAS0020-NAVY] 227u (382d) | [DFSH397001-WHIT-41] 1u (619d) | [DFSH397001-WHIT-42] 2u (619d) | [DFSH397001-WHIT-43] 3u (619d) | [DFSH397001-WHIT-44] 2u (619d) | [DFSH397001-WHIT-45] 1u (619d) | [DFSH397001-WHIT-41] 1u (619d) | [DFSH397001-WHIT-42] 2u (619d) | [DFSH397001-WHIT-43] 3u (619d) | [DFSH397001-WHIT-44] 2u (619d) | [DFSH397001-WHIT-45] 1u (619d) | [DFSH397001-WHIT-41] 1u (619d) | [DFSH397001-WHIT-42] 2u (619d) | [DFSH397001-WHIT-43] 3u (619d) | [DFSH397001-WHIT-44] 2u (619d) | [DFSH397001-WHIT-45] 1u (619d) | [DFSH397001-WHIT-41] 1u (619d) | [DFSH397001-WHIT-42] 2u (619d) | [DFSH397001-WHIT-43] 3u (619d) | [DFSH397001-WHIT-44] 2u (619d) | [DFSH397001-WHIT-45] 1u (619d) | [DFSH397001-WHIT-41] 1u (619d) | [DFSH397001-WHIT-42] 2u (619d) | [DFSH397001-WHIT-43] 3u (619d) | [DFSH397001-WHIT-44] 2u (619d) | [DFSH397001-WHIT-45] 1u (619d) | [DFSH397001-WHIT-41] 1u (619d) | [DFSH397001-WHIT-42] 2u (619d) | [DFSH397001-WHIT-43] 3u (619d) | [DFSH397001-WHIT-44] 2u (619d) | [DFSH397001-WHIT-45] 1u (619d)
CLABD/Stock/StorageBD/CLA-063-02-01-01;BLACK;112;0.00;A+B;522;110;[DFSH387005-LPIN-39] 10u (305d) | [DFSH387005-LPIN-39] 10u (305d) | [DFSH387005-LPIN-39] 10u (305d) | [DFSH387005-LPIN-39] 10u (305d) | [DFSH387005-LPIN-38] 10u (305d) | [DFSH387005-LPIN-38] 10u (305d) | [DFSH387005-LPIN-38] 10u (305d) | [DFSH387005-LPIN-38] 10u (305d) | [DFSH387005-LPIN-38] 10u (305d) | [DFSH387005-LPIN-37] 10u (305d) | [DFSH321089-GOLD-37] 12u (522d)
CLABD/Stock/StorageBD/CLA-063-02-01-02;BLACK;36;0.00;A;522;30;[DFSH321089-GOLD-40] 12u (522d) | [DFSH321089-GOLD-37] 12u (522d) | [DFSH321089-GOLD-37] 12u (522d)
CLABD/Stock/StorageBD/CLA-063-02-03-03;BLACK;27;0.00;A+B;492;30;[DFSH347002-KHAK-41] 1u (492d) | [DFSH347002-KHAK-42] 2u (492d) | [DFSH347002-KHAK-43] 3u (492d) | [DFSH347002-KHAK-44] 2u (492d) | [DFSH347002-KHAK-45] 1u (492d) | [DFSH347002-KHAK-41] 1u (492d) | [DFSH347002-KHAK-42] 2u (492d) | [DFSH347002-KHAK-43] 3u (492d) | [DFSH347002-KHAK-44] 2u (492d) | [DFSH347002-KHAK-45] 1u (492d) | [DFSH347002-KHAK-41] 1u (492d) | [DFSH347002-KHAK-42] 2u (492d) | [DFSH347002-KHAK-43] 3u (492d) | [DFSH347002-KHAK-44] 2u (492d) | [DFSH347002-KHAK-45] 1u (492d)
CLABD/Stock/StorageBD/CLA-063-03-02-01;BLACK;36;0.00;A;445;30;[DFSH371006-BEIG-37] 12u (445d) | [DFSH371006-BEIG-37] 12u (445d) | [DFSH371006-BEIG-37] 12u (429d)
CLABD/Stock/StorageBD/CLA-063-03-02-02;BLACK;48;0.00;A;445;40;[DFSH371006-BEIG-41] 12u (445d) | [DFSH371006-BEIG-37] 12u (445d) | [DFSH371006-BEIG-37] 12u (429d) | [DFSH371006-BEIG-36] 12u (445d)
CLABD/Stock/StorageBD/CLA-063-03-03-01;BLACK;24;0.00;A;445;20;[DFSH371006-BEIG-37] 12u (445d) | [DFSH371006-BEIG-37] 12u (429d)
CLABD/Stock/StorageBD/CLA-063-03-03-02;BLACK;90;0.00;A+C;571;90;[DFSH371004-TAN-37] 12u (417d) | [DFSH371004-TAN-37] 12u (417d) | [DFSH371004-TAN-36] 12u (417d) | [DFSH394001-ORAN-36] 1u (556d) | [DFSH394001-ORAN-37] 2u (571d) | [DFSH394001-ORAN-38] 2u (571d) | [DFSH394001-ORAN-39] 2u (571d) | [DFSH394001-ORAN-40] 1u (571d) | [DFSH394001-ORAN-41] 1u (571d) | [DFSH394001-ORAN-36] 1u (556d) | [DFSH394001-ORAN-37] 2u (571d) | [DFSH394001-ORAN-38] 2u (571d) | [DFSH394001-ORAN-39] 2u (571d) | [DFSH394001-ORAN-40] 1u (571d) | [DFSH394001-ORAN-41] 1u (571d) | [DFSH394001-ORAN-36] 1u (556d) | [DFSH394001-ORAN-37] 2u (571d) | [DFSH394001-ORAN-38] 2u (571d) | [DFSH394001-ORAN-39] 2u (571d) | [DFSH394001-ORAN-40] 1u (571d) | [DFSH394001-ORAN-41] 1u (571d) | [DFSH394001-ORAN-36] 1u (556d) | [DFSH394001-ORAN-37] 2u (571d) | [DFSH394001-ORAN-38] 2u (571d) | [DFSH394001-ORAN-39] 2u (571d) | [DFSH394001-ORAN-40] 1u (571d) | [DFSH394001-ORAN-41] 1u (571d) | [DFSH394001-ORAN-36] 1u (556d) | [DFSH394001-ORAN-37] 2u (571d) | [DFSH394001-ORAN-38] 2u (571d) | [DFSH394001-ORAN-39] 2u (571d) | [DFSH394001-ORAN-40] 1u (571d) | [DFSH394001-ORAN-41] 1u (571d) | [DFSH394001-BLAC-36] 1u (556d) | [DFSH394001-BLAC-37] 2u (571d) | [DFSH394001-BLAC-38] 2u (571d) | [DFSH394001-BLAC-39] 2u (571d) | [DFSH394001-BLAC-40] 1u (571d) | [DFSH394001-BLAC-41] 1u (571d)
CLABD/Stock/StorageBD/CLA-063-04-01-01;BLACK;108;0.00;B+C;725;120;[NVK53525-0521-45] 9u (725d) | [NVK53525-0521-44] 9u (725d) | [NVK53525-0521-44] 9u (725d) | [NVK53525-0521-44] 9u (725d) | [NVK53525-0521-43] 9u (725d) | [NVK53525-0521-43] 9u (725d) | [NVK53525-0521-43] 9u (725d) | [NVK53525-0521-43] 9u (725d) | [NVK53525-0521-43] 9u (725d) | [NVK53525-0521-41] 9u (725d) | [NVK53525-0521-41] 9u (725d) | [DFSH397001-WHIT-41] 1u (619d) | [DFSH397001-WHIT-42] 2u (619d) | [DFSH397001-WHIT-43] 3u (619d) | [DFSH397001-WHIT-44] 2u (619d) | [DFSH397001-WHIT-45] 1u (619d)
CLABD/Stock/StorageBD/CLA-063-04-01-02;BLACK;93;0.00;B+A+C;619;80;[DFTXPUF004-NAVY-XS] 1u (137d) | [DFTXPUF004-NAVY-M] 1u (137d) | [DFTXHOD017-BLAC-M] 6u (137d) | [DFACSC2308-BLAC] 6u (137d) | [DFACSC2306-TAUP] 2u (149d) | [DFACSC2302-PINK] 1u (137d) | [DFACBE2304-BLAC] 37u (137d) | [DFACSC2308-BLAC] 12u (137d) | [DFTXHOD019-GREE-M] 8u (137d) | [DFACSC2303-BLAC] 10u (149d) | [DFSH397001-WHIT-41] 1u (619d) | [DFSH397001-WHIT-42] 2u (619d) | [DFSH397001-WHIT-43] 3u (619d) | [DFSH397001-WHIT-44] 2u (619d) | [DFSH397001-WHIT-45] 1u (619d)
CLABD/Stock/StorageBD/CLA-063-04-01-03;BLACK;50;0.00;A+C;382;50;[DFSH369002-WHIT-36] 5u (136d) | [DFSH371004-TAUP-40] 1u (137d) | [DFSH371004-TAUP-36] 1u (137d) | [DFSH371004-TAUP-39] 2u (137d) | [DFSH371004-TAUP-37] 2u (137d) | [DFSH371004-TAUP-41] 1u (137d) | [DFSH371004-TAUP-38] 1u (137d) | [LI330261-0334-37] 1u (137d) | [LI330261-0334-38] 7u (137d) | [LI330261-0334-36] 1u (137d) | [LI330261-0334-39] 4u (137d) | [DFSH371004-TAN-39] 12u (382d) | [DFSH371004-TAN-39] 12u (382d)
CLABD/Stock/StorageBD/CLA-063-04-03-02;BLACK;96;0.00;A;396;80;[DFSH371004-TAN-40] 12u (396d) | [DFSH371004-TAN-40] 12u (396d) | [DFSH371004-TAN-40] 12u (396d) | [DFSH371004-TAN-40] 12u (355d) | [DFSH371004-TAN-40] 12u (355d) | [DFSH371004-TAN-39] 12u (355d) | [DFSH371004-TAN-39] 12u (355d) | [DFSH371004-TAN-39] 12u (355d)
CLABD/Stock/StorageBD/CLA-063-05-01-01;BLACK;60;0.00;B+A;495;50;[DFSH371010-BLAC-41] 12u (495d) | [DFSH371010-BLAC-37] 12u (495d) | [DFSH371010-BLAC-37] 12u (495d) | [DFSH371010-BLAC-37] 12u (495d) | [DFSH370003-BLAC-38] 12u (417d)
CLABD/Stock/StorageBD/CLA-063-05-01-02;BLACK;27;0.00;A+C;435;30;[DFSH371012-BEIG-36] 1u (435d) | [DFSH371012-BEIG-37] 2u (435d) | [DFSH371012-BEIG-38] 2u (435d) | [DFSH371012-BEIG-39] 2u (435d) | [DFSH371012-BEIG-40] 1u (435d) | [DFSH371012-BEIG-41] 1u (435d) | [DFSH371012-BEIG-36] 1u (435d) | [DFSH371012-BEIG-37] 2u (435d) | [DFSH371012-BEIG-38] 2u (435d) | [DFSH371012-BEIG-39] 2u (435d) | [DFSH371012-BEIG-40] 1u (435d) | [DFSH371012-BEIG-41] 1u (435d) | [DFSH371012-BEIG-36] 1u (435d) | [DFSH371012-BEIG-37] 2u (435d) | [DFSH371012-BEIG-38] 2u (435d) | [DFSH371012-BEIG-39] 2u (435d) | [DFSH371012-BEIG-40] 1u (435d) | [DFSH371012-BEIG-41] 1u (435d)
CLABD/Stock/StorageBD/CLA-063-05-01-03;BLACK;81;0.00;A+B+D;521;70;[DFSH371010-BLAC-37] 12u (462d) | [DFSH371006-BEIG-36] 12u (445d) | [DFSH370004-BLAC-37] 12u (521d) | [DFSH370004-BLAC-37] 12u (521d) | [DFSH370004-BLAC-37] 12u (521d) | [DFSH334001-FUCH-39] 9u (318d) | [DFSH347011-SILV-36] 1u (108d) | [DFSH347011-SILV-37] 2u (108d) | [DFSH347011-SILV-38] 3u (108d) | [DFSH347011-SILV-39] 3u (108d) | [DFSH347011-SILV-40] 2u (108d) | [DFSH347011-SILV-41] 1u (108d)
CLABD/Stock/StorageBD/CLA-063-05-02-01;BLACK;72;0.00;B+A;492;60;[DFSH347003-SILV-39] 12u (492d) | [DFSH347003-SILV-38] 12u (492d) | [DFSH347003-SILV-38] 12u (492d) | [DFSH347003-SILV-37] 12u (492d) | [DFSH347003-SILV-37] 12u (492d) | [DFSH347003-SILV-37] 12u (492d)
CLABD/Stock/StorageBD/CLA-063-05-02-02;BLACK;84;0.00;A+B;522;70;[DFSH321089-GOLD-40] 12u (522d) | [DFSH321089-GOLD-40] 12u (522d) | [DFSH321089-GOLD-40] 12u (522d) | [DFSH321089-GOLD-40] 12u (522d) | [DFSH321089-GOLD-37] 12u (522d) | [DFSH321089-GOLD-36] 12u (522d) | [DFSH321089-GOLD-36] 12u (522d)
CLABD/Stock/StorageBD/CLA-063-05-02-03;BLACK;60;0.00;B;492;50;[DFSH347003-SILV-40] 12u (492d) | [DFSH347003-SILV-40] 12u (492d) | [DFSH347003-SILV-40] 12u (492d) | [DFSH347003-SILV-40] 12u (492d) | [DFSH347003-SILV-39] 12u (492d)
CLABD/Stock/StorageBD/CLA-063-05-03-01;BLACK;12;0.00;A;492;10;[DFSH347003_-BEIG-38] 12u (492d)
CLABD/Stock/StorageBD/CLA-063-05-03-02;BLACK;60;0.00;B+A;492;50;[DFSH347003-SILV-40] 12u (492d) | [DFSH347003-SILV-39] 12u (492d) | [DFSH347003-SILV-39] 12u (492d) | [DFSH347003_-BEIG-41] 12u (492d) | [DFSH347003_-BEIG-36] 12u (492d)
CLABD/Stock/StorageBD/CLA-063-05-03-03;BLACK;48;0.00;A;492;40;[DFSH371004-TAN-36] 12u (355d) | [DFSH371004-TAN-36] 12u (355d) | [DFSH347003_-BEIG-37] 12u (492d) | [DFSH347003_-BEIG-37] 12u (492d)
CLABD/Stock/StorageBD/CLA-063-06-01-01;BLACK;68;0.00;B+A;495;60;[DFSH371010-BLAC-41] 12u (495d) | [DFSH371010-BLAC-40] 12u (495d) | [DFSH371010-BLAC-40] 12u (495d) | [DFSH371010-BLAC-38] 12u (495d) | [DFSH371010-BLAC-37] 12u (495d) | [NVK33409-0010-38] 4u (388d) | [NVK33409-0010-39] 2u (388d) | [NVK33409-0010-40] 2u (388d)
CLABD/Stock/StorageBD/CLA-063-06-01-02;BLACK;144;0.00;B;725;120;[NVK33410-0269-39] 12u (725d) | [NVK33410-0269-39] 12u (725d) | [NVK33410-0269-40] 12u (725d) | [NVK33410-0269-39] 12u (725d) | [NVK33410-0269-38] 12u (725d) | [NVK33410-0269-37] 12u (725d) | [NVK33410-0269-37] 12u (725d) | [NVK33410-0269-36] 12u (725d) | [NVK33410-0009-39] 12u (725d) | [NVK33410-0009-39] 12u (725d) | [NVK33410-0009-37] 12u (725d) | [NVK33410-0009-37] 12u (725d)
CLABD/Stock/StorageBD/CLA-063-06-01-03;BLACK;84;0.00;B+A;495;70;[DFSH371010-BLAC-41] 12u (495d) | [DFSH371010-BLAC-41] 12u (495d) | [DFSH371010-BLAC-40] 12u (495d) | [DFSH371010-BLAC-39] 12u (495d) | [DFSH371010-BLAC-37] 12u (495d) | [DFSH371010-BLAC-37] 12u (495d) | [DFSH371010-BLAC-36] 12u (495d)
CLABD/Stock/StorageBD/CLA-063-07-01-01;BLACK;68;0.00;B+A+C;522;50;[DFSH321089-GOLD-38] 12u (522d) | [DFSH321089-GOLD-37] 12u (522d) | [KV330025-0067-39] 5u (400d) | [KV330025-0067-36] 2u (400d) | [KV330025-0067-41] 3u (400d) | [KV330025-0067-38] 4u (400d) | [KV330025-0067-40] 2u (400d) | [KV330025-0067-37] 1u (400d) | [KV330025-0067-37] 2u (400d) | [KV330025-0067-39] 4u (400d) | [KV330025-0067-38] 8u (400d) | [KV330025-0067-36] 1u (400d) | [KV330025-0067-41] 1u (400d) | [KV330025-0067-40] 1u (400d) | [MIK34901-0043-45] 2u (400d) | [MIK34901-0043-44] 6u (388d) | [MIK34901-0043-43] 1u (388d) | [MIK34901-0043-42] 1u (388d)
CLABD/Stock/StorageBD/CLA-063-07-01-02;BLACK;47;0.00;B+A;522;60;[DFSH321089-GOLD-38] 12u (522d) | [DFSH321089-GOLD-37] 12u (522d) | [DFSH370004-BLAC-37] 3u (150d) | [DFSH370006-BLAC-36] 1u (150d) | [DFSH370004-BLAC-37] 1u (150d) | [DFSH370004-BLAC-36] 1u (150d) | [DFSH370005-CAME-37] 1u (150d) | [DFSH370005-CAME-38] 1u (150d) | [DFSH370012-BLAC-37] 1u (150d) | [DFSH371004-TAN-39] 1u (150d) | [DFSH370011-BLAC-37] 1u (150d) | [DFSH375001-BLAC-38] 1u (150d) | [DFSH370005-CAME-36] 1u (157d) | [DFSH370005-CAME-38] 2u (157d) | [DFSH370005-CAME-40] 1u (157d) | [DFSH370005-CAME-39] 1u (157d) | [DFSH370005-CAME-37] 1u (164d) | [DFSH370006-BLAC-36] 1u (157d) | [DFSH370004-BLAC-40] 1u (157d) | [DFSH347003_-BLAC-37] 1u (157d) | [DFSH391007-BLAC-36] 1u (157d) | [DFSH391007-BLAC-37] 1u (164d)
CLABD/Stock/StorageBD/CLA-063-07-01-03;BLACK;120;0.00;B+A;495;100;[DFSH371010-BLAC-41] 12u (495d) | [DFSH371010-BLAC-41] 12u (495d) | [DFSH371010-BLAC-41] 12u (462d) | [DFSH371010-BLAC-40] 12u (495d) | [DFSH371010-BLAC-39] 12u (495d) | [DFSH371010-BLAC-39] 12u (462d) | [DFSH371010-BLAC-38] 12u (495d) | [DFSH371010-BLAC-37] 12u (495d) | [DFSH370006-BLAC-36] 12u (495d) | [DFSH371004-TAN-40] 12u (355d)
CLABD/Stock/StorageBD/CLA-063-07-02-01;BLACK;60;0.00;A;417;50;[DFSH371004-TAN-37] 12u (417d) | [DFSH371004-TAN-37] 12u (417d) | [DFSH371004-TAN-37] 12u (417d) | [DFSH371004-TAN-37] 12u (417d) | [DFSH371004-TAN-36] 12u (417d)
CLABD/Stock/StorageBD/CLA-063-07-02-03;BLACK;60;0.00;A;492;50;[DFSH347003_-BEIG-41] 12u (492d) | [DFSH347003_-BEIG-38] 12u (492d) | [DFSH347003_-BEIG-38] 12u (492d) | [DFSH347003_-BEIG-38] 12u (492d) | [DFSH347003_-BEIG-37] 12u (492d)
CLABD/Stock/StorageBD/CLA-063-07-03-01;BLACK;48;0.00;A;492;40;[DFSH347003_-BEIG-39] 12u (492d) | [DFSH347003_-BEIG-39] 12u (492d) | [DFSH347003_-BEIG-38] 12u (492d) | [DFSH347003_-BEIG-38] 12u (492d)
CLABD/Stock/StorageBD/CLA-063-07-03-02;BLACK;72;0.00;A+B;492;60;[DFSH347003_-BLAC-37] 12u (492d) | [DFSH347003-SILV-41] 12u (492d) | [DFSH347003-SILV-39] 12u (492d) | [DFSH347003-SILV-39] 12u (492d) | [DFSH347003-SILV-38] 12u (492d) | [DFSH347003-SILV-38] 12u (492d)
CLABD/Stock/StorageBD/CLA-063-07-03-03;BLACK;72;0.00;B+A;492;60;[DFSH347003-SILV-41] 12u (492d) | [DFSH347003-SILV-41] 12u (492d) | [DFSH347003-SILV-40] 12u (492d) | [DFSH347003-SILV-38] 12u (492d) | [DFSH347003-SILV-38] 12u (492d) | [DFSH347003-SILV-37] 12u (492d)
CLABD/Stock/StorageBD/CLA-063-08-01-02;BLACK;78;0.00;A+D+C;435;70;[DFSH371004-TAUP-38] 12u (137d) | [DFSH370021-TAUP-40] 12u (185d) | [DFSH370021-TAN-39] 12u (157d) | [DFSH370021-BLAC-39] 12u (157d) | [DFSH370011-BLAC-36] 1u (211d) | [DFSH370011-BLAC-37] 2u (211d) | [DFSH370011-BLAC-38] 3u (211d) | [DFSH370011-BLAC-39] 3u (211d) | [DFSH370011-BLAC-40] 2u (211d) | [DFSH370011-BLAC-41] 1u (211d) | [DFSH371012-BEIG-36] 1u (435d) | [DFSH371012-BEIG-37] 2u (435d) | [DFSH371012-BEIG-38] 2u (435d) | [DFSH371012-BEIG-39] 2u (435d) | [DFSH371012-BEIG-40] 1u (435d) | [DFSH371012-BEIG-41] 1u (435d) | [DFSH371012-BEIG-36] 1u (435d) | [DFSH371012-BEIG-37] 2u (435d) | [DFSH371012-BEIG-38] 2u (435d) | [DFSH371012-BEIG-39] 2u (435d) | [DFSH371012-BEIG-40] 1u (435d) | [DFSH371012-BEIG-41] 1u (435d)
CLABD/Stock/StorageBD/CLA-064-01-01-01;BLACK;20;0.00;B;702;20;[DFBG24W101-BLAC] 10u (702d) | [DFBG24W101-BLAC] 10u (702d)
CLABD/Stock/StorageBD/CLA-064-02-01-03;BLACK;104;0.00;B+A+C;702;110;[DFBG24W101-BLAC] 10u (702d) | [DFSH334001-BLUE-44] 6u (32d) | [DFSH334001-ORAN-39] 1u (32d) | [DFSH334001-ORAN-38] 1u (32d) | [DFSH334001-BLUE-45] 2u (32d) | [DFSH334001-BLUE-44] 2u (32d) | [DFSH334001-BLUE-45] 2u (32d) | [DFSH334001-BLUE-43] 1u (32d) | [DFSH334001-ORAN-39] 1u (32d) | [DFSH334001-ORAN-38] 1u (32d) | [DFSH334001-OLIV-38] 1u (32d) | [DFSH334001-OLIV-40] 1u (32d) | [DFSH334001-BEIG-44] 1u (32d) | [DFSH334009-GREY-37] 1u (32d) | [DFSH334001-FUCH-39] 1u (32d) | [DFSH334001-BLUE-45] 1u (32d) | [DFSH334001-BLUE-44] 2u (32d) | [DFSH334009-ORAN-41] 1u (32d) | [DFSH334001-BEIG-44] 2u (32d) | [DFSH334001-ORAN-37] 1u (32d) | [DFSH334001-KHAK-46] 1u (32d) | [DFSH334001-FUCH-39] 2u (32d) | [DFSH334001-BLUE-44] 3u (32d) | [DFSH334001-BLUE-45] 1u (32d) | [DFSH334001-BLUE-43] 2u (32d) | [DFSH334001-BLUE-44] 2u (32d) | [DFSH334001-BLUE-43] 1u (32d) | [DFSH334001-BEIG-44] 1u (32d) | [DFSH334001-FUCH-37] 1u (32d) | [DFSH334001-FUCH-39] 1u (32d) | [DFSH334001-BLUE-45] 1u (32d) | [DFSH334001-ROSE-36] 1u (32d) | [DFSH334001-ORAN-38] 1u (32d) | [DFSH334009-GREY-39] 1u (32d) | [DFSH334001-ORAN-38] 1u (32d) | [DFSH334001-TAUP-37] 1u (32d) | [DFSH334001-BLUE-45] 4u (32d) | [DFSH334001-BLUE-44] 1u (32d) | [DFSH334001-BLAC-36] 1u (32d) | [DFSH334009-GREY-39] 1u (32d) | [DFSH334001-ORAN-37] 1u (32d) | [DFSH334001-KHAK-45] 1u (32d) | [DFSH334001-BEIG-44] 1u (32d) | [DFSH334009-GREY-37] 1u (32d) | [DFSH334001-TAUP-36] 1u (32d) | [DFSH334009-GREY-39] 3u (32d) | [DFSH334001-OLIV-41] 1u (32d) | [DFSH334001-TAUP-40] 1u (32d) | [DFSH334001-ROSE-39] 1u (32d) | [DFSH334001-BLUE-44] 3u (32d) | [DFSH334001-PURP-38] 1u (32d) | [DFSH334001-BLUE-45] 3u (32d) | [DFSH334001-OLIV-44] 1u (32d) | [DFSH334001-SILV-39] 1u (32d) | [DFSH334001-ORAN-37] 1u (32d) | [DFSH334001-GOLD-38] 1u (32d) | [DFSH334009-GREY-38] 1u (32d) | [DFSH334001-GOLD-41] 1u (32d) | [DFSH334001-BLUE-44] 3u (32d) | [DFSH334001-BLAC-38] 1u (32d) | [DFSH334009-GREY-39] 2u (32d) | [DFSH334009-GREY-37] 1u (32d) | [DFSH334009-ORAN-37] 1u (32d) | [DFSH334001-BEIG-44] 1u (32d) | [DFSH334001-BLUE-43] 3u (32d) | [DFSH334001-BLUE-45] 1u (32d)
CLABD/Stock/StorageBD/CLA-064-03-01-01;BLACK;68;0.00;B;396;30;[DFBG24W102-SILV] 4u (353d) | [DFBG24W103-SILV] 40u (396d) | [DFBG24W103-BLAC] 24u (396d)
CLABD/Stock/StorageBD/CLA-064-05-01-01;BLACK;59;0.00;A+B;520;60;[DFSH370005-CAME-38] 1u (164d) | [DFSH370005-CAME-41] 1u (164d) | [DFSH370005-CAME-37] 1u (164d) | [DFSH370005-CAME-36] 2u (164d) | [DFSH371006-BEIG-38] 2u (164d) | [DFSH371004-BLAC-39] 1u (164d) | [DFSH370005-CAME-37] 1u (164d) | [DFSH371006-BEIG-38] 3u (164d) | [DFSH375001-TAUP-37] 1u (164d) | [DFSH370005-CAME-41] 1u (164d) | [DFSH375004-TAN-37] 1u (164d) | [DFSH371006-BEIG-38] 2u (164d) | [DFSH371004-BLAC-39] 4u (164d) | [DFSH391007-BLAC-39] 1u (164d) | [DFSH370006-BLAC-36] 1u (164d) | [DFSH389017-GOLD-37] 12u (520d) | [DFSH389017-GOLD-37] 12u (520d) | [DFSH389017-GOLD-37] 12u (520d)
CLABD/Stock/StorageBD/CLA-064-05-01-02;BLACK;96;0.00;C+B+A;619;80;[DFSH387006-WHIT-36] 1u (144d) | [DFSH387006-WHIT-37] 2u (144d) | [DFSH387006-WHIT-38] 3u (144d) | [DFSH387006-WHIT-39] 3u (144d) | [DFSH387006-WHIT-40] 2u (144d) | [DFSH387006-WHIT-41] 1u (144d) | [DFSH387006-BLAC-36] 1u (144d) | [DFSH387006-BLAC-37] 2u (144d) | [DFSH387006-BLAC-38] 3u (144d) | [DFSH387006-BLAC-39] 3u (144d) | [DFSH387006-BLAC-40] 2u (144d) | [DFSH387006-BLAC-41] 1u (144d) | [DFSH387006-BLAC-36] 1u (144d) | [DFSH387006-BLAC-37] 2u (144d) | [DFSH387006-BLAC-38] 3u (144d) | [DFSH387006-BLAC-39] 3u (144d) | [DFSH387006-BLAC-40] 2u (144d) | [DFSH387006-BLAC-41] 1u (144d) | [DFSH387006-BLAC-36] 1u (144d) | [DFSH387006-BLAC-37] 2u (144d) | [DFSH387006-BLAC-38] 3u (144d) | [DFSH387006-BLAC-39] 3u (144d) | [DFSH387006-BLAC-40] 2u (144d) | [DFSH387006-BLAC-41] 1u (144d) | [DFSH387006-BLAC-36] 1u (144d) | [DFSH387006-BLAC-37] 2u (144d) | [DFSH387006-BLAC-38] 3u (144d) | [DFSH387006-BLAC-39] 3u (144d) | [DFSH387006-BLAC-40] 2u (144d) | [DFSH387006-BLAC-41] 1u (144d) | [DFSH387006-BLAC-36] 1u (144d) | [DFSH387006-BLAC-37] 2u (144d) | [DFSH387006-BLAC-38] 3u (144d) | [DFSH387006-BLAC-39] 3u (144d) | [DFSH387006-BLAC-40] 2u (144d) | [DFSH387006-BLAC-41] 1u (144d) | [DFSH392001-WHIT-36] 1u (619d) | [DFSH392001-WHIT-37] 2u (619d) | [DFSH392001-WHIT-38] 3u (619d) | [DFSH392001-WHIT-39] 3u (619d) | [DFSH392001-WHIT-40] 2u (619d) | [DFSH392001-WHIT-41] 1u (619d) | [DFSH392001-WHIT-36] 1u (619d) | [DFSH392001-WHIT-37] 2u (619d) | [DFSH392001-WHIT-38] 3u (619d) | [DFSH392001-WHIT-39] 3u (619d) | [DFSH392001-WHIT-40] 2u (619d) | [DFSH392001-WHIT-41] 1u (619d)
CLABD/Stock/StorageBD/CLA-064-06-01-02;BLACK;20;0.00;A+B;400;10;[DFSH384005-GOLD-36] 6u (400d) | [DFSH384005-GOLD-37] 14u (400d)
CLABD/Stock/StorageBD/CLA-064-06-01-03;BLACK;84;0.00;A;493;70;[DFSH370003-BLAC-40] 12u (355d) | [DFSH370003-BLAC-36] 12u (355d) | [DFSH370006-BLAC-36] 12u (493d) | [DFSH370006-BLAC-36] 12u (493d) | [DFSH371006-BEIG-36] 12u (478d) | [DFSH371006-BEIG-36] 12u (445d) | [DFSH381001-BLAC-40] 12u (487d)
CLABD/Stock/StorageBD/CLA-064-06-02-01;BLACK;9;0.00;A;492;10;[DFSH347002-BLAC-41] 1u (492d) | [DFSH347002-BLAC-42] 2u (492d) | [DFSH347002-BLAC-43] 3u (492d) | [DFSH347002-BLAC-44] 2u (492d) | [DFSH347002-BLAC-45] 1u (492d)
CLABD/Stock/StorageBD/CLA-064-07-01-03;BLACK;78;0.00;B+A+D;492;60;[NVK33410-0006-39] 4u (400d) | [NVK33410-0006-38] 7u (400d) | [NVK33410-0006-37] 1u (400d) | [NVK33410-0006-40] 3u (400d) | [NVK33410-0269-37] 4u (400d) | [NVK33410-0020-38] 3u (400d) | [NVK33410-0020-39] 4u (400d) | [NVK33410-0020-40] 3u (400d) | [NVK33410-0020-36] 1u (400d) | [NVK33410-0269-38] 9u (400d) | [NVK33410-0269-39] 2u (400d) | [NVK33410-0269-37] 1u (400d) | [DFSH347001-SILV-36] 12u (492d) | [DFSH387006-BLAC-41] 1u (144d) | [DFSH387006-BLAC-42] 2u (144d) | [DFSH387006-BLAC-43] 3u (144d) | [DFSH387006-BLAC-44] 3u (144d) | [DFSH387006-BLAC-45] 2u (144d) | [DFSH387006-BLAC-46] 1u (144d) | [DFSH387005-PPIN-36] 1u (144d) | [DFSH387005-PPIN-37] 2u (144d) | [DFSH387005-PPIN-38] 3u (144d) | [DFSH387005-PPIN-39] 3u (144d) | [DFSH387005-PPIN-40] 2u (144d) | [DFSH387005-PPIN-41] 1u (144d)
CLABD/Stock/StorageBD/CLA-064-07-02-02;BLACK;48;0.00;A;487;30;[DFSH381001-BLAC-37] 12u (487d) | [DFSH381001-BLAC-37] 12u (487d) | [DFSH371004-TAN-39] 24u (382d)
CLABD/Stock/StorageBD/CLA-064-07-02-03;BLACK;36;0.00;A;487;30;[DFSH381001-BLAC-38] 12u (487d) | [DFSH381001-BLAC-37] 12u (487d) | [DFSH381001-BLAC-40] 12u (487d)
CLABD/Stock/StorageBD/CLA-064-07-03-02;BLACK;12;0.00;A;487;10;[DFSH381001-KHAK-41] 12u (487d)
CLABD/Stock/StorageBD/CLA-064-08-01-03;BLACK;86;0.00;B+A+C;502;70;[DFSH371010-BEIG-41] 12u (492d) | [DFSH371010-BEIG-41] 12u (492d) | [DFSH371010-BEIG-41] 12u (492d) | [DFSH371010-BEIG-36] 12u (492d) | [DFSH392001-SILV-38] 5u (400d) | [DFSH392001-SILV-37] 3u (400d) | [DFSH392001-SILV-39] 4u (400d) | [DFSH392001-SILV-36] 1u (400d) | [DFSH392001-SILV-40] 1u (400d) | [DFSH391001-BEIG-41] 12u (502d) | [DFSH381001-BLAC-40] 12u (487d)
CLABD/Stock/StorageBD/CLA-064-08-02-03;BLACK;18;0.00;A;492;20;[DFSH347003_-BLAC-36] 1u (492d) | [DFSH347003_-BLAC-37] 2u (492d) | [DFSH347003_-BLAC-38] 2u (492d) | [DFSH347003_-BLAC-39] 2u (492d) | [DFSH347003_-BLAC-40] 1u (492d) | [DFSH347003_-BLAC-41] 1u (492d) | [DFSH347003_-BLAC-36] 1u (492d) | [DFSH347003_-BLAC-37] 2u (492d) | [DFSH347003_-BLAC-38] 2u (492d) | [DFSH347003_-BLAC-39] 2u (492d) | [DFSH347003_-BLAC-40] 1u (492d) | [DFSH347003_-BLAC-41] 1u (492d)
CLABD/Stock/StorageBD/CLA-064-08-03-03;BLACK;72;0.00;B+A;492;80;[DFSH347003-SILV-36] 1u (492d) | [DFSH347003-SILV-37] 2u (492d) | [DFSH347003-SILV-38] 2u (492d) | [DFSH347003-SILV-39] 2u (492d) | [DFSH347003-SILV-40] 1u (492d) | [DFSH347003-SILV-41] 1u (492d) | [DFSH347003-SILV-36] 1u (492d) | [DFSH347003-SILV-37] 2u (492d) | [DFSH347003-SILV-38] 2u (492d) | [DFSH347003-SILV-39] 2u (492d) | [DFSH347003-SILV-40] 1u (492d) | [DFSH347003-SILV-41] 1u (492d) | [DFSH347003-SILV-36] 1u (492d) | [DFSH347003-SILV-37] 2u (492d) | [DFSH347003-SILV-38] 2u (492d) | [DFSH347003-SILV-39] 2u (492d) | [DFSH347003-SILV-40] 1u (492d) | [DFSH347003-SILV-41] 1u (492d) | [DFSH347003-SILV-36] 1u (492d) | [DFSH347003-SILV-37] 2u (492d) | [DFSH347003-SILV-38] 2u (492d) | [DFSH347003-SILV-39] 2u (492d) | [DFSH347003-SILV-40] 1u (492d) | [DFSH347003-SILV-41] 1u (492d) | [DFSH347003-SILV-36] 1u (492d) | [DFSH347003-SILV-37] 2u (492d) | [DFSH347003-SILV-38] 2u (492d) | [DFSH347003-SILV-39] 2u (492d) | [DFSH347003-SILV-40] 1u (492d) | [DFSH347003-SILV-41] 1u (492d) | [DFSH347003-SILV-36] 1u (492d) | [DFSH347003-SILV-37] 2u (492d) | [DFSH347003-SILV-38] 2u (492d) | [DFSH347003-SILV-39] 2u (492d) | [DFSH347003-SILV-40] 1u (492d) | [DFSH347003-SILV-41] 1u (492d) | [DFSH347003-SILV-36] 1u (492d) | [DFSH347003-SILV-37] 2u (492d) | [DFSH347003-SILV-38] 2u (492d) | [DFSH347003-SILV-39] 2u (492d) | [DFSH347003-SILV-40] 1u (492d) | [DFSH347003-SILV-41] 1u (492d) | [DFSH347003-SILV-36] 1u (492d) | [DFSH347003-SILV-37] 2u (492d) | [DFSH347003-SILV-38] 2u (492d) | [DFSH347003-SILV-39] 2u (492d) | [DFSH347003-SILV-40] 1u (492d) | [DFSH347003-SILV-41] 1u (492d)
CLABD/Stock/StorageBD/CLA-064-09-01-01;BLACK;84;0.00;A+B;502;70;[DFSH381001-KHAK-41] 12u (487d) | [DFSH370003-TAUP-36] 12u (393d) | [DFSH371004-TAN-41] 12u (430d) | [DFSH371004-TAN-41] 12u (375d) | [DFSH391001-BEIG-37] 12u (502d) | [DFSH391001-BEIG-38] 12u (502d) | [DFSH370004-SAND-36] 12u (445d)
CLABD/Stock/StorageBD/CLA-064-09-01-03;BLACK;42;0.00;B+D+A;492;30;[KV330025-0012-39] 3u (400d) | [KV330025-0012-38] 4u (400d) | [KV330025-0012-41] 4u (400d) | [KV330025-0012-36] 3u (400d) | [KV330025-0012-40] 3u (400d) | [KV330025-0012-37] 1u (400d) | [DFSH378011-GOLD-36] 1u (144d) | [DFSH378011-GOLD-37] 2u (144d) | [DFSH378011-GOLD-38] 3u (144d) | [DFSH378011-GOLD-39] 3u (144d) | [DFSH378011-GOLD-40] 2u (144d) | [DFSH378011-GOLD-41] 1u (144d) | [DFSH371010-BEIG-36] 12u (492d)
CLABD/Stock/StorageBD/CLA-064-09-02-03;BLACK;116;0.00;A+C+B+D;450;90;[DFSH371004-CORA-37] 12u (450d) | [DFSH334001-BLUE-45] 1u (32d) | [DFSH334001-BLUE-43] 2u (32d) | [DFSH334001-BLUE-44] 4u (32d) | [DFSH334001-ROSE-38] 1u (32d) | [DFSH334001-KHAK-39] 2u (32d) | [DFSH334001-KHAK-38] 1u (32d) | [DFSH334001-FUCH-38] 1u (32d) | [DFSH334009-GREY-38] 2u (32d) | [DFSH334001-BLUE-43] 7u (32d) | [DFSH334009-BEIG-41] 1u (32d) | [DFSH334001-KHAK-40] 1u (32d) | [DFSH334001-KHAK-39] 1u (32d) | [DFSH334001-BLUE-44] 2u (32d) | [DFSH334001-BEIG-44] 1u (32d) | [DFSH334001-BLUE-45] 1u (32d) | [DFSH334009-GREY-39] 1u (32d) | [DFSH334009-GREY-38] 1u (32d) | [DFSH334001-BLUE-45] 3u (32d) | [DFSH334001-BLUE-43] 3u (32d) | [DFSH334001-BLUE-44] 1u (32d) | [DFSH334001-BLAC-38] 1u (32d) | [DFSH334001-BLAC-39] 1u (32d) | [DFSH334009-ORAN-40] 1u (32d) | [DFSH334001-BLUE-41] 1u (32d) | [DFSH334001-BEIG-45] 1u (32d) | [DFSH334001-ORAN-36] 1u (32d) | [DFSH334001-BLUE-42] 1u (32d) | [DFSH334001-BLUE-45] 2u (32d) | [DFSH334001-BLUE-43] 1u (32d) | [DFSH334001-BLUE-44] 5u (32d) | [DFSH334001-ORAN-38] 1u (32d) | [DFSH334001-BEIG-45] 1u (32d) | [DFSH334009-ORAN-40] 1u (32d) | [DFSH334001-FUCH-38] 1u (32d) | [DFSH334001-BLUE-44] 8u (32d) | [DFSH334001-BLUE-43] 1u (32d) | [DFSH334009-ORAN-37] 1u (32d) | [DFSH334001-ROSE-40] 1u (32d) | [DFSH334001-GREY-37] 1u (32d) | [DFSH334001-BLUE-42] 1u (32d) | [DFSH334001-ORAN-36] 1u (32d) | [DFSH334009-GREY-36] 2u (32d) | [DFSH334009-GREY-38] 1u (32d) | [DFSH334009-ORAN-36] 1u (32d) | [DFSH334001-BEIG-44] 1u (32d) | [DFSH334001-FUCH-41] 1u (32d) | [DFSH334001-GOLD-39] 1u (32d) | [DFSH334001-GOLD-36] 1u (32d) | [DFSH334001-BLUE-43] 2u (32d) | [DFSH334001-BLUE-45] 2u (32d) | [DFSH334001-BLUE-44] 1u (32d) | [DFSH334001-ORAN-38] 1u (32d) | [DFSH334009-BLAC-41] 1u (32d) | [DFSH334001-FUCH-39] 1u (32d) | [DFSH334001-FUCH-37] 1u (32d) | [DFSH334001-FUCH-38] 2u (32d) | [DFSH334001-BEIG-40] 1u (32d) | [DFSH334001-BLUE-45] 1u (32d) | [DFSH334001-BLUE-43] 1u (32d) | [DFSH334001-FUCH-41] 1u (32d) | [DFSH334001-BLAC-36] 1u (32d) | [DFSH334001-BLUE-44] 5u (32d) | [DFSH334001-BLUE-43] 3u (32d) | [DFSH334001-BLUE-45] 2u (32d)
CLABD/Stock/StorageBD/CLA-064-09-03-01;BLACK;60;0.00;B+A;492;50;[DFSH371010-BEIG-41] 12u (492d) | [DFSH371010-BEIG-41] 12u (492d) | [DFSH371010-BEIG-40] 12u (492d) | [DFSH371010-BEIG-37] 12u (492d) | [DFSH347001-SILV-38] 12u (492d)
CLABD/Stock/StorageBD/CLA-065-01-01-01;BLACK;108;0.00;B+A;492;90;[DFSH371010-BEIG-41] 12u (492d) | [DFSH371010-BEIG-41] 12u (492d) | [DFSH371010-BEIG-41] 12u (492d) | [DFSH371010-BEIG-37] 12u (492d) | [DFSH371010-BEIG-37] 12u (492d) | [DFSH371010-BEIG-37] 12u (492d) | [DFSH371010-BEIG-37] 12u (492d) | [DFSH371010-BEIG-36] 12u (492d) | [DFSH370006-NUT-36] 12u (417d)
CLABD/Stock/StorageBD/CLA-065-01-01-02;BLACK;114;0.00;B+A+C;443;100;[DFSH375003-TAN-36] 3u (164d) | [DFSH391001-BEIG-39] 15u (164d) | [DFSH375003-TAN-37] 3u (164d) | [DFTXSWE011-GREY-L] 16u (443d) | [DFTXSWE011-GREY-M] 14u (443d) | [DFTXHOD019-BROW-XL] 7u (443d) | [DFTXHOD019-GREE-XL] 5u (443d) | [DFTXHOD019-GREE-M] 6u (443d) | [DFTXHOD018-GREY-S] 5u (443d) | [DFTXHOD018-BLAC-XL] 8u (443d) | [KV330025-0011-39] 6u (400d) | [KV330025-0011-41] 3u (400d) | [KV330025-0011-38] 5u (400d) | [KV330025-0011-37] 2u (400d) | [KV330025-0011-40] 1u (400d) | [KVK10102-0001-36] 1u (381d) | [KVK10102-0001-37] 2u (381d) | [KVK10102-0001-38] 2u (381d) | [KVK10102-0001-39] 3u (381d) | [KVK10102-0001-40] 2u (381d) | [KVK10102-0001-41] 1u (381d) | [NVK33410-0006-40] 3u (381d) | [NVK33410-0006-39] 1u (381d)
CLABD/Stock/StorageBD/CLA-065-01-01-03;BLACK;96;0.00;B+A;492;80;[DFSH371010-BEIG-41] 12u (492d) | [DFSH371010-BEIG-37] 12u (492d) | [DFSH371010-BEIG-37] 12u (492d) | [DFSH371010-BEIG-37] 12u (492d) | [DFSH371010-BEIG-37] 12u (492d) | [DFSH371010-BEIG-36] 12u (492d) | [DFSH371010-BEIG-36] 12u (492d) | [DFSH381001-BLAC-38] 12u (487d)
CLABD/Stock/StorageBD/CLA-065-01-03-01;BLACK;60;0.00;B;492;50;[DFSH405003-SILV-36] 1u (270d) | [DFSH405003-SILV-37] 2u (270d) | [DFSH405003-SILV-38] 3u (270d) | [DFSH405003-SILV-39] 3u (270d) | [DFSH405003-SILV-40] 2u (270d) | [DFSH405003-SILV-41] 1u (270d) | [DFSH405003-SILV-36] 1u (270d) | [DFSH405003-SILV-37] 2u (270d) | [DFSH405003-SILV-38] 3u (270d) | [DFSH405003-SILV-39] 3u (270d) | [DFSH405003-SILV-40] 2u (270d) | [DFSH405003-SILV-41] 1u (270d) | [DFSH405003-SILV-36] 1u (270d) | [DFSH405003-SILV-37] 2u (270d) | [DFSH405003-SILV-38] 3u (270d) | [DFSH405003-SILV-39] 3u (270d) | [DFSH405003-SILV-40] 2u (270d) | [DFSH405003-SILV-41] 1u (270d) | [DFSH347001-SILV-39] 12u (492d) | [DFSH347001-SILV-38] 12u (492d)
CLABD/Stock/StorageBD/CLA-065-02-01-01;BLACK;108;0.00;B+A;492;90;[DFSH371010-BEIG-41] 12u (492d) | [DFSH371010-BEIG-40] 12u (492d) | [DFSH371010-BEIG-39] 12u (492d) | [DFSH371010-BEIG-39] 12u (492d) | [DFSH371010-BEIG-39] 12u (492d) | [DFSH371010-BEIG-39] 12u (492d) | [DFSH371010-BEIG-39] 12u (492d) | [DFSH371010-BEIG-37] 12u (492d) | [DFSH371010-BEIG-37] 12u (492d)
CLABD/Stock/StorageBD/CLA-065-02-01-03;BLACK;72;0.00;A+B;487;60;[DFSH371006-BEIG-40] 12u (478d) | [DFSH371006-BEIG-40] 12u (478d) | [DFSH381001-BLAC-38] 12u (487d) | [DFSH381001-BLAC-38] 12u (487d) | [DFSH405003-SILV-36] 1u (270d) | [DFSH405003-SILV-37] 2u (270d) | [DFSH405003-SILV-38] 3u (270d) | [DFSH405003-SILV-39] 3u (270d) | [DFSH405003-SILV-40] 2u (270d) | [DFSH405003-SILV-41] 1u (270d) | [DFSH405003-GOLD-36] 1u (270d) | [DFSH405003-GOLD-37] 2u (270d) | [DFSH405003-GOLD-38] 3u (270d) | [DFSH405003-GOLD-39] 3u (270d) | [DFSH405003-GOLD-40] 2u (270d) | [DFSH405003-GOLD-41] 1u (270d)
CLABD/Stock/StorageBD/CLA-065-02-02-01;BLACK;48;0.00;A;492;40;[DFSH347003_-BLAC-41] 12u (492d) | [DFSH347003_-BLAC-41] 12u (492d) | [DFSH347003_-BLAC-39] 12u (492d) | [DFSH347003_-BLAC-36] 12u (492d)
CLABD/Stock/StorageBD/CLA-065-02-03-03;BLACK;60;0.00;A;487;50;[DFSH381001-BLAC-41] 12u (487d) | [DFSH381001-BLAC-41] 12u (487d) | [DFSH381001-BLAC-41] 12u (487d) | [DFSH381001-BLAC-41] 12u (487d) | [DFSH381001-BLAC-40] 12u (487d)
CLABD/Stock/StorageBD/CLA-065-03-01-01;BLACK;108;0.00;A+B;502;90;[DFSH371010-BEIG-40] 12u (492d) | [DFSH371010-BEIG-40] 12u (492d) | [DFSH371010-BEIG-40] 12u (492d) | [DFSH371010-BEIG-40] 12u (492d) | [DFSH371010-BLAC-36] 12u (428d) | [DFSH391001-BEIG-39] 12u (502d) | [DFSH391001-BEIG-37] 12u (502d) | [DFSH371006-BEIG-40] 12u (478d) | [DFSH371004-CORA-36] 12u (450d)
CLABD/Stock/StorageBD/CLA-065-03-02-01;BLACK;36;0.00;A;487;30;[DFSH381001-KHAK-41] 12u (487d) | [DFSH381001-KHAK-41] 12u (487d) | [DFSH381001-KHAK-37] 12u (487d)
CLABD/Stock/StorageBD/CLA-065-03-02-03;BLACK;60;0.00;B+A;502;50;[DFSH391001-BEIG-41] 12u (502d) | [DFSH391001-BEIG-41] 12u (502d) | [DFSH391001-BEIG-40] 12u (502d) | [DFSH391001-BEIG-37] 12u (502d) | [DFSH391001-BEIG-37] 12u (502d)
CLABD/Stock/StorageBD/CLA-065-03-03-01;BLACK;24;0.00;A;487;20;[DFSH381001-KHAK-41] 12u (487d) | [DFSH381001-KHAK-40] 12u (487d)
CLABD/Stock/StorageBD/CLA-065-04-01-01;BLACK;48;0.00;A;492;40;[DFSH347001-SILV-37] 12u (492d) | [DFSH347001-SILV-36] 12u (492d) | [DFSH347001-SILV-36] 12u (492d) | [DFSH381001-KHAK-36] 12u (487d)
CLABD/Stock/StorageBD/CLA-065-04-01-02;BLACK;94;0.00;B+A+C;619;80;[DFSH391001-BEIG-37] 4u (502d) | [DFSH321086-OFFW-38] 10u (522d) | [DFSH321086-OFFW-36] 1u (522d) | [DFSH321086-OFFW-37] 4u (522d) | [DFSH321086-OFFW-37] 6u (522d) | [DFSH321086-OFFW-36] 9u (522d) | [DFSH397002-GOLD-36] 1u (296d) | [DFSH397002-GOLD-37] 2u (296d) | [DFSH397002-GOLD-38] 3u (296d) | [DFSH397002-GOLD-39] 3u (296d) | [DFSH397002-GOLD-40] 2u (296d) | [DFSH397002-GOLD-41] 1u (296d) | [DFSH397002-GOLD-36] 1u (296d) | [DFSH397002-GOLD-37] 2u (296d) | [DFSH397002-GOLD-38] 3u (296d) | [DFSH397002-GOLD-39] 3u (296d) | [DFSH397002-GOLD-40] 2u (296d) | [DFSH397002-GOLD-41] 1u (296d) | [DFSH397002-GOLD-36] 1u (296d) | [DFSH397002-GOLD-37] 2u (296d) | [DFSH397002-GOLD-38] 3u (296d) | [DFSH397002-GOLD-39] 3u (296d) | [DFSH397002-GOLD-40] 2u (296d) | [DFSH397002-GOLD-41] 1u (296d) | [DFSH392001-WHIT-36] 1u (619d) | [DFSH392001-WHIT-37] 2u (619d) | [DFSH392001-WHIT-38] 3u (619d) | [DFSH392001-WHIT-39] 3u (619d) | [DFSH392001-WHIT-40] 2u (619d) | [DFSH392001-WHIT-41] 1u (619d) | [DFSH392001-WHIT-36] 1u (619d) | [DFSH392001-WHIT-37] 2u (619d) | [DFSH392001-WHIT-38] 3u (619d) | [DFSH392001-WHIT-39] 3u (619d) | [DFSH392001-WHIT-40] 2u (619d) | [DFSH392001-WHIT-41] 1u (619d)
CLABD/Stock/StorageBD/CLA-065-04-02-02;BLACK;72;0.00;A;487;60;[DFSH381001-KHAK-41] 12u (487d) | [DFSH381001-KHAK-40] 12u (487d) | [DFSH381001-KHAK-37] 12u (487d) | [DFSH381001-KHAK-37] 12u (487d) | [DFSH381001-KHAK-37] 12u (487d) | [DFSH381001-KHAK-37] 12u (487d)
CLABD/Stock/StorageBD/CLA-065-04-03-02;BLACK;72;0.00;A;487;60;[DFSH381001-KHAK-40] 12u (487d) | [DFSH381001-KHAK-38] 12u (487d) | [DFSH381001-KHAK-38] 12u (487d) | [DFSH381001-KHAK-38] 12u (487d) | [DFSH381001-KHAK-38] 12u (487d) | [DFSH381001-KHAK-36] 12u (487d)
CLABD/Stock/StorageBD/CLA-065-05-01-01;BLACK;84;0.00;A+B+D+C;619;70;[DFSH371006-BEIG-40] 12u (478d) | [DFSH387006-BLAC-41] 1u (144d) | [DFSH387006-BLAC-42] 2u (144d) | [DFSH387006-BLAC-43] 3u (144d) | [DFSH387006-BLAC-44] 3u (144d) | [DFSH387006-BLAC-45] 2u (144d) | [DFSH387006-BLAC-46] 1u (144d) | [DFSH387005-PPIN-36] 1u (144d) | [DFSH387005-PPIN-37] 2u (144d) | [DFSH387005-PPIN-38] 3u (144d) | [DFSH387005-PPIN-39] 3u (144d) | [DFSH387005-PPIN-40] 2u (144d) | [DFSH387005-PPIN-41] 1u (144d) | [DFSH387005-PPIN-36] 1u (144d) | [DFSH387005-PPIN-37] 2u (144d) | [DFSH387005-PPIN-38] 3u (144d) | [DFSH387005-PPIN-39] 3u (144d) | [DFSH387005-PPIN-40] 2u (144d) | [DFSH387005-PPIN-41] 1u (144d) | [DFSH387006-WHIT-36] 1u (144d) | [DFSH387006-WHIT-37] 2u (144d) | [DFSH387006-WHIT-38] 3u (144d) | [DFSH387006-WHIT-39] 3u (144d) | [DFSH387006-WHIT-40] 2u (144d) | [DFSH387006-WHIT-41] 1u (144d) | [DFSH392001-WHIT-36] 1u (619d) | [DFSH392001-WHIT-37] 2u (619d) | [DFSH392001-WHIT-38] 3u (619d) | [DFSH392001-WHIT-39] 3u (619d) | [DFSH392001-WHIT-40] 2u (619d) | [DFSH392001-WHIT-41] 1u (619d) | [DFSH392001-WHIT-36] 1u (619d) | [DFSH392001-WHIT-37] 2u (619d) | [DFSH392001-WHIT-38] 3u (619d) | [DFSH392001-WHIT-39] 3u (619d) | [DFSH392001-WHIT-40] 2u (619d) | [DFSH392001-WHIT-41] 1u (619d)
CLABD/Stock/StorageBD/CLA-065-05-01-02;BLACK;69;0.00;A+B+C;619;50;[DFSH370005-BLAC-36] 12u (509d) | [DFSH370005-BLAC-36] 12u (509d) | [DFSH370005-BLAC-36] 12u (509d) | [DFSH384005-SILV-39] 6u (400d) | [DFSH384005-SILV-37] 6u (400d) | [DFSH384007-WHIT-43] 1u (400d) | [DFSH384005-SILV-38] 4u (400d) | [DFSH384005-SILV-36] 3u (400d) | [DFSH384005-SILV-41] 1u (400d) | [DFSH392001-WHIT-36] 1u (619d) | [DFSH392001-WHIT-37] 2u (619d) | [DFSH392001-WHIT-38] 3u (619d) | [DFSH392001-WHIT-39] 3u (619d) | [DFSH392001-WHIT-40] 2u (619d) | [DFSH392001-WHIT-41] 1u (619d)
CLABD/Stock/StorageBD/CLA-065-05-03-01;BLACK;48;0.00;A;417;40;[DFSH370003-TAN-36] 12u (354d) | [DFSH370003-TAN-36] 12u (354d) | [DFSH370003-TAN-36] 12u (417d) | [DFSH370003-TAN-36] 12u (417d)
CLABD/Stock/StorageBD/CLA-065-06-01-02;BLACK;63;0.00;B+A+C+D;718;60;[DFSH371010-BEIG-41] 9u (702d) | [DFSH370005-MUST-37] 9u (718d) | [DFSH370005-MUST-36] 9u (718d) | [DFSH387006-WHIT-41] 1u (144d) | [DFSH387006-WHIT-42] 2u (144d) | [DFSH387006-WHIT-43] 3u (144d) | [DFSH387006-WHIT-44] 3u (144d) | [DFSH387006-WHIT-45] 2u (144d) | [DFSH387006-WHIT-46] 1u (144d) | [DFSH387006-WHIT-41] 1u (144d) | [DFSH387006-WHIT-42] 2u (144d) | [DFSH387006-WHIT-43] 3u (144d) | [DFSH387006-WHIT-44] 3u (144d) | [DFSH387006-WHIT-45] 2u (144d) | [DFSH387006-WHIT-46] 1u (144d) | [DFSH387006-WHIT-41] 1u (144d) | [DFSH387006-WHIT-42] 2u (144d) | [DFSH387006-WHIT-43] 3u (144d) | [DFSH387006-WHIT-44] 3u (144d) | [DFSH387006-WHIT-45] 2u (144d) | [DFSH387006-WHIT-46] 1u (144d)
CLABD/Stock/StorageBD/CLA-065-06-01-03;BLACK;72;0.00;A;417;60;[DFSH371004-TAN-38] 12u (355d) | [DFSH371004-TAN-38] 12u (355d) | [DFSH371004-TAN-38] 12u (355d) | [DFSH371004-TAN-38] 12u (355d) | [DFSH371004-TAN-38] 12u (417d) | [DFSH371004-TAN-38] 12u (355d)
CLABD/Stock/StorageBD/CLA-065-06-02-02;BLACK;60;0.00;A;478;50;[DFSH371006-BEIG-40] 12u (478d) | [DFSH371006-BEIG-40] 12u (478d) | [DFSH371006-BEIG-40] 12u (478d) | [DFSH371006-BEIG-40] 12u (478d) | [DFSH371006-BEIG-40] 12u (478d)
CLABD/Stock/StorageBD/CLA-065-06-03-01;BLACK;72;0.00;A;478;60;[DFSH371006-BEIG-40] 12u (478d) | [DFSH371006-BEIG-40] 12u (478d) | [DFSH371006-BEIG-40] 12u (478d) | [DFSH371006-BEIG-40] 12u (478d) | [DFSH371006-BEIG-40] 12u (478d) | [DFSH371006-BEIG-40] 12u (478d)
CLABD/Stock/StorageBD/CLA-065-07-01-01;BLACK;33;0.00;A;417;30;[DFSH370006-NUT-37] 12u (417d) | [DFSH370006-NUT-37] 12u (417d) | [DFSH370012-TAUP-38] 2u (234d) | [DFSH370012-TAUP-37] 2u (234d) | [DFSH370012-TAUP-36] 1u (234d) | [DFSH370012-TAUP-41] 1u (234d) | [DFSH370012-TAUP-39] 2u (234d) | [DFSH370012-TAUP-40] 1u (234d)
CLABD/Stock/StorageBD/CLA-065-07-01-02;BLACK;245;0.00;B+A+C+D;1178;65;[DFACBE2308-NAVY] 50u (725d) | [DFACBE2308-PINK] 50u (725d) | [DFKSUN1025] 100u (1178d) | [DFSH394001-PURP-36] 1u (556d) | [DFSH394001-PURP-37] 2u (571d) | [DFSH394001-PURP-38] 2u (571d) | [DFSH394001-PURP-39] 2u (571d) | [DFSH394001-PURP-40] 1u (571d) | [DFSH394001-PURP-41] 1u (571d) | [DFSH387006-BLAC-41] 1u (144d) | [DFSH387006-BLAC-42] 2u (144d) | [DFSH387006-BLAC-43] 3u (144d) | [DFSH387006-BLAC-44] 3u (144d) | [DFSH387006-BLAC-45] 2u (144d) | [DFSH387006-BLAC-46] 1u (144d) | [DFSH387006-BLAC-41] 1u (144d) | [DFSH387006-BLAC-42] 2u (144d) | [DFSH387006-BLAC-43] 3u (144d) | [DFSH387006-BLAC-44] 3u (144d) | [DFSH387006-BLAC-45] 2u (144d) | [DFSH387006-BLAC-46] 1u (144d) | [DFSH387006-BLAC-41] 1u (144d) | [DFSH387006-BLAC-42] 2u (144d) | [DFSH387006-BLAC-43] 3u (144d) | [DFSH387006-BLAC-44] 3u (144d) | [DFSH387006-BLAC-45] 2u (144d) | [DFSH387006-BLAC-46] 1u (144d)
CLABD/Stock/StorageBD/CLA-065-08-01-03;BLACK;70;0.00;A+B;492;60;[DFSH371006-BEIG-41] 12u (445d) | [DFSH371006-BEIG-38] 12u (445d) | [DFSH371006-BEIG-38] 12u (445d) | [DFSH371006-BEIG-41] 12u (445d) | [DFSH371006-BEIG-41] 12u (445d) | [DFSH347001-SILV-42] 7u (492d) | [DFSH347001-SILV-41] 3u (492d)
CLABD/Stock/StorageBD/CLA-065-08-03-01;BLACK;45;0.00;A;374;50;[DFSH371004-TAN-36] 1u (374d) | [DFSH371004-TAN-37] 2u (374d) | [DFSH371004-TAN-38] 2u (374d) | [DFSH371004-TAN-39] 2u (374d) | [DFSH371004-TAN-40] 1u (374d) | [DFSH371004-TAN-41] 1u (374d) | [DFSH371004-TAN-36] 1u (374d) | [DFSH371004-TAN-37] 2u (374d) | [DFSH371004-TAN-38] 2u (374d) | [DFSH371004-TAN-39] 2u (374d) | [DFSH371004-TAN-40] 1u (374d) | [DFSH371004-TAN-41] 1u (374d) | [DFSH371004-TAN-36] 1u (374d) | [DFSH371004-TAN-37] 2u (374d) | [DFSH371004-TAN-38] 2u (374d) | [DFSH371004-TAN-39] 2u (374d) | [DFSH371004-TAN-40] 1u (374d) | [DFSH371004-TAN-41] 1u (374d) | [DFSH371004-TAN-36] 1u (374d) | [DFSH371004-TAN-37] 2u (374d) | [DFSH371004-TAN-38] 2u (374d) | [DFSH371004-TAN-39] 2u (374d) | [DFSH371004-TAN-40] 1u (374d) | [DFSH371004-TAN-41] 1u (374d) | [DFSH371004-TAN-36] 1u (374d) | [DFSH371004-TAN-37] 2u (374d) | [DFSH371004-TAN-38] 2u (374d) | [DFSH371004-TAN-39] 2u (374d) | [DFSH371004-TAN-40] 1u (374d) | [DFSH371004-TAN-41] 1u (374d)
CLABD/Stock/StorageBD/CLA-065-08-03-02;BLACK;33;0.00;B+A;646;30;[DFSH321018-MULT_-36] 1u (646d) | [DFSH321018-MULT_-37] 2u (646d) | [DFSH321018-MULT_-38] 2u (646d) | [DFSH321018-MULT_-39] 2u (646d) | [DFSH321018-MULT_-40] 1u (646d) | [DFSH321018-MULT_-41] 1u (646d) | [DFSH370005-BLAC-36] 12u (396d) | [DFSH370005-BLAC-36] 12u (396d)
CLABD/Stock/StorageBD/CLA-065-09-01-01;BLACK;84;0.00;A;417;70;[DFSH370003-BLAC-41] 12u (417d) | [DFSH370003-BLAC-41] 12u (417d) | [DFSH370003-BLAC-41] 12u (417d) | [DFSH370003-BLAC-39] 12u (417d) | [DFSH370003-BLAC-39] 12u (417d) | [DFSH370003-BLAC-39] 12u (417d) | [DFSH370003-BLAC-39] 12u (417d)
CLABD/Stock/StorageBD/CLA-065-09-02-02;BLACK;72;0.00;A;478;80;[DFSH371006-BEIG-36] 1u (478d) | [DFSH371006-BEIG-37] 2u (478d) | [DFSH371006-BEIG-38] 2u (478d) | [DFSH371006-BEIG-39] 2u (478d) | [DFSH371006-BEIG-40] 1u (478d) | [DFSH371006-BEIG-41] 1u (478d) | [DFSH371006-BEIG-36] 1u (478d) | [DFSH371006-BEIG-37] 2u (478d) | [DFSH371006-BEIG-38] 2u (478d) | [DFSH371006-BEIG-39] 2u (478d) | [DFSH371006-BEIG-40] 1u (478d) | [DFSH371006-BEIG-41] 1u (478d) | [DFSH371006-BEIG-36] 1u (478d) | [DFSH371006-BEIG-37] 2u (478d) | [DFSH371006-BEIG-38] 2u (478d) | [DFSH371006-BEIG-39] 2u (478d) | [DFSH371006-BEIG-40] 1u (478d) | [DFSH371006-BEIG-41] 1u (478d) | [DFSH371006-BEIG-36] 1u (478d) | [DFSH371006-BEIG-37] 2u (478d) | [DFSH371006-BEIG-38] 2u (478d) | [DFSH371006-BEIG-39] 2u (478d) | [DFSH371006-BEIG-40] 1u (478d) | [DFSH371006-BEIG-41] 1u (478d) | [DFSH371006-BEIG-36] 1u (478d) | [DFSH371006-BEIG-37] 2u (478d) | [DFSH371006-BEIG-38] 2u (478d) | [DFSH371006-BEIG-39] 2u (478d) | [DFSH371006-BEIG-40] 1u (478d) | [DFSH371006-BEIG-41] 1u (478d) | [DFSH371006-BEIG-36] 1u (478d) | [DFSH371006-BEIG-37] 2u (478d) | [DFSH371006-BEIG-38] 2u (478d) | [DFSH371006-BEIG-39] 2u (478d) | [DFSH371006-BEIG-40] 1u (478d) | [DFSH371006-BEIG-41] 1u (478d) | [DFSH371006-BEIG-36] 1u (478d) | [DFSH371006-BEIG-37] 2u (478d) | [DFSH371006-BEIG-38] 2u (478d) | [DFSH371006-BEIG-39] 2u (478d) | [DFSH371006-BEIG-40] 1u (478d) | [DFSH371006-BEIG-41] 1u (478d) | [DFSH371006-BEIG-36] 1u (478d) | [DFSH371006-BEIG-37] 2u (478d) | [DFSH371006-BEIG-38] 2u (478d) | [DFSH371006-BEIG-39] 2u (478d) | [DFSH371006-BEIG-40] 1u (478d) | [DFSH371006-BEIG-41] 1u (478d)
CLABD/Stock/StorageBD/CLA-065-09-03-01;BLACK;72;0.00;A;478;80;[DFSH371006-BEIG-36] 1u (478d) | [DFSH371006-BEIG-37] 2u (478d) | [DFSH371006-BEIG-38] 2u (478d) | [DFSH371006-BEIG-39] 2u (478d) | [DFSH371006-BEIG-40] 1u (478d) | [DFSH371006-BEIG-41] 1u (478d) | [DFSH371006-BEIG-36] 1u (478d) | [DFSH371006-BEIG-37] 2u (478d) | [DFSH371006-BEIG-38] 2u (478d) | [DFSH371006-BEIG-39] 2u (478d) | [DFSH371006-BEIG-40] 1u (478d) | [DFSH371006-BEIG-41] 1u (478d) | [DFSH371006-BEIG-36] 1u (478d) | [DFSH371006-BEIG-37] 2u (478d) | [DFSH371006-BEIG-38] 2u (478d) | [DFSH371006-BEIG-39] 2u (478d) | [DFSH371006-BEIG-40] 1u (478d) | [DFSH371006-BEIG-41] 1u (478d) | [DFSH371006-BEIG-36] 1u (478d) | [DFSH371006-BEIG-37] 2u (478d) | [DFSH371006-BEIG-38] 2u (478d) | [DFSH371006-BEIG-39] 2u (478d) | [DFSH371006-BEIG-40] 1u (478d) | [DFSH371006-BEIG-41] 1u (478d) | [DFSH371006-BEIG-36] 1u (478d) | [DFSH371006-BEIG-37] 2u (478d) | [DFSH371006-BEIG-38] 2u (478d) | [DFSH371006-BEIG-39] 2u (478d) | [DFSH371006-BEIG-40] 1u (478d) | [DFSH371006-BEIG-41] 1u (478d) | [DFSH371006-BEIG-36] 1u (478d) | [DFSH371006-BEIG-37] 2u (478d) | [DFSH371006-BEIG-38] 2u (478d) | [DFSH371006-BEIG-39] 2u (478d) | [DFSH371006-BEIG-40] 1u (478d) | [DFSH371006-BEIG-41] 1u (478d) | [DFSH371006-BEIG-36] 1u (478d) | [DFSH371006-BEIG-37] 2u (478d) | [DFSH371006-BEIG-38] 2u (478d) | [DFSH371006-BEIG-39] 2u (478d) | [DFSH371006-BEIG-40] 1u (478d) | [DFSH371006-BEIG-41] 1u (478d) | [DFSH371006-BEIG-36] 1u (478d) | [DFSH371006-BEIG-37] 2u (478d) | [DFSH371006-BEIG-38] 2u (478d) | [DFSH371006-BEIG-39] 2u (478d) | [DFSH371006-BEIG-40] 1u (478d) | [DFSH371006-BEIG-41] 1u (478d)
CLABD/Stock/StorageBD/CLA-065-09-03-02;BLACK;72;0.00;A;478;80;[DFSH371006-BEIG-36] 1u (478d) | [DFSH371006-BEIG-37] 2u (478d) | [DFSH371006-BEIG-38] 2u (478d) | [DFSH371006-BEIG-39] 2u (478d) | [DFSH371006-BEIG-40] 1u (478d) | [DFSH371006-BEIG-41] 1u (478d) | [DFSH371006-BEIG-36] 1u (478d) | [DFSH371006-BEIG-37] 2u (478d) | [DFSH371006-BEIG-38] 2u (478d) | [DFSH371006-BEIG-39] 2u (478d) | [DFSH371006-BEIG-40] 1u (478d) | [DFSH371006-BEIG-41] 1u (478d) | [DFSH371006-BEIG-36] 1u (478d) | [DFSH371006-BEIG-37] 2u (478d) | [DFSH371006-BEIG-38] 2u (478d) | [DFSH371006-BEIG-39] 2u (478d) | [DFSH371006-BEIG-40] 1u (478d) | [DFSH371006-BEIG-41] 1u (478d) | [DFSH371006-BEIG-36] 1u (478d) | [DFSH371006-BEIG-37] 2u (478d) | [DFSH371006-BEIG-38] 2u (478d) | [DFSH371006-BEIG-39] 2u (478d) | [DFSH371006-BEIG-40] 1u (478d) | [DFSH371006-BEIG-41] 1u (478d) | [DFSH371006-BEIG-36] 1u (478d) | [DFSH371006-BEIG-37] 2u (478d) | [DFSH371006-BEIG-38] 2u (478d) | [DFSH371006-BEIG-39] 2u (478d) | [DFSH371006-BEIG-40] 1u (478d) | [DFSH371006-BEIG-41] 1u (478d) | [DFSH371006-BEIG-36] 1u (478d) | [DFSH371006-BEIG-37] 2u (478d) | [DFSH371006-BEIG-38] 2u (478d) | [DFSH371006-BEIG-39] 2u (478d) | [DFSH371006-BEIG-40] 1u (478d) | [DFSH371006-BEIG-41] 1u (478d) | [DFSH371006-BEIG-36] 1u (478d) | [DFSH371006-BEIG-37] 2u (478d) | [DFSH371006-BEIG-38] 2u (478d) | [DFSH371006-BEIG-39] 2u (478d) | [DFSH371006-BEIG-40] 1u (478d) | [DFSH371006-BEIG-41] 1u (478d) | [DFSH371006-BEIG-36] 1u (478d) | [DFSH371006-BEIG-37] 2u (478d) | [DFSH371006-BEIG-38] 2u (478d) | [DFSH371006-BEIG-39] 2u (478d) | [DFSH371006-BEIG-40] 1u (478d) | [DFSH371006-BEIG-41] 1u (478d)
CLABD/Stock/StorageBD/CLA-065-09-03-03;BLACK;45;0.00;A;478;50;[DFSH371006-BEIG-36] 1u (478d) | [DFSH371006-BEIG-37] 2u (478d) | [DFSH371006-BEIG-38] 2u (478d) | [DFSH371006-BEIG-39] 2u (478d) | [DFSH371006-BEIG-40] 1u (478d) | [DFSH371006-BEIG-41] 1u (478d) | [DFSH371006-BEIG-36] 1u (478d) | [DFSH371006-BEIG-37] 2u (478d) | [DFSH371006-BEIG-38] 2u (478d) | [DFSH371006-BEIG-39] 2u (478d) | [DFSH371006-BEIG-40] 1u (478d) | [DFSH371006-BEIG-41] 1u (478d) | [DFSH371006-BEIG-36] 1u (478d) | [DFSH371006-BEIG-37] 2u (478d) | [DFSH371006-BEIG-38] 2u (478d) | [DFSH371006-BEIG-39] 2u (478d) | [DFSH371006-BEIG-40] 1u (478d) | [DFSH371006-BEIG-41] 1u (478d) | [DFSH371006-BEIG-36] 1u (478d) | [DFSH371006-BEIG-37] 2u (478d) | [DFSH371006-BEIG-38] 2u (478d) | [DFSH371006-BEIG-39] 2u (478d) | [DFSH371006-BEIG-40] 1u (478d) | [DFSH371006-BEIG-41] 1u (478d) | [DFSH371006-BEIG-36] 1u (478d) | [DFSH371006-BEIG-37] 2u (478d) | [DFSH371006-BEIG-38] 2u (478d) | [DFSH371006-BEIG-39] 2u (478d) | [DFSH371006-BEIG-40] 1u (478d) | [DFSH371006-BEIG-41] 1u (478d)
CLABD/Stock/StorageBD/CLA-066-01-01-01;BLACK;36;0.00;A+B;522;30;[DFSH370005-BLAC-36] 12u (396d) | [DFSH371007-WHIT-36] 12u (491d) | [DFSH321089-GOLD-38] 12u (522d)
CLABD/Stock/StorageBD/CLA-066-01-01-02;BLACK;43;0.00;A+B;400;40;[DFSH371006-BEIG-37] 3u (157d) | [DFSH371006-BEIG-36] 2u (157d) | [DFSH371006-BEIG-41] 1u (164d) | [DFSH371006-BEIG-41] 4u (164d) | [DFSH371006-BEIG-36] 2u (157d) | [DFSH347003_-BLAC-39] 1u (157d) | [DFSH371004-TAUP-38] 1u (157d) | [DFSH370005-BLAC-37] 1u (157d) | [DFSH371006-BEIG-41] 8u (164d) | [DFSH384005-GOLD-36] 7u (400d) | [DFSH384005-GOLD-37] 10u (400d) | [DFSH384005-GOLD-38] 3u (400d)
CLABD/Stock/StorageBD/CLA-066-01-01-03;BLACK;80;0.00;B+A;522;70;[DFSH321089-GOLD-38] 12u (424d) | [DFSH321089-GOLD-38] 12u (424d) | [DFSH321089-GOLD-38] 12u (423d) | [DFSH321089-GOLD-38] 12u (423d) | [DFSH321089-BLAC-37] 12u (522d) | [DFSH371006-BEIG-37] 2u (157d) | [DFSH371006-BEIG-41] 1u (164d) | [DFSH371004-TAUP-39] 1u (157d) | [DFSH375003-TAN-37] 2u (164d) | [DFSH370003-TAN-39] 2u (157d) | [DFSH371004-TAN-41] 12u (355d)
CLABD/Stock/StorageBD/CLA-066-01-02-01;BLACK;36;0.00;B+A;522;30;[DFSH321089-BLAC-37] 12u (522d) | [DFSH321086-OFFW-44] 12u (522d) | [DFSH321086-OFFW-44] 12u (522d)
CLABD/Stock/StorageBD/CLA-066-01-02-03;BLACK;84;0.00;A;478;70;[DFSH371006-BEIG-40] 12u (478d) | [DFSH371006-BEIG-40] 12u (478d) | [DFSH371006-BEIG-40] 12u (478d) | [DFSH371006-BEIG-40] 12u (478d) | [DFSH371006-BEIG-40] 12u (478d) | [DFSH371006-BEIG-39] 12u (478d) | [DFSH371006-BEIG-39] 12u (478d)
CLABD/Stock/StorageBD/CLA-066-02-01-01;BLACK;57;0.00;A+C;619;50;[DFSH371006-BEIG-41] 12u (445d) | [DFSH347003_-BEIG-37] 12u (492d) | [DFSH347003_-BEIG-36] 12u (492d) | [DFSH371007-WHIT-36] 12u (491d) | [DFSH397001-WHIT-41] 1u (619d) | [DFSH397001-WHIT-42] 2u (619d) | [DFSH397001-WHIT-43] 3u (619d) | [DFSH397001-WHIT-44] 2u (619d) | [DFSH397001-WHIT-45] 1u (619d)
CLABD/Stock/StorageBD/CLA-066-02-02-03;BLACK;72;0.00;A;478;60;[DFSH371006-BEIG-39] 12u (445d) | [DFSH371006-BEIG-38] 12u (478d) | [DFSH371006-BEIG-38] 12u (478d) | [DFSH371006-BEIG-38] 12u (478d) | [DFSH371006-BEIG-38] 12u (478d) | [DFSH371006-BEIG-38] 12u (445d)
CLABD/Stock/StorageBD/CLA-066-02-03-01;BLACK;63;0.00;A;396;70;[DFSH370004-BLAC-37] 9u (396d) | [DFSH370004-BLAC-37] 9u (396d) | [DFSH370004-BLAC-37] 9u (396d) | [DFSH370004-BLAC-37] 9u (396d) | [DFSH370004-BLAC-37] 9u (396d) | [DFSH370004-BLAC-37] 9u (396d) | [DFSH370004-BLAC-37] 9u (396d)
CLABD/Stock/StorageBD/CLA-066-02-03-03;BLACK;240;0.00;C+A;619;200;[DFSH392001-WHIT-36] 1u (619d) | [DFSH392001-WHIT-37] 2u (619d) | [DFSH392001-WHIT-38] 3u (619d) | [DFSH392001-WHIT-39] 3u (619d) | [DFSH392001-WHIT-40] 2u (619d) | [DFSH392001-WHIT-41] 1u (619d) | [DFSH392001-WHIT-36] 1u (619d) | [DFSH392001-WHIT-37] 2u (619d) | [DFSH392001-WHIT-38] 3u (619d) | [DFSH392001-WHIT-39] 3u (619d) | [DFSH392001-WHIT-40] 2u (619d) | [DFSH392001-WHIT-41] 1u (619d) | [DFSH392001-WHIT-36] 1u (619d) | [DFSH392001-WHIT-37] 2u (619d) | [DFSH392001-WHIT-38] 3u (619d) | [DFSH392001-WHIT-39] 3u (619d) | [DFSH392001-WHIT-40] 2u (619d) | [DFSH392001-WHIT-41] 1u (619d) | [DFSH392001-WHIT-36] 1u (619d) | [DFSH392001-WHIT-37] 2u (619d) | [DFSH392001-WHIT-38] 3u (619d) | [DFSH392001-WHIT-39] 3u (619d) | [DFSH392001-WHIT-40] 2u (619d) | [DFSH392001-WHIT-41] 1u (619d) | [DFSH392001-WHIT-36] 1u (619d) | [DFSH392001-WHIT-37] 2u (619d) | [DFSH392001-WHIT-38] 3u (619d) | [DFSH392001-WHIT-39] 3u (619d) | [DFSH392001-WHIT-40] 2u (619d) | [DFSH392001-WHIT-41] 1u (619d) | [DFSH392001-WHIT-36] 1u (619d) | [DFSH392001-WHIT-37] 2u (619d) | [DFSH392001-WHIT-38] 3u (619d) | [DFSH392001-WHIT-39] 3u (619d) | [DFSH392001-WHIT-40] 2u (619d) | [DFSH392001-WHIT-41] 1u (619d) | [DFSH392001-WHIT-36] 1u (619d) | [DFSH392001-WHIT-37] 2u (619d) | [DFSH392001-WHIT-38] 3u (619d) | [DFSH392001-WHIT-39] 3u (619d) | [DFSH392001-WHIT-40] 2u (619d) | [DFSH392001-WHIT-41] 1u (619d) | [DFSH392001-WHIT-36] 1u (619d) | [DFSH392001-WHIT-37] 2u (619d) | [DFSH392001-WHIT-38] 3u (619d) | [DFSH392001-WHIT-39] 3u (619d) | [DFSH392001-WHIT-40] 2u (619d) | [DFSH392001-WHIT-41] 1u (619d) | [DFSH392001-WHIT-36] 1u (619d) | [DFSH392001-WHIT-37] 2u (619d) | [DFSH392001-WHIT-38] 3u (619d) | [DFSH392001-WHIT-39] 3u (619d) | [DFSH392001-WHIT-40] 2u (619d) | [DFSH392001-WHIT-41] 1u (619d) | [DFSH392001-WHIT-36] 1u (619d) | [DFSH392001-WHIT-37] 2u (619d) | [DFSH392001-WHIT-38] 3u (619d) | [DFSH392001-WHIT-39] 3u (619d) | [DFSH392001-WHIT-40] 2u (619d) | [DFSH392001-WHIT-41] 1u (619d) | [DFSH392001-WHIT-36] 1u (619d) | [DFSH392001-WHIT-37] 2u (619d) | [DFSH392001-WHIT-38] 3u (619d) | [DFSH392001-WHIT-39] 3u (619d) | [DFSH392001-WHIT-40] 2u (619d) | [DFSH392001-WHIT-41] 1u (619d) | [DFSH392001-WHIT-36] 1u (619d) | [DFSH392001-WHIT-37] 2u (619d) | [DFSH392001-WHIT-38] 3u (619d) | [DFSH392001-WHIT-39] 3u (619d) | [DFSH392001-WHIT-40] 2u (619d) | [DFSH392001-WHIT-41] 1u (619d) | [DFSH392001-WHIT-36] 1u (619d) | [DFSH392001-WHIT-37] 2u (619d) | [DFSH392001-WHIT-38] 3u (619d) | [DFSH392001-WHIT-39] 3u (619d) | [DFSH392001-WHIT-40] 2u (619d) | [DFSH392001-WHIT-41] 1u (619d) | [DFSH392001-WHIT-36] 1u (619d) | [DFSH392001-WHIT-37] 2u (619d) | [DFSH392001-WHIT-38] 3u (619d) | [DFSH392001-WHIT-39] 3u (619d) | [DFSH392001-WHIT-40] 2u (619d) | [DFSH392001-WHIT-41] 1u (619d) | [DFSH392001-WHIT-36] 1u (619d) | [DFSH392001-WHIT-37] 2u (619d) | [DFSH392001-WHIT-38] 3u (619d) | [DFSH392001-WHIT-39] 3u (619d) | [DFSH392001-WHIT-40] 2u (619d) | [DFSH392001-WHIT-41] 1u (619d) | [DFSH392001-WHIT-36] 1u (619d) | [DFSH392001-WHIT-37] 2u (619d) | [DFSH392001-WHIT-38] 3u (619d) | [DFSH392001-WHIT-39] 3u (619d) | [DFSH392001-WHIT-40] 2u (619d) | [DFSH392001-WHIT-41] 1u (619d) | [DFSH392001-WHIT-36] 1u (619d) | [DFSH392001-WHIT-37] 2u (619d) | [DFSH392001-WHIT-38] 3u (619d) | [DFSH392001-WHIT-39] 3u (619d) | [DFSH392001-WHIT-40] 2u (619d) | [DFSH392001-WHIT-41] 1u (619d) | [DFSH392001-WHIT-36] 1u (619d) | [DFSH392001-WHIT-37] 2u (619d) | [DFSH392001-WHIT-38] 3u (619d) | [DFSH392001-WHIT-39] 3u (619d) | [DFSH392001-WHIT-40] 2u (619d) | [DFSH392001-WHIT-41] 1u (619d) | [DFSH392001-WHIT-36] 1u (619d) | [DFSH392001-WHIT-37] 2u (619d) | [DFSH392001-WHIT-38] 3u (619d) | [DFSH392001-WHIT-39] 3u (619d) | [DFSH392001-WHIT-40] 2u (619d) | [DFSH392001-WHIT-41] 1u (619d) | [DFSH392001-WHIT-36] 1u (619d) | [DFSH392001-WHIT-37] 2u (619d) | [DFSH392001-WHIT-38] 3u (619d) | [DFSH392001-WHIT-39] 3u (619d) | [DFSH392001-WHIT-40] 2u (619d) | [DFSH392001-WHIT-41] 1u (619d)
CLABD/Stock/StorageBD/CLA-066-03-01-03;BLACK;81;0.00;A+C;619;70;[DFSH370004-BLAC-38] 12u (446d) | [DFSH370004-BLAC-37] 12u (446d) | [DFSH370004-BLAC-37] 12u (446d) | [DFSH370004-BLAC-37] 12u (446d) | [DFSH370003-BLAC-38] 12u (355d) | [DFSH370004-BLAC-38] 12u (185d) | [DFSH397001-WHIT-41] 1u (619d) | [DFSH397001-WHIT-42] 2u (619d) | [DFSH397001-WHIT-43] 3u (619d) | [DFSH397001-WHIT-44] 2u (619d) | [DFSH397001-WHIT-45] 1u (619d)
CLABD/Stock/StorageBD/CLA-066-04-02-02;BLACK;153;0.00;A+C;571;90;[DFSH394001-BEIG-36] 1u (571d) | [DFSH394001-BEIG-37] 2u (571d) | [DFSH394001-BEIG-38] 2u (571d) | [DFSH394001-BEIG-39] 2u (571d) | [DFSH394001-BEIG-40] 1u (571d) | [DFSH394001-BEIG-41] 1u (571d) | [DFSH394001-BEIG-36] 2u (571d) | [DFSH394001-BEIG-37] 4u (571d) | [DFSH394001-BEIG-38] 4u (571d) | [DFSH394001-BEIG-39] 4u (571d) | [DFSH394001-BEIG-40] 2u (571d) | [DFSH394001-BEIG-41] 2u (571d) | [DFSH394001-BEIG-36] 2u (571d) | [DFSH394001-BEIG-37] 4u (571d) | [DFSH394001-BEIG-38] 4u (571d) | [DFSH394001-BEIG-39] 4u (571d) | [DFSH394001-BEIG-40] 2u (571d) | [DFSH394001-BEIG-41] 2u (571d) | [DFSH394001-BEIG-36] 2u (571d) | [DFSH394001-BEIG-37] 4u (571d) | [DFSH394001-BEIG-38] 4u (571d) | [DFSH394001-BEIG-39] 4u (571d) | [DFSH394001-BEIG-40] 2u (571d) | [DFSH394001-BEIG-41] 2u (571d) | [DFSH394001-BEIG-36] 2u (571d) | [DFSH394001-BEIG-37] 4u (571d) | [DFSH394001-BEIG-38] 4u (571d) | [DFSH394001-BEIG-39] 4u (571d) | [DFSH394001-BEIG-40] 2u (571d) | [DFSH394001-BEIG-41] 2u (571d) | [DFSH394001-BEIG-36] 2u (571d) | [DFSH394001-BEIG-37] 4u (571d) | [DFSH394001-BEIG-38] 4u (571d) | [DFSH394001-BEIG-39] 4u (571d) | [DFSH394001-BEIG-40] 2u (571d) | [DFSH394001-BEIG-41] 2u (571d) | [DFSH394001-BEIG-36] 2u (571d) | [DFSH394001-BEIG-37] 4u (571d) | [DFSH394001-BEIG-38] 4u (571d) | [DFSH394001-BEIG-39] 4u (571d) | [DFSH394001-BEIG-40] 2u (571d) | [DFSH394001-BEIG-41] 2u (571d) | [DFSH394001-BEIG-36] 2u (571d) | [DFSH394001-BEIG-37] 4u (571d) | [DFSH394001-BEIG-38] 4u (571d) | [DFSH394001-BEIG-39] 4u (571d) | [DFSH394001-BEIG-40] 2u (571d) | [DFSH394001-BEIG-41] 2u (571d) | [DFSH394001-BEIG-36] 2u (571d) | [DFSH394001-BEIG-37] 4u (571d) | [DFSH394001-BEIG-38] 4u (571d) | [DFSH394001-BEIG-39] 4u (571d) | [DFSH394001-BEIG-40] 2u (571d) | [DFSH394001-BEIG-41] 2u (571d)
CLABD/Stock/StorageBD/CLA-066-04-03-01;BLACK;72;0.00;A;445;60;[DFSH371006-BEIG-41] 12u (445d) | [DFSH371006-BEIG-41] 12u (445d) | [DFSH370003-TAN-39] 12u (417d) | [DFSH370003-TAN-39] 12u (417d) | [DFSH370003-TAN-40] 12u (417d) | [DFSH370003-TAN-40] 12u (417d)
CLABD/Stock/StorageBD/CLA-066-04-03-03;BLACK;72;0.00;A;390;60;[DFSH371004-TAN-41] 12u (390d) | [DFSH371004-TAN-41] 12u (390d) | [DFSH371004-TAN-37] 12u (390d) | [DFSH370003-BLAC-38] 12u (354d) | [DFSH370003-BLAC-38] 12u (354d) | [DFSH370003-BLAC-38] 12u (354d)
CLABD/Stock/StorageBD/CLA-066-05-01-01;BLACK;38;0.00;B+A+C;400;30;[DFSH384005-GOLD-37] 13u (400d) | [DFSH384005-GOLD-36] 7u (400d) | [DFSH394001-ORAN-37] 3u (400d) | [DFSH394001-ORAN-36] 1u (400d) | [DFSH394001-ORAN-39] 2u (400d) | [DFSH394001-ORAN-38] 2u (400d) | [DFSH394001-ORAN-41] 1u (400d) | [DFSH394001-ORAN-40] 1u (400d) | [DFSH393001-SILV-38] 2u (400d) | [DFSH393001-SILV-39] 5u (400d) | [DFSH393001-SILV-41] 1u (400d)
CLABD/Stock/StorageBD/CLA-066-05-01-03;BLACK;60;0.00;B;725;60;[MIK34901-0043-44] 10u (725d) | [MIK34901-0043-44] 10u (725d) | [MIK34901-0043-43] 10u (725d) | [MIK34901-0043-43] 10u (725d) | [MIK34901-0043-42] 10u (725d) | [MIK34901-0043-42] 10u (725d)
CLABD/Stock/StorageBD/CLA-066-05-02-02;BLACK;45;0.00;B+A;509;50;[DFSH375003-TAN-36] 1u (509d) | [DFSH375003-TAN-37] 2u (509d) | [DFSH375003-TAN-38] 2u (509d) | [DFSH375003-TAN-39] 2u (509d) | [DFSH375003-TAN-40] 1u (509d) | [DFSH375003-TAN-41] 1u (509d) | [DFSH375003-TAN-36] 1u (509d) | [DFSH375003-TAN-37] 2u (509d) | [DFSH375003-TAN-38] 2u (509d) | [DFSH375003-TAN-39] 2u (509d) | [DFSH375003-TAN-40] 1u (509d) | [DFSH375003-TAN-41] 1u (509d) | [DFSH375003-TAN-36] 1u (509d) | [DFSH375003-TAN-37] 2u (509d) | [DFSH375003-TAN-38] 2u (509d) | [DFSH375003-TAN-39] 2u (509d) | [DFSH375003-TAN-40] 1u (509d) | [DFSH375003-TAN-41] 1u (509d) | [DFSH375003-TAN-36] 1u (509d) | [DFSH375003-TAN-37] 2u (509d) | [DFSH375003-TAN-38] 2u (509d) | [DFSH375003-TAN-39] 2u (509d) | [DFSH375003-TAN-40] 1u (509d) | [DFSH375003-TAN-41] 1u (509d) | [DFSH375003-TAN-36] 1u (509d) | [DFSH375003-TAN-37] 2u (509d) | [DFSH375003-TAN-38] 2u (509d) | [DFSH375003-TAN-39] 2u (509d) | [DFSH375003-TAN-40] 1u (509d) | [DFSH375003-TAN-41] 1u (509d)
CLABD/Stock/StorageBD/CLA-066-05-02-03;BLACK;48;0.00;A;390;40;[DFSH371004-TAN-41] 12u (390d) | [DFSH371004-TAN-41] 12u (390d) | [DFSH371004-TAN-41] 12u (390d) | [DFSH371004-TAN-41] 12u (390d)
CLABD/Stock/StorageBD/CLA-066-05-03-02;BLACK;13;0.00;A;509;20;[DFSH375003-BLAC-41] 1u (509d) | [DFSH371006-BEIG-36] 12u (478d)
CLABD/Stock/StorageBD/CLA-066-06-01-03;BLACK;63;0.00;B+A;727;70;[DFSH370005-MUST-36] 9u (727d) | [DFSH370005-MUST-36] 9u (727d) | [DFSH370005-MUST-36] 9u (727d) | [DFSH375003-TAN-36] 1u (509d) | [DFSH375003-TAN-37] 2u (509d) | [DFSH375003-TAN-38] 2u (509d) | [DFSH375003-TAN-39] 2u (509d) | [DFSH375003-TAN-40] 1u (509d) | [DFSH375003-TAN-41] 1u (509d) | [DFSH375003-TAN-36] 1u (509d) | [DFSH375003-TAN-37] 2u (509d) | [DFSH375003-TAN-38] 2u (509d) | [DFSH375003-TAN-39] 2u (509d) | [DFSH375003-TAN-40] 1u (509d) | [DFSH375003-TAN-41] 1u (509d) | [DFSH375003-TAN-36] 1u (509d) | [DFSH375003-TAN-37] 2u (509d) | [DFSH375003-TAN-38] 2u (509d) | [DFSH375003-TAN-39] 2u (509d) | [DFSH375003-TAN-40] 1u (509d) | [DFSH375003-TAN-41] 1u (509d) | [DFSH375003-TAN-36] 1u (509d) | [DFSH375003-TAN-37] 2u (509d) | [DFSH375003-TAN-38] 2u (509d) | [DFSH375003-TAN-39] 2u (509d) | [DFSH375003-TAN-40] 1u (509d) | [DFSH375003-TAN-41] 1u (509d)
CLABD/Stock/StorageBD/CLA-066-06-02-02;BLACK;46;0.00;B+A+D;478;40;[DFSH321090-GOLD-36] 1u (144d) | [DFSH321090-GOLD-37] 2u (144d) | [DFSH321090-GOLD-38] 3u (144d) | [DFSH321090-GOLD-39] 3u (144d) | [DFSH321090-GOLD-40] 2u (144d) | [DFSH321090-GOLD-41] 1u (144d) | [DFSH391013-BLAC-36] 1u (128d) | [DFSH391013-BLAC-37] 2u (128d) | [DFSH391013-BLAC-38] 3u (128d) | [DFSH391013-BLAC-39] 3u (128d) | [DFSH391013-BLAC-40] 2u (128d) | [DFSH391013-BLAC-41] 1u (128d) | [DFSH391001-BLAC-37] 10u (128d) | [DFSH371006-BEIG-39] 12u (478d)
CLABD/Stock/StorageBD/CLA-066-06-02-03;BLACK;60;0.00;A;521;50;[DFSH370005-CAME-36] 12u (383d) | [DFSH370004-BLAC-36] 12u (521d) | [DFSH370004-BLAC-36] 12u (521d) | [DFSH370004-BLAC-36] 12u (521d) | [DFSH370004-BLAC-36] 12u (445d)
CLABD/Stock/StorageBD/CLA-066-06-03-02;BLACK;24;0.00;A;396;20;[DFSH369003-BLAC-40] 12u (396d) | [DFSH369003-BLAC-40] 12u (396d)
CLABD/Stock/StorageBD/CLA-066-07-02-01;BLACK;84;0.00;A;417;70;[DFSH370006-NUT-37] 12u (417d) | [DFSH370003-BLAC-41] 12u (354d) | [DFSH370003-BLAC-40] 12u (354d) | [DFSH370003-BLAC-40] 12u (354d) | [DFSH370003-BLAC-40] 12u (354d) | [DFSH370003-BLAC-36] 12u (354d) | [DFSH370005-CAME-36] 12u (383d)
CLABD/Stock/StorageBD/CLA-066-07-02-02;BLACK;72;0.00;A;396;60;[DFSH370004-BLAC-38] 12u (396d) | [DFSH370004-BLAC-37] 12u (396d) | [DFSH370004-BLAC-37] 12u (396d) | [DFSH370004-BLAC-37] 12u (396d) | [DFSH370004-BLAC-37] 12u (396d) | [DFSH370004-BLAC-36] 12u (396d)
CLABD/Stock/StorageBD/CLA-066-07-03-01;BLACK;24;0.00;A;445;20;[DFSH371006-BLAC-38] 12u (445d) | [DFSH371006-BLAC-38] 12u (445d)
CLABD/Stock/StorageBD/CLA-066-07-03-02;BLACK;48;0.00;A;417;40;[DFSH371004-BLAC-41] 12u (397d) | [DFSH371004-BLAC-41] 12u (417d) | [DFSH371004-BLAC-39] 12u (417d) | [DFSH371004-BLAC-39] 12u (417d)
CLABD/Stock/StorageBD/CLA-066-08-01-03;BLACK;102;0.00;A+C+B;521;90;[DFSH347003_-BLAC-39] 6u (492d) | [LIK22018-0020-40] 1u (380d) | [DFSH375001-TAUP-37] 1u (298d) | [DFSH387006-BLAC-44] 3u (249d) | [DFSH387006-BLAC-45] 4u (249d) | [DFSH387007-BLAC-36] 2u (305d) | [LI330261-0334-38] 1u (383d) | [DFSH371004-BLAC-41] 12u (397d) | [DFSH371004-BLAC-36] 12u (397d) | [DFSH370004-BLAC-37] 12u (521d) | [DFSH370004-BLAC-37] 12u (521d) | [DFSH371004-TAN-41] 12u (355d) | [DFSH371004-TAN-41] 12u (355d) | [DFSH371004-TAN-39] 12u (355d)
CLABD/Stock/StorageBD/CLA-066-08-02-02;BLACK;72;0.00;A;417;60;[DFSH370003-TAN-38] 12u (354d) | [DFSH370003-BLAC-40] 12u (354d) | [DFSH370003-TAN-38] 12u (417d) | [DFSH370003-TAN-38] 12u (417d) | [DFSH370003-TAN-38] 12u (417d) | [DFSH370003-TAN-38] 12u (417d)
CLABD/Stock/StorageBD/CLA-066-08-03-01;BLACK;54;0.00;C;619;60;[DFSH397001-OFFW-41] 1u (619d) | [DFSH397001-OFFW-42] 2u (619d) | [DFSH397001-OFFW-43] 3u (619d) | [DFSH397001-OFFW-44] 2u (619d) | [DFSH397001-OFFW-45] 1u (619d) | [DFSH397001-OFFW-41] 1u (619d) | [DFSH397001-OFFW-42] 2u (619d) | [DFSH397001-OFFW-43] 3u (619d) | [DFSH397001-OFFW-44] 2u (619d) | [DFSH397001-OFFW-45] 1u (619d) | [DFSH397001-OFFW-41] 1u (619d) | [DFSH397001-OFFW-42] 2u (619d) | [DFSH397001-OFFW-43] 3u (619d) | [DFSH397001-OFFW-44] 2u (619d) | [DFSH397001-OFFW-45] 1u (619d) | [DFSH397001-OFFW-41] 1u (619d) | [DFSH397001-OFFW-42] 2u (619d) | [DFSH397001-OFFW-43] 3u (619d) | [DFSH397001-OFFW-44] 2u (619d) | [DFSH397001-OFFW-45] 1u (619d) | [DFSH397001-OFFW-41] 1u (619d) | [DFSH397001-OFFW-42] 2u (619d) | [DFSH397001-OFFW-43] 3u (619d) | [DFSH397001-OFFW-44] 2u (619d) | [DFSH397001-OFFW-45] 1u (619d) | [DFSH397001-OFFW-41] 1u (619d) | [DFSH397001-OFFW-42] 2u (619d) | [DFSH397001-OFFW-43] 3u (619d) | [DFSH397001-OFFW-44] 2u (619d) | [DFSH397001-OFFW-45] 1u (619d)
CLABD/Stock/StorageBD/CLA-066-09-01-01;BLACK;32;0.00;B+A+C;571;40;[DFSH387005-LPIN-41] 1u (177d) | [DFSH387005-LPIN-39] 2u (177d) | [DFSH387005-LPIN-38] 2u (177d) | [DFSH387005-LPIN-40] 1u (177d) | [DFSH387005-LPIN-36] 1u (177d) | [DFSH387005-LPIN-37] 2u (177d) | [DFSH394001-ORAN-36] 1u (571d) | [DFSH394001-ORAN-37] 2u (571d) | [DFSH394001-ORAN-38] 2u (571d) | [DFSH394001-ORAN-39] 2u (571d) | [DFSH394001-ORAN-40] 1u (571d) | [DFSH394001-ORAN-41] 1u (571d) | [DFSH394001-ORAN-36] 1u (571d) | [DFSH394001-ORAN-37] 2u (571d) | [DFSH394001-ORAN-38] 2u (571d) | [DFSH394001-ORAN-39] 2u (571d) | [DFSH394001-ORAN-40] 1u (571d) | [DFSH394001-ORAN-41] 1u (571d) | [DFSH370003-TAN-39] 1u (150d) | [DFSH347002-BEIG-41] 1u (150d) | [DFSH370004-BLAC-38] 1u (150d) | [DFSH371004-TAN-36] 1u (150d) | [DFSH371004-TAN-38] 1u (150d)
CLABD/Stock/StorageBD/CLA-066-09-01-02;BLACK;73;0.00;A+B+C;430;70;[DFSH370003-BLAC-36] 12u (417d) | [DFSH371004-TAN-41] 12u (430d) | [DFSH371004-TAN-41] 12u (430d) | [DFSH371004-TAN-41] 12u (430d) | [DFSH371004-TAN-36] 12u (345d) | [DFSH387005-BLAC-44] 2u (234d) | [DFSH387005-BLAC-45] 1u (234d) | [DFSH387005-BLAC-43] 3u (234d) | [DFSH387005-BLAC-41] 1u (234d) | [DFSH387005-BLAC-42] 2u (234d) | [DFSH375001-TAN-37] 1u (150d) | [DFSH371013-BLAC-40] 1u (150d) | [DFSH371006-BLAC-37] 1u (150d) | [DFSH370005-MUST-36] 1u (150d)
CLABD/Stock/StorageBD/CLA-067-01-02-03;BLACK;96;0.00;A;417;80;[DFSH370003-TAN-38] 12u (354d) | [DFSH370003-TAN-38] 12u (354d) | [DFSH370003-TAN-38] 12u (417d) | [DFSH370003-TAN-38] 12u (417d) | [DFSH370003-TAN-38] 12u (417d) | [DFSH370003-TAN-38] 12u (417d) | [DFSH370003-TAN-38] 12u (417d) | [DFSH370003-TAN-38] 12u (417d)
CLABD/Stock/StorageBD/CLA-067-02-01-02;BLACK;36;0.00;A;445;30;[DFSH371006-BLAC-38] 12u (445d) | [DFSH370005-CAME-36] 12u (383d) | [DFSH371004-TAN-39] 12u (355d)
CLABD/Stock/StorageBD/CLA-067-02-01-03;BLACK;95;0.00;A+B+C;400;80;[DFSH370005-CAME-36] 12u (383d) | [NVK33410-0009-38] 1u (400d) | [NVK33410-0009-36] 12u (400d) | [NVK33410-0009-40] 3u (400d) | [NVK33410-0009-37] 1u (400d) | [NVK33401-0269-37] 12u (400d) | [NVK33401-0269-38] 7u (400d) | [DFSH394001-ORAN-40] 1u (400d) | [DFSH394001-ORAN-38] 2u (400d) | [DFSH394001-ORAN-37] 2u (400d) | [DFSH394001-ORAN-36] 1u (400d) | [DFSH394001-ORAN-39] 2u (400d) | [DFSH394001-ORAN-41] 1u (400d) | [NVK33410-0020-39] 4u (400d) | [NVK33410-0020-36] 3u (400d) | [NVK33410-0020-38] 1u (400d) | [NVK33410-0006-36] 2u (400d) | [NVK33410-0006-38] 2u (400d) | [NVK33410-0006-39] 1u (400d) | [NVK33410-0006-40] 1u (400d) | [NVK33410-0006-37] 2u (400d) | [NVK33401-0022-41] 1u (400d) | [NVK33410-0006-39] 3u (400d) | [NVK33410-0006-38] 2u (400d) | [NVK33410-0006-37] 2u (400d) | [NVK33410-0006-36] 2u (400d) | [NVK33410-0269-38] 1u (400d) | [NVK33410-0006-38] 6u (400d) | [NVK33410-0006-39] 2u (400d) | [NVK33410-0006-37] 3u (400d)
CLABD/Stock/StorageBD/CLA-067-02-02-02;BLACK;96;0.00;D+A;383;80;[DFSH370021-BLAC-42] 12u (185d) | [DFSH370021-BLAC-42] 12u (185d) | [DFSH370021-BLAC-38] 12u (184d) | [DFSH370011-BLAC-38] 12u (184d) | [DFSH370011-BLAC-37] 12u (184d) | [DFSH370005-CAME-36] 12u (383d) | [DFSH370005-CAME-36] 12u (383d) | [DFSH370005-CAME-36] 12u (383d)
CLABD/Stock/StorageBD/CLA-067-02-02-03;BLACK;72;0.00;A;396;60;[DFSH370004-BLAC-39] 12u (396d) | [DFSH370004-BLAC-39] 12u (396d) | [DFSH370004-BLAC-38] 12u (396d) | [DFSH370004-BLAC-38] 12u (396d) | [DFSH370004-BLAC-38] 12u (396d) | [DFSH370004-BLAC-37] 12u (396d)
CLABD/Stock/StorageBD/CLA-067-02-03-01;BLACK;108;0.00;A+B;522;90;[DFSH321089-GOLD-40] 12u (522d) | [DFSH321089-GOLD-39] 12u (522d) | [DFSH321089-GOLD-38] 12u (522d) | [DFSH321089-GOLD-37] 12u (522d) | [DFSH321089-GOLD-37] 12u (522d) | [DFSH321089-GOLD-37] 12u (522d) | [DFSH321089-GOLD-36] 12u (522d) | [DFSH321089-GOLD-36] 12u (522d) | [DFSH321089-GOLD-36] 12u (522d)
CLABD/Stock/StorageBD/CLA-067-02-03-02;BLACK;96;0.00;A;430;80;[DFSH371004-TAN-41] 12u (430d) | [DFSH371004-TAN-41] 12u (430d) | [DFSH371004-TAN-41] 12u (430d) | [DFSH371004-TAN-41] 12u (430d) | [DFSH371004-TAN-36] 12u (396d) | [DFSH371004-TAN-36] 12u (345d) | [DFSH371004-TAN-36] 12u (345d) | [DFSH371004-TAN-36] 12u (345d)
CLABD/Stock/StorageBD/CLA-067-03-01-02;BLACK;43;0.00;A+B;521;40;[DFSH371006-BLAC-38] 12u (478d) | [DFSH370012-TAUP-36] 1u (136d) | [DFSH370003-TAN-38] 1u (136d) | [DFSH371006-BEIG-41] 1u (136d) | [DFSH371008-CAME-36] 1u (136d) | [DFSH371004-TAN-41] 2u (136d) | [DFSH375003-BLAC-39] 1u (136d) | [DFSH371008-BLAC-36] 1u (136d) | [DFSH371004-ORAN-36] 1u (136d) | [DFSH369003-BLAC-40] 7u (136d) | [DFSH369003-BLAC-38] 2u (136d) | [DFSH369003-BLAC-39] 1u (136d) | [DFSH370004-BLAC-36] 12u (521d)
CLABD/Stock/StorageBD/CLA-067-03-01-03;BLACK;35;0.00;D+A+B;577;30;[DFSH334001-KHAK-36] 1u (577d) | [DFSH334001-KHAK-37] 2u (577d) | [DFSH334001-KHAK-38] 3u (577d) | [DFSH334001-KHAK-39] 3u (577d) | [DFSH334001-KHAK-40] 2u (577d) | [DFSH334001-KHAK-41] 1u (577d) | [DFSH371007-WHIT-41] 12u (491d) | [NVK33401-0022-44] 11u (374d)
CLABD/Stock/StorageBD/CLA-067-03-03-02;BLACK;12;0.00;A;393;10;[DFSH370005-CAME-36] 12u (393d)
CLABD/Stock/StorageBD/CLA-067-04-01-01;BLACK;81;0.00;A+B+C;509;70;[DFSH371007-WHIT-36] 12u (491d) | [DFSH370011-BLAC-36] 12u (509d) | [DFSH371004-TAN-41] 12u (355d) | [DFSH370005-BLAC-36] 12u (396d) | [DFSH370005-BLAC-36] 12u (396d) | [MV231605-0001-37] 4u (221d) | [MV231605-0001-40] 3u (221d) | [MV231605-0001-41] 1u (221d) | [MV231601-0001-36] 1u (221d) | [DFSH384005-GOLD-36] 3u (400d) | [DFSH384005-GOLD-38] 7u (400d) | [DFSH384005-SILV-38] 2u (383d)
CLABD/Stock/StorageBD/CLA-067-04-01-02;BLACK;83;0.00;A+B+D;430;80;[DFSH370005-CAME-37] 1u (150d) | [DFSH371006-BEIG-36] 3u (150d) | [DFSH375004-TAN-36] 2u (150d) | [DFSH375004-TAN-37] 2u (150d) | [DFSH391001-WHIT-39] 1u (150d) | [DFSH370005-CAME-36] 1u (150d) | [DFSH370004-SAND-36] 1u (150d) | [DFSH370005-CAME-37] 1u (150d) | [DFSH370006-NUT-36] 12u (430d) | [DFSH370006-NUT-36] 12u (430d) | [DFSH370005-CAME-36] 12u (383d) | [NVK33401-0022-42] 11u (374d) | [DFSH401001-WSIL-41] 1u (164d) | [DFSH401001-WSIL-42] 3u (164d) | [DFSH401001-WSIL-43] 3u (164d) | [DFSH401001-WSIL-44] 3u (164d) | [DFSH401001-WSIL-45] 2u (164d) | [DFSH401001-WSIL-41] 1u (165d) | [DFSH401001-WSIL-42] 3u (165d) | [DFSH401001-WSIL-43] 3u (165d) | [DFSH401001-WSIL-44] 3u (165d) | [DFSH401001-WSIL-45] 2u (165d)
CLABD/Stock/StorageBD/CLA-067-04-01-03;BLACK;68;0.00;A+B;445;50;[DFSH371006-BLAC-38] 12u (445d) | [DFSH371006-BLAC-37] 12u (445d) | [DFSH371006-BLAC-37] 12u (445d) | [DFSH371006-BLAC-37] 12u (445d) | [DFSH384005-GOLD-37] 7u (400d) | [DFSH384005-GOLD-36] 1u (400d) | [DFSH384005-GOLD-38] 12u (400d)
CLABD/Stock/StorageBD/CLA-067-04-02-02;BLACK;72;0.00;A;396;80;[DFSH370004-BLAC-37] 9u (396d) | [DFSH370004-BLAC-37] 9u (396d) | [DFSH370004-BLAC-37] 9u (396d) | [DFSH370004-BLAC-37] 9u (396d) | [DFSH370004-BLAC-37] 9u (396d) | [DFSH370004-BLAC-37] 9u (396d) | [DFSH370004-BLAC-37] 9u (396d) | [DFSH370004-BLAC-37] 9u (396d)
CLABD/Stock/StorageBD/CLA-067-04-02-03;BLACK;84;0.00;A;521;70;[DFSH370004-BLAC-40] 12u (521d) | [DFSH370004-BLAC-39] 12u (521d) | [DFSH370004-BLAC-38] 12u (521d) | [DFSH370004-BLAC-38] 12u (521d) | [DFSH370004-BLAC-38] 12u (521d) | [DFSH370004-BLAC-38] 12u (521d) | [DFSH370004-BLAC-38] 12u (521d)
CLABD/Stock/StorageBD/CLA-067-04-03-02;BLACK;72;0.00;A;521;60;[DFSH369003-BLAC-40] 12u (521d) | [DFSH369003-BLAC-40] 12u (521d) | [DFSH369003-BLAC-40] 12u (521d) | [DFSH369003-BLAC-40] 12u (521d) | [DFSH369003-BLAC-40] 12u (521d) | [DFSH369003-BLAC-37] 12u (521d)
CLABD/Stock/StorageBD/CLA-067-05-01-01;BLACK;96;0.00;A;445;80;[DFSH371006-BLAC-38] 12u (445d) | [DFSH371006-BLAC-38] 12u (445d) | [DFSH371006-BLAC-38] 12u (445d) | [DFSH371006-BLAC-38] 12u (445d) | [DFSH371006-BLAC-38] 12u (445d) | [DFSH371006-BLAC-38] 12u (445d) | [DFSH371006-BLAC-38] 12u (445d) | [DFSH371006-BLAC-37] 12u (445d)
CLABD/Stock/StorageBD/CLA-067-05-01-03;BLACK;96;0.00;A;445;80;[DFSH371006-BEIG-40] 12u (445d) | [DFSH371006-BEIG-39] 12u (445d) | [DFSH371006-BEIG-39] 12u (445d) | [DFSH371006-BEIG-39] 12u (445d) | [DFSH371006-BEIG-39] 12u (445d) | [DFSH371006-BEIG-39] 12u (445d) | [DFSH371006-BEIG-38] 12u (445d) | [DFSH371006-BEIG-38] 12u (445d)
CLABD/Stock/StorageBD/CLA-067-05-02-01;BLACK;96;0.00;A+B;522;80;[DFSH321086-OFFW-44] 12u (522d) | [DFSH321086-OFFW-43] 12u (522d) | [DFSH321086-OFFW-43] 12u (522d) | [DFSH321086-OFFW-43] 12u (522d) | [DFSH321086-OFFW-43] 12u (522d) | [DFSH321086-OFFW-42] 12u (522d) | [DFSH321086-OFFW-42] 12u (522d) | [DFSH321086-OFFW-42] 12u (522d)
CLABD/Stock/StorageBD/CLA-067-05-02-03;BLACK;84;0.00;A;491;70;[DFSH371007-WHIT-41] 12u (491d) | [DFSH371007-WHIT-37] 12u (491d) | [DFSH371007-WHIT-37] 12u (491d) | [DFSH371007-WHIT-37] 12u (491d) | [DFSH371007-WHIT-36] 12u (491d) | [DFSH371007-WHIT-36] 12u (491d) | [DFSH371007-WHIT-36] 12u (445d)
CLABD/Stock/StorageBD/CLA-067-05-03-02;BLACK;12;0.00;A;445;10;[DFSH371007-WHIT-37] 12u (445d)
CLABD/Stock/StorageBD/CLA-067-06-01-01;BLACK;24;0.00;A;521;20;[DFSH369003-BLAC-38] 12u (521d) | [DFSH321089-GOLD-40] 12u (396d)
CLABD/Stock/StorageBD/CLA-067-06-01-03;BLACK;36;0.00;A;445;30;[DFSH371006-BLAC-37] 12u (445d) | [DFSH371006-BLAC-37] 12u (445d) | [DFSH371006-BLAC-37] 12u (445d)
CLABD/Stock/StorageBD/CLA-067-06-02-03;BLACK;78;0.00;A;521;70;[DFSH369003-BLAC-36] 1u (521d) | [DFSH369003-BLAC-37] 2u (521d) | [DFSH369003-BLAC-38] 2u (521d) | [DFSH369003-BLAC-39] 2u (521d) | [DFSH369003-BLAC-40] 1u (521d) | [DFSH369003-BLAC-41] 1u (521d) | [DFSH369003-BLAC-41] 1u (521d) | [DFSH369003-BLAC-40] 1u (521d) | [DFSH369003-BLAC-39] 2u (521d) | [DFSH369003-BLAC-37] 2u (521d) | [DFSH369003-BLAC-36] 1u (521d) | [DFSH369003-BLAC-38] 2u (521d) | [DFSH369003-BLAC-41] 12u (521d) | [DFSH369003-BLAC-41] 12u (521d) | [DFSH369003-BLAC-40] 12u (521d) | [DFSH369003-BLAC-39] 12u (521d) | [DFSH369003-BLAC-37] 12u (521d)
CLABD/Stock/StorageBD/CLA-067-07-01-01;BLACK;48;0.00;A;445;40;[DFSH371006-BLAC-37] 12u (445d) | [DFSH371006-BEIG-39] 12u (445d) | [DFSH371006-BEIG-37] 12u (445d) | [DFSH371004-BLAC-41] 12u (395d)
CLABD/Stock/StorageBD/CLA-067-07-01-02;BLACK;84;0.00;A;445;70;[DFSH371006-BLAC-41] 12u (445d) | [DFSH371006-BLAC-41] 12u (445d) | [DFSH371006-BLAC-41] 12u (445d) | [DFSH371006-BLAC-41] 12u (445d) | [DFSH371006-BLAC-41] 12u (445d) | [DFSH371006-BLAC-41] 12u (445d) | [DFSH371006-BLAC-37] 12u (445d)
CLABD/Stock/StorageBD/CLA-067-07-01-03;BLACK;72;0.00;A;445;60;[DFSH371006-BEIG-39] 12u (445d) | [DFSH371006-BEIG-39] 12u (445d) | [DFSH371006-BEIG-39] 12u (445d) | [DFSH371006-BEIG-39] 12u (445d) | [DFSH371006-BEIG-39] 12u (445d) | [DFSH371006-BEIG-38] 12u (429d)
CLABD/Stock/StorageBD/CLA-067-07-02-01;BLACK;45;0.00;A;478;50;[DFSH371006-BEIG-36] 1u (478d) | [DFSH371006-BEIG-37] 2u (478d) | [DFSH371006-BEIG-38] 2u (478d) | [DFSH371006-BEIG-39] 2u (478d) | [DFSH371006-BEIG-40] 1u (478d) | [DFSH371006-BEIG-41] 1u (478d) | [DFSH371006-BEIG-36] 1u (478d) | [DFSH371006-BEIG-37] 2u (478d) | [DFSH371006-BEIG-38] 2u (478d) | [DFSH371006-BEIG-39] 2u (478d) | [DFSH371006-BEIG-40] 1u (478d) | [DFSH371006-BEIG-41] 1u (478d) | [DFSH371006-BEIG-36] 1u (478d) | [DFSH371006-BEIG-37] 2u (478d) | [DFSH371006-BEIG-38] 2u (478d) | [DFSH371006-BEIG-39] 2u (478d) | [DFSH371006-BEIG-40] 1u (478d) | [DFSH371006-BEIG-41] 1u (478d) | [DFSH371006-BEIG-36] 1u (478d) | [DFSH371006-BEIG-37] 2u (478d) | [DFSH371006-BEIG-38] 2u (478d) | [DFSH371006-BEIG-39] 2u (478d) | [DFSH371006-BEIG-40] 1u (478d) | [DFSH371006-BEIG-41] 1u (478d) | [DFSH371006-BEIG-36] 1u (478d) | [DFSH371006-BEIG-37] 2u (478d) | [DFSH371006-BEIG-38] 2u (478d) | [DFSH371006-BEIG-39] 2u (478d) | [DFSH371006-BEIG-40] 1u (478d) | [DFSH371006-BEIG-41] 1u (478d)
CLABD/Stock/StorageBD/CLA-067-07-03-02;BLACK;72;0.00;A;396;60;[DFSH370004-BLAC-38] 12u (396d) | [DFSH370004-BLAC-38] 12u (396d) | [DFSH370004-BLAC-38] 12u (396d) | [DFSH370004-BLAC-37] 12u (396d) | [DFSH370004-BLAC-37] 12u (396d) | [DFSH370005-BLAC-36] 12u (396d)
CLABD/Stock/StorageBD/CLA-067-08-01-01;BLACK;67;0.00;A+C;509;60;[DFSH370005-BLAC-37] 12u (438d) | [DFSH370005-BLAC-37] 12u (509d) | [DFSH370004-BLAC-40] 12u (445d) | [DFSH371010-BLAC-40] 12u (495d) | [DFSH389013-WHIT-38] 3u (400d) | [DFSH389013-WHIT-36] 2u (400d) | [DFSH389013-WHIT-37] 2u (400d) | [DFSH370011-BROW-36] 1u (212d) | [DFSH370011-BROW-37] 2u (212d) | [DFSH370011-BROW-38] 3u (212d) | [DFSH370011-BROW-39] 3u (212d) | [DFSH370011-BROW-40] 2u (212d) | [DFSH370011-BROW-41] 1u (212d)
CLABD/Stock/StorageBD/CLA-067-08-01-02;BLACK;72;0.00;A+B;445;60;[DFSH371006-BLAC-41] 12u (445d) | [DFSH371006-BLAC-38] 12u (445d) | [DFSH371006-BLAC-37] 12u (445d) | [DFSH371006-BLAC-37] 12u (445d) | [DFSH371006-BLAC-37] 12u (445d) | [DFSH384005-GOLD-37] 9u (400d) | [DFSH384005-GOLD-36] 3u (400d)
CLABD/Stock/StorageBD/CLA-067-08-01-03;BLACK;65;0.00;A;446;60;[DFSH370004-BLAC-39] 12u (446d) | [DFSH370004-BLAC-38] 12u (446d) | [DFSH370004-BLAC-38] 12u (446d) | [DFSH370004-BLAC-38] 12u (446d) | [DFSH370004-BLAC-37] 12u (446d) | [DFSH371006-BEIG-36] 2u (185d) | [DFSH371010-BLAC-36] 1u (185d) | [DFSH371006-BEIG-37] 1u (185d) | [DFSH370011-BROW-38] 1u (185d)
CLABD/Stock/StorageBD/CLA-067-08-02-01;BLACK;24;0.00;A;445;20;[DFSH370011-BROW-36] 1u (212d) | [DFSH370011-BROW-37] 2u (212d) | [DFSH370011-BROW-38] 3u (212d) | [DFSH370011-BROW-39] 3u (212d) | [DFSH370011-BROW-40] 2u (212d) | [DFSH370011-BROW-41] 1u (212d) | [DFSH371006-BLAC-38] 12u (445d)
CLABD/Stock/StorageBD/CLA-067-08-02-02;BLACK;60;0.00;A;487;50;[DFSH381001-BLAC-40] 12u (487d) | [DFSH381001-BLAC-40] 12u (487d) | [DFSH381001-BLAC-40] 12u (487d) | [DFSH381001-BLAC-40] 12u (487d) | [DFSH381001-BLAC-39] 12u (487d)
CLABD/Stock/StorageBD/CLA-067-08-03-01;BLACK;60;0.00;A;487;50;[DFSH381001-KHAK-37] 12u (487d) | [DFSH381001-BLAC-41] 12u (487d) | [DFSH381001-BLAC-39] 12u (487d) | [DFSH381001-BLAC-38] 12u (487d) | [DFSH381001-BLAC-37] 12u (487d)
CLABD/Stock/StorageBD/CLA-067-08-03-02;BLACK;45;0.00;A;487;50;[DFSH381001-BLAC-36] 1u (487d) | [DFSH381001-BLAC-37] 2u (487d) | [DFSH381001-BLAC-38] 2u (487d) | [DFSH381001-BLAC-39] 2u (487d) | [DFSH381001-BLAC-40] 1u (487d) | [DFSH381001-BLAC-41] 1u (487d) | [DFSH381001-BLAC-36] 1u (487d) | [DFSH381001-BLAC-37] 2u (487d) | [DFSH381001-BLAC-38] 2u (487d) | [DFSH381001-BLAC-39] 2u (487d) | [DFSH381001-BLAC-40] 1u (487d) | [DFSH381001-BLAC-41] 1u (487d) | [DFSH381001-BLAC-36] 1u (487d) | [DFSH381001-BLAC-37] 2u (487d) | [DFSH381001-BLAC-38] 2u (487d) | [DFSH381001-BLAC-39] 2u (487d) | [DFSH381001-BLAC-40] 1u (487d) | [DFSH381001-BLAC-41] 1u (487d) | [DFSH381001-BLAC-36] 1u (487d) | [DFSH381001-BLAC-37] 2u (487d) | [DFSH381001-BLAC-38] 2u (487d) | [DFSH381001-BLAC-39] 2u (487d) | [DFSH381001-BLAC-40] 1u (487d) | [DFSH381001-BLAC-41] 1u (487d) | [DFSH381001-BLAC-36] 1u (487d) | [DFSH381001-BLAC-37] 2u (487d) | [DFSH381001-BLAC-38] 2u (487d) | [DFSH381001-BLAC-39] 2u (487d) | [DFSH381001-BLAC-40] 1u (487d) | [DFSH381001-BLAC-41] 1u (487d)
CLABD/Stock/StorageBD/CLA-067-08-03-03;BLACK;54;0.00;A;487;60;[DFSH381001-BLAC-36] 1u (487d) | [DFSH381001-BLAC-37] 2u (487d) | [DFSH381001-BLAC-38] 2u (487d) | [DFSH381001-BLAC-39] 2u (487d) | [DFSH381001-BLAC-40] 1u (487d) | [DFSH381001-BLAC-41] 1u (487d) | [DFSH381001-BLAC-36] 1u (487d) | [DFSH381001-BLAC-37] 2u (487d) | [DFSH381001-BLAC-38] 2u (487d) | [DFSH381001-BLAC-39] 2u (487d) | [DFSH381001-BLAC-40] 1u (487d) | [DFSH381001-BLAC-41] 1u (487d) | [DFSH381001-BLAC-36] 1u (487d) | [DFSH381001-BLAC-37] 2u (487d) | [DFSH381001-BLAC-38] 2u (487d) | [DFSH381001-BLAC-39] 2u (487d) | [DFSH381001-BLAC-40] 1u (487d) | [DFSH381001-BLAC-41] 1u (487d) | [DFSH381001-BLAC-36] 1u (487d) | [DFSH381001-BLAC-37] 2u (487d) | [DFSH381001-BLAC-38] 2u (487d) | [DFSH381001-BLAC-39] 2u (487d) | [DFSH381001-BLAC-40] 1u (487d) | [DFSH381001-BLAC-41] 1u (487d) | [DFSH381001-BLAC-36] 1u (487d) | [DFSH381001-BLAC-37] 2u (487d) | [DFSH381001-BLAC-38] 2u (487d) | [DFSH381001-BLAC-39] 2u (487d) | [DFSH381001-BLAC-40] 1u (487d) | [DFSH381001-BLAC-41] 1u (487d) | [DFSH381001-BLAC-36] 1u (487d) | [DFSH381001-BLAC-37] 2u (487d) | [DFSH381001-BLAC-38] 2u (487d) | [DFSH381001-BLAC-39] 2u (487d) | [DFSH381001-BLAC-40] 1u (487d) | [DFSH381001-BLAC-41] 1u (487d)
CLABD/Stock/StorageBD/CLA-067-09-01-01;BLACK;92;0.00;A+B;478;70;[DFSH371006-BEIG-38] 12u (478d) | [DFSH371006-BEIG-38] 12u (478d) | [DFSH371006-BEIG-38] 12u (445d) | [DFSH371004-TAN-41] 12u (355d) | [DFSH371004-TAN-36] 12u (355d) | [DFSH371004-TAN-36] 12u (355d) | [DFSH384005-GOLD-37] 7u (400d) | [DFSH384005-GOLD-38] 13u (400d)
CLABD/Stock/StorageBD/CLA-067-09-01-02;BLACK;72;0.00;A;417;60;[DFSH370003-TAN-39] 12u (355d) | [DFSH370003-TAN-39] 12u (355d) | [DFSH370003-TAN-40] 12u (417d) | [DFSH370003-TAN-40] 12u (417d) | [DFSH370003-TAN-40] 12u (417d) | [DFSH370003-TAN-39] 12u (355d)
CLABD/Stock/StorageBD/CLA-067-09-01-03;BLACK;36;0.00;B;725;40;[NVK10101-0026-36] 1u (725d) | [NVK10101-0026-37] 2u (725d) | [NVK10101-0026-38] 2u (725d) | [NVK10101-0026-39] 2u (725d) | [NVK10101-0026-40] 1u (725d) | [NVK10101-0026-41] 1u (725d) | [NVK10101-0026-36] 1u (725d) | [NVK10101-0026-37] 2u (725d) | [NVK10101-0026-38] 2u (725d) | [NVK10101-0026-39] 2u (725d) | [NVK10101-0026-40] 1u (725d) | [NVK10101-0026-41] 1u (725d) | [NVK10101-0026-36] 1u (725d) | [NVK10101-0026-37] 2u (725d) | [NVK10101-0026-38] 2u (725d) | [NVK10101-0026-39] 2u (725d) | [NVK10101-0026-40] 1u (725d) | [NVK10101-0026-41] 1u (725d) | [NVK10101-0026-36] 1u (725d) | [NVK10101-0026-37] 2u (725d) | [NVK10101-0026-38] 2u (725d) | [NVK10101-0026-39] 2u (725d) | [NVK10101-0026-40] 1u (725d) | [NVK10101-0026-41] 1u (725d)
CLABD/Stock/StorageBD/CLA-067-09-03-01;BLACK;156;0.00;B;725;130;[NVK33410-0020-38] 12u (725d) | [NVK33410-0269-37] 12u (725d) | [NVK33410-0269-40] 12u (725d) | [NVK33410-0269-40] 12u (725d) | [NVK33410-0269-39] 12u (725d) | [NVK33410-0269-39] 12u (725d) | [NVK33410-0269-39] 12u (725d) | [NVK33410-0269-37] 12u (725d) | [NVK33410-0269-37] 12u (725d) | [NVK33410-0020-38] 12u (725d) | [NVK33410-0020-38] 12u (725d) | [NVK33410-0020-38] 12u (725d) | [NVK33410-0269-36] 1u (725d) | [NVK33410-0269-37] 2u (725d) | [NVK33410-0269-38] 3u (725d) | [NVK33410-0269-39] 3u (725d) | [NVK33410-0269-40] 2u (725d) | [NVK33410-0269-41] 1u (725d)
CLABD/Stock/StorageBD/CLA-068-01-01-01;BLACK;48;0.00;D+A;450;40;[DFSH378010-CREA-41] 1u (144d) | [DFSH378010-CREA-42] 3u (144d) | [DFSH378010-CREA-43] 3u (144d) | [DFSH378010-CREA-44] 3u (144d) | [DFSH378010-CREA-45] 2u (144d) | [DFSH378010-CREA-41] 1u (144d) | [DFSH378010-CREA-42] 3u (144d) | [DFSH378010-CREA-43] 3u (144d) | [DFSH378010-CREA-44] 3u (144d) | [DFSH378010-CREA-45] 2u (144d) | [DFSH378010-CREA-41] 1u (144d) | [DFSH378010-CREA-42] 3u (144d) | [DFSH378010-CREA-43] 3u (144d) | [DFSH378010-CREA-44] 3u (144d) | [DFSH378010-CREA-45] 2u (144d) | [DFSH371004-CORA-37] 12u (450d)
CLABD/Stock/StorageBD/CLA-068-01-01-02;BLACK;40;0.00;C+B;619;30;[DFSH393001-SILV-36] 1u (619d) | [DFSH393001-SILV-37] 2u (619d) | [DFSH393001-SILV-38] 3u (619d) | [DFSH393001-SILV-39] 3u (619d) | [DFSH393001-SILV-40] 2u (619d) | [DFSH393001-SILV-41] 1u (619d) | [DFBG24W102-SILV] 16u (396d) | [DFSH389016-DENI-37] 12u (233d)
CLABD/Stock/StorageBD/CLA-068-01-01-03;BLACK;38;0.00;B+A;400;40;[DFSH384005-SILV-37] 5u (400d) | [DFSH384005-SILV-39] 2u (400d) | [DFSH384005-SILV-38] 6u (400d) | [DFSH384005-SILV-36] 3u (400d) | [DFSH371008-CAME-41] 1u (165d) | [DFSH370005-CAME-41] 1u (165d) | [DFSH370003-TAN-39] 1u (165d) | [DFSH371004-TAN-37] 1u (165d) | [DFSH370003-TAN-38] 1u (165d) | [DFSH391001-BEIG-36] 2u (165d) | [DFSH371006-SILV-37] 1u (165d) | [DFSH391001-BEIG-36] 3u (165d) | [DFSH370004-BLAC-37] 1u (165d) | [DFSH370004-BLAC-36] 1u (165d) | [DFSH391007-BLAC-37] 1u (165d) | [DFSH371006-BLAC-38] 1u (165d) | [DFSH391001-BEIG-36] 2u (165d) | [DFSH370004-BLAC-37] 2u (165d) | [DFSH370004-BLAC-36] 3u (165d)
CLABD/Stock/StorageBD/CLA-068-01-02-01;BLACK;72;0.00;A;390;60;[DFSH371004-TAN-40] 12u (390d) | [DFSH371004-TAN-40] 12u (390d) | [DFSH371004-TAN-40] 12u (390d) | [DFSH371004-TAN-40] 12u (390d) | [DFSH371004-TAN-40] 12u (390d) | [DFSH371004-TAN-40] 12u (390d)
CLABD/Stock/StorageBD/CLA-068-01-03-01;BLACK;63;0.00;A;438;70;[DFSH370004-BLAC-36] 1u (438d) | [DFSH370004-BLAC-37] 2u (438d) | [DFSH370004-BLAC-38] 2u (438d) | [DFSH370004-BLAC-39] 2u (438d) | [DFSH370004-BLAC-40] 1u (438d) | [DFSH370004-BLAC-41] 1u (438d) | [DFSH370004-BLAC-36] 1u (438d) | [DFSH370004-BLAC-37] 2u (438d) | [DFSH370004-BLAC-38] 2u (438d) | [DFSH370004-BLAC-39] 2u (438d) | [DFSH370004-BLAC-40] 1u (438d) | [DFSH370004-BLAC-41] 1u (438d) | [DFSH370004-BLAC-36] 1u (438d) | [DFSH370004-BLAC-37] 2u (438d) | [DFSH370004-BLAC-38] 2u (438d) | [DFSH370004-BLAC-39] 2u (438d) | [DFSH370004-BLAC-40] 1u (438d) | [DFSH370004-BLAC-41] 1u (438d) | [DFSH370004-BLAC-36] 1u (438d) | [DFSH370004-BLAC-37] 2u (438d) | [DFSH370004-BLAC-38] 2u (438d) | [DFSH370004-BLAC-39] 2u (438d) | [DFSH370004-BLAC-40] 1u (438d) | [DFSH370004-BLAC-41] 1u (438d) | [DFSH370004-BLAC-36] 1u (438d) | [DFSH370004-BLAC-37] 2u (438d) | [DFSH370004-BLAC-38] 2u (438d) | [DFSH370004-BLAC-39] 2u (438d) | [DFSH370004-BLAC-40] 1u (438d) | [DFSH370004-BLAC-41] 1u (438d) | [DFSH370004-BLAC-36] 1u (438d) | [DFSH370004-BLAC-37] 2u (438d) | [DFSH370004-BLAC-38] 2u (438d) | [DFSH370004-BLAC-39] 2u (438d) | [DFSH370004-BLAC-40] 1u (438d) | [DFSH370004-BLAC-41] 1u (438d) | [DFSH370004-BLAC-36] 1u (438d) | [DFSH370004-BLAC-37] 2u (438d) | [DFSH370004-BLAC-38] 2u (438d) | [DFSH370004-BLAC-39] 2u (438d) | [DFSH370004-BLAC-40] 1u (438d) | [DFSH370004-BLAC-41] 1u (438d)
CLABD/Stock/StorageBD/CLA-068-01-03-02;BLACK;48;0.00;A+B;520;40;[DFSH371004-CORA-41] 12u (430d) | [DFSH371004-CORA-41] 12u (430d) | [DFSH370012-TAUP-36] 12u (417d) | [DFSH389017-GOLD-37] 12u (520d)
CLABD/Stock/StorageBD/CLA-068-01-03-03;BLACK;72;0.00;A;695;80;[DFSH370004-BLAC-37] 9u (695d) | [DFSH370004-BLAC-37] 9u (695d) | [DFSH370004-BLAC-37] 9u (695d) | [DFSH370004-BLAC-37] 9u (695d) | [DFSH370004-BLAC-37] 9u (695d) | [DFSH370004-BLAC-37] 9u (695d) | [DFSH370004-BLAC-37] 9u (695d) | [DFSH370004-BLAC-37] 9u (695d)
CLABD/Stock/StorageBD/CLA-068-02-01-01;BLACK;63;0.00;B+A+D;522;90;[DFSH375003-BLAC-39] 2u (165d) | [DFSH370003-BLAC-37] 1u (165d) | [DFSH375003-BLAC-37] 3u (165d) | [DFSH375003-BLAC-36] 1u (165d) | [DFSH375003-BLAC-38] 1u (165d) | [DFSH375003-BLAC-41] 1u (165d) | [DFSH371006-BLAC-37] 8u (165d) | [DFSH371006-BEIG-41] 1u (165d) | [DFSH371006-BEIG-37] 1u (165d) | [DFSH371006-BEIG-38] 1u (165d) | [DFSH391001-BEIG-37] 1u (165d) | [DFSH391001-BEIG-40] 1u (165d) | [DFSH371006-BEIG-36] 3u (165d) | [DFSH371006-BEIG-37] 4u (165d) | [DFSH370005-CAME-38] 3u (165d) | [DFSH370005-CAME-37] 2u (165d) | [DFSH370005-CAME-41] 1u (165d) | [DFSH370005-CAME-36] 1u (165d) | [DFSH371006-BEIG-40] 2u (165d) | [DFSH371006-BEIG-37] 1u (165d) | [DFSH371006-BEIG-41] 1u (165d) | [DFSH371006-BEIG-36] 1u (165d) | [DFSH321089-BLAC-37] 12u (522d) | [DFSH391010-BLAC-41] 10u (128d)
CLABD/Stock/StorageBD/CLA-068-02-01-03;BLACK;82;0.00;D+A;450;70;[DFSH378010-CREA-41] 1u (144d) | [DFSH378010-CREA-42] 3u (144d) | [DFSH378010-CREA-43] 3u (144d) | [DFSH378010-CREA-44] 3u (144d) | [DFSH378010-CREA-45] 2u (144d) | [DFSH378010-CREA-41] 1u (144d) | [DFSH378010-CREA-42] 3u (144d) | [DFSH378010-CREA-43] 3u (144d) | [DFSH378010-CREA-44] 3u (144d) | [DFSH378010-CREA-45] 2u (144d) | [DFSH378010-CREA-41] 1u (144d) | [DFSH378010-CREA-42] 3u (144d) | [DFSH378010-CREA-43] 3u (144d) | [DFSH378010-CREA-44] 3u (144d) | [DFSH378010-CREA-45] 2u (144d) | [DFSH378010-CREA-41] 1u (144d) | [DFSH378010-CREA-42] 3u (144d) | [DFSH378010-CREA-43] 3u (144d) | [DFSH378010-CREA-44] 3u (144d) | [DFSH378010-CREA-45] 2u (144d) | [DFSH370022-SAND-K-32] 2u (124d) | [DFSH370022-SAND-K-33] 2u (124d) | [DFSH370022-SAND-K-34] 2u (124d) | [DFSH370022-SAND-K-35] 2u (124d) | [DFSH370022-SAND-K-36] 2u (124d) | [DFSH371004-CORA-36] 12u (450d) | [DFSH371004-CORA-36] 12u (450d)
CLABD/Stock/StorageBD/CLA-068-02-02-01;BLACK;102;0.00;A+B;522;90;[DFSH321085-WHIT-41] 1u (144d) | [DFSH321085-WHIT-42] 3u (144d) | [DFSH321085-WHIT-43] 3u (144d) | [DFSH321085-WHIT-44] 3u (144d) | [DFSH321085-WHIT-45] 2u (144d) | [DFSH391001-BLAC-40] 10u (128d) | [DFSH391001-BLAC-39] 10u (128d) | [DFSH391001-BLAC-39] 10u (128d) | [DFSH371006-BLAC-37] 12u (417d) | [DFSH370003-BLAC-41] 12u (355d) | [DFSH370003-BLAC-38] 12u (355d) | [DFSH321089-GOLD-39] 12u (522d) | [DFSH321089-GOLD-39] 12u (522d)
CLABD/Stock/StorageBD/CLA-068-02-02-02;BLACK;12;0.00;A;445;10;[DFSH371006-BLAC-38] 12u (445d)
CLABD/Stock/StorageBD/CLA-068-02-02-03;BLACK;84;0.00;A;478;70;[DFSH371006-BLAC-38] 12u (478d) | [DFSH371004-TAN-41] 12u (425d) | [DFSH371004-TAN-41] 12u (425d) | [DFSH371004-TAN-41] 12u (425d) | [DFSH371004-TAN-41] 12u (425d) | [DFSH371004-TAN-41] 12u (425d) | [DFSH371004-TAN-41] 12u (425d)
CLABD/Stock/StorageBD/CLA-068-02-03-02;BLACK;132;0.00;A+D;478;110;[DFSH371006-BLAC-38] 12u (478d) | [DFSH321100-WHIT-36] 1u (144d) | [DFSH321100-WHIT-37] 2u (144d) | [DFSH321100-WHIT-38] 3u (144d) | [DFSH321100-WHIT-39] 3u (144d) | [DFSH321100-WHIT-40] 2u (144d) | [DFSH321100-WHIT-41] 1u (144d) | [DFSH321100-WHIT-36] 1u (144d) | [DFSH321100-WHIT-37] 2u (144d) | [DFSH321100-WHIT-38] 3u (144d) | [DFSH321100-WHIT-39] 3u (144d) | [DFSH321100-WHIT-40] 2u (144d) | [DFSH321100-WHIT-41] 1u (144d) | [DFSH321100-WHIT-36] 1u (144d) | [DFSH321100-WHIT-37] 2u (144d) | [DFSH321100-WHIT-38] 3u (144d) | [DFSH321100-WHIT-39] 3u (144d) | [DFSH321100-WHIT-40] 2u (144d) | [DFSH321100-WHIT-41] 1u (144d) | [DFSH321100-WHIT-36] 1u (144d) | [DFSH321100-WHIT-37] 2u (144d) | [DFSH321100-WHIT-38] 3u (144d) | [DFSH321100-WHIT-39] 3u (144d) | [DFSH321100-WHIT-40] 2u (144d) | [DFSH321100-WHIT-41] 1u (144d) | [DFSH321100-WHIT-36] 1u (144d) | [DFSH321100-WHIT-37] 2u (144d) | [DFSH321100-WHIT-38] 3u (144d) | [DFSH321100-WHIT-39] 3u (144d) | [DFSH321100-WHIT-40] 2u (144d) | [DFSH321100-WHIT-41] 1u (144d) | [DFSH321100-BLAC-36] 1u (144d) | [DFSH321100-BLAC-37] 2u (144d) | [DFSH321100-BLAC-38] 3u (144d) | [DFSH321100-BLAC-39] 3u (144d) | [DFSH321100-BLAC-40] 2u (144d) | [DFSH321100-BLAC-41] 1u (144d) | [DFSH321100-BLAC-36] 1u (144d) | [DFSH321100-BLAC-37] 2u (144d) | [DFSH321100-BLAC-38] 3u (144d) | [DFSH321100-BLAC-39] 3u (144d) | [DFSH321100-BLAC-40] 2u (144d) | [DFSH321100-BLAC-41] 1u (144d) | [DFSH321100-BLAC-36] 1u (144d) | [DFSH321100-BLAC-37] 2u (144d) | [DFSH321100-BLAC-38] 3u (144d) | [DFSH321100-BLAC-39] 3u (144d) | [DFSH321100-BLAC-40] 2u (144d) | [DFSH321100-BLAC-41] 1u (144d) | [DFSH321100-BLAC-36] 1u (144d) | [DFSH321100-BLAC-37] 2u (144d) | [DFSH321100-BLAC-38] 3u (144d) | [DFSH321100-BLAC-39] 3u (144d) | [DFSH321100-BLAC-40] 2u (144d) | [DFSH321100-BLAC-41] 1u (144d) | [DFSH321100-BLAC-36] 1u (144d) | [DFSH321100-BLAC-37] 2u (144d) | [DFSH321100-BLAC-38] 3u (144d) | [DFSH321100-BLAC-39] 3u (144d) | [DFSH321100-BLAC-40] 2u (144d) | [DFSH321100-BLAC-41] 1u (144d)
CLABD/Stock/StorageBD/CLA-068-02-03-03;BLACK;84;0.00;A;478;70;[DFSH371006-BLAC-41] 12u (478d) | [DFSH371006-BLAC-41] 12u (478d) | [DFSH371006-BLAC-41] 12u (478d) | [DFSH371006-BLAC-41] 12u (478d) | [DFSH371006-BLAC-39] 12u (478d) | [DFSH371006-BLAC-39] 12u (478d) | [DFSH371006-BLAC-38] 12u (478d)
CLABD/Stock/StorageBD/CLA-068-03-01-02;BLACK;60;0.00;A+B;430;50;[DFSH371004-TAN-41] 12u (430d) | [DFSH371004-TAN-41] 12u (430d) | [DFSH371004-TAN-40] 12u (417d) | [NVK33410-0006-39] 3u (381d) | [NVK33410-0006-37] 2u (381d) | [NVK33410-0006-36] 3u (381d) | [NVK33410-0006-40] 3u (381d) | [NVK33410-0006-38] 1u (381d) | [NVK33410-0006-40] 6u (381d) | [NVK33410-0006-37] 2u (381d) | [NVK33410-0006-36] 2u (381d) | [NVK33410-0006-38] 1u (381d) | [NVK33410-0006-39] 1u (381d)
CLABD/Stock/StorageBD/CLA-068-03-02-02;BLACK;48;0.00;A;509;40;[DFSH371006-BLAC-39] 12u (428d) | [DFSH370006-BLAC-36] 12u (452d) | [DFSH370005-BLAC-36] 12u (509d) | [DFSH381001-BEIG-37] 12u (487d)
CLABD/Stock/StorageBD/CLA-068-03-02-03;BLACK;63;0.00;A;374;70;[DFSH371004-TAN-36] 1u (374d) | [DFSH371004-TAN-37] 2u (374d) | [DFSH371004-TAN-38] 2u (374d) | [DFSH371004-TAN-39] 2u (374d) | [DFSH371004-TAN-40] 1u (374d) | [DFSH371004-TAN-41] 1u (374d) | [DFSH371004-TAN-36] 2u (374d) | [DFSH371004-TAN-37] 3u (374d) | [DFSH371004-TAN-38] 2u (374d) | [DFSH371004-TAN-39] 1u (374d) | [DFSH371004-TAN-40] 1u (374d) | [DFSH371004-TAN-36] 2u (374d) | [DFSH371004-TAN-37] 3u (374d) | [DFSH371004-TAN-38] 2u (374d) | [DFSH371004-TAN-39] 1u (374d) | [DFSH371004-TAN-40] 1u (374d) | [DFSH371004-TAN-36] 2u (374d) | [DFSH371004-TAN-37] 3u (374d) | [DFSH371004-TAN-38] 2u (374d) | [DFSH371004-TAN-39] 1u (374d) | [DFSH371004-TAN-40] 1u (374d) | [DFSH371004-TAN-36] 2u (374d) | [DFSH371004-TAN-37] 3u (374d) | [DFSH371004-TAN-38] 2u (374d) | [DFSH371004-TAN-39] 1u (374d) | [DFSH371004-TAN-40] 1u (374d) | [DFSH371004-TAN-36] 2u (374d) | [DFSH371004-TAN-37] 3u (374d) | [DFSH371004-TAN-38] 2u (374d) | [DFSH371004-TAN-39] 1u (374d) | [DFSH371004-TAN-40] 1u (374d) | [DFSH371004-TAN-36] 2u (374d) | [DFSH371004-TAN-37] 3u (374d) | [DFSH371004-TAN-38] 2u (374d) | [DFSH371004-TAN-39] 1u (374d) | [DFSH371004-TAN-40] 1u (374d)
CLABD/Stock/StorageBD/CLA-068-03-03-03;BLACK;72;0.00;A;492;60;[DFSH347003_-BLAC-41] 12u (492d) | [DFSH347003_-BLAC-40] 12u (492d) | [DFSH347003_-BLAC-39] 12u (492d) | [DFSH347003_-BLAC-39] 12u (492d) | [DFSH347003_-BLAC-38] 12u (492d) | [DFSH347003_-BLAC-37] 12u (492d)
CLABD/Stock/StorageBD/CLA-068-04-01-01;BLACK;48;0.00;A;487;40;[DFSH381001-BEIG-38] 12u (487d) | [DFSH381001-BEIG-38] 12u (487d) | [DFSH381001-BEIG-38] 12u (487d) | [DFSH381001-BEIG-37] 12u (487d)
CLABD/Stock/StorageBD/CLA-068-04-01-02;BLACK;96;0.00;A;478;80;[DFSH370003-BLAC-39] 12u (355d) | [DFSH370003-BLAC-39] 12u (355d) | [DFSH370003-BLAC-39] 12u (355d) | [DFSH370003-BLAC-39] 12u (355d) | [DFSH370003-BLAC-39] 12u (355d) | [DFSH371006-BLAC-36] 12u (445d) | [DFSH371006-BLAC-39] 12u (478d) | [DFSH371006-BLAC-38] 12u (478d)
CLABD/Stock/StorageBD/CLA-068-04-01-03;BLACK;56;0.00;A+D;487;40;[DFSH381001-KHAK-40] 12u (487d) | [DFSH381001-KHAK-38] 12u (487d) | [DFSH381001-KHAK-37] 12u (487d) | [DFSH370022-SAND-K-32] 4u (124d) | [DFSH370022-SAND-K-33] 4u (124d) | [DFSH370022-SAND-K-34] 4u (124d) | [DFSH370022-SAND-K-35] 4u (124d) | [DFSH370022-SAND-K-36] 4u (124d)
CLABD/Stock/StorageBD/CLA-068-04-02-01;BLACK;72;0.00;A;445;60;[DFSH371006-BLAC-39] 12u (445d) | [DFSH371006-BLAC-39] 12u (445d) | [DFSH371006-BLAC-39] 12u (445d) | [DFSH371006-BLAC-39] 12u (428d) | [DFSH371006-BLAC-39] 12u (428d) | [DFSH371006-BLAC-39] 12u (428d)
CLABD/Stock/StorageBD/CLA-068-04-02-02;BLACK;60;0.00;A;445;50;[DFSH371006-BEIG-38] 12u (445d) | [DFSH371006-BEIG-38] 12u (445d) | [DFSH371006-BEIG-38] 12u (445d) | [DFSH371006-BEIG-38] 12u (445d) | [DFSH371006-BEIG-37] 12u (445d)
CLABD/Stock/StorageBD/CLA-068-04-02-03;BLACK;48;0.00;A;417;40;[DFSH370003-TAN-39] 12u (355d) | [DFSH370003-TAN-39] 12u (355d) | [DFSH370003-TAN-37] 12u (417d) | [DFSH370003-TAN-37] 12u (417d)
CLABD/Stock/StorageBD/CLA-068-04-03-01;BLACK;36;0.00;A;445;30;[DFSH371006-BLAC-38] 12u (445d) | [DFSH371006-BLAC-38] 12u (445d) | [DFSH371006-BLAC-38] 12u (445d)
CLABD/Stock/StorageBD/CLA-068-04-03-02;BLACK;24;0.00;A;445;20;[DFSH371006-BLAC-38] 12u (445d) | [DFSH371006-BLAC-38] 12u (445d)
CLABD/Stock/StorageBD/CLA-068-05-01-01;BLACK;48;0.00;A;487;40;[DFSH381001-KHAK-39] 12u (487d) | [DFSH381001-KHAK-39] 12u (487d) | [DFSH381001-KHAK-38] 12u (487d) | [DFSH381001-KHAK-38] 12u (487d)
CLABD/Stock/StorageBD/CLA-068-05-01-02;BLACK;62;0.00;B+A;379;60;[DFSH404004-ORAN-40] 10u (270d) | [DFSH404004-ORAN-40] 10u (270d) | [DFSH404004-ORAN-40] 10u (270d) | [DFSH404004-ORAN-38] 10u (270d) | [DFSH404004-ORAN-38] 10u (270d) | [DFSH371006-BEIG-41] 12u (379d)
CLABD/Stock/StorageBD/CLA-068-05-01-03;BLACK;90;0.00;A+C;487;60;[DFSH381001-KHAK-39] 12u (487d) | [DFSH381001-KHAK-39] 12u (487d) | [DFSH381001-KHAK-39] 12u (487d) | [DFSH381001-KHAK-38] 12u (487d) | [DFSH381001-KHAK-38] 12u (487d) | [KI330220-0011-29] 4u (400d) | [KI330220-0011-28] 6u (400d) | [KI330220-0011-32] 3u (400d) | [KI330220-0011-34] 3u (400d) | [KI330220-0011-35] 2u (400d) | [KI330220-0011-31] 4u (400d) | [KI330220-0011-33] 6u (400d) | [KI330220-0011-30] 2u (400d)
CLABD/Stock/StorageBD/CLA-068-05-03-01;BLACK;48;0.00;A;452;40;[DFSH370011-BLAC-41] 12u (452d) | [DFSH370011-BLAC-41] 12u (452d) | [DFSH370011-BLAC-41] 12u (452d) | [DFSH370011-BLAC-41] 12u (452d)
CLABD/Stock/StorageBD/CLA-068-06-01-02;BLACK;108;0.00;B+A+D;509;90;[DFSH347001-SILV-44] 12u (492d) | [DFSH347001-SILV-43] 12u (492d) | [DFSH347001-SILV-41] 12u (492d) | [DFSH370006-BLAC-36] 12u (452d) | [DFSH370011-BLAC-41] 12u (509d) | [DFSH370011-BLAC-40] 12u (509d) | [DFSH370011-BLAC-41] 12u (509d) | [DFSH370011-BLAC-41] 12u (509d) | [DFSH370021-BLAC-38] 12u (185d)
CLABD/Stock/StorageBD/CLA-068-06-01-03;BLACK;72;0.00;A;487;60;[DFSH381001-BEIG-41] 12u (487d) | [DFSH381001-BEIG-38] 12u (487d) | [DFSH381001-BEIG-38] 12u (487d) | [DFSH381001-BEIG-38] 12u (487d) | [DFSH381001-BEIG-37] 12u (487d) | [DFSH381001-BEIG-38] 12u (487d)
CLABD/Stock/StorageBD/CLA-068-06-02-01;BLACK;60;0.00;A;487;50;[DFSH381001-BEIG-41] 12u (487d) | [DFSH381001-BEIG-41] 12u (487d) | [DFSH381001-BEIG-40] 12u (487d) | [DFSH381001-BEIG-38] 12u (487d) | [DFSH381001-BEIG-37] 12u (487d)
CLABD/Stock/StorageBD/CLA-068-06-02-02;BLACK;24;0.00;A;487;20;[DFSH381001-BEIG-39] 12u (445d) | [DFSH381001-BEIG-39] 12u (487d)
CLABD/Stock/StorageBD/CLA-068-06-02-03;BLACK;72;0.00;A;487;60;[DFSH381001-BEIG-41] 12u (487d) | [DFSH381001-BEIG-40] 12u (487d) | [DFSH381001-BEIG-40] 12u (487d) | [DFSH381001-BEIG-40] 12u (487d) | [DFSH381001-BEIG-39] 12u (487d) | [DFSH381001-BEIG-37] 12u (487d)
CLABD/Stock/StorageBD/CLA-068-06-03-02;BLACK;48;0.00;A+B;522;40;[DFSH321089-GOLD-39] 12u (522d) | [DFSH321089-GOLD-39] 12u (522d) | [DFSH321089-GOLD-39] 12u (522d) | [DFSH321089-GOLD-38] 12u (522d)
CLABD/Stock/StorageBD/CLA-068-06-03-03;BLACK;72;0.00;A;492;60;[DFSH347003_-BLAC-40] 12u (492d) | [DFSH347003_-BLAC-39] 12u (492d) | [DFSH347003_-BLAC-38] 12u (492d) | [DFSH347003_-BLAC-38] 12u (492d) | [DFSH347003_-BLAC-37] 12u (492d) | [DFSH347003_-BLAC-36] 12u (492d)
CLABD/Stock/StorageBD/CLA-068-07-01-02;BLACK;94;0.00;A;491;80;[DFSH371006-BLAC-38] 12u (417d) | [DFSH371006-BLAC-37] 12u (417d) | [DFSH371006-BLAC-37] 12u (417d) | [DFSH371006-BLAC-37] 12u (417d) | [DFSH371006-BLAC-36] 12u (417d) | [DFSH371007-WHIT-36] 12u (491d) | [DFSH371007-WHIT-36] 12u (491d) | [DFSH387005-LPIN-37] 10u (305d)
CLABD/Stock/StorageBD/CLA-068-07-02-01;BLACK;48;0.00;A;521;40;[DFSH370004-BLAC-37] 12u (521d) | [DFSH370004-BLAC-36] 12u (521d) | [DFSH321089-GOLD-37] 12u (422d) | [DFSH321089-GOLD-37] 12u (422d)
CLABD/Stock/StorageBD/CLA-068-07-03-01;BLACK;72;0.00;A;509;60;[DFSH370011-BLAC-41] 12u (509d) | [DFSH370011-BLAC-41] 12u (509d) | [DFSH370011-BLAC-40] 12u (509d) | [DFSH370011-BLAC-40] 12u (509d) | [DFSH370011-BLAC-40] 12u (509d) | [DFSH370011-BLAC-40] 12u (509d)
CLABD/Stock/StorageBD/CLA-068-07-03-02;BLACK;84;0.00;A;509;70;[DFSH370011-BLAC-41] 12u (509d) | [DFSH370011-BLAC-41] 12u (509d) | [DFSH370011-BLAC-40] 12u (509d) | [DFSH370011-BLAC-40] 12u (509d) | [DFSH370011-BLAC-40] 12u (509d) | [DFSH370011-BLAC-40] 12u (509d) | [DFSH370011-BLAC-40] 12u (509d)
CLABD/Stock/StorageBD/CLA-068-08-03-01;BLACK;99;0.00;B+C;400;50;[NVK33401-0004-41] 18u (400d) | [NVK33401-0020-36] 6u (400d) | [NVK33401-0020-37] 5u (400d) | [NVK33401-0020-39] 6u (400d) | [NVK33401-0009-37] 1u (400d) | [NVK33401-0020-38] 3u (400d) | [NVK33401-0020-36] 13u (400d) | [NVK33401-0020-39] 1u (400d) | [NVK33401-0020-37] 6u (400d) | [NVK33401-0020-41] 1u (400d) | [NVK33401-0020-36] 10u (400d) | [NVK33401-0020-38] 2u (400d) | [NVK33401-0020-37] 7u (400d) | [NVK33401-0020-41] 1u (400d) | [NVK33401-0020-40] 1u (400d) | [DFSH397001-OFFW-43] 4u (400d) | [DFSH397001-OFFW-37] 1u (400d) | [DFSH397001-OFFW-41] 3u (400d) | [DFSH397001-OFFW-42] 1u (400d) | [DFSH397001-OFFW-40] 1u (400d) | [DFSH397001-OFFW-45] 2u (400d) | [DFSH397001-OFFW-44] 4u (400d) | [DFSH397001-WHIT-43] 2u (400d)
CLABD/Stock/StorageBD/CLA-068-08-03-03;BLACK;96;0.00;A;521;80;[DFSH370004-BLAC-40] 12u (521d) | [DFSH370004-BLAC-40] 12u (521d) | [DFSH370004-BLAC-40] 12u (521d) | [DFSH370004-BLAC-40] 12u (521d) | [DFSH370004-BLAC-40] 12u (521d) | [DFSH370004-BLAC-40] 12u (521d) | [DFSH370004-BLAC-39] 12u (521d) | [DFSH370004-BLAC-39] 12u (521d)
CLABD/Stock/StorageBD/CLA-068-09-01-02;BLACK;120;0.00;A;445;100;[DFSH371004-TAN-39] 12u (382d) | [DFSH371004-TAN-39] 12u (382d) | [DFSH371004-TAN-39] 12u (382d) | [DFSH371004-TAN-39] 12u (382d) | [DFSH371004-TAN-39] 12u (382d) | [DFSH371004-TAN-39] 12u (382d) | [DFSH371004-TAN-39] 12u (382d) | [DFSH371004-TAN-39] 12u (430d) | [DFSH371004-TAN-39] 12u (417d) | [DFSH371006-BEIG-41] 12u (445d)
CLABD/Stock/StorageBD/CLA-068-09-01-03;BLACK;96;0.00;A;430;80;[DFSH370003-TAN-39] 12u (355d) | [DFSH370003-TAN-39] 12u (417d) | [DFSH370003-TAN-39] 12u (355d) | [DFSH370003-TAN-39] 12u (355d) | [DFSH321090-GOLD-37] 12u (430d) | [DFSH371004-TAN-40] 12u (417d) | [DFSH371004-TAN-40] 12u (417d) | [DFSH371004-TAN-40] 12u (417d)
CLABD/Stock/StorageBD/CLA-068-09-02-01;BLACK;60;0.00;A+B;522;50;[DFSH321090-GOLD-37] 12u (522d) | [DFSH321089-GOLD-39] 12u (522d) | [DFSH321089-GOLD-38] 12u (522d) | [DFSH370006-NUT-37] 12u (417d) | [DFSH371006-BLAC-38] 12u (478d)
CLABD/Stock/StorageBD/CLA-068-09-03-01;BLACK;24;0.00;A;445;20;[DFSH371006-BLAC-38] 12u (445d) | [DFSH371006-BLAC-38] 12u (445d)
CLABD/Stock/StorageBD/CLA-068-09-03-02;BLACK;36;0.00;A;417;30;[DFSH370006-NUT-36] 12u (417d) | [DFSH370006-NUT-36] 12u (417d) | [DFSH370006-NUT-36] 12u (417d)
CLABD/Stock/StorageBD/CLA-068-09-03-03;BLACK;72;0.00;A+C;695;80;[DFSH370004-BLAC-37] 9u (695d) | [DFSH397001-WHIT-41] 1u (619d) | [DFSH397001-WHIT-42] 2u (619d) | [DFSH397001-WHIT-43] 3u (619d) | [DFSH397001-WHIT-44] 2u (619d) | [DFSH397001-WHIT-45] 1u (619d) | [DFSH370004-BLAC-37] 9u (695d) | [DFSH370004-BLAC-37] 9u (695d) | [DFSH370004-BLAC-37] 9u (695d) | [DFSH370004-BLAC-37] 9u (695d) | [DFSH370004-BLAC-37] 9u (695d) | [DFSH370004-BLAC-37] 9u (695d)
CLABD/Stock/StorageBD/CLA-069-01-01-01;BLACK;67;0.00;B+A;400;60;[NVK53525-0521-41] 4u (400d) | [NVK53525-0521-42] 1u (400d) | [NVK53525-0521-44] 9u (400d) | [NVK33410-0009-37] 5u (400d) | [NVK33410-0009-38] 5u (400d) | [NVK33410-0009-39] 6u (400d) | [NVK33410-0009-40] 1u (400d) | [DFSH371004-TAN-36] 1u (374d) | [DFSH371004-TAN-37] 2u (374d) | [DFSH371004-TAN-38] 2u (374d) | [DFSH371004-TAN-39] 2u (374d) | [DFSH371004-TAN-40] 1u (374d) | [DFSH371004-TAN-41] 1u (374d) | [DFSH371004-TAN-36] 1u (374d) | [DFSH371004-TAN-37] 2u (374d) | [DFSH371004-TAN-38] 2u (374d) | [DFSH371004-TAN-39] 2u (374d) | [DFSH371004-TAN-40] 1u (374d) | [DFSH371004-TAN-41] 1u (374d) | [DFSH371004-TAN-36] 1u (374d) | [DFSH371004-TAN-37] 2u (374d) | [DFSH371004-TAN-38] 2u (374d) | [DFSH371004-TAN-39] 2u (374d) | [DFSH371004-TAN-40] 1u (374d) | [DFSH371004-TAN-41] 1u (374d) | [DFSH371004-TAN-36] 1u (374d) | [DFSH371004-TAN-37] 2u (374d) | [DFSH371004-TAN-38] 2u (374d) | [DFSH371004-TAN-39] 2u (374d) | [DFSH371004-TAN-40] 1u (374d) | [DFSH371004-TAN-41] 1u (374d)
CLABD/Stock/StorageBD/CLA-069-01-03-01;BLACK;36;0.00;A;445;30;[DFSH371006-BLAC-38] 12u (445d) | [DFSH371006-BLAC-38] 12u (445d) | [DFSH371006-BLAC-38] 12u (445d)
CLABD/Stock/StorageBD/CLA-069-01-03-02;BLACK;84;0.00;A+B;445;70;[DFSH371010-BLAC-37] 12u (445d) | [DFSH371010-BLAC-37] 12u (445d) | [DFSH371010-BLAC-37] 12u (445d) | [DFSH371010-BLAC-38] 12u (428d) | [DFSH371010-BLAC-38] 12u (428d) | [DFSH371010-BLAC-39] 12u (428d) | [DFSH371010-BLAC-41] 12u (428d)
CLABD/Stock/StorageBD/CLA-069-02-01-01;BLACK;84;0.00;A+C;619;70;[DFSH371006-BEIG-38] 12u (445d) | [DFSH371006-BEIG-38] 12u (445d) | [DFSH371006-BEIG-38] 12u (445d) | [DFSH371006-BEIG-38] 12u (445d) | [DFSH371006-BEIG-37] 12u (429d) | [DFSH371006-BEIG-38] 12u (445d) | [DFSH393001-WHIT-36] 1u (619d) | [DFSH393001-WHIT-37] 2u (619d) | [DFSH393001-WHIT-38] 3u (619d) | [DFSH393001-WHIT-39] 3u (619d) | [DFSH393001-WHIT-40] 2u (619d) | [DFSH393001-WHIT-41] 1u (619d)
CLABD/Stock/StorageBD/CLA-069-02-02-01;BLACK;41;0.00;C+A;445;30;[DFSH394001-BEIG-41] 3u (400d) | [DFSH394001-BEIG-39] 6u (400d) | [DFSH394001-BEIG-37] 2u (400d) | [DFSH394001-BEIG-38] 5u (400d) | [DFSH394001-PINK-38] 1u (400d) | [DFSH371006-BLAC-39] 12u (428d) | [DFSH371006-BLAC-39] 12u (445d)
CLABD/Stock/StorageBD/CLA-069-02-02-02;BLACK;60;0.00;A;478;50;[DFSH371006-BLAC-38] 12u (478d) | [DFSH371006-BLAC-37] 12u (478d) | [DFSH371006-BLAC-37] 12u (478d) | [DFSH371006-BLAC-37] 12u (478d) | [DFSH371006-BLAC-37] 12u (478d)
CLABD/Stock/StorageBD/CLA-069-02-03-01;BLACK;48;0.00;A;445;40;[DFSH371006-BLAC-38] 12u (445d) | [DFSH371006-BLAC-38] 12u (445d) | [DFSH371006-BLAC-38] 12u (445d) | [DFSH371006-BLAC-40] 12u (428d)
CLABD/Stock/StorageBD/CLA-069-02-03-02;BLACK;96;0.00;A;445;80;[DFSH371006-BLAC-40] 12u (445d) | [DFSH371006-BLAC-40] 12u (445d) | [DFSH371006-BLAC-40] 12u (445d) | [DFSH371006-BLAC-39] 12u (445d) | [DFSH371006-BLAC-39] 12u (445d) | [DFSH371006-BLAC-39] 12u (445d) | [DFSH371006-BLAC-39] 12u (445d) | [DFSH371006-BLAC-40] 12u (428d)
CLABD/Stock/StorageBD/CLA-069-02-03-03;BLACK;96;0.00;A;445;80;[DFSH371006-BLAC-40] 12u (445d) | [DFSH371006-BLAC-40] 12u (445d) | [DFSH371006-BLAC-40] 12u (445d) | [DFSH371006-BLAC-40] 12u (445d) | [DFSH371006-BLAC-40] 12u (445d) | [DFSH371006-BLAC-39] 12u (428d) | [DFSH371006-BLAC-40] 12u (428d) | [DFSH371006-BLAC-40] 12u (428d)
CLABD/Stock/StorageBD/CLA-069-03-01-01;BLACK;72;0.00;A;445;60;[DFSH371006-BLAC-37] 12u (445d) | [DFSH371006-BLAC-37] 12u (445d) | [DFSH371006-BLAC-36] 12u (445d) | [DFSH371006-BLAC-36] 12u (445d) | [DFSH371006-BLAC-38] 12u (428d) | [DFSH371006-BLAC-40] 12u (428d)
CLABD/Stock/StorageBD/CLA-069-03-01-02;BLACK;96;0.00;A;445;80;[DFSH371006-BLAC-41] 12u (445d) | [DFSH371006-BEIG-41] 12u (445d) | [DFSH371006-BEIG-39] 12u (445d) | [DFSH371006-BEIG-39] 12u (445d) | [DFSH371006-BLAC-38] 12u (428d) | [DFSH371006-BLAC-38] 12u (428d) | [DFSH371006-BLAC-38] 12u (428d) | [DFSH371006-BLAC-38] 12u (428d)
CLABD/Stock/StorageBD/CLA-069-03-01-03;BLACK;96;0.00;A;445;80;[DFSH371006-BLAC-41] 12u (445d) | [DFSH371006-BLAC-41] 12u (445d) | [DFSH371006-BLAC-41] 12u (445d) | [DFSH371006-BLAC-41] 12u (445d) | [DFSH371006-BLAC-41] 12u (445d) | [DFSH371006-BLAC-41] 12u (445d) | [DFSH371006-BLAC-38] 12u (445d) | [DFSH371006-BLAC-38] 12u (445d)
CLABD/Stock/StorageBD/CLA-069-03-02-01;BLACK;84;0.00;A;445;60;[DFSH370003-TAN-39] 12u (355d) | [DFSH370003-TAN-39] 12u (355d) | [DFSH370003-TAN-39] 12u (355d) | [DFSH370003-TAN-39] 12u (355d) | [DFSH370003-TAN-40] 12u (417d) | [DFSH371006-BEIG-38] 24u (445d)
CLABD/Stock/StorageBD/CLA-069-03-02-02;BLACK;132;0.00;A+D;445;100;[DFSH371004-TAUP-38] 12u (149d) | [DFSH370021-TAN-38] 12u (149d) | [DFSH370021-BURG-42] 12u (149d) | [DFSH370021-BURG-40] 12u (149d) | [DFSH370021-BURG-39] 12u (149d) | [DFSH370021-BURG-38] 12u (149d) | [DFSH370021-BURG-38] 12u (149d) | [DFSH370021-BURG-38] 12u (149d) | [DFSH370021-BURG-38] 12u (149d) | [DFSH371006-BEIG-37] 24u (445d)
CLABD/Stock/StorageBD/CLA-069-03-03-01;BLACK;96;0.00;A;390;80;[DFSH371004-TAN-40] 12u (355d) | [DFSH371004-TAN-40] 12u (355d) | [DFSH371004-TAN-40] 12u (355d) | [DFSH371004-TAN-40] 12u (355d) | [DFSH371004-TAN-40] 12u (390d) | [DFSH371004-TAN-40] 12u (390d) | [DFSH371004-TAN-40] 12u (390d) | [DFSH371004-TAN-40] 12u (390d)
CLABD/Stock/StorageBD/CLA-069-03-03-03;BLACK;168;0.00;D+A;445;120;[DFSH370021-BURG-42] 12u (149d) | [DFSH370021-BURG-41] 12u (149d) | [DFSH370021-BURG-40] 12u (149d) | [DFSH370021-BURG-40] 12u (149d) | [DFSH370021-BURG-40] 12u (149d) | [DFSH370021-BURG-39] 12u (149d) | [DFSH370021-BURG-39] 12u (149d) | [DFSH370021-BURG-39] 12u (149d) | [DFSH370021-BURG-39] 12u (149d) | [DFSH370021-BURG-38] 12u (149d) | [DFSH371006-BEIG-38] 24u (445d) | [DFSH371006-BEIG-37] 24u (429d)
CLABD/Stock/StorageBD/CLA-069-04-01-01;BLACK;72;0.00;A;445;60;[DFSH371006-BEIG-41] 12u (445d) | [DFSH371006-BEIG-39] 12u (445d) | [DFSH371006-BEIG-39] 12u (445d) | [DFSH371006-BEIG-39] 12u (445d) | [DFSH371006-BEIG-39] 12u (445d) | [DFSH371006-BEIG-38] 12u (445d)
CLABD/Stock/StorageBD/CLA-069-04-01-02;BLACK;96;0.00;A;445;80;[DFSH371006-BEIG-41] 12u (445d) | [DFSH371006-BEIG-38] 12u (445d) | [DFSH371006-BEIG-38] 12u (445d) | [DFSH371006-BEIG-38] 12u (445d) | [DFSH371006-BEIG-38] 12u (445d) | [DFSH371006-BEIG-38] 12u (445d) | [DFSH371006-BEIG-37] 12u (445d) | [DFSH371006-BEIG-37] 12u (445d)
CLABD/Stock/StorageBD/CLA-069-04-01-03;BLACK;78;0.00;D+A;445;70;[DFSH414001-TAUP-36] 1u (124d) | [DFSH414001-TAUP-37] 2u (124d) | [DFSH414001-TAUP-38] 3u (124d) | [DFSH414001-TAUP-39] 3u (124d) | [DFSH414001-TAUP-40] 2u (124d) | [DFSH414001-TAUP-41] 1u (124d) | [DFSH414001-TAUP-36] 1u (124d) | [DFSH414001-TAUP-37] 2u (124d) | [DFSH414001-TAUP-38] 3u (124d) | [DFSH414001-TAUP-39] 3u (124d) | [DFSH414001-TAUP-40] 2u (124d) | [DFSH414001-TAUP-41] 1u (124d) | [DFSH414001-TAUP-36] 1u (124d) | [DFSH414001-TAUP-37] 2u (124d) | [DFSH414001-TAUP-38] 3u (124d) | [DFSH414001-TAUP-39] 3u (124d) | [DFSH414001-TAUP-40] 2u (124d) | [DFSH414001-TAUP-41] 1u (124d) | [DFSH414001-TAUP-36] 1u (124d) | [DFSH414001-TAUP-37] 2u (124d) | [DFSH414001-TAUP-38] 3u (124d) | [DFSH414001-TAUP-39] 3u (124d) | [DFSH414001-TAUP-40] 2u (124d) | [DFSH414001-TAUP-41] 1u (124d) | [DFSH414001-TAUP-36] 1u (124d) | [DFSH414001-TAUP-37] 2u (124d) | [DFSH414001-TAUP-38] 3u (124d) | [DFSH414001-TAUP-39] 3u (124d) | [DFSH414001-TAUP-40] 2u (124d) | [DFSH414001-TAUP-41] 1u (124d) | [DFSH371006-BLAC-37] 12u (445d) | [DFSH370003-TAN-40] 6u (165d)
CLABD/Stock/StorageBD/CLA-069-04-03-02;BLACK;48;0.00;A;445;40;[DFSH371006-BEIG-39] 12u (445d) | [DFSH371006-BEIG-39] 12u (445d) | [DFSH371006-BEIG-37] 12u (429d) | [DFSH371006-BEIG-37] 12u (429d)
CLABD/Stock/StorageBD/CLA-069-05-01-01;BLACK;72;0.00;A;487;60;[DFSH381001-BEIG-41] 12u (487d) | [DFSH381001-BEIG-41] 12u (487d) | [DFSH381001-BEIG-40] 12u (487d) | [DFSH381001-BEIG-40] 12u (487d) | [DFSH381001-BEIG-40] 12u (487d) | [DFSH381001-BEIG-39] 12u (487d)
CLABD/Stock/StorageBD/CLA-069-05-01-02;BLACK;72;0.00;A;445;60;[DFSH371006-BLAC-38] 12u (445d) | [DFSH371006-BLAC-38] 12u (445d) | [DFSH371006-BLAC-37] 12u (445d) | [DFSH371006-BLAC-36] 12u (445d) | [DFSH371006-BLAC-36] 12u (445d) | [DFSH371006-BLAC-36] 12u (445d)
CLABD/Stock/StorageBD/CLA-069-05-01-03;BLACK;52;0.00;A;491;50;[DFSH381001-KHAK-39] 12u (487d) | [DFSH381001-KHAK-39] 12u (487d) | [DFSH381001-KHAK-37] 4u (487d) | [DFSH371007-WHIT-37] 12u (491d) | [DFSH381001-KHAK-40] 12u (487d)
CLABD/Stock/StorageBD/CLA-069-05-02-01;BLACK;150;0.00;B+A;702;100;[DFSH321089-GOLD-38] 12u (429d) | [DFSH321089-GOLD-37] 60u (429d) | [DFSH321089-GOLD-37] 12u (374d) | [DFSH321086-OFFW-39] 12u (522d) | [NVK22060-0020-37] 9u (702d) | [NVK22060-0020-37] 9u (702d) | [NVK22060-0020-37] 9u (702d) | [NVK22060-0020-36] 9u (702d) | [NVK22060-0020-36] 9u (702d) | [NVK22060-0020-36] 9u (702d)
CLABD/Stock/StorageBD/CLA-069-05-02-02;BLACK;84;0.00;A;445;70;[DFSH371006-BEIG-41] 12u (445d) | [DFSH371006-BEIG-40] 12u (445d) | [DFSH371006-BEIG-40] 12u (445d) | [DFSH371006-BEIG-39] 12u (445d) | [DFSH371006-BEIG-39] 12u (445d) | [DFSH371006-BEIG-39] 12u (445d) | [DFSH371006-BEIG-38] 12u (429d)
CLABD/Stock/StorageBD/CLA-069-05-02-03;BLACK;132;0.00;C;619;110;[DFSH393001-WHIT-36] 1u (619d) | [DFSH393001-WHIT-37] 2u (619d) | [DFSH393001-WHIT-38] 3u (619d) | [DFSH393001-WHIT-39] 3u (619d) | [DFSH393001-WHIT-40] 2u (619d) | [DFSH393001-WHIT-41] 1u (619d) | [DFSH393001-WHIT-36] 1u (619d) | [DFSH393001-WHIT-37] 2u (619d) | [DFSH393001-WHIT-38] 3u (619d) | [DFSH393001-WHIT-39] 3u (619d) | [DFSH393001-WHIT-40] 2u (619d) | [DFSH393001-WHIT-41] 1u (619d) | [DFSH393001-WHIT-36] 1u (619d) | [DFSH393001-WHIT-37] 2u (619d) | [DFSH393001-WHIT-38] 3u (619d) | [DFSH393001-WHIT-39] 3u (619d) | [DFSH393001-WHIT-40] 2u (619d) | [DFSH393001-WHIT-41] 1u (619d) | [DFSH393001-WHIT-36] 1u (619d) | [DFSH393001-WHIT-37] 2u (619d) | [DFSH393001-WHIT-38] 3u (619d) | [DFSH393001-WHIT-39] 3u (619d) | [DFSH393001-WHIT-40] 2u (619d) | [DFSH393001-WHIT-41] 1u (619d) | [DFSH393001-WHIT-36] 1u (619d) | [DFSH393001-WHIT-37] 2u (619d) | [DFSH393001-WHIT-38] 3u (619d) | [DFSH393001-WHIT-39] 3u (619d) | [DFSH393001-WHIT-40] 2u (619d) | [DFSH393001-WHIT-41] 1u (619d) | [DFSH393001-WHIT-36] 1u (619d) | [DFSH393001-WHIT-37] 2u (619d) | [DFSH393001-WHIT-38] 3u (619d) | [DFSH393001-WHIT-39] 3u (619d) | [DFSH393001-WHIT-40] 2u (619d) | [DFSH393001-WHIT-41] 1u (619d) | [DFSH393001-WHIT-36] 1u (619d) | [DFSH393001-WHIT-37] 2u (619d) | [DFSH393001-WHIT-38] 3u (619d) | [DFSH393001-WHIT-39] 3u (619d) | [DFSH393001-WHIT-40] 2u (619d) | [DFSH393001-WHIT-41] 1u (619d) | [DFSH393001-WHIT-36] 1u (619d) | [DFSH393001-WHIT-37] 2u (619d) | [DFSH393001-WHIT-38] 3u (619d) | [DFSH393001-WHIT-39] 3u (619d) | [DFSH393001-WHIT-40] 2u (619d) | [DFSH393001-WHIT-41] 1u (619d) | [DFSH393001-WHIT-36] 1u (619d) | [DFSH393001-WHIT-37] 2u (619d) | [DFSH393001-WHIT-38] 3u (619d) | [DFSH393001-WHIT-39] 3u (619d) | [DFSH393001-WHIT-40] 2u (619d) | [DFSH393001-WHIT-41] 1u (619d) | [DFSH393001-WHIT-36] 1u (619d) | [DFSH393001-WHIT-37] 2u (619d) | [DFSH393001-WHIT-38] 3u (619d) | [DFSH393001-WHIT-39] 3u (619d) | [DFSH393001-WHIT-40] 2u (619d) | [DFSH393001-WHIT-41] 1u (619d) | [DFSH393001-WHIT-36] 1u (619d) | [DFSH393001-WHIT-37] 2u (619d) | [DFSH393001-WHIT-38] 3u (619d) | [DFSH393001-WHIT-39] 3u (619d) | [DFSH393001-WHIT-40] 2u (619d) | [DFSH393001-WHIT-41] 1u (619d)
CLABD/Stock/StorageBD/CLA-069-05-03-02;BLACK;60;0.00;A;521;50;[DFSH369003-BLAC-39] 12u (521d) | [DFSH369003-BLAC-39] 12u (521d) | [DFSH369003-BLAC-38] 12u (521d) | [DFSH369003-BLAC-38] 12u (521d) | [DFSH369003-BLAC-38] 12u (521d)
CLABD/Stock/StorageBD/CLA-069-05-03-03;BLACK;60;0.00;A;445;50;[DFSH371010-BEIG-38] 12u (445d) | [DFSH371010-BEIG-38] 12u (445d) | [DFSH371010-BEIG-38] 12u (445d) | [DFSH371010-BEIG-38] 12u (445d) | [DFSH371010-BEIG-38] 12u (445d)
CLABD/Stock/StorageBD/CLA-069-06-01-01;BLACK;72;0.00;A;487;60;[DFSH381001-BEIG-41] 12u (487d) | [DFSH381001-BEIG-40] 12u (487d) | [DFSH381001-BEIG-39] 12u (487d) | [DFSH381001-BEIG-38] 12u (487d) | [DFSH381001-BEIG-37] 12u (487d) | [DFSH381001-BEIG-40] 12u (487d)
CLABD/Stock/StorageBD/CLA-069-06-01-02;BLACK;98;0.00;A+C+B;445;70;[DFSH371006-BEIG-39] 12u (445d) | [DFSH371006-BEIG-39] 12u (445d) | [DFSH371006-BEIG-39] 12u (445d) | [DFSH371006-BEIG-39] 12u (445d) | [KI330220-0011-30] 5u (400d) | [KI330220-0011-31] 9u (400d) | [KI330220-0011-28] 3u (400d) | [KI330220-0011-32] 8u (400d) | [KI330220-0011-34] 5u (400d) | [DFSH384005-GOLD-36] 8u (400d) | [DFSH384005-GOLD-37] 12u (400d)
CLABD/Stock/StorageBD/CLA-069-06-01-03;BLACK;72;0.00;A;487;60;[DFSH381001-BEIG-40] 12u (487d) | [DFSH381001-BEIG-39] 12u (445d) | [DFSH381001-BEIG-39] 12u (487d) | [DFSH381001-BEIG-39] 12u (487d) | [DFSH381001-BEIG-39] 12u (487d) | [DFSH381001-BEIG-38] 12u (487d)
CLABD/Stock/StorageBD/CLA-069-06-02-02;BLACK;72;0.00;A;430;60;[DFSH371004-TAN-41] 12u (430d) | [DFSH371004-TAN-41] 12u (430d) | [DFSH371004-TAN-41] 12u (345d) | [DFSH371004-TAN-40] 12u (396d) | [DFSH371004-TAN-40] 12u (345d) | [DFSH371004-TAN-39] 12u (345d)
CLABD/Stock/StorageBD/CLA-069-06-02-03;BLACK;94;0.00;D+B;522;80;[DFSH414001-TAUP-36] 1u (124d) | [DFSH414001-TAUP-37] 2u (124d) | [DFSH414001-TAUP-38] 3u (124d) | [DFSH414001-TAUP-39] 3u (124d) | [DFSH414001-TAUP-40] 2u (124d) | [DFSH414001-TAUP-41] 1u (124d) | [DFSH414001-TAUP-36] 1u (124d) | [DFSH414001-TAUP-37] 2u (124d) | [DFSH414001-TAUP-38] 3u (124d) | [DFSH414001-TAUP-39] 3u (124d) | [DFSH414001-TAUP-40] 2u (124d) | [DFSH414001-TAUP-41] 1u (124d) | [DFSH414001-TAUP-36] 1u (124d) | [DFSH414001-TAUP-37] 2u (124d) | [DFSH414001-TAUP-38] 3u (124d) | [DFSH414001-TAUP-39] 3u (124d) | [DFSH414001-TAUP-40] 2u (124d) | [DFSH414001-TAUP-41] 1u (124d) | [DFSH414001-TAUP-36] 1u (124d) | [DFSH414001-TAUP-37] 2u (124d) | [DFSH414001-TAUP-38] 3u (124d) | [DFSH414001-TAUP-39] 3u (124d) | [DFSH414001-TAUP-40] 2u (124d) | [DFSH414001-TAUP-41] 1u (124d) | [DFSH404002-ABUR-38] 10u (270d) | [DFSH321086-OFFW-41] 12u (522d) | [DFSH321086-OFFW-41] 12u (522d) | [DFSH321086-OFFW-41] 12u (522d)
CLABD/Stock/StorageBD/CLA-069-07-01-01;BLACK;60;0.00;A;487;50;[DFSH381001-BEIG-41] 12u (487d) | [DFSH381001-BEIG-41] 12u (487d) | [DFSH381001-BEIG-39] 12u (487d) | [DFSH381001-BEIG-37] 12u (487d) | [DFSH381001-BEIG-36] 12u (487d)
CLABD/Stock/StorageBD/CLA-069-07-01-02;BLACK;84;0.00;A;445;70;[DFSH371006-BLAC-41] 12u (445d) | [DFSH371006-BLAC-38] 12u (445d) | [DFSH371006-BLAC-38] 12u (445d) | [DFSH371006-BLAC-38] 12u (445d) | [DFSH371006-BLAC-37] 12u (445d) | [DFSH371006-BLAC-36] 12u (445d) | [DFSH371006-BLAC-39] 12u (428d)
CLABD/Stock/StorageBD/CLA-069-07-01-03;BLACK;80;0.00;A+B;487;60;[DFSH381001-BEIG-41] 12u (487d) | [DFSH381001-BEIG-39] 12u (445d) | [DFSH381001-BEIG-38] 12u (487d) | [DFSH381001-BEIG-37] 12u (487d) | [DFSH381001-BEIG-37] 12u (487d) | [DFSH384005-GOLD-36] 7u (400d) | [DFSH384005-GOLD-37] 6u (400d) | [DFSH384005-GOLD-38] 7u (400d)
CLABD/Stock/StorageBD/CLA-069-07-02-01;BLACK;96;0.00;A;445;80;[DFSH371006-BLAC-38] 12u (445d) | [DFSH371006-BLAC-37] 12u (445d) | [DFSH371006-BLAC-36] 12u (445d) | [DFSH371006-BLAC-39] 12u (428d) | [DFSH371006-BLAC-39] 12u (428d) | [DFSH371006-BLAC-39] 12u (428d) | [DFSH371006-BLAC-40] 12u (428d) | [DFSH371006-BLAC-40] 12u (428d)
CLABD/Stock/StorageBD/CLA-069-07-02-02;BLACK;96;0.00;A;445;80;[DFSH371006-BLAC-36] 12u (445d) | [DFSH371006-BLAC-36] 12u (445d) | [DFSH371006-BLAC-36] 12u (445d) | [DFSH371006-BLAC-40] 12u (428d) | [DFSH371006-BLAC-40] 12u (428d) | [DFSH371006-BLAC-40] 12u (428d) | [DFSH371006-BLAC-40] 12u (428d) | [DFSH371006-BLAC-40] 12u (428d)
CLABD/Stock/StorageBD/CLA-069-07-02-03;BLACK;156;0.00;A;478;80;[DFSH371006-BLAC-41] 12u (445d) | [DFSH371006-BLAC-41] 12u (445d) | [DFSH371006-BLAC-41] 12u (445d) | [DFSH371006-BLAC-41] 12u (445d) | [DFSH371006-BLAC-40] 72u (478d) | [DFSH371006-BLAC-40] 12u (428d) | [DFSH371006-BLAC-40] 12u (428d) | [DFSH371006-BLAC-40] 12u (374d)
CLABD/Stock/StorageBD/CLA-069-08-01-03;BLACK;84;0.00;A;445;70;[DFSH371006-BLAC-41] 12u (445d) | [DFSH371006-BLAC-41] 12u (445d) | [DFSH371006-BLAC-38] 12u (445d) | [DFSH371006-BLAC-38] 12u (445d) | [DFSH371006-BLAC-36] 12u (445d) | [DFSH371006-BLAC-36] 12u (445d) | [DFSH371006-BLAC-38] 12u (428d)
CLABD/Stock/StorageBD/CLA-069-09-01-02;BLACK;104;0.00;A+B;725;80;[DFSH371006-BLAC-38] 12u (445d) | [DFSH371006-BLAC-38] 12u (445d) | [DFSH371006-BLAC-38] 12u (445d) | [DFSH371006-BLAC-37] 12u (445d) | [DFSH371006-BLAC-36] 12u (445d) | [DFSH371006-BLAC-36] 12u (445d) | [DFSH371006-BLAC-36] 12u (445d) | [DFBG24W104-SILV] 20u (725d)
CLABD/Stock/StorageBD/CLA-069-09-01-03;BLACK;145;0.00;B+A+C;400;90;[DFSH384005-GOLD-38] 6u (400d) | [DFSH384005-GOLD-37] 12u (400d) | [DFSH384005-GOLD-36] 2u (400d) | [DFSH384005-GOLD-37] 9u (400d) | [DFSH384005-GOLD-36] 5u (400d) | [DFSH384005-GOLD-38] 6u (400d) | [DFSH384005-GOLD-38] 6u (400d) | [DFSH384005-GOLD-37] 6u (400d) | [DFSH384005-GOLD-36] 8u (400d) | [DFSH361003-NAVY-43] 6u (400d) | [DFSH361003-NAVY-45] 1u (400d) | [DFSH361003-NAVY-44] 4u (400d) | [NVK33410-0009-39] 4u (400d) | [NVK33410-0009-38] 5u (400d) | [NVK33410-0009-37] 4u (400d) | [NVK33410-0009-40] 4u (400d) | [NVK33410-0006-37] 4u (400d) | [NVK33410-0006-38] 10u (400d) | [NVK33410-0006-39] 3u (400d) | [NVK33410-0006-37] 8u (400d) | [NVK33410-0006-36] 3u (400d) | [NVK33410-0006-38] 6u (400d) | [NVK33410-0006-38] 6u (400d) | [NVK33410-0006-37] 6u (400d) | [NVK33410-0006-36] 5u (400d) | [DFSH369002-WHIT-37] 4u (165d) | [DFSH371006-BEIG-36] 1u (165d) | [DFSH375003-BLAC-37] 1u (165d)
CLABD/Stock/StorageBD/CLA-069-09-02-01;BLACK;84;0.00;A;445;70;[DFSH371006-BLAC-41] 12u (445d) | [DFSH371006-BLAC-41] 12u (445d) | [DFSH371006-BLAC-41] 12u (445d) | [DFSH371006-BLAC-41] 12u (445d) | [DFSH371006-BLAC-37] 12u (445d) | [DFSH371006-BLAC-37] 12u (445d) | [DFSH371006-BLAC-39] 12u (428d)
CLABD/Stock/StorageBD/CLA-069-09-02-02;BLACK;96;0.00;A;445;80;[DFSH371006-BLAC-37] 12u (445d) | [DFSH371006-BLAC-37] 12u (445d) | [DFSH371006-BLAC-37] 12u (445d) | [DFSH371006-BLAC-36] 12u (445d) | [DFSH371006-BLAC-39] 12u (428d) | [DFSH371006-BLAC-39] 12u (428d) | [DFSH371006-BLAC-39] 12u (428d) | [DFSH371006-BLAC-37] 12u (445d)
CLABD/Stock/StorageBD/CLA-069-09-02-03;BLACK;96;0.00;A;445;80;[DFSH371006-BLAC-41] 12u (445d) | [DFSH371006-BLAC-41] 12u (445d) | [DFSH371006-BLAC-41] 12u (445d) | [DFSH371006-BLAC-41] 12u (445d) | [DFSH371006-BLAC-41] 12u (445d) | [DFSH371006-BLAC-41] 12u (445d) | [DFSH371006-BLAC-41] 12u (445d) | [DFSH371006-BLAC-38] 12u (445d)
CLABD/Stock/StorageBD/CLA-069-09-03-01;BLACK;120;0.00;A;478;90;[DFSH371006-BLAC-39] 24u (478d) | [DFSH371006-BLAC-38] 12u (445d) | [DFSH371006-BLAC-38] 12u (445d) | [DFSH371006-BLAC-38] 12u (445d) | [DFSH371006-BLAC-39] 12u (428d) | [DFSH371006-BLAC-39] 12u (428d) | [DFSH371006-BLAC-39] 12u (428d) | [DFSH371006-BLAC-39] 12u (428d) | [DFSH371006-BLAC-39] 12u (374d)
CLABD/Stock/StorageBD/CLA-069-09-03-02;BLACK;84;0.00;A;445;70;[DFSH371006-BLAC-36] 12u (445d) | [DFSH371006-BLAC-36] 12u (445d) | [DFSH371006-BLAC-36] 12u (445d) | [DFSH371006-BLAC-36] 12u (445d) | [DFSH371006-BLAC-39] 12u (428d) | [DFSH371006-BLAC-39] 12u (428d) | [DFSH371006-BLAC-39] 12u (428d)
CLABD/Stock/StorageBD/CLA-069-09-03-03;BLACK;96;0.00;A;445;80;[DFSH371006-BLAC-38] 12u (445d) | [DFSH371006-BLAC-37] 12u (445d) | [DFSH371006-BLAC-37] 12u (445d) | [DFSH371006-BLAC-37] 12u (445d) | [DFSH371006-BLAC-36] 12u (445d) | [DFSH371006-BLAC-36] 12u (445d) | [DFSH371006-BLAC-36] 12u (445d) | [DFSH371006-BLAC-39] 12u (428d)
CLABD/Stock/StorageBD/CLA-070-01-01-01;BLACK;150;0.00;C+A+B;619;130;[DFSH392001-WHIT-39] 4u (400d) | [DFSH392001-WHIT-37] 4u (400d) | [DFSH392001-WHIT-40] 3u (400d) | [DFSH392001-WHIT-38] 3u (400d) | [DFSH392001-WHIT-36] 1u (400d) | [DFSH392001-WHIT-41] 1u (400d) | [DFSH394001-PINK-38] 2u (400d) | [DFSH394001-PINK-41] 1u (400d) | [DFSH394001-PINK-39] 3u (400d) | [DFSH394001-PINK-37] 1u (400d) | [DFSH394001-PINK-40] 1u (400d) | [DFSH397001-OFFW-41] 1u (619d) | [DFSH397001-OFFW-42] 2u (619d) | [DFSH397001-OFFW-43] 3u (619d) | [DFSH397001-OFFW-44] 2u (619d) | [DFSH397001-OFFW-45] 1u (619d) | [DFSH397001-OFFW-41] 1u (619d) | [DFSH397001-OFFW-42] 2u (619d) | [DFSH397001-OFFW-43] 3u (619d) | [DFSH397001-OFFW-44] 2u (619d) | [DFSH397001-OFFW-45] 1u (619d) | [DFSH397001-WHIT-41] 1u (619d) | [DFSH397001-WHIT-42] 2u (619d) | [DFSH397001-WHIT-43] 3u (619d) | [DFSH397001-WHIT-44] 2u (619d) | [DFSH397001-WHIT-45] 1u (619d) | [DFSH381001-BEIG-40] 2u (185d) | [DFSH370004-SAND-37] 1u (185d) | [DFSH371004-TAN-38] 1u (186d) | [DFSH381001-BEIG-38] 1u (185d) | [DFSH375003-TAUP-36] 2u (185d) | [DFSH375003-TAUP-41] 1u (185d) | [DFSH370012-TAUP-36] 1u (185d) | [DFSH371010-BLAC-36] 2u (185d) | [DFSH370004-BLAC-37] 1u (186d) | [DFSH370004-BLAC-36] 1u (185d) | [DFSH381001-BEIG-40] 2u (185d) | [DFSH371008-CAME-41] 1u (185d) | [DFSH375001-BLAC-38] 5u (435d) | [DFSH375003-BLAC-38] 1u (232d) | [DFSH392001-WHIT-38] 6u (400d) | [DFSH392001-WHIT-39] 2u (400d) | [DFSH392001-WHIT-40] 3u (400d) | [DFSH392001-WHIT-41] 2u (400d) | [DFSH392001-WHIT-37] 1u (400d) | [DFSH392001-WHIT-36] 1u (400d) | [DFSH370006-BLAC-36] 12u (495d) | [DFACBE2305-GREY] 50u (136d)
CLABD/Stock/StorageBD/CLA-070-01-02-01;BLACK;104;0.00;A+B;478;80;[DFSH370005-CAME-37] 2u (164d) | [DFSH370005-CAME-36] 1u (163d) | [DFSH370005-CAME-38] 1u (163d) | [DFSH370005-CAME-41] 1u (163d) | [DFSH375001-TAN-36] 1u (163d) | [DFSH381001-BLAC-39] 1u (163d) | [DFSH381001-BLAC-37] 1u (163d) | [DFTXSWE011-BLACK-M] 24u (443d) | [DFSH370003-BLAC-38] 12u (355d) | [DFSH371006-BEIG-41] 12u (478d) | [DFSH371006-BEIG-41] 12u (478d) | [DFSH371006-BEIG-36] 12u (478d) | [DFSH371004-TAN-40] 12u (417d) | [DFSH371004-TAN-40] 12u (417d)
CLABD/Stock/StorageBD/CLA-070-01-02-03;BLACK;102;0.00;C+A;703;60;[KI330225-0002-28] 9u (400d) | [KI330225-0002_-37] 2u (400d) | [KI330225-0002-31] 1u (400d) | [KI330225-0002-30] 10u (400d) | [KI330225-0002-32] 5u (400d) | [KI330225-0002_-38] 1u (400d) | [KI330225-0002_-40] 1u (400d) | [KI330225-0002-34] 1u (400d) | [KI330225-0002_-39] 1u (400d) | [KI330225-0002_-36] 2u (400d) | [KI330225-0002-31] 9u (400d) | [KI330225-0002-28] 1u (400d) | [KI330225-0002-29] 7u (400d) | [KI330225-0002-30] 7u (400d) | [KI330225-0002-32] 1u (400d) | [KI330225-0002_-38] 1u (400d) | [KI330225-0002_-40] 1u (400d) | [DFSH370006-NUT-36] 12u (417d) | [DFSH370006-NUT-36] 12u (417d) | [DFSH370004-BLAC-38] 9u (703d) | [DFSH370004-BLAC-38] 9u (703d)
CLABD/Stock/StorageBD/CLA-070-01-03-01;BLACK;108;0.00;C+A;571;120;[DFSH394001-PURP-36] 1u (571d) | [DFSH394001-PURP-37] 2u (571d) | [DFSH394001-PURP-38] 2u (571d) | [DFSH394001-PURP-39] 2u (571d) | [DFSH394001-PURP-40] 1u (571d) | [DFSH394001-PURP-41] 1u (571d) | [DFSH394001-PURP-36] 1u (571d) | [DFSH394001-PURP-37] 2u (571d) | [DFSH394001-PURP-38] 2u (571d) | [DFSH394001-PURP-39] 2u (571d) | [DFSH394001-PURP-40] 1u (571d) | [DFSH394001-PURP-41] 1u (571d) | [DFSH394001-PURP-36] 1u (571d) | [DFSH394001-PURP-37] 2u (571d) | [DFSH394001-PURP-38] 2u (571d) | [DFSH394001-PURP-39] 2u (571d) | [DFSH394001-PURP-40] 1u (571d) | [DFSH394001-PURP-41] 1u (571d) | [DFSH394001-PURP-36] 1u (571d) | [DFSH394001-PURP-37] 2u (571d) | [DFSH394001-PURP-38] 2u (571d) | [DFSH394001-PURP-39] 2u (571d) | [DFSH394001-PURP-40] 1u (571d) | [DFSH394001-PURP-41] 1u (571d) | [DFSH394001-BEIG-36] 1u (571d) | [DFSH394001-BEIG-37] 2u (571d) | [DFSH394001-BEIG-38] 2u (571d) | [DFSH394001-BEIG-39] 2u (571d) | [DFSH394001-BEIG-40] 1u (571d) | [DFSH394001-BEIG-41] 1u (571d) | [DFSH394001-BEIG-36] 1u (571d) | [DFSH394001-BEIG-37] 2u (571d) | [DFSH394001-BEIG-38] 2u (571d) | [DFSH394001-BEIG-39] 2u (571d) | [DFSH394001-BEIG-40] 1u (571d) | [DFSH394001-BEIG-41] 1u (571d) | [DFSH394001-BEIG-36] 1u (571d) | [DFSH394001-BEIG-37] 2u (571d) | [DFSH394001-BEIG-38] 2u (571d) | [DFSH394001-BEIG-39] 2u (571d) | [DFSH394001-BEIG-40] 1u (571d) | [DFSH394001-BEIG-41] 1u (571d) | [DFSH394001-BEIG-36] 1u (571d) | [DFSH394001-BEIG-37] 2u (571d) | [DFSH394001-BEIG-38] 2u (571d) | [DFSH394001-BEIG-39] 2u (571d) | [DFSH394001-BEIG-40] 1u (571d) | [DFSH394001-BEIG-41] 1u (571d) | [DFSH394001-BEIG-36] 1u (571d) | [DFSH394001-BEIG-37] 2u (571d) | [DFSH394001-BEIG-38] 2u (571d) | [DFSH394001-BEIG-39] 2u (571d) | [DFSH394001-BEIG-40] 1u (571d) | [DFSH394001-BEIG-41] 1u (571d) | [DFSH394001-BEIG-36] 1u (571d) | [DFSH394001-BEIG-37] 2u (571d) | [DFSH394001-BEIG-38] 2u (571d) | [DFSH394001-BEIG-39] 2u (571d) | [DFSH394001-BEIG-40] 1u (571d) | [DFSH394001-BEIG-41] 1u (571d) | [DFSH394001-BEIG-36] 1u (571d) | [DFSH394001-BEIG-37] 2u (571d) | [DFSH394001-BEIG-38] 2u (571d) | [DFSH394001-BEIG-39] 2u (571d) | [DFSH394001-BEIG-40] 1u (571d) | [DFSH394001-BEIG-41] 1u (571d) | [DFSH394001-BEIG-36] 1u (571d) | [DFSH394001-BEIG-37] 2u (571d) | [DFSH394001-BEIG-38] 2u (571d) | [DFSH394001-BEIG-39] 2u (571d) | [DFSH394001-BEIG-40] 1u (571d) | [DFSH394001-BEIG-41] 1u (571d)
CLABD/Stock/StorageBD/CLA-070-01-03-02;BLACK;90;0.00;C+A;571;100;[DFSH394001-PURP-36] 1u (571d) | [DFSH394001-PURP-37] 2u (571d) | [DFSH394001-PURP-38] 2u (571d) | [DFSH394001-PURP-39] 2u (571d) | [DFSH394001-PURP-40] 1u (571d) | [DFSH394001-PURP-41] 1u (571d) | [DFSH394001-BEIG-36] 1u (571d) | [DFSH394001-BEIG-37] 2u (571d) | [DFSH394001-BEIG-38] 2u (571d) | [DFSH394001-BEIG-39] 2u (571d) | [DFSH394001-BEIG-40] 1u (571d) | [DFSH394001-BEIG-41] 1u (571d) | [DFSH394001-BEIG-36] 1u (571d) | [DFSH394001-BEIG-37] 2u (571d) | [DFSH394001-BEIG-38] 2u (571d) | [DFSH394001-BEIG-39] 2u (571d) | [DFSH394001-BEIG-40] 1u (571d) | [DFSH394001-BEIG-41] 1u (571d) | [DFSH394001-BEIG-36] 1u (571d) | [DFSH394001-BEIG-37] 2u (571d) | [DFSH394001-BEIG-38] 2u (571d) | [DFSH394001-BEIG-39] 2u (571d) | [DFSH394001-BEIG-40] 1u (571d) | [DFSH394001-BEIG-41] 1u (571d) | [DFSH394001-BEIG-36] 1u (571d) | [DFSH394001-BEIG-37] 2u (571d) | [DFSH394001-BEIG-38] 2u (571d) | [DFSH394001-BEIG-39] 2u (571d) | [DFSH394001-BEIG-40] 1u (571d) | [DFSH394001-BEIG-41] 1u (571d) | [DFSH394001-BEIG-36] 1u (571d) | [DFSH394001-BEIG-37] 2u (571d) | [DFSH394001-BEIG-38] 2u (571d) | [DFSH394001-BEIG-39] 2u (571d) | [DFSH394001-BEIG-40] 1u (571d) | [DFSH394001-BEIG-41] 1u (571d) | [DFSH394001-BEIG-36] 1u (571d) | [DFSH394001-BEIG-37] 2u (571d) | [DFSH394001-BEIG-38] 2u (571d) | [DFSH394001-BEIG-39] 2u (571d) | [DFSH394001-BEIG-40] 1u (571d) | [DFSH394001-BEIG-41] 1u (571d) | [DFSH394001-BEIG-36] 1u (571d) | [DFSH394001-BEIG-37] 2u (571d) | [DFSH394001-BEIG-38] 2u (571d) | [DFSH394001-BEIG-39] 2u (571d) | [DFSH394001-BEIG-40] 1u (571d) | [DFSH394001-BEIG-41] 1u (571d) | [DFSH394001-BEIG-36] 1u (571d) | [DFSH394001-BEIG-37] 2u (571d) | [DFSH394001-BEIG-38] 2u (571d) | [DFSH394001-BEIG-39] 2u (571d) | [DFSH394001-BEIG-40] 1u (571d) | [DFSH394001-BEIG-41] 1u (571d) | [DFSH394001-BEIG-36] 1u (571d) | [DFSH394001-BEIG-37] 2u (571d) | [DFSH394001-BEIG-38] 2u (571d) | [DFSH394001-BEIG-39] 2u (571d) | [DFSH394001-BEIG-40] 1u (571d) | [DFSH394001-BEIG-41] 1u (571d)
CLABD/Stock/StorageBD/CLA-070-02-01-01;BLACK;115;0.00;B+A;400;110;[NVK10101-0026-41] 2u (400d) | [NVK10101-0026-38] 1u (400d) | [NVK10101-0026-45] 1u (400d) | [NVK10101-0026-42] 2u (400d) | [NVK10101-0026-43] 2u (400d) | [NVK10101-0026-44] 1u (400d) | [NVK33410-0269-39] 9u (400d) | [NVK33410-0043-39] 1u (400d) | [NVK33410-0043-38] 1u (400d) | [DFSH384005-GOLD-37] 6u (400d) | [DFSH384005-GOLD-36] 3u (400d) | [NVK33410-0020-39] 11u (400d) | [DFSH361009-LIME-36] 1u (270d) | [DFSH361009-LIME-37] 2u (270d) | [DFSH361009-LIME-38] 3u (270d) | [DFSH361009-LIME-39] 3u (270d) | [DFSH361009-LIME-40] 2u (270d) | [DFSH361009-LIME-41] 1u (270d) | [DFSH361009-LIME-36] 1u (270d) | [DFSH361009-LIME-37] 2u (270d) | [DFSH361009-LIME-38] 3u (270d) | [DFSH361009-LIME-39] 3u (270d) | [DFSH361009-LIME-40] 2u (270d) | [DFSH361009-LIME-41] 1u (270d) | [DFSH361009-FUCH-36] 1u (270d) | [DFSH361009-FUCH-37] 2u (270d) | [DFSH361009-FUCH-38] 3u (270d) | [DFSH361009-FUCH-39] 3u (270d) | [DFSH361009-FUCH-40] 2u (270d) | [DFSH361009-FUCH-41] 1u (270d) | [DFSH361009-FUCH-36] 1u (270d) | [DFSH361009-FUCH-37] 2u (270d) | [DFSH361009-FUCH-38] 3u (270d) | [DFSH361009-FUCH-39] 3u (270d) | [DFSH361009-FUCH-40] 2u (270d) | [DFSH361009-FUCH-41] 1u (270d) | [DFSH371004-TAN-36] 1u (374d) | [DFSH371004-TAN-37] 2u (374d) | [DFSH371004-TAN-38] 2u (374d) | [DFSH371004-TAN-39] 2u (374d) | [DFSH371004-TAN-40] 1u (374d) | [DFSH371004-TAN-41] 1u (374d) | [DFSH371004-TAN-36] 1u (374d) | [DFSH371004-TAN-37] 2u (374d) | [DFSH371004-TAN-38] 2u (374d) | [DFSH371004-TAN-39] 2u (374d) | [DFSH371004-TAN-40] 1u (374d) | [DFSH371004-TAN-41] 1u (374d) | [DFSH371004-TAN-36] 1u (374d) | [DFSH371004-TAN-37] 2u (374d) | [DFSH371004-TAN-38] 2u (374d) | [DFSH371004-TAN-39] 2u (374d) | [DFSH371004-TAN-40] 1u (374d) | [DFSH371004-TAN-41] 1u (374d)
CLABD/Stock/StorageBD/CLA-070-02-02-02;BLACK;84;0.00;B+A;522;70;[DFSH321089-BLAC-36] 12u (522d) | [DFSH321089-BLAC-36] 12u (522d) | [DFSH321086-OFFW-38] 12u (522d) | [DFSH321086-OFFW-37] 12u (522d) | [DFSH321086-OFFW-37] 12u (522d) | [DFSH321086-OFFW-37] 12u (522d) | [DFSH321086-OFFW-41] 12u (522d)
CLABD/Stock/StorageBD/CLA-070-02-03-01;BLACK;72;0.00;A;492;60;[DFSH347003_-BEIG-41] 12u (492d) | [DFSH347003_-BEIG-37] 12u (492d) | [DFSH347003_-BEIG-37] 12u (492d) | [DFSH347003_-BEIG-36] 12u (492d) | [DFSH347003_-BEIG-36] 12u (492d) | [DFSH347003_-BEIG-36] 12u (492d)
CLABD/Stock/StorageBD/CLA-070-02-03-02;BLACK;71;0.00;A;695;80;[DFSH370004-BLAC-37] 9u (695d) | [DFSH370004-BLAC-37] 9u (695d) | [DFSH370004-BLAC-37] 9u (695d) | [DFSH370004-BLAC-37] 9u (695d) | [DFSH370004-BLAC-37] 9u (695d) | [DFSH370004-BLAC-37] 8u (695d) | [DFSH370004-BLAC-37] 9u (695d) | [DFSH370004-BLAC-37] 9u (695d)
CLABD/Stock/StorageBD/CLA-070-02-03-03;BLACK;48;0.00;A;492;40;[DFSH347003_-BEIG-41] 12u (492d) | [DFSH347003_-BEIG-40] 12u (492d) | [DFSH347003_-BEIG-40] 12u (492d) | [DFSH347003_-BEIG-36] 12u (492d)
CLABD/Stock/StorageBD/CLA-070-03-01-01;BLACK;87;0.00;B+A+C+D;571;70;[NVK33410-0009-41] 1u (383d) | [NVK33410-0009-39] 2u (383d) | [NVK33410-0009-36] 11u (383d) | [NVK33410-0009-38] 2u (383d) | [NVK33410-0009-37] 1u (400d) | [DFTXHOD019-BROW-M] 16u (443d) | [DFSH321086-OFFW-42] 12u (333d) | [DFSH394001-PURP-36] 1u (571d) | [DFSH394001-PURP-37] 2u (571d) | [DFSH394001-PURP-38] 2u (571d) | [DFSH394001-PURP-39] 2u (571d) | [DFSH394001-PURP-40] 1u (571d) | [DFSH394001-PURP-41] 1u (571d) | [DFSH414001-TAUP-36] 1u (124d) | [DFSH414001-TAUP-37] 2u (124d) | [DFSH414001-TAUP-38] 3u (124d) | [DFSH414001-TAUP-39] 3u (124d) | [DFSH414001-TAUP-40] 2u (124d) | [DFSH414001-TAUP-41] 1u (124d) | [DFSH414001-TAUP-36] 1u (124d) | [DFSH414001-TAUP-37] 2u (124d) | [DFSH414001-TAUP-38] 3u (124d) | [DFSH414001-TAUP-39] 3u (124d) | [DFSH414001-TAUP-40] 2u (124d) | [DFSH414001-TAUP-41] 1u (124d) | [LVK22011-0371-36] 9u (23d)
CLABD/Stock/StorageBD/CLA-070-03-01-02;BLACK;103;0.00;B+A;400;40;[KV330025-0012-38] 16u (400d) | [KV330025-0012-40] 4u (400d) | [KV330025-0012-37] 8u (400d) | [KV330025-0012-41] 4u (400d) | [KV330025-0012-39] 4u (400d) | [KV330025-0012-41] 3u (400d) | [KV330025-0012-38] 2u (400d) | [KV330025-0012-40] 4u (400d) | [KV330025-0012-37] 4u (400d) | [KV330025-0012-39] 4u (400d) | [KV330025-0012-36] 1u (400d) | [NVK33410-0009-40] 6u (400d) | [NVK33410-0009-37] 10u (400d) | [NVK33410-0009-36] 14u (400d) | [NVK33410-0009-39] 2u (400d) | [NVK33410-0009-38] 2u (400d) | [DFSH391001-WCRO-39] 3u (185d) | [DFSH391001-WCRO-40] 3u (185d) | [DFSH370004-SAND-38] 6u (185d) | [DFSH370004-SAND-41] 3u (185d)
CLABD/Stock/StorageBD/CLA-070-03-01-03;BLACK;51;0.00;B+C+A+D;725;40;[NVK33410-0020-37] 2u (400d) | [NVK33410-0020-38] 9u (400d) | [NVK33410-0020-39] 2u (400d) | [NVK33410-0020-40] 3u (400d) | [NVK33410-0020-41] 1u (400d) | [MVK22035-0001-37] 10u (725d) | [DFSH392001-WHIT-36] 1u (619d) | [DFSH392001-WHIT-37] 2u (619d) | [DFSH392001-WHIT-38] 3u (619d) | [DFSH392001-WHIT-39] 3u (619d) | [DFSH392001-WHIT-40] 2u (619d) | [DFSH392001-WHIT-41] 1u (619d) | [DFSH370011-TAN-36] 1u (129d) | [DFSH370011-TAN-37] 1u (129d) | [DFSH370011-TAN-38] 3u (129d) | [DFSH370011-TAN-39] 3u (129d) | [DFSH370011-TAN-40] 2u (129d) | [DFSH370011-TAN-41] 1u (129d) | [DFSH370011-TAN-42] 1u (129d)
CLABD/Stock/StorageBD/CLA-070-03-02-01;BLACK;72;0.00;A;492;60;[DFSH347003_-BLAC-39] 12u (492d) | [DFSH347003_-BLAC-37] 12u (492d) | [DFSH347003_-BLAC-37] 12u (492d) | [DFSH347003_-BLAC-37] 12u (492d) | [DFSH347003_-BLAC-37] 12u (492d) | [DFSH347003_-BLAC-37] 12u (492d)
CLABD/Stock/StorageBD/CLA-070-03-02-03;BLACK;55;0.00;C+A+B;571;50;[DFSH394001-BLAC-36] 1u (571d) | [DFSH394001-BLAC-37] 2u (571d) | [DFSH394001-BLAC-38] 2u (571d) | [DFSH394001-BLAC-39] 2u (571d) | [DFSH394001-BLAC-40] 1u (571d) | [DFSH394001-BLAC-41] 1u (571d) | [DFSH370004-BLAC-41] 6u (163d) | [DFSH321086-OFFW-43] 5u (522d) | [DFSH321086-OFFW-42] 4u (522d) | [DFSH321086-OFFW-45] 1u (522d) | [DFSH321086-OFFW-41] 1u (522d) | [DFSH321086-OFFW-44] 1u (522d) | [DFTXHOD019-BROW-L] 16u (443d) | [DFSH370011-BLAC-36] 12u (446d)
CLABD/Stock/StorageBD/CLA-070-04-01-03;BLACK;78;0.00;B+C+A;400;80;[DFSH384005-SILV-38] 6u (400d) | [DFSH384005-SILV-39] 2u (400d) | [DFSH384005-SILV-36] 4u (400d) | [DFSH384005-SILV-37] 8u (400d) | [DFSH393001-WHIT-38] 4u (400d) | [DFSH393001-WHIT-39] 1u (400d) | [DFSH393001-WHIT-37] 2u (400d) | [DFSH393001-WHIT-36] 1u (400d) | [DFSH393001-WHIT-41] 1u (400d) | [NVK33410-0009-37] 3u (400d) | [NVK33410-0009-38] 4u (400d) | [NVK33410-0009-40] 2u (400d) | [NVK33410-0009-39] 4u (400d) | [NVK33410-0006-37] 2u (400d) | [NVK33410-0009-41] 1u (400d) | [NVK33410-0009-36] 1u (400d) | [NVK53525-0521-41] 6u (400d) | [NVK53525-0521-43] 8u (400d) | [DFSH370003-TAUP-38] 5u (186d) | [DFSH370012-TAUP-36] 1u (186d) | [DFSH370012-TAUP-37] 2u (186d) | [DFSH370012-BLAC-40] 1u (186d) | [DFSH375001-TAN-37] 1u (186d) | [DFSH375001-TAN-36] 1u (186d) | [DFSH375001-BLAC-38] 1u (186d) | [DFSH370004-SAND-38] 1u (186d) | [DFSH370004-BLAC-37] 1u (186d) | [DFSH375001-TAN-37] 1u (186d) | [DFSH370003-TAUP-38] 1u (186d) | [DFSH371006-BEIG-40] 2u (186d)
CLABD/Stock/StorageBD/CLA-070-04-02-02;BLACK;48;0.00;A;417;40;[DFSH370003-BLAC-39] 12u (417d) | [DFSH370003-BLAC-37] 12u (417d) | [DFSH370003-BLAC-37] 12u (417d) | [DFSH370003-BLAC-37] 12u (417d)
CLABD/Stock/StorageBD/CLA-070-04-02-03;BLACK;48;0.00;A;478;40;[DFSH371006-BEIG-41] 12u (478d) | [DFSH371006-BEIG-38] 12u (478d) | [DFSH371006-BEIG-38] 12u (478d) | [DFSH371006-BEIG-38] 12u (478d)
CLABD/Stock/StorageBD/CLA-070-04-03-02;BLACK;96;0.00;A;521;80;[DFSH370004-BLAC-40] 12u (521d) | [DFSH370004-BLAC-40] 12u (521d) | [DFSH370004-BLAC-39] 12u (521d) | [DFSH370004-BLAC-39] 12u (521d) | [DFSH370004-BLAC-39] 12u (521d) | [DFSH370004-BLAC-39] 12u (521d) | [DFSH370004-BLAC-38] 12u (521d) | [DFSH370004-BLAC-38] 12u (521d)
CLABD/Stock/StorageBD/CLA-070-04-03-03;BLACK;63;0.00;A;379;70;[DFSH370005-MUST-37] 9u (379d) | [DFSH370005-MUST-37] 9u (379d) | [DFSH370005-MUST-37] 9u (379d) | [DFSH370005-MUST-37] 9u (379d) | [DFSH370005-MUST-37] 9u (379d) | [DFSH370005-MUST-37] 9u (379d) | [DFSH370005-MUST-37] 9u (379d)
CLABD/Stock/StorageBD/CLA-070-05-01-01;BLACK;167;0.00;C+B+A;400;100;[KVK17611-0429-38] 2u (400d) | [KVK17611-0429-37] 2u (400d) | [KVK17611-0429-36] 1u (400d) | [KVK17611-0429-39] 2u (400d) | [KVK17611-0429-41] 1u (400d) | [KVK17611-0429-40] 1u (400d) | [NVK33410-0020-37] 35u (400d) | [NVK33410-0020-40] 7u (400d) | [NVK33410-0020-38] 14u (400d) | [NVK33410-0020-39] 49u (400d) | [NVK33410-0020-40] 7u (400d) | [NVK33410-0020-38] 7u (400d) | [DFSH375001-BLAC-37] 1u (185d) | [DFSH371006-BLAC-37] 1u (185d) | [DFSH370004-BLAC-38] 2u (185d) | [DFSH369003-BLAC-40] 1u (185d) | [DFSH371006-BEIG-38] 4u (185d) | [DFSH370012-TAUP-39] 4u (185d) | [DFSH370012-TAUP-36] 1u (185d) | [DFSH370012-TAUP-39] 1u (185d) | [DFSH370012-TAUP-37] 4u (185d) | [DFSH371004-ORAN-37] 2u (186d) | [DFSH375001-BLAC-36] 1u (185d) | [DFSH375001-BLAC-37] 2u (185d) | [DFSH370012-TAUP-36] 1u (185d) | [DFSH370012-TAUP-39] 3u (185d) | [DFSH370004-BLAC-38] 1u (185d) | [DFSH375003-BLAC-38] 1u (185d) | [DFSH387006-WHIT-41] 1u (305d) | [DFSH387006-WHIT-42] 2u (305d) | [DFSH387006-WHIT-43] 3u (305d) | [DFSH387006-WHIT-44] 2u (305d) | [DFSH387006-WHIT-45] 1u (305d)
CLABD/Stock/StorageBD/CLA-070-05-01-02;BLACK;78;0.00;C+B+A;725;60;[KI330228-0008-35] 1u (310d) | [KV330029-0013-36] 1u (310d) | [KV330029-0011-37] 1u (310d) | [KI330228-0008-29] 1u (310d) | [KI330228-0008-28] 1u (310d) | [KI330209-0371-41] 1u (310d) | [KV330025-0001-41] 1u (310d) | [KI330228-0008-38] 1u (310d) | [KI330228-0008-34] 2u (310d) | [KI330227-0009-39] 1u (310d) | [KI330227-0009-40] 1u (310d) | [KI330227-0009-38] 2u (310d) | [KI330227-0009-36] 2u (310d) | [IVK17515-0002-38] 1u (310d) | [KI330227-0009-37] 1u (310d) | [IVK17515-0002-40] 1u (310d) | [IVK17515-0002-39] 1u (310d) | [IVK17515-0002-37] 1u (310d) | [IVK17515-0002-38] 1u (310d) | [IVK17515-0002-41] 1u (310d) | [KV330025-0001-45] 1u (310d) | [KV330025-0001-36] 1u (310d) | [KV330025-0001-43] 1u (310d) | [KI330228-0008-36] 1u (310d) | [NVK33410-0043-37] 1u (310d) | [KI330228-0008-37] 1u (310d) | [KI330228-0008-39] 1u (310d) | [KI330228-0008-40] 1u (310d) | [KI330228-0008-41] 1u (310d) | [MVK22035-0001-37] 10u (725d) | [DFSH370012-TAUP-38] 12u (129d) | [DFSH370012-TAUP-38] 12u (129d) | [DFSH370012-TAUP-38] 12u (129d)
CLABD/Stock/StorageBD/CLA-070-05-02-01;BLACK;74;0.00;B;400;50;[NVK33410-0020-36] 13u (400d) | [NVK33410-0020-38] 1u (400d) | [NVK33410-0020-39] 1u (400d) | [NVK33410-0269-39] 10u (400d) | [NVK33410-0020-40] 4u (400d) | [NVK33410-0020-41] 2u (400d) | [NVK33410-0020-39] 6u (400d) | [NVK33410-0020-36] 2u (400d) | [NVK33410-0020-37] 1u (400d) | [NVK33410-0269-37] 3u (400d) | [NVK33410-0269-36] 8u (400d) | [NVK33410-0269-41] 4u (400d) | [NVK33410-0269-40] 2u (400d) | [NVK33410-0020-39] 7u (400d) | [NVK33410-0020-36] 1u (400d) | [NVK33410-0020-40] 5u (400d) | [NVK33410-0020-38] 2u (400d) | [NVK33410-0020-37] 1u (400d) | [NVK33410-0020-41] 1u (400d)
CLABD/Stock/StorageBD/CLA-070-05-02-02;BLACK;72;0.00;A;492;60;[DFSH347003_-BLAC-40] 12u (492d) | [DFSH347003_-BLAC-40] 12u (492d) | [DFSH347003_-BLAC-40] 12u (492d) | [DFSH347003_-BLAC-39] 12u (492d) | [DFSH347003_-BLAC-37] 12u (492d) | [DFSH347003_-BLAC-36] 12u (492d)
CLABD/Stock/StorageBD/CLA-070-05-02-03;BLACK;63;0.00;C+A;590;70;[DFSH394001-PINK-36] 1u (590d) | [DFSH394001-PINK-37] 2u (590d) | [DFSH394001-PINK-38] 2u (590d) | [DFSH394001-PINK-39] 2u (590d) | [DFSH394001-PINK-40] 1u (590d) | [DFSH394001-PINK-41] 1u (590d) | [DFSH394001-PINK-36] 1u (590d) | [DFSH394001-PINK-37] 2u (590d) | [DFSH394001-PINK-38] 2u (590d) | [DFSH394001-PINK-39] 2u (590d) | [DFSH394001-PINK-40] 1u (590d) | [DFSH394001-PINK-41] 1u (590d) | [DFSH394001-PINK-36] 1u (590d) | [DFSH394001-PINK-37] 2u (590d) | [DFSH394001-PINK-38] 2u (590d) | [DFSH394001-PINK-39] 2u (590d) | [DFSH394001-PINK-40] 1u (590d) | [DFSH394001-PINK-41] 1u (590d) | [DFSH394001-PINK-36] 1u (590d) | [DFSH394001-PINK-37] 2u (590d) | [DFSH394001-PINK-38] 2u (590d) | [DFSH394001-PINK-39] 2u (590d) | [DFSH394001-PINK-40] 1u (590d) | [DFSH394001-PINK-41] 1u (590d) | [DFSH394001-PINK-36] 1u (590d) | [DFSH394001-PINK-37] 2u (590d) | [DFSH394001-PINK-38] 2u (590d) | [DFSH394001-PINK-39] 2u (590d) | [DFSH394001-PINK-40] 1u (590d) | [DFSH394001-PINK-41] 1u (590d) | [DFSH394001-PINK-36] 1u (590d) | [DFSH394001-PINK-37] 2u (590d) | [DFSH394001-PINK-38] 2u (590d) | [DFSH394001-PINK-39] 2u (590d) | [DFSH394001-PINK-40] 1u (590d) | [DFSH394001-PINK-41] 1u (590d) | [DFSH394001-PINK-36] 1u (590d) | [DFSH394001-PINK-37] 2u (590d) | [DFSH394001-PINK-38] 2u (590d) | [DFSH394001-PINK-39] 2u (590d) | [DFSH394001-PINK-40] 1u (590d) | [DFSH394001-PINK-41] 1u (590d)
CLABD/Stock/StorageBD/CLA-070-06-01-01;BLACK;79;0.00;B;725;70;[DFSH334001-FUCH-39] 10u (318d) | [NVK33409-0010-37] 12u (725d) | [NVK33409-0009-39] 12u (725d) | [NVK33409-0009-38] 12u (725d) | [NVK22056-0371-37] 9u (725d) | [NVK33409-0010-39] 12u (725d) | [NVK33409-0010-38] 12u (725d)
CLABD/Stock/StorageBD/CLA-070-06-01-03;BLACK;60;0.00;B+A;725;70;[MIK34901-0043-45] 4u (400d) | [MIK34901-0043-44] 4u (390d) | [MIK34901-0043-42] 15u (725d) | [MIK34901-0043-42] 2u (725d) | [MIK34901-0043-43] 1u (400d) | [MIK34901-0043-44] 1u (390d) | [MIK34901-0043-43] 15u (400d) | [MIK34901-0043-43] 6u (400d) | [DFSH375003-BLAC-37] 4u (185d) | [DFSH375003-BLAC-36] 1u (185d) | [DFSH371006-BEIG-38] 2u (185d) | [DFSH370005-BLAC-37] 5u (185d)
CLABD/Stock/StorageBD/CLA-070-06-02-01;BLACK;60;0.00;A;521;50;[DFSH370004-BLAC-38] 12u (521d) | [DFSH370004-BLAC-38] 12u (521d) | [DFSH370004-BLAC-38] 12u (521d) | [DFSH370004-BLAC-38] 12u (521d) | [DFSH370003-TAN-39] 12u (355d)
CLABD/Stock/StorageBD/CLA-070-07-01-02;BLACK;61;0.00;A+C+B;522;70;[DFSH370012-TAUP-37] 1u (150d) | [DFSH370012-TAUP-36] 1u (149d) | [DFSH370003-TAUP-38] 3u (150d) | [DFSH371008-BLAC-36] 1u (149d) | [DFSH371006-BEIG-38] 1u (150d) | [DFSH371012-BEIG-40] 1u (149d) | [DFSH370006-BLAC-37] 1u (149d) | [DFSH371010-BEIG-38] 1u (149d) | [DFSH370006-BLAC-38] 1u (149d) | [DFSH375003-BLAC-36] 1u (149d) | [DFSH370012-TAUP-37] 1u (150d) | [DFSH370012-TAUP-40] 1u (149d) | [DFSH371010-BEIG-37] 2u (149d) | [DFSH371006-BEIG-36] 2u (150d) | [DFSH371008-BLAC-38] 1u (149d) | [DFSH371006-BEIG-36] 1u (150d) | [DFSH391007-BLAC-37] 2u (164d) | [DFSH391007-BLAC-41] 1u (149d) | [DFSH371008-BLAC-37] 2u (149d) | [DFSH371006-BLAC-38] 1u (150d) | [DFSH321086-OFFW-39] 5u (522d) | [DFSH321086-OFFW-44] 6u (324d) | [DFSH321086-OFFW-39] 3u (522d) | [DFSH321086-OFFW-43] 9u (522d) | [DFSH370011-BLAC-36] 12u (495d)
CLABD/Stock/StorageBD/CLA-070-07-01-03;BLACK;103;0.00;C+A+B;619;80;[DFSH392001-BLAC-38] 5u (400d) | [DFSH392001-BLAC-41] 1u (400d) | [DFSH392001-BLAC-37] 2u (400d) | [DFSH392001-BLAC-40] 3u (400d) | [DFSH392001-BLAC-39] 3u (400d) | [DFSH392001-BLAC-36] 1u (400d) | [DFSH392001-BLAC-40] 4u (400d) | [DFSH392001-BLAC-39] 8u (400d) | [DFSH392001-BLAC-38] 6u (400d) | [DFSH392001-BLAC-37] 3u (400d) | [DFSH392001-BLAC-36] 1u (400d) | [DFSH392001-BLAC-41] 2u (400d) | [DFSH392001-BLAC-37] 6u (400d) | [DFSH392001-BLAC-39] 5u (400d) | [DFSH392001-BLAC-36] 2u (400d) | [DFSH392001-BLAC-38] 5u (400d) | [DFSH392001-BLAC-40] 4u (400d) | [DFSH392001-BLAC-41] 2u (400d) | [DFSH393001-WHIT-36] 1u (619d) | [DFSH393001-WHIT-37] 2u (619d) | [DFSH393001-WHIT-38] 3u (619d) | [DFSH393001-WHIT-39] 3u (619d) | [DFSH393001-WHIT-40] 2u (619d) | [DFSH393001-WHIT-41] 1u (619d) | [NVK33409-0010-40] 1u (400d) | [DFSH381001-BEIG-40] 1u (185d) | [DFSH391007-BLAC-39] 1u (185d) | [DFSH371006-BLAC-37] 1u (185d) | [DFSH370004-BLAC-40] 1u (185d) | [DFSH387006-BLAC-39] 3u (305d) | [DFSH387006-BLAC-38] 1u (305d) | [DFSH387006-BLAC-41] 2u (305d) | [DFSH387006-BLAC-36] 2u (305d) | [DFSH387006-BLAC-37] 3u (305d) | [DFSH371008-CAME-37] 12u (106d)
CLABD/Stock/StorageBD/CLA-070-07-02-01;BLACK;84;0.00;B;725;70;[NVK33410-0043-38] 12u (725d) | [NVK33410-0043-38] 12u (725d) | [NVK33410-0043-38] 12u (725d) | [NVK33410-0043-37] 12u (725d) | [NVK33410-0043-37] 12u (725d) | [NVK33410-0043-37] 12u (725d) | [NVK33410-0043-36] 12u (725d)
CLABD/Stock/StorageBD/CLA-070-07-03-01;BLACK;88;0.00;C;571;100;[DFSH394001-ORAN-36] 1u (556d) | [DFSH394001-ORAN-37] 2u (571d) | [DFSH394001-ORAN-38] 2u (571d) | [DFSH394001-ORAN-39] 2u (571d) | [DFSH394001-ORAN-40] 1u (571d) | [DFSH394001-ORAN-41] 1u (571d) | [DFSH394001-ORAN-36] 1u (556d) | [DFSH394001-ORAN-37] 2u (571d) | [DFSH394001-ORAN-38] 2u (571d) | [DFSH394001-ORAN-39] 2u (571d) | [DFSH394001-ORAN-40] 1u (571d) | [DFSH394001-ORAN-41] 1u (571d) | [DFSH394001-ORAN-36] 1u (556d) | [DFSH394001-ORAN-37] 2u (571d) | [DFSH394001-ORAN-38] 2u (571d) | [DFSH394001-ORAN-39] 2u (571d) | [DFSH394001-ORAN-40] 1u (571d) | [DFSH394001-ORAN-41] 1u (571d) | [DFSH394001-ORAN-36] 1u (556d) | [DFSH394001-ORAN-37] 2u (571d) | [DFSH394001-ORAN-38] 2u (571d) | [DFSH394001-ORAN-39] 2u (571d) | [DFSH394001-ORAN-40] 1u (571d) | [DFSH394001-ORAN-36] 1u (556d) | [DFSH394001-ORAN-37] 2u (571d) | [DFSH394001-ORAN-38] 2u (571d) | [DFSH394001-ORAN-39] 2u (571d) | [DFSH394001-ORAN-40] 1u (571d) | [DFSH394001-ORAN-41] 1u (571d) | [DFSH394001-ORAN-36] 1u (556d) | [DFSH394001-ORAN-37] 2u (571d) | [DFSH394001-ORAN-38] 2u (571d) | [DFSH394001-ORAN-39] 2u (571d) | [DFSH394001-ORAN-40] 1u (571d) | [DFSH394001-ORAN-41] 1u (571d) | [DFSH394001-ORAN-36] 1u (556d) | [DFSH394001-ORAN-37] 2u (571d) | [DFSH394001-ORAN-38] 2u (571d) | [DFSH394001-ORAN-39] 2u (571d) | [DFSH394001-ORAN-40] 1u (571d) | [DFSH394001-ORAN-36] 1u (556d) | [DFSH394001-ORAN-37] 2u (571d) | [DFSH394001-ORAN-38] 2u (571d) | [DFSH394001-ORAN-39] 2u (571d) | [DFSH394001-ORAN-40] 1u (571d) | [DFSH394001-ORAN-41] 1u (571d) | [DFSH394001-ORAN-36] 1u (556d) | [DFSH394001-ORAN-37] 2u (571d) | [DFSH394001-ORAN-38] 2u (571d) | [DFSH394001-ORAN-39] 2u (571d) | [DFSH394001-ORAN-40] 1u (571d) | [DFSH394001-ORAN-41] 1u (571d) | [DFSH394001-ORAN-36] 1u (556d) | [DFSH394001-ORAN-37] 2u (571d) | [DFSH394001-ORAN-38] 2u (571d) | [DFSH394001-ORAN-39] 2u (571d) | [DFSH394001-ORAN-40] 1u (571d) | [DFSH394001-ORAN-41] 1u (571d)
CLABD/Stock/StorageBD/CLA-070-07-03-02;BLACK;72;0.00;B+A;492;60;[DFSH347003-SILV-36] 12u (492d) | [DFSH347003_-BEIG-37] 12u (492d) | [DFSH347003_-BEIG-37] 12u (492d) | [DFSH347003_-BEIG-37] 12u (492d) | [DFSH347003_-BEIG-37] 12u (492d) | [DFSH347003_-BEIG-36] 12u (492d)
CLABD/Stock/StorageBD/CLA-070-08-01-01;BLACK;53;0.00;A+B;725;50;[DFSH371006-BLAC-37] 1u (185d) | [DFSH369003-BLAC-39] 4u (185d) | [DFSH370006-NUT-36] 12u (417d) | [DFSH371008-CAME-39] 3u (296d) | [DFSH371008-CAME-40] 2u (296d) | [DFSH371008-CAME-37] 2u (296d) | [DFSH371008-CAME-38] 3u (296d) | [DFSH371008-CAME-41] 1u (296d) | [DFSH371008-CAME-36] 1u (296d) | [NVK33409-0010-38] 12u (725d) | [NVK33409-0009-39] 3u (702d) | [NVK33409-0009-38] 3u (702d) | [NVK33409-0009-37] 2u (702d) | [NVK33409-0009-40] 2u (702d) | [NVK33409-0009-36] 1u (702d) | [NVK33409-0009-41] 1u (702d)
CLABD/Stock/StorageBD/CLA-070-08-01-03;BLACK;85;0.00;B+C+A;400;50;[DFSH321018-MULT_-37] 5u (400d) | [DFSH321018-MULT_-36] 3u (400d) | [DFSH321018-MULT_-40] 1u (400d) | [DFSH321018-MULT_-38] 5u (400d) | [DFSH321018-MULT_-39] 2u (400d) | [DFSH321018-MULT_-41] 1u (400d) | [DFSH321018-MULT_-37] 2u (400d) | [DFSH321018-MULT_-38] 4u (400d) | [DFSH321018-MULT_-39] 4u (400d) | [DFSH321018-MULT_-40] 2u (400d) | [DFSH321018-MULT_-36] 1u (400d) | [DFSH321018-MULT_-41] 4u (400d) | [DFSH321018-MULT_-38] 5u (400d) | [DFSH321018-MULT_-37] 6u (400d) | [DFSH321018-MULT_-39] 2u (400d) | [DFSH321018-MULT_-41] 2u (400d) | [DFSH321018-MULT_-36] 2u (400d) | [NVK33410-0043-40] 2u (400d) | [NVK33410-0043-41] 2u (400d) | [NVK33410-0043-39] 3u (400d) | [NVK33410-0043-38] 9u (400d) | [NVK33410-0043-36] 3u (400d) | [NVK33410-0043-37] 1u (400d) | [DFSH334011-BLAC-37] 1u (116d) | [DFSH334011-PINK-37] 2u (116d) | [DFSH334011-BLAC-39] 1u (116d) | [DFSH334011-BLAC-38] 6u (116d) | [DFSH334011-ORAN-36] 1u (116d) | [DFSH334011-ORAN-37] 1u (116d) | [DFSH334011-BLAC-40] 2u (116d)
CLABD/Stock/StorageBD/CLA-070-08-02-01;BLACK;144;0.00;B;725;130;[NVK33410-0269-38] 12u (725d) | [NVK33410-0269-36] 1u (725d) | [NVK33410-0269-37] 2u (725d) | [NVK33410-0269-38] 3u (725d) | [NVK33410-0269-39] 3u (725d) | [NVK33410-0269-40] 2u (725d) | [NVK33410-0269-41] 1u (725d) | [NVK33410-0269-36] 1u (725d) | [NVK33410-0269-37] 2u (725d) | [NVK33410-0269-38] 3u (725d) | [NVK33410-0269-39] 3u (725d) | [NVK33410-0269-40] 2u (725d) | [NVK33410-0269-41] 1u (725d) | [NVK33410-0269-36] 1u (725d) | [NVK33410-0269-37] 2u (725d) | [NVK33410-0269-38] 3u (725d) | [NVK33410-0269-39] 3u (725d) | [NVK33410-0269-40] 2u (725d) | [NVK33410-0269-36] 1u (725d) | [NVK33410-0269-37] 2u (725d) | [NVK33410-0269-38] 3u (725d) | [NVK33410-0269-39] 3u (725d) | [NVK33410-0269-40] 2u (725d) | [NVK33410-0269-41] 1u (725d) | [NVK33410-0269-36] 1u (725d) | [NVK33410-0269-37] 2u (725d) | [NVK33410-0269-38] 3u (725d) | [NVK33410-0269-39] 3u (725d) | [NVK33410-0269-40] 2u (725d) | [NVK33410-0269-36] 1u (725d) | [NVK33410-0269-37] 2u (725d) | [NVK33410-0269-38] 3u (725d) | [NVK33410-0269-39] 3u (725d) | [NVK33410-0269-40] 2u (725d) | [NVK33410-0269-41] 1u (725d) | [NVK33410-0269-36] 1u (725d) | [NVK33410-0269-37] 2u (725d) | [NVK33410-0269-38] 3u (725d) | [NVK33410-0269-39] 3u (725d) | [NVK33410-0269-40] 2u (725d) | [NVK33410-0269-41] 1u (725d) | [NVK33410-0269-41] 2u (725d) | [NVK33410-0269-36] 1u (725d) | [NVK33410-0269-37] 2u (725d) | [NVK33410-0269-38] 3u (725d) | [NVK33410-0269-39] 3u (725d) | [NVK33410-0269-40] 2u (725d) | [NVK33410-0269-41] 1u (725d) | [NVK33410-0269-36] 1u (725d) | [NVK33410-0269-37] 2u (725d) | [NVK33410-0269-38] 3u (725d) | [NVK33410-0269-39] 3u (725d) | [NVK33410-0269-40] 2u (725d) | [NVK33410-0269-41] 1u (725d) | [NVK33410-0269-36] 1u (725d) | [NVK33410-0269-37] 2u (725d) | [NVK33410-0269-38] 3u (725d) | [NVK33410-0269-39] 3u (725d) | [NVK33410-0269-40] 2u (725d) | [NVK33410-0269-41] 1u (725d) | [NVK33410-0269-36] 1u (725d) | [NVK33410-0269-37] 2u (725d) | [NVK33410-0269-38] 3u (725d) | [NVK33410-0269-39] 3u (725d) | [NVK33410-0269-40] 2u (725d) | [NVK33410-0269-41] 1u (725d)
CLABD/Stock/StorageBD/CLA-070-08-02-02;BLACK;63;0.00;C;619;70;[DFSH397001-OFFW-41] 1u (619d) | [DFSH397001-OFFW-42] 2u (619d) | [DFSH397001-OFFW-43] 3u (619d) | [DFSH397001-OFFW-44] 2u (619d) | [DFSH397001-OFFW-45] 1u (619d) | [DFSH397001-OFFW-41] 1u (619d) | [DFSH397001-OFFW-42] 2u (619d) | [DFSH397001-OFFW-43] 3u (619d) | [DFSH397001-OFFW-44] 2u (619d) | [DFSH397001-OFFW-45] 1u (619d) | [DFSH397001-OFFW-41] 1u (619d) | [DFSH397001-OFFW-42] 2u (619d) | [DFSH397001-OFFW-43] 3u (619d) | [DFSH397001-OFFW-44] 2u (619d) | [DFSH397001-OFFW-45] 1u (619d) | [DFSH397001-OFFW-41] 1u (619d) | [DFSH397001-OFFW-42] 2u (619d) | [DFSH397001-OFFW-43] 3u (619d) | [DFSH397001-OFFW-44] 2u (619d) | [DFSH397001-OFFW-45] 1u (619d) | [DFSH397001-OFFW-41] 1u (619d) | [DFSH397001-OFFW-42] 2u (619d) | [DFSH397001-OFFW-43] 3u (619d) | [DFSH397001-OFFW-44] 2u (619d) | [DFSH397001-OFFW-45] 1u (619d) | [DFSH397001-OFFW-41] 1u (619d) | [DFSH397001-OFFW-42] 2u (619d) | [DFSH397001-OFFW-43] 3u (619d) | [DFSH397001-OFFW-44] 2u (619d) | [DFSH397001-OFFW-45] 1u (619d) | [DFSH397001-OFFW-41] 1u (619d) | [DFSH397001-OFFW-42] 2u (619d) | [DFSH397001-OFFW-43] 3u (619d) | [DFSH397001-OFFW-44] 2u (619d) | [DFSH397001-OFFW-45] 1u (619d)
CLABD/Stock/StorageBD/CLA-070-08-02-03;BLACK;84;0.00;A;445;70;[DFSH371006-BEIG-41] 12u (445d) | [DFSH371006-BEIG-41] 12u (445d) | [DFSH371006-BEIG-41] 12u (445d) | [DFSH371006-BEIG-41] 12u (445d) | [DFSH371006-BEIG-41] 12u (445d) | [DFSH371006-BEIG-40] 12u (445d) | [DFSH371006-BEIG-40] 12u (445d)
CLABD/Stock/StorageBD/CLA-070-08-03-02;BLACK;120;0.00;C+A;619;100;[DFSH393001-WHIT-36] 1u (619d) | [DFSH393001-WHIT-37] 2u (619d) | [DFSH393001-WHIT-38] 3u (619d) | [DFSH393001-WHIT-39] 3u (619d) | [DFSH393001-WHIT-40] 2u (619d) | [DFSH393001-WHIT-41] 1u (619d) | [DFSH393001-WHIT-36] 1u (619d) | [DFSH393001-WHIT-37] 2u (619d) | [DFSH393001-WHIT-38] 3u (619d) | [DFSH393001-WHIT-39] 3u (619d) | [DFSH393001-WHIT-40] 2u (619d) | [DFSH393001-WHIT-41] 1u (619d) | [DFSH393001-WHIT-36] 1u (619d) | [DFSH393001-WHIT-37] 2u (619d) | [DFSH393001-WHIT-38] 3u (619d) | [DFSH393001-WHIT-39] 3u (619d) | [DFSH393001-WHIT-40] 2u (619d) | [DFSH393001-WHIT-41] 1u (619d) | [DFSH393001-WHIT-36] 1u (619d) | [DFSH393001-WHIT-37] 2u (619d) | [DFSH393001-WHIT-38] 3u (619d) | [DFSH393001-WHIT-39] 3u (619d) | [DFSH393001-WHIT-40] 2u (619d) | [DFSH393001-WHIT-41] 1u (619d) | [DFSH393001-WHIT-36] 1u (619d) | [DFSH393001-WHIT-37] 2u (619d) | [DFSH393001-WHIT-38] 3u (619d) | [DFSH393001-WHIT-39] 3u (619d) | [DFSH393001-WHIT-40] 2u (619d) | [DFSH393001-WHIT-41] 1u (619d) | [DFSH393001-WHIT-36] 1u (619d) | [DFSH393001-WHIT-37] 2u (619d) | [DFSH393001-WHIT-38] 3u (619d) | [DFSH393001-WHIT-39] 3u (619d) | [DFSH393001-WHIT-40] 2u (619d) | [DFSH393001-WHIT-41] 1u (619d) | [DFSH393001-WHIT-36] 1u (619d) | [DFSH393001-WHIT-37] 2u (619d) | [DFSH393001-WHIT-38] 3u (619d) | [DFSH393001-WHIT-39] 3u (619d) | [DFSH393001-WHIT-40] 2u (619d) | [DFSH393001-WHIT-41] 1u (619d) | [DFSH393001-WHIT-36] 1u (619d) | [DFSH393001-WHIT-37] 2u (619d) | [DFSH393001-WHIT-38] 3u (619d) | [DFSH393001-WHIT-39] 3u (619d) | [DFSH393001-WHIT-40] 2u (619d) | [DFSH393001-WHIT-41] 1u (619d) | [DFSH393001-WHIT-36] 1u (619d) | [DFSH393001-WHIT-37] 2u (619d) | [DFSH393001-WHIT-38] 3u (619d) | [DFSH393001-WHIT-39] 3u (619d) | [DFSH393001-WHIT-40] 2u (619d) | [DFSH393001-WHIT-41] 1u (619d) | [DFSH369003-BLAC-39] 12u (521d)
CLABD/Stock/StorageBD/CLA-070-08-03-03;BLACK;156;0.00;B;725;130;[NVK33410-0269-36] 12u (725d) | [NVK33410-0269-40] 12u (725d) | [NVK33410-0269-40] 12u (725d) | [NVK33410-0269-38] 12u (725d) | [NVK33410-0269-38] 12u (725d) | [NVK33410-0269-37] 12u (725d) | [NVK33410-0269-37] 12u (725d) | [NVK33410-0269-37] 12u (725d) | [NVK33410-0006-39] 12u (725d) | [NVK33410-0006-39] 12u (725d) | [NVK33410-0269-36] 1u (725d) | [NVK33410-0269-37] 2u (725d) | [NVK33410-0269-38] 3u (725d) | [NVK33410-0269-39] 3u (725d) | [NVK33410-0269-40] 2u (725d) | [NVK33410-0269-41] 1u (725d) | [NVK33410-0269-36] 1u (725d) | [NVK33410-0269-37] 2u (725d) | [NVK33410-0269-38] 3u (725d) | [NVK33410-0269-39] 3u (725d) | [NVK33410-0269-40] 2u (725d) | [NVK33410-0269-41] 1u (725d) | [NVK33410-0269-40] 12u (725d)
CLABD/Stock/StorageBD/CLA-070-09-01-01;BLACK;59;0.00;A+C+B;725;70;[DFSH392001-WHIT-40] 2u (400d) | [DFSH392001-WHIT-39] 2u (400d) | [DFSH392001-WHIT-38] 4u (400d) | [DFSH392001-WHIT-37] 1u (400d) | [DFSH392001-WHIT-36] 3u (400d) | [DFSH392001-SILV-39] 5u (400d) | [DFSH392001-WHIT-39] 1u (400d) | [DFSH392001-SILV-38] 3u (400d) | [DFSH392001-SILV-40] 2u (400d) | [DFSH392001-SILV-36] 1u (400d) | [DFSH371006-BLAC-37] 4u (185d) | [DFSH371008-CAME-37] 1u (185d) | [DFSH371006-BLAC-37] 5u (185d) | [DFSH369003-BLAC-39] 3u (185d) | [DFSH375001-TAN-37] 1u (185d) | [DFSH375001-TAN-36] 1u (185d) | [DFSH371006-BLAC-36] 1u (185d) | [DFSH371006-BEIG-37] 1u (185d) | [NVK22060-0001-36] 9u (725d) | [NVK22060-0001-36] 9u (725d)
CLABD/Stock/StorageBD/CLA-070-09-01-02;BLACK;76;0.00;B+C+A+D;725;60;[NVK10101-0026-38] 4u (400d) | [NVK10101-0026-37] 4u (400d) | [NVK10101-0026-41] 2u (400d) | [NVK10101-0026-40] 2u (400d) | [NVK10101-0026-36] 2u (400d) | [NVK10101-0026-39] 4u (400d) | [DFSH392001-SILV-37] 3u (400d) | [DFSH392001-SILV-36] 1u (400d) | [DFSH392001-SILV-40] 2u (400d) | [DFSH392001-SILV-38] 3u (400d) | [DFSH392001-SILV-39] 3u (400d) | [DFSH392001-WHIT-37] 4u (400d) | [DFSH392001-WHIT-41] 2u (400d) | [DFSH392001-WHIT-38] 2u (400d) | [DFSH392001-WHIT-40] 2u (400d) | [DFSH392001-WHIT-39] 3u (400d) | [NVK10101-0026-36] 1u (725d) | [NVK10101-0026-37] 2u (725d) | [NVK10101-0026-38] 2u (725d) | [NVK10101-0026-39] 2u (725d) | [NVK10101-0026-40] 1u (725d) | [NVK10101-0026-41] 1u (725d) | [DFSH375006-TAN-36] 1u (141d) | [DFSH375006-TAN-37] 2u (141d) | [DFSH375006-TAN-38] 3u (141d) | [DFSH375006-TAN-39] 3u (141d) | [DFSH375006-TAN-40] 2u (141d) | [DFSH375006-TAN-41] 1u (141d) | [DFSH375006-BLAC-36] 1u (141d) | [DFSH375006-BLAC-37] 2u (141d) | [DFSH375006-BLAC-38] 3u (141d) | [DFSH375006-BLAC-39] 3u (141d) | [DFSH375006-BLAC-40] 2u (141d) | [DFSH375006-BLAC-41] 1u (141d)
CLABD/Stock/StorageBD/CLA-070-09-01-03;BLACK;39;0.00;B+A+C;619;30;[DFSH384005-GOLD-37] 14u (400d) | [DFSH384005-GOLD-36] 3u (400d) | [DFSH384005-GOLD-38] 3u (400d) | [DFSH371004-TAN-41] 12u (430d) | [DFSH397001-OFFW-41] 1u (619d) | [DFSH397001-WHIT-42] 1u (619d) | [DFSH397001-OFFW-43] 2u (619d) | [DFSH397001-BLAC-45] 1u (619d) | [DFSH397001-BLAC-41] 1u (619d) | [DFSH397001-WHIT-43] 1u (619d)
CLABD/Stock/StorageBD/CLA-070-09-02-01;BLACK;81;0.00;B;725;90;[NVK53525-0521-42] 9u (725d) | [NVK53525-0521-42] 9u (725d) | [NVK53525-0521-42] 9u (725d) | [NVK53525-0521-42] 9u (725d) | [NVK53525-0521-42] 9u (725d) | [NVK53525-0521-41] 9u (725d) | [NVK53525-0521-41] 9u (725d) | [NVK53525-0521-41] 9u (725d) | [NVK53525-0521-41] 9u (725d)
CLABD/Stock/StorageBD/CLA-070-09-02-03;BLACK;82;0.00;C+A;571;90;[DFSH394001-ORAN-36] 1u (571d) | [DFSH394001-ORAN-37] 2u (571d) | [DFSH394001-ORAN-38] 2u (571d) | [DFSH394001-ORAN-39] 2u (571d) | [DFSH394001-ORAN-40] 1u (571d) | [DFSH394001-ORAN-41] 1u (571d) | [DFSH394001-ORAN-36] 1u (571d) | [DFSH394001-ORAN-37] 2u (571d) | [DFSH394001-ORAN-38] 2u (571d) | [DFSH394001-ORAN-39] 2u (571d) | [DFSH394001-ORAN-40] 1u (571d) | [DFSH394001-ORAN-41] 1u (571d) | [DFSH394001-ORAN-36] 1u (571d) | [DFSH394001-ORAN-37] 2u (571d) | [DFSH394001-ORAN-38] 2u (571d) | [DFSH394001-ORAN-39] 2u (571d) | [DFSH394001-ORAN-40] 1u (571d) | [DFSH394001-ORAN-41] 1u (571d) | [DFSH394001-ORAN-36] 2u (571d) | [DFSH394001-ORAN-37] 2u (571d) | [DFSH394001-ORAN-38] 2u (571d) | [DFSH394001-ORAN-39] 2u (571d) | [DFSH394001-ORAN-40] 1u (571d) | [DFSH394001-ORAN-41] 1u (571d) | [DFSH394001-ORAN-36] 1u (556d) | [DFSH394001-ORAN-37] 2u (571d) | [DFSH394001-ORAN-38] 2u (571d) | [DFSH394001-ORAN-39] 2u (571d) | [DFSH394001-ORAN-40] 1u (571d) | [DFSH394001-ORAN-41] 1u (571d) | [DFSH394001-ORAN-36] 1u (556d) | [DFSH394001-ORAN-37] 2u (571d) | [DFSH394001-ORAN-38] 2u (571d) | [DFSH394001-ORAN-39] 2u (571d) | [DFSH394001-ORAN-40] 1u (571d) | [DFSH394001-ORAN-41] 1u (571d) | [DFSH394001-BLAC-36] 1u (556d) | [DFSH394001-BLAC-37] 2u (571d) | [DFSH394001-BLAC-38] 2u (571d) | [DFSH394001-BLAC-39] 2u (571d) | [DFSH394001-BLAC-40] 1u (571d) | [DFSH394001-BLAC-41] 1u (571d) | [DFSH394001-BLAC-36] 1u (556d) | [DFSH394001-BLAC-37] 2u (571d) | [DFSH394001-BLAC-38] 2u (571d) | [DFSH394001-BLAC-39] 2u (571d) | [DFSH394001-BLAC-40] 1u (571d) | [DFSH394001-BLAC-41] 1u (571d) | [DFSH394001-ORAN-36] 1u (556d) | [DFSH394001-ORAN-37] 2u (571d) | [DFSH394001-ORAN-38] 2u (571d) | [DFSH394001-ORAN-39] 2u (571d) | [DFSH394001-ORAN-40] 1u (571d) | [DFSH394001-ORAN-41] 1u (571d)
CLABD/Stock/StorageBD/CLA-070-09-03-01;BLACK;108;0.00;C+A;619;90;[DFSH393001-BLAC-36] 1u (619d) | [DFSH393001-BLAC-37] 2u (619d) | [DFSH393001-BLAC-38] 3u (619d) | [DFSH393001-BLAC-39] 3u (619d) | [DFSH393001-BLAC-40] 2u (619d) | [DFSH393001-BLAC-41] 1u (619d) | [DFSH393001-BLAC-36] 1u (619d) | [DFSH393001-BLAC-37] 2u (619d) | [DFSH393001-BLAC-38] 3u (619d) | [DFSH393001-BLAC-39] 3u (619d) | [DFSH393001-BLAC-40] 2u (619d) | [DFSH393001-BLAC-41] 1u (619d) | [DFSH393001-BLAC-36] 1u (619d) | [DFSH393001-BLAC-37] 2u (619d) | [DFSH393001-BLAC-38] 3u (619d) | [DFSH393001-BLAC-39] 3u (619d) | [DFSH393001-BLAC-40] 2u (619d) | [DFSH393001-BLAC-41] 1u (619d) | [DFSH393001-BLAC-36] 1u (619d) | [DFSH393001-BLAC-37] 2u (619d) | [DFSH393001-BLAC-38] 3u (619d) | [DFSH393001-BLAC-39] 3u (619d) | [DFSH393001-BLAC-40] 2u (619d) | [DFSH393001-BLAC-41] 1u (619d) | [DFSH393001-BLAC-36] 1u (619d) | [DFSH393001-BLAC-37] 2u (619d) | [DFSH393001-BLAC-38] 3u (619d) | [DFSH393001-BLAC-39] 3u (619d) | [DFSH393001-BLAC-40] 2u (619d) | [DFSH393001-BLAC-41] 1u (619d) | [DFSH393001-BLAC-36] 1u (619d) | [DFSH393001-BLAC-37] 2u (619d) | [DFSH393001-BLAC-38] 3u (619d) | [DFSH393001-BLAC-39] 3u (619d) | [DFSH393001-BLAC-40] 2u (619d) | [DFSH393001-BLAC-41] 1u (619d) | [DFSH393001-BLAC-36] 1u (619d) | [DFSH393001-BLAC-37] 2u (619d) | [DFSH393001-BLAC-38] 3u (619d) | [DFSH393001-BLAC-39] 3u (619d) | [DFSH393001-BLAC-40] 2u (619d) | [DFSH393001-BLAC-41] 1u (619d) | [DFSH393001-BLAC-36] 1u (619d) | [DFSH393001-BLAC-37] 2u (619d) | [DFSH393001-BLAC-38] 3u (619d) | [DFSH393001-BLAC-39] 3u (619d) | [DFSH393001-BLAC-40] 2u (619d) | [DFSH393001-BLAC-41] 1u (619d) | [DFSH393001-BLAC-36] 1u (619d) | [DFSH393001-BLAC-37] 2u (619d) | [DFSH393001-BLAC-38] 3u (619d) | [DFSH393001-BLAC-39] 3u (619d) | [DFSH393001-BLAC-40] 2u (619d) | [DFSH393001-BLAC-41] 1u (619d)
CLABD/Stock/StorageBD/CLA-070-09-03-02;BLACK;120;0.00;C+A;619;100;[DFSH393001-BLAC-36] 1u (619d) | [DFSH393001-BLAC-37] 2u (619d) | [DFSH393001-BLAC-38] 3u (619d) | [DFSH393001-BLAC-39] 3u (619d) | [DFSH393001-BLAC-40] 2u (619d) | [DFSH393001-BLAC-41] 1u (619d) | [DFSH393001-BLAC-36] 1u (619d) | [DFSH393001-BLAC-37] 2u (619d) | [DFSH393001-BLAC-38] 3u (619d) | [DFSH393001-BLAC-39] 3u (619d) | [DFSH393001-BLAC-40] 2u (619d) | [DFSH393001-BLAC-41] 1u (619d) | [DFSH393001-BLAC-36] 1u (619d) | [DFSH393001-BLAC-37] 2u (619d) | [DFSH393001-BLAC-38] 3u (619d) | [DFSH393001-BLAC-39] 3u (619d) | [DFSH393001-BLAC-40] 2u (619d) | [DFSH393001-BLAC-41] 1u (619d) | [DFSH393001-BLAC-36] 1u (619d) | [DFSH393001-BLAC-37] 2u (619d) | [DFSH393001-BLAC-38] 3u (619d) | [DFSH393001-BLAC-39] 3u (619d) | [DFSH393001-BLAC-40] 2u (619d) | [DFSH393001-BLAC-41] 1u (619d) | [DFSH393001-BLAC-36] 1u (619d) | [DFSH393001-BLAC-37] 2u (619d) | [DFSH393001-BLAC-38] 3u (619d) | [DFSH393001-BLAC-39] 3u (619d) | [DFSH393001-BLAC-40] 2u (619d) | [DFSH393001-BLAC-41] 1u (619d) | [DFSH393001-BLAC-36] 1u (619d) | [DFSH393001-BLAC-37] 2u (619d) | [DFSH393001-BLAC-38] 3u (619d) | [DFSH393001-BLAC-39] 3u (619d) | [DFSH393001-BLAC-40] 2u (619d) | [DFSH393001-BLAC-41] 1u (619d) | [DFSH393001-BLAC-36] 1u (619d) | [DFSH393001-BLAC-37] 2u (619d) | [DFSH393001-BLAC-38] 3u (619d) | [DFSH393001-BLAC-39] 3u (619d) | [DFSH393001-BLAC-40] 2u (619d) | [DFSH393001-BLAC-41] 1u (619d) | [DFSH393001-BLAC-36] 1u (619d) | [DFSH393001-BLAC-37] 2u (619d) | [DFSH393001-BLAC-38] 3u (619d) | [DFSH393001-BLAC-39] 3u (619d) | [DFSH393001-BLAC-40] 2u (619d) | [DFSH393001-BLAC-41] 1u (619d) | [DFSH393001-BLAC-36] 1u (619d) | [DFSH393001-BLAC-37] 2u (619d) | [DFSH393001-BLAC-38] 3u (619d) | [DFSH393001-BLAC-39] 3u (619d) | [DFSH393001-BLAC-40] 2u (619d) | [DFSH393001-BLAC-41] 1u (619d) | [DFSH393001-BLAC-36] 1u (619d) | [DFSH393001-BLAC-37] 2u (619d) | [DFSH393001-BLAC-38] 3u (619d) | [DFSH393001-BLAC-39] 3u (619d) | [DFSH393001-BLAC-40] 2u (619d) | [DFSH393001-BLAC-41] 1u (619d)
CLABD/Stock/StorageBD/CLA-071-01-01-02;BLACK;31;0.00;B+C+A;400;20;[NVK33410-0009-37] 1u (400d) | [NVK33410-0009-41] 2u (400d) | [NVK33410-0009-40] 7u (400d) | [NVK33410-0009-36] 1u (400d) | [NVK33410-0009-38] 3u (400d) | [NVK33410-0009-39] 3u (400d) | [DFSH394001-PURP-39] 4u (400d) | [DFSH394001-PURP-37] 5u (400d) | [DFSH394001-PURP-36] 2u (400d) | [DFSH394001-PURP-38] 3u (400d)
CLABD/Stock/StorageBD/CLA-071-01-02-01;BLACK;72;0.00;A;521;60;[DFSH369003-BLAC-38] 12u (521d) | [DFSH369003-BLAC-38] 12u (521d) | [DFSH369003-BLAC-38] 12u (521d) | [DFSH369003-BLAC-38] 12u (521d) | [DFSH369003-BLAC-38] 12u (521d) | [DFSH369003-BLAC-38] 12u (521d)
CLABD/Stock/StorageBD/CLA-071-01-02-02;BLACK;72;0.00;A;430;60;[DFSH371004-TAN-41] 12u (430d) | [DFSH371004-TAN-41] 12u (425d) | [DFSH371004-TAN-41] 12u (425d) | [DFSH371004-TAN-41] 12u (425d) | [DFSH371004-TAN-41] 12u (425d) | [DFSH371004-TAN-41] 12u (425d)
CLABD/Stock/StorageBD/CLA-071-01-03-01;BLACK;156;0.00;B;725;130;[NVK33410-0009-39] 12u (725d) | [NVK33410-0009-38] 12u (725d) | [NVK33410-0009-38] 12u (725d) | [NVK33410-0009-40] 12u (725d) | [NVK33410-0009-38] 12u (725d) | [NVK33410-0009-38] 12u (725d) | [NVK33410-0009-38] 12u (725d) | [NVK33410-0009-38] 12u (725d) | [NVK33410-0020-39] 12u (725d) | [NVK33410-0020-39] 12u (725d) | [NVK33410-0020-39] 12u (725d) | [NVK33410-0020-38] 12u (725d) | [NVK33410-0020-37] 12u (725d)
CLABD/Stock/StorageBD/CLA-071-01-03-02;BLACK;72;0.00;B;522;80;[DFSH321090-BLAC-36] 1u (522d) | [DFSH321090-BLAC-37] 2u (522d) | [DFSH321090-BLAC-38] 2u (522d) | [DFSH321090-BLAC-39] 2u (522d) | [DFSH321090-BLAC-40] 1u (522d) | [DFSH321090-BLAC-41] 1u (522d) | [DFSH321090-BLAC-36] 1u (522d) | [DFSH321090-BLAC-37] 2u (522d) | [DFSH321090-BLAC-38] 2u (522d) | [DFSH321090-BLAC-39] 2u (522d) | [DFSH321090-BLAC-40] 1u (522d) | [DFSH321090-BLAC-41] 1u (522d) | [DFSH321090-BLAC-36] 1u (522d) | [DFSH321090-BLAC-37] 2u (522d) | [DFSH321090-BLAC-38] 2u (522d) | [DFSH321090-BLAC-39] 2u (522d) | [DFSH321090-BLAC-40] 1u (522d) | [DFSH321090-BLAC-41] 1u (522d) | [DFSH321090-BLAC-36] 1u (522d) | [DFSH321090-BLAC-37] 2u (522d) | [DFSH321090-BLAC-38] 2u (522d) | [DFSH321090-BLAC-39] 2u (522d) | [DFSH321090-BLAC-40] 1u (522d) | [DFSH321090-BLAC-41] 1u (522d) | [DFSH321090-BLAC-36] 1u (522d) | [DFSH321090-BLAC-37] 2u (522d) | [DFSH321090-BLAC-38] 2u (522d) | [DFSH321090-BLAC-39] 2u (522d) | [DFSH321090-BLAC-40] 1u (522d) | [DFSH321090-BLAC-41] 1u (522d) | [DFSH321090-BLAC-36] 1u (522d) | [DFSH321090-BLAC-37] 2u (522d) | [DFSH321090-BLAC-38] 2u (522d) | [DFSH321090-BLAC-39] 2u (522d) | [DFSH321090-BLAC-40] 1u (522d) | [DFSH321090-BLAC-41] 1u (522d) | [DFSH321090-BLAC-36] 1u (522d) | [DFSH321090-BLAC-37] 2u (522d) | [DFSH321090-BLAC-38] 2u (522d) | [DFSH321090-BLAC-39] 2u (522d) | [DFSH321090-BLAC-40] 1u (522d) | [DFSH321090-BLAC-41] 1u (522d) | [DFSH321090-BLAC-36] 1u (522d) | [DFSH321090-BLAC-37] 2u (522d) | [DFSH321090-BLAC-38] 2u (522d) | [DFSH321090-BLAC-39] 2u (522d) | [DFSH321090-BLAC-40] 1u (522d) | [DFSH321090-BLAC-41] 1u (522d)
CLABD/Stock/StorageBD/CLA-071-02-01-01;BLACK;66;0.00;B+A;403;60;[NVK33410-0009-37] 4u (383d) | [NVK33410-0009-39] 2u (383d) | [NVK33410-0009-38] 3u (383d) | [NVK33410-0009-40] 1u (383d) | [NVK33410-0020-38] 3u (400d) | [NVK33410-0020-36] 1u (400d) | [NVK33410-0020-41] 1u (400d) | [NVK33410-0020-40] 2u (400d) | [NVK33410-0020-39] 3u (400d) | [NVK33410-0020-37] 2u (400d) | [NVK33410-0009-40] 1u (383d) | [NVK33410-0043-40] 2u (400d) | [NVK33401-0020-40] 2u (403d) | [NVK33401-0020-39] 2u (403d) | [NVK33401-0020-37] 6u (403d) | [NVK33401-0020-38] 1u (403d) | [NVK33401-0020-36] 3u (403d) | [DFSH371004-TAN-36] 2u (374d) | [DFSH371004-TAN-37] 3u (374d) | [DFSH371004-TAN-38] 2u (374d) | [DFSH371004-TAN-39] 1u (374d) | [DFSH371004-TAN-40] 1u (374d) | [DFSH371004-TAN-36] 2u (374d) | [DFSH371004-TAN-37] 3u (374d) | [DFSH371004-TAN-38] 2u (374d) | [DFSH371004-TAN-39] 1u (374d) | [DFSH371004-TAN-40] 1u (374d) | [DFSH371004-TAN-36] 2u (374d) | [DFSH371004-TAN-37] 3u (374d) | [DFSH371004-TAN-38] 2u (374d) | [DFSH371004-TAN-39] 1u (374d) | [DFSH371004-TAN-40] 1u (374d)
CLABD/Stock/StorageBD/CLA-071-02-01-02;BLACK;42;0.00;A+B+C;400;70;[DFSH375001-BLAC-39] 1u (150d) | [DFSH371006-BEIG-38] 1u (150d) | [DFSH371006-BLAC-37] 1u (150d) | [DFSH371006-BEIG-41] 1u (164d) | [DFSH370012-TAUP-41] 1u (150d) | [DFSH347003-SILV-36] 1u (150d) | [DFSH347003-SILV-37] 2u (150d) | [DFSH347002-BLAC-44] 1u (150d) | [DFSH371004-BLAC-38] 1u (150d) | [DFSH371004-BLAC-41] 1u (150d) | [DFSH370010-BLAC-42] 1u (150d) | [DFSH371004-BLAC-37] 1u (150d) | [DFSH347003-SILV-36] 1u (150d) | [DFSH347003-SILV-37] 2u (150d) | [DFSH347003-SILV-39] 1u (150d) | [DFSH347003-SILV-41] 1u (150d) | [DFSH347002-BEIG-36] 1u (150d) | [DFSH347002-BEIG-37] 3u (150d) | [DFSH347002-BEIG-41] 1u (150d) | [NVK33410-0020-40] 6u (400d) | [NVK33410-0020-36] 1u (400d) | [NVK33410-0006-39] 4u (400d) | [NVK33410-0006-37] 7u (400d) | [NVK33410-0006-40] 1u (400d)
CLABD/Stock/StorageBD/CLA-071-02-01-03;BLACK;71;0.00;B;400;40;[NVK33410-0043-38] 10u (400d) | [NVK33410-0043-39] 2u (400d) | [NVK33410-0043-40] 6u (400d) | [NVK33410-0043-37] 3u (400d) | [NVK33410-0043-39] 4u (400d) | [NVK33410-0043-38] 9u (400d) | [NVK33410-0043-40] 4u (400d) | [NVK33410-0009-37] 5u (400d) | [NVK33410-0009-39] 5u (400d) | [NVK33410-0009-38] 2u (400d) | [NVK33410-0009-40] 2u (400d) | [NVK33410-0009-41] 1u (400d) | [NVK33410-0009-38] 8u (400d) | [NVK33410-0009-39] 8u (400d) | [NVK33410-0009-37] 1u (400d) | [NVK33410-0009-40] 1u (400d)
CLABD/Stock/StorageBD/CLA-071-02-02-01;BLACK;48;0.00;A+B;522;40;[DFSH321086-OFFW-39] 12u (522d) | [DFSH321086-OFFW-38] 12u (522d) | [DFSH321086-OFFW-36] 12u (522d) | [DFSH321086-OFFW-36] 12u (522d)
CLABD/Stock/StorageBD/CLA-071-02-02-02;BLACK;81;0.00;C+A;571;90;[DFSH394001-PURP-36] 1u (571d) | [DFSH394001-PURP-37] 2u (571d) | [DFSH394001-PURP-38] 2u (571d) | [DFSH394001-PURP-39] 2u (571d) | [DFSH394001-PURP-40] 1u (571d) | [DFSH394001-PURP-41] 1u (571d) | [DFSH394001-PURP-36] 1u (571d) | [DFSH394001-PURP-37] 2u (571d) | [DFSH394001-PURP-38] 2u (571d) | [DFSH394001-PURP-39] 2u (571d) | [DFSH394001-PURP-40] 1u (571d) | [DFSH394001-PURP-41] 1u (571d) | [DFSH394001-PURP-36] 1u (571d) | [DFSH394001-PURP-37] 2u (571d) | [DFSH394001-PURP-38] 2u (571d) | [DFSH394001-PURP-39] 2u (571d) | [DFSH394001-PURP-40] 1u (571d) | [DFSH394001-PURP-41] 1u (571d) | [DFSH394001-PURP-36] 1u (571d) | [DFSH394001-PURP-37] 2u (571d) | [DFSH394001-PURP-38] 2u (571d) | [DFSH394001-PURP-39] 2u (571d) | [DFSH394001-PURP-40] 1u (571d) | [DFSH394001-PURP-41] 1u (571d) | [DFSH394001-PURP-36] 1u (571d) | [DFSH394001-PURP-37] 2u (571d) | [DFSH394001-PURP-38] 2u (571d) | [DFSH394001-PURP-39] 2u (571d) | [DFSH394001-PURP-40] 1u (571d) | [DFSH394001-PURP-41] 1u (571d) | [DFSH394001-PURP-36] 1u (571d) | [DFSH394001-PURP-37] 2u (571d) | [DFSH394001-PURP-38] 2u (571d) | [DFSH394001-PURP-39] 2u (571d) | [DFSH394001-PURP-40] 1u (571d) | [DFSH394001-PURP-41] 1u (571d) | [DFSH394001-PURP-36] 1u (571d) | [DFSH394001-PURP-37] 2u (571d) | [DFSH394001-PURP-38] 2u (571d) | [DFSH394001-PURP-39] 2u (571d) | [DFSH394001-PURP-40] 1u (571d) | [DFSH394001-PURP-41] 1u (571d) | [DFSH394001-PURP-36] 1u (571d) | [DFSH394001-PURP-37] 2u (571d) | [DFSH394001-PURP-38] 2u (571d) | [DFSH394001-PURP-39] 2u (571d) | [DFSH394001-PURP-40] 1u (571d) | [DFSH394001-PURP-41] 1u (571d) | [DFSH394001-PURP-36] 1u (556d) | [DFSH394001-PURP-37] 2u (571d) | [DFSH394001-PURP-38] 2u (571d) | [DFSH394001-PURP-39] 2u (571d) | [DFSH394001-PURP-40] 1u (571d) | [DFSH394001-PURP-41] 1u (571d)
CLABD/Stock/StorageBD/CLA-071-02-02-03;BLACK;75;0.00;B+A;437;70;[DFSH397002-GOLD-36] 1u (296d) | [DFSH397002-GOLD-37] 2u (296d) | [DFSH397002-GOLD-38] 3u (296d) | [DFSH397002-GOLD-39] 3u (296d) | [DFSH397002-GOLD-40] 2u (296d) | [DFSH397002-GOLD-41] 1u (296d) | [DFSH397002-GOLD-36] 1u (296d) | [DFSH397002-GOLD-37] 2u (296d) | [DFSH397002-GOLD-38] 3u (296d) | [DFSH397002-GOLD-39] 3u (296d) | [DFSH397002-GOLD-40] 2u (296d) | [DFSH397002-GOLD-41] 1u (296d) | [DFSH370003-BLAC-36] 1u (437d) | [DFSH370003-BLAC-37] 2u (437d) | [DFSH370003-BLAC-38] 2u (437d) | [DFSH370003-BLAC-39] 2u (437d) | [DFSH370003-BLAC-40] 1u (437d) | [DFSH370003-BLAC-41] 1u (437d) | [DFSH370003-BLAC-36] 1u (437d) | [DFSH370003-BLAC-37] 2u (437d) | [DFSH370003-BLAC-38] 2u (437d) | [DFSH370003-BLAC-39] 2u (437d) | [DFSH370003-BLAC-40] 1u (437d) | [DFSH370003-BLAC-41] 1u (437d) | [DFSH370003-BLAC-36] 1u (437d) | [DFSH370003-BLAC-37] 2u (437d) | [DFSH370003-BLAC-38] 2u (437d) | [DFSH370003-BLAC-39] 2u (437d) | [DFSH370003-BLAC-40] 1u (437d) | [DFSH370003-BLAC-41] 1u (437d) | [DFSH370003-BLAC-40] 12u (354d) | [DFSH370003-BLAC-36] 12u (354d)
CLABD/Stock/StorageBD/CLA-071-02-03-02;BLACK;102;0.00;C+A;599;100;[DFSH334009-GREY-36] 1u (599d) | [DFSH334009-GREY-37] 2u (599d) | [DFSH334009-GREY-38] 3u (599d) | [DFSH334009-GREY-39] 3u (599d) | [DFSH334009-GREY-40] 2u (599d) | [DFSH334009-GREY-41] 1u (599d) | [DFSH334009-GREY-36] 1u (599d) | [DFSH334009-GREY-37] 2u (599d) | [DFSH334009-GREY-38] 3u (599d) | [DFSH334009-GREY-39] 3u (599d) | [DFSH334009-GREY-40] 2u (599d) | [DFSH334009-GREY-41] 1u (599d) | [DFSH334009-GREY-36] 1u (599d) | [DFSH334009-GREY-37] 2u (599d) | [DFSH334009-GREY-38] 3u (599d) | [DFSH334009-GREY-39] 3u (599d) | [DFSH334009-GREY-40] 2u (599d) | [DFSH334009-GREY-41] 1u (599d) | [DFSH334009-GREY-36] 1u (599d) | [DFSH334009-GREY-37] 2u (599d) | [DFSH334009-GREY-38] 3u (599d) | [DFSH334009-GREY-39] 3u (599d) | [DFSH334009-GREY-40] 2u (599d) | [DFSH334009-GREY-41] 1u (599d) | [DFSH394001-BEIG-36] 1u (590d) | [DFSH394001-BEIG-37] 2u (590d) | [DFSH394001-BEIG-38] 2u (590d) | [DFSH394001-BEIG-39] 2u (590d) | [DFSH394001-BEIG-40] 1u (590d) | [DFSH394001-BEIG-41] 1u (590d) | [DFSH394001-BEIG-36] 1u (590d) | [DFSH394001-BEIG-37] 2u (590d) | [DFSH394001-BEIG-38] 2u (590d) | [DFSH394001-BEIG-39] 2u (590d) | [DFSH394001-BEIG-40] 1u (590d) | [DFSH394001-BEIG-41] 1u (590d) | [DFSH394001-BEIG-36] 1u (590d) | [DFSH394001-BEIG-37] 2u (590d) | [DFSH394001-BEIG-38] 2u (590d) | [DFSH394001-BEIG-39] 2u (590d) | [DFSH394001-BEIG-40] 1u (590d) | [DFSH394001-BEIG-41] 1u (590d) | [DFSH394001-BEIG-36] 1u (590d) | [DFSH394001-BEIG-37] 2u (590d) | [DFSH394001-BEIG-38] 2u (590d) | [DFSH394001-BEIG-39] 2u (590d) | [DFSH394001-BEIG-40] 1u (590d) | [DFSH394001-BEIG-41] 1u (590d) | [DFSH394001-BEIG-36] 1u (590d) | [DFSH394001-BEIG-37] 2u (590d) | [DFSH394001-BEIG-38] 2u (590d) | [DFSH394001-BEIG-39] 2u (590d) | [DFSH394001-BEIG-40] 1u (590d) | [DFSH394001-BEIG-41] 1u (590d) | [DFSH394001-BEIG-36] 1u (590d) | [DFSH394001-BEIG-37] 2u (590d) | [DFSH394001-BEIG-38] 2u (590d) | [DFSH394001-BEIG-39] 2u (590d) | [DFSH394001-BEIG-40] 1u (590d) | [DFSH394001-BEIG-41] 1u (590d)
CLABD/Stock/StorageBD/CLA-071-02-03-03;BLACK;180;0.00;C;619;150;[DFSH392001-SILV-36] 1u (619d) | [DFSH392001-SILV-37] 2u (619d) | [DFSH392001-SILV-38] 3u (619d) | [DFSH392001-SILV-39] 3u (619d) | [DFSH392001-SILV-40] 2u (619d) | [DFSH392001-SILV-41] 1u (619d) | [DFSH392001-SILV-36] 1u (619d) | [DFSH392001-SILV-37] 2u (619d) | [DFSH392001-SILV-38] 3u (619d) | [DFSH392001-SILV-39] 3u (619d) | [DFSH392001-SILV-40] 2u (619d) | [DFSH392001-SILV-41] 1u (619d) | [DFSH392001-SILV-36] 1u (619d) | [DFSH392001-SILV-37] 2u (619d) | [DFSH392001-SILV-38] 3u (619d) | [DFSH392001-SILV-39] 3u (619d) | [DFSH392001-SILV-40] 2u (619d) | [DFSH392001-SILV-41] 1u (619d) | [DFSH392001-SILV-36] 1u (619d) | [DFSH392001-SILV-37] 2u (619d) | [DFSH392001-SILV-38] 3u (619d) | [DFSH392001-SILV-39] 3u (619d) | [DFSH392001-SILV-40] 2u (619d) | [DFSH392001-SILV-41] 1u (619d) | [DFSH392001-SILV-36] 1u (619d) | [DFSH392001-SILV-37] 2u (619d) | [DFSH392001-SILV-38] 3u (619d) | [DFSH392001-SILV-39] 3u (619d) | [DFSH392001-SILV-40] 2u (619d) | [DFSH392001-SILV-41] 1u (619d) | [DFSH392001-SILV-36] 1u (619d) | [DFSH392001-SILV-37] 2u (619d) | [DFSH392001-SILV-38] 3u (619d) | [DFSH392001-SILV-39] 3u (619d) | [DFSH392001-SILV-40] 2u (619d) | [DFSH392001-SILV-41] 1u (619d) | [DFSH392001-SILV-36] 1u (619d) | [DFSH392001-SILV-37] 2u (619d) | [DFSH392001-SILV-38] 3u (619d) | [DFSH392001-SILV-39] 3u (619d) | [DFSH392001-SILV-40] 2u (619d) | [DFSH392001-SILV-41] 1u (619d) | [DFSH392001-SILV-36] 1u (619d) | [DFSH392001-SILV-37] 2u (619d) | [DFSH392001-SILV-38] 3u (619d) | [DFSH392001-SILV-39] 3u (619d) | [DFSH392001-SILV-40] 2u (619d) | [DFSH392001-SILV-41] 1u (619d) | [DFSH392001-SILV-36] 1u (619d) | [DFSH392001-SILV-37] 2u (619d) | [DFSH392001-SILV-38] 3u (619d) | [DFSH392001-SILV-39] 3u (619d) | [DFSH392001-SILV-40] 2u (619d) | [DFSH392001-SILV-41] 1u (619d) | [DFSH392001-SILV-36] 1u (619d) | [DFSH392001-SILV-37] 2u (619d) | [DFSH392001-SILV-38] 3u (619d) | [DFSH392001-SILV-39] 3u (619d) | [DFSH392001-SILV-40] 2u (619d) | [DFSH392001-SILV-41] 1u (619d) | [DFSH392001-SILV-36] 1u (619d) | [DFSH392001-SILV-37] 2u (619d) | [DFSH392001-SILV-38] 3u (619d) | [DFSH392001-SILV-39] 3u (619d) | [DFSH392001-SILV-40] 2u (619d) | [DFSH392001-SILV-41] 1u (619d) | [DFSH392001-SILV-36] 1u (619d) | [DFSH392001-SILV-37] 2u (619d) | [DFSH392001-SILV-38] 3u (619d) | [DFSH392001-SILV-39] 3u (619d) | [DFSH392001-SILV-40] 2u (619d) | [DFSH392001-SILV-41] 1u (619d) | [DFSH392001-SILV-36] 1u (619d) | [DFSH392001-SILV-37] 2u (619d) | [DFSH392001-SILV-38] 3u (619d) | [DFSH392001-SILV-39] 3u (619d) | [DFSH392001-SILV-40] 2u (619d) | [DFSH392001-SILV-41] 1u (619d) | [DFSH392001-SILV-36] 1u (619d) | [DFSH392001-SILV-37] 2u (619d) | [DFSH392001-SILV-38] 3u (619d) | [DFSH392001-SILV-39] 3u (619d) | [DFSH392001-SILV-40] 2u (619d) | [DFSH392001-SILV-41] 1u (619d) | [DFSH392001-SILV-36] 1u (619d) | [DFSH392001-SILV-37] 2u (619d) | [DFSH392001-SILV-38] 3u (619d) | [DFSH392001-SILV-39] 3u (619d) | [DFSH392001-SILV-40] 2u (619d) | [DFSH392001-SILV-41] 1u (619d)
CLABD/Stock/StorageBD/CLA-071-03-01-01;BLACK;181;0.00;C+B+A;971;110;[KV330025-0011-39] 4u (400d) | [KV330025-0011-41] 3u (400d) | [KV330025-0011-36] 1u (400d) | [KV330025-0011-37] 4u (400d) | [KV330025-0011-40] 3u (400d) | [KV330025-0011-38] 1u (400d) | [KV330025-0011-37] 8u (400d) | [KV330025-0011-39] 4u (400d) | [KV330025-0011-40] 4u (400d) | [KV330025-0011-38] 3u (400d) | [KV330025-0011-41] 1u (400d) | [KV330025-0011-36] 1u (400d) | [NVK33410-0043-39] 5u (400d) | [NVK33410-0043-38] 4u (400d) | [NVK33410-0043-37] 1u (400d) | [NVK33410-0043-36] 1u (400d) | [NVK33410-0043-40] 4u (400d) | [NVK33410-0043-41] 2u (400d) | [DFACSC2305-GREY] 20u (725d) | [DFACSC2305-GREY] 20u (725d) | [DFACSC2305-GREY] 20u (725d) | [DFACSC2305-GREY] 20u (725d) | [KV330025-0004-39] 1u (915d) | [LI330288-0020-43] 1u (388d) | [DFSH387005-BLUE-44] 1u (383d) | [DFSH397001-OFFW-36] 1u (356d) | [DFSH397001-OFFW-37] 1u (356d) | [DFSH397001-OFFW-38] 1u (356d) | [DFSH397001-OFFW-40] 2u (356d) | [DFSH397001-OFFW-41] 1u (619d) | [DFSH397001-WHIT-42] 1u (619d) | [DFSH397001-WHIT-43] 1u (619d) | [DFSH375001-BLAC-37] 5u (435d) | [DFSH375003-BLAC-37] 1u (241d) | [DFSH387005-BLAC-44] 1u (241d) | [NVK33410-0009-39] 2u (400d) | [NVK33410-0009-40] 2u (400d) | [NVK33410-0009-36] 1u (383d) | [NVK33410-0009-38] 4u (400d) | [LI330271-0011-41] 1u (400d) | [NVK33410-0009-37] 2u (400d) | [NVK33409-0009-38] 16u (971d) | [NVK33409-0009-37] 1u (971d)
CLABD/Stock/StorageBD/CLA-071-03-01-02;BLACK;303;0.00;A+B+C;802;60;[DFKSUN0224] 50u (802d) | [DFKSUN0224] 50u (802d) | [DFKOPT0371-0001] 72u (199d) | [DFTXSOC006-WHIT-36-40] 45u (382d) | [DFACBE2308-FUCH] 42u (382d) | [DFBG24W106-SILV] 31u (382d) | [DFACSC2304-BLAC] 13u (383d)
CLABD/Stock/StorageBD/CLA-071-03-01-03;BLACK;104;0.00;B+A;400;70;[NVK33410-0009-38] 5u (400d) | [NVK33410-0009-39] 4u (400d) | [NVK33410-0009-36] 4u (400d) | [NVK33410-0009-37] 3u (400d) | [NVK33410-0009-40] 1u (400d) | [NVK33410-0009-36] 5u (400d) | [NVK33410-0009-38] 2u (400d) | [NVK33410-0009-39] 5u (400d) | [NVK33410-0009-40] 4u (400d) | [NVK33410-0009-37] 1u (400d) | [NVK33410-0009-40] 3u (400d) | [NVK33410-0009-36] 8u (400d) | [NVK33410-0009-37] 2u (400d) | [NVK33410-0009-39] 1u (400d) | [NVK33410-0009-38] 3u (400d) | [NVK33410-0009-39] 4u (400d) | [NVK33410-0009-38] 4u (400d) | [NVK33410-0009-40] 4u (400d) | [NVK33410-0009-41] 1u (400d) | [NVK33410-0009-36] 2u (400d) | [NVK33410-0009-37] 2u (400d) | [DFSH371008-CAME-36] 12u (296d) | [DFSH370004-BLAC-36] 12u (396d) | [DFSH370004-BLAC-36] 12u (396d)
CLABD/Stock/StorageBD/CLA-071-03-02-01;BLACK;156;0.00;C+B;725;130;[KV330029-0011-40] 1u (380d) | [KV330029-0011-41] 1u (380d) | [KI330228-0008-35] 1u (380d) | [KI330228-0008-33] 1u (380d) | [KI330228-0008-32] 1u (380d) | [KI330228-0008-31] 1u (380d) | [KV330029-0013-39] 1u (380d) | [KV330029-0013-37] 1u (380d) | [KV330025-0001-37] 1u (380d) | [KI330228-0008-30] 1u (380d) | [KV330029-0011-36] 1u (380d) | [KV330025-0001-39] 1u (380d) | [NVK33410-0020-40] 12u (725d) | [NVK33410-0043-37] 12u (725d) | [NVK33410-0269-41] 12u (725d) | [NVK33410-0269-36] 12u (725d) | [NVK33410-0043-40] 12u (725d) | [NVK33410-0043-40] 12u (725d) | [NVK33410-0043-40] 12u (725d) | [NVK33410-0043-39] 12u (725d) | [NVK33410-0043-39] 12u (725d) | [NVK33410-0043-39] 12u (725d) | [NVK33410-0043-39] 12u (725d) | [NVK33410-0020-37] 12u (725d)
CLABD/Stock/StorageBD/CLA-071-03-02-03;BLACK;60;0.00;A;487;50;[DFSH381001-BLAC-41] 12u (487d) | [DFSH381001-BLAC-41] 12u (487d) | [DFSH381001-BLAC-37] 12u (487d) | [DFSH381001-BLAC-37] 12u (487d) | [DFSH381001-BLAC-36] 12u (487d)
CLABD/Stock/StorageBD/CLA-071-03-03-01;BLACK;156;0.00;B;725;130;[NVK33410-0020-40] 12u (725d) | [NVK33410-0020-38] 12u (725d) | [NVK33410-0020-37] 12u (725d) | [NVK33410-0020-37] 12u (725d) | [NVK33410-0020-40] 12u (725d) | [NVK33410-0020-40] 12u (725d) | [NVK33410-0020-39] 12u (725d) | [NVK33410-0020-39] 12u (725d) | [NVK33410-0020-38] 12u (725d) | [NVK33410-0020-38] 12u (725d) | [NVK33410-0020-38] 12u (725d) | [NVK33410-0020-37] 12u (725d) | [NVK33410-0020-37] 12u (725d)
CLABD/Stock/StorageBD/CLA-071-03-03-02;BLACK;45;0.00;A+C;577;40;[DFSH370004-BLAC-37] 12u (445d) | [DFSH370004-BLAC-36] 12u (445d) | [DFSH370004-BLAC-36] 12u (521d) | [DFSH394001-BEIG-36] 1u (577d) | [DFSH394001-BEIG-37] 2u (577d) | [DFSH394001-BEIG-38] 2u (577d) | [DFSH394001-BEIG-39] 2u (577d) | [DFSH394001-BEIG-40] 1u (577d) | [DFSH394001-BEIG-41] 1u (577d)
CLABD/Stock/StorageBD/CLA-071-03-03-03;BLACK;156;0.00;B;725;130;[NVK33410-0009-39] 12u (725d) | [NVK33410-0006-38] 12u (725d) | [NVK33410-0006-38] 12u (725d) | [NVK33410-0009-40] 12u (725d) | [NVK33410-0009-40] 12u (725d) | [NVK33410-0009-39] 12u (725d) | [NVK33410-0009-39] 12u (725d) | [NVK33410-0009-39] 12u (725d) | [NVK33410-0009-38] 12u (725d) | [NVK33410-0009-38] 12u (725d) | [NVK33410-0009-37] 12u (725d) | [NVK33410-0009-37] 12u (725d) | [NVK33410-0020-39] 12u (725d)
CLABD/Stock/StorageBD/CLA-071-04-01-01;BLACK;149;0.00;B;400;90;[NVK33410-0269-39] 4u (400d) | [NVK33410-0269-38] 3u (400d) | [NVK33410-0269-37] 2u (400d) | [NVK33410-0269-36] 1u (400d) | [NVK33410-0269-40] 5u (400d) | [NVK33410-0269-41] 2u (400d) | [NVK33410-0269-37] 6u (400d) | [NVK33410-0269-36] 1u (400d) | [NVK33410-0269-39] 3u (400d) | [NVK33410-0269-38] 2u (400d) | [NVK33410-0269-41] 5u (400d) | [NVK33410-0020-38] 3u (400d) | [NVK33410-0020-40] 5u (400d) | [NVK33410-0020-37] 1u (400d) | [NVK33410-0020-39] 3u (400d) | [NVK33410-0043-38] 1u (400d) | [NVK33410-0020-36] 4u (400d) | [NVK33410-0269-37] 4u (400d) | [NVK33410-0269-39] 8u (400d) | [NVK33410-0269-41] 2u (400d) | [NVK33410-0269-36] 3u (400d) | [NVK53525-0521-44] 11u (400d) | [NVK53525-0521-45] 4u (400d) | [NVK53525-0521-45] 4u (400d) | [NVK53525-0521-41] 2u (400d) | [NVK53525-0521-43] 3u (400d) | [NVK53525-0521-44] 6u (400d) | [NVK33410-0043-39] 6u (400d) | [NVK33410-0043-38] 7u (400d) | [NVK33410-0043-37] 1u (400d) | [NVK33410-0043-36] 3u (400d) | [NVK33410-0043-37] 7u (400d) | [NVK33410-0043-38] 7u (400d) | [NVK33410-0043-36] 3u (400d) | [NVK33410-0043-40] 1u (400d) | [NVK33410-0043-38] 14u (400d) | [NVK33410-0043-37] 1u (400d) | [NVK33410-0043-36] 1u (400d)
CLABD/Stock/StorageBD/CLA-071-04-01-02;BLACK;56;0.00;A+B;487;50;[DFSH371006-BLAC-36] 1u (185d) | [DFSH371006-BLAC-37] 1u (185d) | [DFSH370003-TAN-39] 1u (185d) | [DFSH371006-SILV-40] 1u (185d) | [DFSH370004-BLAC-36] 1u (185d) | [DFSH370004-BLAC-40] 2u (185d) | [DFSH371004-TAN-36] 1u (186d) | [DFSH381001-BLAC-40] 12u (487d) | [DFSH381001-BLAC-39] 12u (487d) | [DFSH370011-BROW-38] 12u (157d) | [DFSH370011-BROW-37] 12u (157d)
CLABD/Stock/StorageBD/CLA-071-04-01-03;BLACK;231;0.00;B+C+A;725;80;[DFACSC2303-GREY] 20u (725d) | [NVK33410-0020-36] 1u (400d) | [NVK33410-0020-37] 5u (400d) | [NVK33410-0269-37] 6u (400d) | [NVK33410-0020-38] 4u (400d) | [NVK33410-0020-41] 1u (400d) | [DFACSC2303-GREY] 20u (725d) | [DFSH387006-WHIT-41] 1u (305d) | [DFSH387006-WHIT-42] 2u (305d) | [DFSH387006-WHIT-43] 3u (305d) | [DFSH387006-WHIT-44] 2u (305d) | [DFSH387006-WHIT-45] 1u (305d) | [DFSH387006-WHIT-41] 1u (305d) | [DFSH387006-WHIT-42] 2u (305d) | [DFSH387006-WHIT-43] 3u (305d) | [DFSH387006-WHIT-44] 2u (305d) | [DFSH387006-WHIT-45] 1u (305d) | [DFSH370006-BLAC-36] 9u (430d) | [DFSH370004-BLAC-38] 9u (430d) | [DFKCOR0507-0269] 138u (382d)
CLABD/Stock/StorageBD/CLA-071-04-03-01;BLACK;81;0.00;A;689;90;[DFSH370004-BLAC-37] 9u (689d) | [DFSH370004-BLAC-37] 9u (689d) | [DFSH370004-BLAC-37] 9u (689d) | [DFSH370004-BLAC-36] 9u (689d) | [DFSH370004-BLAC-36] 9u (689d) | [DFSH370004-BLAC-36] 9u (689d) | [DFSH370004-BLAC-36] 9u (689d) | [DFSH370004-BLAC-36] 9u (689d) | [DFSH370004-BLAC-36] 9u (689d)
CLABD/Stock/StorageBD/CLA-071-04-03-02;BLACK;108;0.00;A;446;90;[DFSH370004-BLAC-40] 12u (446d) | [DFSH370004-BLAC-40] 12u (446d) | [DFSH370004-BLAC-40] 12u (446d) | [DFSH370004-BLAC-37] 12u (446d) | [DFSH370004-BLAC-37] 12u (446d) | [DFSH370004-BLAC-37] 12u (446d) | [DFSH370004-BLAC-37] 12u (446d) | [DFSH370004-BLAC-36] 12u (446d) | [DFSH370004-BLAC-36] 12u (446d)
CLABD/Stock/StorageBD/CLA-071-05-01-03;BLACK;62;0.00;A+C+B;725;100;[DFSH371012-BEIG-36] 2u (185d) | [DFSH371012-BEIG-41] 3u (185d) | [DFSH371004-TAN-37] 5u (185d) | [DFSH371004-BLAC-37] 1u (185d) | [DFSH371006-BLAC-40] 1u (186d) | [DFSH371004-TAN-37] 2u (185d) | [DFSH370006-NUT-40] 1u (185d) | [MVK22035-0001-37] 10u (725d) | [DFSH371006-BEIG-37] 1u (185d) | [DFSH371006-BLAC-37] 1u (185d) | [DFSH370003-TAN-37] 1u (185d) | [DFSH371006-BEIG-41] 1u (185d) | [DFSH375003-BLAC-38] 2u (185d) | [DFSH381001-BLAC-41] 2u (185d) | [DFSH371008-CAME-39] 1u (185d) | [DFSH371004-TAN-37] 2u (185d) | [DFSH371008-BLAC-38] 1u (185d) | [DFSH370012-BLAC-37] 1u (185d) | [DFSH371010-BEIG-39] 1u (186d) | [DFSH371004-TAN-37] 6u (185d) | [DFSH371008-CAME-37] 1u (185d) | [DFSH371008-CAME-36] 1u (185d) | [DFSH371006-BEIG-41] 1u (185d) | [DFSH370011-BROW-36] 1u (185d) | [DFSH370004-BLAC-37] 1u (186d) | [NVK33410-0043-37] 1u (400d) | [NVK33410-0009-38] 3u (383d) | [NVK33410-0043-36] 2u (383d) | [NVK33410-0009-41] 1u (383d) | [NVK33410-0043-41] 1u (400d) | [NVK33410-0009-40] 2u (383d) | [NVK33410-0009-36] 2u (383d)
CLABD/Stock/StorageBD/CLA-071-05-02-01;BLACK;42;0.00;B+A;522;40;[DFSH321089-BLAC-37] 12u (522d) | [DFSH321086-OFFW-39] 12u (522d) | [DFSH321089-GOLD-36] 1u (522d) | [DFSH321089-GOLD-37] 2u (522d) | [DFSH321089-GOLD-38] 2u (522d) | [DFSH321089-GOLD-39] 2u (522d) | [DFSH321089-GOLD-40] 1u (522d) | [DFSH321089-GOLD-41] 1u (522d) | [DFSH321089-GOLD-36] 1u (522d) | [DFSH321089-GOLD-37] 2u (522d) | [DFSH321089-GOLD-38] 2u (522d) | [DFSH321089-GOLD-39] 2u (522d) | [DFSH321089-GOLD-40] 1u (522d) | [DFSH321089-GOLD-41] 1u (522d)
CLABD/Stock/StorageBD/CLA-071-05-02-02;BLACK;108;0.00;A+B;522;90;[DFSH371004-BLAC-40] 12u (229d) | [DFSH321089-GOLD-40] 12u (522d) | [DFSH321089-GOLD-40] 12u (522d) | [DFSH321089-GOLD-39] 12u (522d) | [DFSH321089-GOLD-39] 12u (522d) | [DFSH321089-GOLD-39] 12u (522d) | [DFSH321089-GOLD-38] 12u (522d) | [DFSH321089-GOLD-38] 12u (522d) | [DFSH321089-GOLD-38] 12u (522d)
CLABD/Stock/StorageBD/CLA-071-05-02-03;BLACK;66;0.00;B+A;445;60;[DFSH387008-WGOL-36] 1u (305d) | [DFSH387008-WGOL-37] 2u (305d) | [DFSH387008-WGOL-38] 2u (305d) | [DFSH387008-WGOL-39] 2u (305d) | [DFSH387008-WGOL-40] 1u (305d) | [DFSH387008-WGOL-41] 1u (305d) | [DFSH387008-WGOL-36] 1u (305d) | [DFSH387008-WGOL-37] 2u (305d) | [DFSH387008-WGOL-38] 2u (305d) | [DFSH387008-WGOL-39] 2u (305d) | [DFSH387008-WGOL-40] 1u (305d) | [DFSH387008-WGOL-41] 1u (305d) | [DFSH371006-BEIG-41] 12u (445d) | [DFSH371006-BEIG-41] 12u (445d) | [DFSH371006-BEIG-41] 12u (445d) | [DFSH371006-BEIG-41] 12u (445d)
CLABD/Stock/StorageBD/CLA-071-06-01-02;BLACK;62;0.00;A+C+B;400;60;[DFSH371004-TAN-36] 1u (164d) | [DFSH371012-BEIG-41] 1u (163d) | [DFSH371007-WHIT-36] 1u (164d) | [DFSH371004-TAN-41] 2u (157d) | [DFSH371006-BEIG-37] 1u (157d) | [DFSH370005-CAME-41] 1u (157d) | [DFSH370003-TAUP-40] 3u (157d) | [DFSH370005-BLAC-41] 1u (157d) | [DFSH370005-CAME-36] 1u (157d) | [DFSH370005-CAME-37] 1u (164d) | [DFSH391005-BLAC-36] 1u (150d) | [DFSH370003-TAUP-40] 2u (157d) | [DFSH370005-CAME-36] 1u (157d) | [DFSH370005-BLAC-37] 1u (157d) | [DFSH370005-CAME-37] 2u (164d) | [DFSH370005-BLAC-38] 1u (164d) | [DFSH371012-BEIG-39] 1u (157d) | [DFSH371012-BEIG-41] 1u (163d) | [DFSH371012-BEIG-36] 2u (163d) | [DFSH371012-BEIG-37] 1u (157d) | [DFSH370006-BLAC-36] 1u (157d) | [DFSH370005-BLAC-38] 1u (164d) | [DFSH370003-TAN-39] 1u (157d) | [NVK33410-0043-37] 4u (400d) | [NVK33410-0043-39] 8u (400d) | [NVK33410-0043-40] 1u (400d) | [NVK33410-0043-38] 4u (400d) | [HIK10109-0561-39] 8u (116d) | [HIK10109-0561-37] 3u (116d) | [HIK10109-0561-36] 1u (116d) | [HIK10109-0561-40] 3u (116d) | [HIK10109-0561-38] 1u (116d)
CLABD/Stock/StorageBD/CLA-071-06-01-03;BLACK;100;0.00;C+A+B;435;90;[DFSH334011-PINK-40] 5u (116d) | [DFSH334011-PINK-36] 2u (116d) | [DFSH334011-PINK-39] 3u (116d) | [DFSH334011-PINK-37] 2u (116d) | [DFSH334011-PINK-41] 2u (116d) | [DFSH334011-PINK-38] 1u (116d) | [HIK10104-0399-41] 1u (116d) | [HIK10104-0399-40] 2u (116d) | [HIK10104-0399-39] 1u (116d) | [HIK10104-0399-37] 3u (116d) | [HIK10109-0561-38] 7u (116d) | [HIK10109-0561-37] 1u (116d) | [HIK10104-0399-38] 1u (116d) | [DFSH334011-BLAC-36] 8u (116d) | [DFSH334011-BLAC-40] 1u (116d) | [DFSH334011-BLAC-39] 4u (116d) | [DFSH334011-PINK-39] 3u (116d) | [DFSH334011-PINK-38] 3u (116d) | [DFSH334011-PINK-37] 6u (116d) | [DFSH375001-BLAC-38] 2u (282d) | [DFSH375001-BLAC-37] 4u (282d) | [DFSH375001-BLAC-39] 2u (282d) | [NVK33410-0043-41] 1u (400d) | [NVK33410-0043-38] 5u (383d) | [NVK33410-0043-36] 1u (383d) | [NVK33410-0043-37] 2u (400d) | [DFSH371012-BEIG-36] 1u (435d) | [DFSH371012-BEIG-37] 2u (435d) | [DFSH371012-BEIG-38] 2u (435d) | [DFSH371012-BEIG-39] 2u (435d) | [DFSH371012-BEIG-40] 1u (435d) | [DFSH371012-BEIG-41] 1u (435d) | [DFSH371012-BEIG-36] 1u (435d) | [DFSH371012-BEIG-37] 2u (435d) | [DFSH371012-BEIG-38] 2u (435d) | [DFSH371012-BEIG-39] 2u (435d) | [DFSH371012-BEIG-40] 1u (435d) | [DFSH371012-BEIG-41] 1u (435d) | [DFSH371012-BEIG-36] 1u (435d) | [DFSH371012-BEIG-37] 2u (435d) | [DFSH371012-BEIG-38] 2u (435d) | [DFSH371012-BEIG-39] 2u (435d) | [DFSH371012-BEIG-40] 1u (435d) | [DFSH371012-BEIG-41] 1u (435d)
CLABD/Stock/StorageBD/CLA-071-06-02-01;BLACK;183;0.00;B+C+A;877;45;[DFSU906001-PINK] 50u (863d) | [DFSU906001-PINK] 50u (877d) | [DFSU906001-PINK] 50u (877d) | [DFSH394001-PURP-36] 1u (443d) | [DFSH394001-PURP-37] 2u (443d) | [DFSH394001-PURP-38] 2u (443d) | [DFSH394001-PURP-39] 2u (443d) | [DFSH394001-PURP-40] 1u (443d) | [DFSH394001-PURP-41] 1u (443d) | [DFSH370004-BLAC-38] 12u (446d) | [DFSH370004-BLAC-38] 12u (446d)
CLABD/Stock/StorageBD/CLA-071-06-03-02;BLACK;63;0.00;A;521;60;[DFSH370004-BLAC-38] 12u (521d) | [DFSH369003-BLAC-41] 1u (521d) | [DFSH369003-BLAC-40] 1u (521d) | [DFSH369003-BLAC-39] 2u (521d) | [DFSH369003-BLAC-37] 2u (521d) | [DFSH369003-BLAC-36] 1u (521d) | [DFSH369003-BLAC-38] 2u (521d) | [DFSH369003-BLAC-41] 1u (521d) | [DFSH369003-BLAC-40] 1u (521d) | [DFSH369003-BLAC-39] 2u (521d) | [DFSH369003-BLAC-37] 2u (521d) | [DFSH369003-BLAC-36] 1u (521d) | [DFSH369003-BLAC-38] 2u (521d) | [DFSH369003-BLAC-41] 1u (521d) | [DFSH369003-BLAC-40] 1u (521d) | [DFSH369003-BLAC-39] 2u (521d) | [DFSH369003-BLAC-37] 2u (521d) | [DFSH369003-BLAC-36] 1u (521d) | [DFSH369003-BLAC-38] 2u (521d) | [DFSH369003-BLAC-41] 12u (521d) | [DFSH369003-BLAC-40] 12u (521d)
CLABD/Stock/StorageBD/CLA-071-07-01-02;BLACK;206;0.00;B+C+A;1178;70;[NVK33410-0020-40] 3u (400d) | [NVK33410-0020-36] 1u (400d) | [NVK33410-0020-39] 6u (400d) | [NVK33410-0020-37] 6u (400d) | [NVK33410-0020-41] 1u (400d) | [DFKSUN1025] 100u (1178d) | [DFSU901001-RED] 20u (864d) | [LI330289-0061-42] 1u (136d) | [LI330288-0020-41] 6u (136d) | [DFSH371006-BEIG-38] 2u (150d) | [DFSH370003-TAN-39] 1u (150d) | [DFSH371004-BLAC-41] 1u (150d) | [DFSH371004-BLAC-37] 1u (150d) | [DFSH371004-BLAC-38] 1u (150d) | [DFSH404001-SILV-36] 1u (270d) | [DFSH404001-SILV-37] 2u (270d) | [DFSH404001-SILV-38] 3u (270d) | [DFSH404001-SILV-39] 3u (270d) | [DFSH404001-SILV-40] 2u (270d) | [DFSH404001-SILV-41] 1u (270d) | [DFTXSWE013-BLUE-L] 18u (347d) | [DFTXSWE013-BLUE-M] 18u (347d) | [DFSH361003-NAVY-42] 1u (400d) | [DFSH361003-NAVY-43] 5u (400d) | [DFSH361003-NAVY-44] 2u (400d)
CLABD/Stock/StorageBD/CLA-071-07-01-03;BLACK;106;0.00;C+B+A;1160;70;[LI330261-0334-39] 2u (383d) | [LI330261-0334-41] 1u (383d) | [LI330261-0334-37] 11u (383d) | [LI330261-0334-38] 1u (383d) | [DFSH361007-BLAC-38] 2u (383d) | [DFSH361007-BLAC-39] 3u (624d) | [DFSH361007-BLAC-41] 2u (624d) | [DFSH361007-BLAC-37] 5u (624d) | [DFSH361007-BLAC-36] 1u (624d) | [DFSH370004-BLAC-37] 9u (379d) | [DFSH370006-BLAC-36] 12u (495d) | [DFSH371004-BLAC-37] 3u (150d) | [DFSH371004-BLAC-36] 2u (150d) | [DFSH370003-BLAC-38] 1u (150d) | [DFSH391001-BLAC-39] 1u (150d) | [DFKBEN0002-0006] 50u (1160d)
CLABD/Stock/StorageBD/CLA-071-07-02-02;BLACK;85;0.00;C+A;571;80;[DFSH394001-BLAC-36] 1u (571d) | [DFSH394001-BLAC-37] 2u (571d) | [DFSH394001-BLAC-38] 2u (571d) | [DFSH394001-BLAC-39] 2u (571d) | [DFSH394001-BLAC-40] 1u (571d) | [DFSH394001-BLAC-41] 1u (571d) | [DFSH394001-BLAC-36] 1u (571d) | [DFSH394001-BLAC-37] 2u (571d) | [DFSH394001-BLAC-38] 2u (571d) | [DFSH394001-BLAC-39] 2u (571d) | [DFSH394001-BLAC-40] 1u (571d) | [DFSH394001-BLAC-41] 1u (571d) | [DFSH394001-BLAC-36] 1u (571d) | [DFSH394001-BLAC-37] 2u (571d) | [DFSH394001-BLAC-38] 2u (571d) | [DFSH394001-BLAC-39] 2u (571d) | [DFSH394001-BLAC-40] 1u (571d) | [DFSH394001-BLAC-41] 1u (571d) | [DFSH394001-BLAC-36] 2u (571d) | [DFSH394001-BLAC-37] 2u (571d) | [DFSH394001-BLAC-38] 2u (571d) | [DFSH394001-BLAC-39] 2u (571d) | [DFSH394001-BLAC-40] 1u (571d) | [DFSH394001-BLAC-41] 1u (571d) | [DFSH394001-BLAC-36] 1u (571d) | [DFSH394001-BLAC-37] 2u (571d) | [DFSH394001-BLAC-38] 2u (571d) | [DFSH394001-BLAC-39] 2u (571d) | [DFSH394001-BLAC-40] 1u (571d) | [DFSH394001-BLAC-41] 1u (571d) | [DFSH381001-BLAC-37] 1u (163d) | [DFSH381001-BLAC-38] 2u (163d) | [DFSH381001-BLAC-39] 1u (163d) | [DFSH391007-BLAC-37] 1u (164d) | [DFSH391007-BLAC-36] 1u (163d) | [DFSH391007-BLAC-39] 1u (164d) | [KV330025-0067-37] 4u (400d) | [KV330025-0067-39] 4u (400d) | [KV330025-0067-41] 2u (400d) | [KV330025-0067-40] 3u (400d) | [KV330025-0067-36] 2u (400d) | [KV330025-0011-36] 2u (400d) | [KV330025-0011-37] 2u (400d) | [KV330025-0011-38] 5u (400d) | [KV330025-0011-39] 3u (400d) | [KV330025-0011-40] 2u (400d) | [KV330025-0011-41] 3u (400d)
CLABD/Stock/StorageBD/CLA-071-07-03-02;BLACK;60;0.00;A;492;50;[DFSH347003_-BEIG-41] 12u (492d) | [DFSH347003_-BEIG-41] 12u (492d) | [DFSH347003_-BEIG-40] 12u (492d) | [DFSH347003_-BEIG-39] 12u (492d) | [DFSH347003_-BEIG-39] 12u (492d)
CLABD/Stock/StorageBD/CLA-071-08-01-01;BLACK;83;0.00;A+C+B;725;80;[MVK22035-0001-38] 10u (725d) | [MVK22035-0001-37] 20u (725d) | [DFSH321090-BLAC-38] 2u (136d) | [DFSH321090-BLAC-37] 2u (136d) | [DFSH321090-BLAC-39] 1u (136d) | [DFSH370011-BROW-39] 2u (150d) | [DFSH370010-ORAN-37] 1u (150d) | [DFSH371004-TAN-40] 1u (150d) | [DFSH371004-TAN-37] 2u (150d) | [DFSH370004-BLAC-40] 1u (150d) | [DFSH371010-BLAC-37] 5u (150d) | [DFSH369003-BLAC-37] 2u (150d) | [DFSH370004-BLAC-40] 5u (150d) | [DFACTOW002-BLAC] 12u (382d) | [NVK33410-0009-40] 5u (400d) | [NVK33410-0009-38] 3u (400d) | [NVK33410-0009-37] 7u (400d) | [NVK33410-0009-39] 1u (400d) | [NVK33410-0009-36] 1u (400d)
CLABD/Stock/StorageBD/CLA-071-08-01-02;BLACK;26;0.00;A+C;435;20;[DFSH370011-BLAC-39] 12u (172d) | [DFSH375001-BLAC-38] 2u (435d) | [DFSH371011-BLAC-41] 1u (232d) | [DFSH375001-BLAC-37] 8u (435d) | [DFSH375001-BLAC-36] 2u (435d) | [DFSH381001-BLAC-40] 1u (246d)
CLABD/Stock/StorageBD/CLA-071-08-02-02;BLACK;72;0.00;A;492;60;[DFSH347003_-BLAC-40] 12u (492d) | [DFSH347003_-BLAC-40] 12u (492d) | [DFSH347003_-BLAC-39] 12u (492d) | [DFSH347003_-BLAC-38] 12u (492d) | [DFSH347003_-BLAC-38] 12u (492d) | [DFSH347003_-BLAC-38] 12u (492d)
CLABD/Stock/StorageBD/CLA-071-08-02-03;BLACK;121;0.00;B;971;70;[NVK33410-0020-36] 4u (400d) | [NVK33410-0020-38] 2u (400d) | [NVK33410-0020-40] 3u (400d) | [NVK33410-0020-39] 5u (400d) | [NVK33410-0020-37] 2u (400d) | [NVK33410-0020-41] 1u (400d) | [NVK33409-0009-37] 12u (971d) | [NVK33409-0009-36] 12u (400d) | [NVK33410-0043-39] 5u (400d) | [NVK33410-0043-41] 1u (400d) | [NVK33410-0043-38] 3u (400d) | [NVK33410-0043-40] 1u (400d) | [NVK33410-0043-37] 5u (400d) | [NVK33410-0043-36] 1u (400d) | [NVK33410-0043-37] 1u (400d) | [NVK33410-0043-40] 5u (400d) | [NVK33410-0043-38] 3u (400d) | [NVK33410-0043-39] 5u (400d) | [NVK33410-0043-36] 3u (400d) | [NVK33410-0043-39] 4u (400d) | [NVK33410-0043-37] 5u (400d) | [NVK33410-0043-40] 3u (400d) | [NVK33410-0043-41] 1u (400d) | [NVK33410-0043-38] 1u (400d) | [NVK33410-0043-37] 5u (400d) | [NVK33410-0043-36] 2u (400d) | [NVK33410-0043-39] 2u (400d) | [NVK33410-0043-38] 7u (400d) | [NVK33410-0043-37] 7u (400d) | [NVK33410-0043-36] 3u (400d) | [NVK33410-0043-39] 6u (400d) | [NVK33410-0043-38] 1u (400d)
CLABD/Stock/StorageBD/CLA-071-08-03-01;BLACK;84;0.00;C+A;619;70;[DFSH397001-OFFW-36] 1u (619d) | [DFSH397001-OFFW-37] 2u (619d) | [DFSH397001-OFFW-38] 3u (619d) | [DFSH397001-OFFW-39] 3u (619d) | [DFSH397001-OFFW-40] 2u (619d) | [DFSH397001-OFFW-41] 1u (619d) | [DFSH397001-OFFW-36] 1u (619d) | [DFSH397001-OFFW-37] 2u (619d) | [DFSH397001-OFFW-38] 3u (619d) | [DFSH397001-OFFW-39] 3u (619d) | [DFSH397001-OFFW-40] 2u (619d) | [DFSH397001-OFFW-41] 1u (619d) | [DFSH397001-OFFW-36] 1u (619d) | [DFSH397001-OFFW-37] 2u (619d) | [DFSH397001-OFFW-38] 3u (619d) | [DFSH397001-OFFW-39] 3u (619d) | [DFSH397001-OFFW-40] 2u (619d) | [DFSH397001-OFFW-41] 1u (619d) | [DFSH397001-OFFW-36] 1u (619d) | [DFSH397001-OFFW-37] 2u (619d) | [DFSH397001-OFFW-38] 3u (619d) | [DFSH397001-OFFW-39] 3u (619d) | [DFSH397001-OFFW-40] 2u (619d) | [DFSH397001-OFFW-41] 1u (619d) | [DFSH397001-OFFW-36] 1u (619d) | [DFSH397001-OFFW-37] 2u (619d) | [DFSH397001-OFFW-38] 3u (619d) | [DFSH397001-OFFW-39] 3u (619d) | [DFSH397001-OFFW-40] 2u (619d) | [DFSH397001-OFFW-41] 1u (619d) | [DFSH397001-OFFW-36] 1u (619d) | [DFSH397001-OFFW-37] 2u (619d) | [DFSH397001-OFFW-38] 3u (619d) | [DFSH397001-OFFW-39] 3u (619d) | [DFSH397001-OFFW-40] 2u (619d) | [DFSH397001-OFFW-41] 1u (619d) | [DFSH397001-OFFW-36] 1u (619d) | [DFSH397001-OFFW-37] 2u (619d) | [DFSH397001-OFFW-38] 3u (619d) | [DFSH397001-OFFW-39] 3u (619d) | [DFSH397001-OFFW-40] 2u (619d) | [DFSH397001-OFFW-41] 1u (619d)
CLABD/Stock/StorageBD/CLA-071-08-03-03;BLACK;72;0.00;A;492;60;[DFSH347003_-BEIG-41] 12u (492d) | [DFSH347003_-BEIG-41] 12u (492d) | [DFSH347003_-BEIG-39] 12u (492d) | [DFSH347003_-BEIG-39] 12u (492d) | [DFSH347003_-BEIG-38] 12u (492d) | [DFSH347003_-BEIG-37] 12u (492d)
CLABD/Stock/StorageBD/CLA-071-09-01-01;BLACK;96;0.00;A+D;521;80;[DFSH369003-BLAC-39] 12u (521d) | [DFSH369003-BLAC-39] 12u (521d) | [DFSH369003-BLAC-39] 12u (521d) | [DFSH369003-BLAC-38] 12u (521d) | [DFSH369003-BLAC-38] 12u (521d) | [DFSH369003-BLAC-37] 12u (521d) | [DFSH371015-BEIG-36] 1u (141d) | [DFSH371015-BEIG-37] 2u (141d) | [DFSH371015-BEIG-38] 3u (141d) | [DFSH371015-BEIG-39] 3u (141d) | [DFSH371015-BEIG-40] 2u (141d) | [DFSH371015-BEIG-41] 1u (141d) | [DFSH370006-BLAC-36] 12u (495d)
CLABD/Stock/StorageBD/CLA-071-09-01-02;BLACK;120;0.00;A+C;521;100;[LI330264-0064-39] 12u (396d) | [LI330264-0064-39] 12u (396d) | [LI330264-0064-38] 3u (396d) | [LI330264-0064-39] 9u (396d) | [LI330264-0064-38] 12u (396d) | [LI330264-0064-38] 12u (396d) | [LI330264-0064-38] 12u (396d) | [LI330264-0064-37] 12u (396d) | [LI330264-0064-37] 12u (396d) | [LI330264-0064-36] 3u (396d) | [LI330264-0064-37] 9u (396d) | [DFSH369003-BLAC-39] 12u (521d)
CLABD/Stock/StorageBD/CLA-071-09-01-03;BLACK;90;0.00;A+B;725;70;[DFACSC2309-YELL] 25u (432d) | [DFACSC2309-YELL] 25u (432d) | [DFSH370005-MUST-37] 9u (725d) | [DFSH371004-TAN-38] 2u (186d) | [DFSH370004-BLAC-39] 2u (185d) | [DFSH371004-TAN-40] 1u (185d) | [DFSH371004-TAN-38] 4u (186d) | [DFSH370004-BLAC-37] 1u (186d) | [DFSH370005-MUST-37] 9u (725d) | [DFSH407001-BEIG-36] 1u (262d) | [DFSH407001-BEIG-37] 2u (262d) | [DFSH407001-BEIG-38] 3u (262d) | [DFSH407001-BEIG-39] 3u (262d) | [DFSH407001-BEIG-40] 2u (262d) | [DFSH407001-BEIG-41] 1u (262d)
CLABD/Stock/StorageBD/CLA-071-09-02-01;BLACK;81;0.00;C+A;571;90;[DFSH394001-PURP-36] 1u (571d) | [DFSH394001-PURP-37] 2u (571d) | [DFSH394001-PURP-38] 2u (571d) | [DFSH394001-PURP-39] 2u (571d) | [DFSH394001-PURP-40] 1u (571d) | [DFSH394001-PURP-41] 1u (571d) | [DFSH394001-PURP-36] 1u (571d) | [DFSH394001-PURP-37] 2u (571d) | [DFSH394001-PURP-38] 2u (571d) | [DFSH394001-PURP-39] 2u (571d) | [DFSH394001-PURP-40] 1u (571d) | [DFSH394001-PURP-41] 1u (571d) | [DFSH394001-PURP-36] 1u (556d) | [DFSH394001-PURP-37] 2u (571d) | [DFSH394001-PURP-38] 2u (571d) | [DFSH394001-PURP-39] 2u (571d) | [DFSH394001-PURP-40] 1u (571d) | [DFSH394001-PURP-41] 1u (571d) | [DFSH394001-PURP-36] 1u (556d) | [DFSH394001-PURP-37] 2u (571d) | [DFSH394001-PURP-38] 2u (571d) | [DFSH394001-PURP-39] 2u (571d) | [DFSH394001-PURP-40] 1u (571d) | [DFSH394001-PURP-41] 1u (571d) | [DFSH394001-PURP-36] 1u (556d) | [DFSH394001-PURP-37] 2u (571d) | [DFSH394001-PURP-38] 2u (571d) | [DFSH394001-PURP-39] 2u (571d) | [DFSH394001-PURP-40] 1u (571d) | [DFSH394001-PURP-41] 1u (571d) | [DFSH394001-PURP-36] 1u (556d) | [DFSH394001-PURP-37] 2u (571d) | [DFSH394001-PURP-38] 2u (571d) | [DFSH394001-PURP-39] 2u (571d) | [DFSH394001-PURP-40] 1u (571d) | [DFSH394001-PURP-41] 1u (571d) | [DFSH394001-PURP-36] 1u (556d) | [DFSH394001-PURP-37] 2u (571d) | [DFSH394001-PURP-38] 2u (571d) | [DFSH394001-PURP-39] 2u (571d) | [DFSH394001-PURP-40] 1u (571d) | [DFSH394001-PURP-41] 1u (571d) | [DFSH394001-PURP-36] 1u (556d) | [DFSH394001-PURP-37] 2u (571d) | [DFSH394001-PURP-38] 2u (571d) | [DFSH394001-PURP-39] 2u (571d) | [DFSH394001-PURP-40] 1u (571d) | [DFSH394001-PURP-41] 1u (571d) | [DFSH394001-PURP-36] 1u (556d) | [DFSH394001-PURP-37] 2u (571d) | [DFSH394001-PURP-38] 2u (571d) | [DFSH394001-PURP-39] 2u (571d) | [DFSH394001-PURP-40] 1u (571d) | [DFSH394001-PURP-41] 1u (571d)
CLABD/Stock/StorageBD/CLA-071-09-02-02;BLACK;54;0.00;B;702;60;[NVK22060-0020-37] 9u (702d) | [NVK22060-0020-37] 9u (702d) | [NVK22060-0020-37] 9u (702d) | [NVK22060-0020-37] 9u (702d) | [NVK22060-0001-36] 9u (701d) | [NVK22060-0001-36] 9u (701d)
CLABD/Stock/StorageBD/CLA-071-09-02-03;BLACK;36;0.00;A;478;30;[DFSH371006-BEIG-40] 12u (478d) | [DFSH371006-BEIG-40] 12u (478d) | [DFSH370003-TAN-38] 12u (354d)
CLABD/Stock/StorageBD/CLA-071-09-03-02;BLACK;180;0.00;C+A;389;150;[DFSH392001-BLAC-36] 1u (389d) | [DFSH392001-BLAC-37] 2u (389d) | [DFSH392001-BLAC-38] 3u (389d) | [DFSH392001-BLAC-39] 3u (389d) | [DFSH392001-BLAC-40] 2u (389d) | [DFSH392001-BLAC-41] 1u (389d) | [DFSH392001-BLAC-36] 1u (389d) | [DFSH392001-BLAC-37] 2u (389d) | [DFSH392001-BLAC-38] 3u (389d) | [DFSH392001-BLAC-39] 3u (389d) | [DFSH392001-BLAC-40] 2u (389d) | [DFSH392001-BLAC-41] 1u (389d) | [DFSH392001-BLAC-36] 1u (389d) | [DFSH392001-BLAC-37] 2u (389d) | [DFSH392001-BLAC-38] 3u (389d) | [DFSH392001-BLAC-39] 3u (389d) | [DFSH392001-BLAC-40] 2u (389d) | [DFSH392001-BLAC-41] 1u (389d) | [DFSH392001-BLAC-36] 1u (389d) | [DFSH392001-BLAC-37] 2u (389d) | [DFSH392001-BLAC-38] 3u (389d) | [DFSH392001-BLAC-39] 3u (389d) | [DFSH392001-BLAC-40] 2u (389d) | [DFSH392001-BLAC-41] 1u (389d) | [DFSH392001-BLAC-36] 1u (389d) | [DFSH392001-BLAC-37] 2u (389d) | [DFSH392001-BLAC-38] 3u (389d) | [DFSH392001-BLAC-39] 3u (389d) | [DFSH392001-BLAC-40] 2u (389d) | [DFSH392001-BLAC-41] 1u (389d) | [DFSH392001-BLAC-36] 1u (389d) | [DFSH392001-BLAC-37] 2u (389d) | [DFSH392001-BLAC-38] 3u (389d) | [DFSH392001-BLAC-39] 3u (389d) | [DFSH392001-BLAC-40] 2u (389d) | [DFSH392001-BLAC-41] 1u (389d) | [DFSH392001-BLAC-36] 1u (389d) | [DFSH392001-BLAC-37] 2u (389d) | [DFSH392001-BLAC-38] 3u (389d) | [DFSH392001-BLAC-39] 3u (389d) | [DFSH392001-BLAC-40] 2u (389d) | [DFSH392001-BLAC-41] 1u (389d) | [DFSH392001-BLAC-36] 1u (389d) | [DFSH392001-BLAC-37] 2u (389d) | [DFSH392001-BLAC-38] 3u (389d) | [DFSH392001-BLAC-39] 3u (389d) | [DFSH392001-BLAC-40] 2u (389d) | [DFSH392001-BLAC-41] 1u (389d) | [DFSH392001-BLAC-36] 1u (389d) | [DFSH392001-BLAC-37] 2u (389d) | [DFSH392001-BLAC-38] 3u (389d) | [DFSH392001-BLAC-39] 3u (389d) | [DFSH392001-BLAC-40] 2u (389d) | [DFSH392001-BLAC-41] 1u (389d) | [DFSH392001-BLAC-36] 1u (389d) | [DFSH392001-BLAC-37] 2u (389d) | [DFSH392001-BLAC-38] 3u (389d) | [DFSH392001-BLAC-39] 3u (389d) | [DFSH392001-BLAC-40] 2u (389d) | [DFSH392001-BLAC-41] 1u (389d) | [DFSH392001-BLAC-36] 1u (389d) | [DFSH392001-BLAC-37] 2u (389d) | [DFSH392001-BLAC-38] 3u (389d) | [DFSH392001-BLAC-39] 3u (389d) | [DFSH392001-BLAC-40] 2u (389d) | [DFSH392001-BLAC-41] 1u (389d) | [DFSH392001-BLAC-36] 1u (389d) | [DFSH392001-BLAC-37] 2u (389d) | [DFSH392001-BLAC-38] 3u (389d) | [DFSH392001-BLAC-39] 3u (389d) | [DFSH392001-BLAC-40] 2u (389d) | [DFSH392001-BLAC-41] 1u (389d) | [DFSH392001-BLAC-36] 1u (389d) | [DFSH392001-BLAC-37] 2u (389d) | [DFSH392001-BLAC-38] 3u (389d) | [DFSH392001-BLAC-39] 3u (389d) | [DFSH392001-BLAC-40] 2u (389d) | [DFSH392001-BLAC-41] 1u (389d) | [DFSH392001-BLAC-36] 1u (389d) | [DFSH392001-BLAC-37] 2u (389d) | [DFSH392001-BLAC-38] 3u (389d) | [DFSH392001-BLAC-39] 3u (389d) | [DFSH392001-BLAC-40] 2u (389d) | [DFSH392001-BLAC-41] 1u (389d) | [DFSH392001-BLAC-36] 1u (389d) | [DFSH392001-BLAC-37] 2u (389d) | [DFSH392001-BLAC-38] 3u (389d) | [DFSH392001-BLAC-39] 3u (389d) | [DFSH392001-BLAC-40] 2u (389d) | [DFSH392001-BLAC-41] 1u (389d)
CLABD/Stock/StorageBD/CLA-071-09-03-03;BLACK;108;0.00;C+A;619;90;[DFSH393001-BLAC-36] 1u (619d) | [DFSH393001-BLAC-37] 2u (619d) | [DFSH393001-BLAC-38] 3u (619d) | [DFSH393001-BLAC-39] 3u (619d) | [DFSH393001-BLAC-40] 2u (619d) | [DFSH393001-BLAC-41] 1u (619d) | [DFSH393001-BLAC-36] 1u (619d) | [DFSH393001-BLAC-37] 2u (619d) | [DFSH393001-BLAC-38] 3u (619d) | [DFSH393001-BLAC-39] 3u (619d) | [DFSH393001-BLAC-40] 2u (619d) | [DFSH393001-BLAC-41] 1u (619d) | [DFSH393001-BLAC-36] 1u (619d) | [DFSH393001-BLAC-37] 2u (619d) | [DFSH393001-BLAC-38] 3u (619d) | [DFSH393001-BLAC-39] 3u (619d) | [DFSH393001-BLAC-40] 2u (619d) | [DFSH393001-BLAC-41] 1u (619d) | [DFSH393001-BLAC-36] 1u (619d) | [DFSH393001-BLAC-37] 2u (619d) | [DFSH393001-BLAC-38] 3u (619d) | [DFSH393001-BLAC-39] 3u (619d) | [DFSH393001-BLAC-40] 2u (619d) | [DFSH393001-BLAC-41] 1u (619d) | [DFSH393001-BLAC-36] 1u (619d) | [DFSH393001-BLAC-37] 2u (619d) | [DFSH393001-BLAC-38] 3u (619d) | [DFSH393001-BLAC-39] 3u (619d) | [DFSH393001-BLAC-40] 2u (619d) | [DFSH393001-BLAC-41] 1u (619d) | [DFSH393001-BLAC-36] 1u (619d) | [DFSH393001-BLAC-37] 2u (619d) | [DFSH393001-BLAC-38] 3u (619d) | [DFSH393001-BLAC-39] 3u (619d) | [DFSH393001-BLAC-40] 2u (619d) | [DFSH393001-BLAC-41] 1u (619d) | [DFSH393001-BLAC-36] 1u (619d) | [DFSH393001-BLAC-37] 2u (619d) | [DFSH393001-BLAC-38] 3u (619d) | [DFSH393001-BLAC-39] 3u (619d) | [DFSH393001-BLAC-40] 2u (619d) | [DFSH393001-BLAC-41] 1u (619d) | [DFSH393001-BLAC-36] 1u (619d) | [DFSH393001-BLAC-37] 2u (619d) | [DFSH393001-BLAC-38] 3u (619d) | [DFSH393001-BLAC-39] 3u (619d) | [DFSH393001-BLAC-40] 2u (619d) | [DFSH393001-BLAC-41] 1u (619d) | [DFSH393001-BLAC-36] 1u (619d) | [DFSH393001-BLAC-37] 2u (619d) | [DFSH393001-BLAC-38] 3u (619d) | [DFSH393001-BLAC-39] 3u (619d) | [DFSH393001-BLAC-40] 2u (619d) | [DFSH393001-BLAC-41] 1u (619d)
CLABD/Stock/StorageBD/CLA-072-01-01-01;BLACK;96;0.00;A;495;70;[DFSH371010-BLAC-38] 24u (495d) | [DFSH371010-BLAC-37] 12u (445d) | [DFSH371010-BLAC-39] 12u (428d) | [DFSH371010-BLAC-40] 12u (428d) | [DFSH371010-BLAC-40] 12u (428d) | [DFSH371010-BLAC-38] 12u (374d) | [DFSH370011-BLAC-39] 12u (172d)
CLABD/Stock/StorageBD/CLA-072-01-01-02;BLACK;156;0.00;B;725;130;[NVK33410-0269-38] 12u (725d) | [NVK33410-0269-39] 12u (725d) | [NVK33410-0269-39] 12u (725d) | [NVK33410-0269-39] 12u (725d) | [NVK33410-0269-39] 12u (725d) | [NVK33410-0269-38] 12u (725d) | [NVK33410-0269-38] 12u (725d) | [NVK33410-0269-38] 12u (725d) | [NVK33410-0269-38] 12u (725d) | [NVK33410-0269-38] 12u (725d) | [NVK33410-0269-38] 12u (725d) | [NVK33410-0269-38] 12u (725d) | [NVK33410-0009-37] 12u (725d)
CLABD/Stock/StorageBD/CLA-072-01-01-03;BLACK;70;0.00;B+C+D;675;50;[MVK17550-0202-39] 1u (382d) | [MVK17550-0202-36] 1u (382d) | [MVK17550-0003-39] 1u (382d) | [MVK17550-0003-38] 1u (382d) | [MVK17550-0003-36] 1u (382d) | [MVK17550-0003-37] 1u (382d) | [MVK17550-0003-41] 1u (382d) | [MVK17550-0003-40] 1u (382d) | [MVK17552-0040-41] 1u (382d) | [MVK17552-0040-38] 1u (382d) | [MVK17552-0040-37] 1u (382d) | [MVK17552-0040-40] 1u (382d) | [JVK17607-0026-37] 2u (382d) | [JVK17607-0026-38] 2u (382d) | [JVK17607-0026-40] 1u (382d) | [JVK17607-0026-39] 2u (382d) | [JVK17607-0026-36] 1u (382d) | [JVK17607-0026-41] 1u (382d) | [JVK17503-0001-37] 1u (382d) | [JVK17503-0001-36] 1u (382d) | [JVK17503-0001-39] 1u (382d) | [JVK17503-0020-37] 1u (382d) | [JVK17503-0020-39] 1u (382d) | [JVK17503-0001-38] 1u (382d) | [JVK17503-0020-36] 1u (382d) | [NVK33401-0269-37] 2u (400d) | [NVK33401-0269-38] 3u (383d) | [NVK33401-0043-36] 1u (383d) | [NVK33410-0269-36] 1u (383d) | [NVK33410-0043-38] 1u (382d) | [NVK33410-0269-37] 1u (383d) | [NVK33401-0269-39] 1u (383d) | [NVK33401-0269-40] 1u (383d) | [NVK33401-0269-36] 1u (400d) | [NVK33401-0020-41] 1u (675d) | [NVK33410-0009-37] 7u (400d) | [NVK33410-0009-40] 7u (400d) | [NVK33410-0009-36] 2u (400d) | [NVK33410-0009-39] 1u (400d) | [DFSH371015-BEIG-36] 1u (141d) | [DFSH371015-BEIG-37] 2u (141d) | [DFSH371015-BEIG-38] 3u (141d) | [DFSH371015-BEIG-39] 3u (141d) | [DFSH371015-BEIG-40] 2u (141d) | [DFSH371015-BEIG-41] 1u (141d)
CLABD/Stock/StorageBD/CLA-072-01-02-01;BLACK;48;0.00;A;492;40;[DFSH347003_-BEIG-37] 12u (492d) | [DFSH347003_-BEIG-37] 12u (492d) | [DFSH347003_-BEIG-37] 12u (492d) | [DFSH347003_-BEIG-36] 12u (492d)
CLABD/Stock/StorageBD/CLA-072-01-02-03;BLACK;78;0.00;C+A;599;80;[DFSH334009-GREY-36] 1u (599d) | [DFSH334009-GREY-37] 2u (599d) | [DFSH334009-GREY-38] 3u (599d) | [DFSH334009-GREY-39] 3u (599d) | [DFSH334009-GREY-40] 2u (599d) | [DFSH334009-GREY-41] 1u (599d) | [DFSH334009-GREY-36] 1u (599d) | [DFSH334009-GREY-37] 2u (599d) | [DFSH334009-GREY-38] 3u (599d) | [DFSH334009-GREY-39] 3u (599d) | [DFSH334009-GREY-40] 2u (599d) | [DFSH334009-GREY-41] 1u (599d) | [DFSH394001-PINK-36] 1u (590d) | [DFSH394001-PINK-37] 2u (590d) | [DFSH394001-PINK-38] 2u (590d) | [DFSH394001-PINK-39] 2u (590d) | [DFSH394001-PINK-40] 1u (590d) | [DFSH394001-PINK-41] 1u (590d) | [DFSH394001-PINK-36] 1u (590d) | [DFSH394001-PINK-37] 2u (590d) | [DFSH394001-PINK-38] 2u (590d) | [DFSH394001-PINK-39] 2u (590d) | [DFSH394001-PINK-40] 1u (590d) | [DFSH394001-PINK-41] 1u (590d) | [DFSH394001-PINK-36] 1u (590d) | [DFSH394001-PINK-37] 2u (590d) | [DFSH394001-PINK-38] 2u (590d) | [DFSH394001-PINK-39] 2u (590d) | [DFSH394001-PINK-40] 1u (590d) | [DFSH394001-PINK-41] 1u (590d) | [DFSH394001-PINK-36] 1u (590d) | [DFSH394001-PINK-37] 2u (590d) | [DFSH394001-PINK-38] 2u (590d) | [DFSH394001-PINK-39] 2u (590d) | [DFSH394001-PINK-40] 1u (590d) | [DFSH394001-PINK-41] 1u (590d) | [DFSH394001-PINK-36] 1u (590d) | [DFSH394001-PINK-37] 2u (590d) | [DFSH394001-PINK-38] 2u (590d) | [DFSH394001-PINK-39] 2u (590d) | [DFSH394001-PINK-40] 1u (590d) | [DFSH394001-PINK-41] 1u (590d) | [DFSH394001-PINK-36] 1u (590d) | [DFSH394001-PINK-37] 2u (590d) | [DFSH394001-PINK-38] 2u (590d) | [DFSH394001-PINK-39] 2u (590d) | [DFSH394001-PINK-40] 1u (590d) | [DFSH394001-PINK-41] 1u (590d)
CLABD/Stock/StorageBD/CLA-072-01-03-01;BLACK;84;0.00;A;521;70;[DFSH369003-BLAC-41] 12u (521d) | [DFSH369003-BLAC-41] 12u (521d) | [DFSH369003-BLAC-39] 12u (521d) | [DFSH369003-BLAC-38] 12u (521d) | [DFSH369003-BLAC-38] 12u (521d) | [DFSH369003-BLAC-38] 12u (521d) | [DFSH369003-BLAC-38] 12u (521d)
CLABD/Stock/StorageBD/CLA-072-01-03-02;BLACK;60;0.00;A;383;50;[DFSH370003-TAN-38] 12u (323d) | [DFSH370005-CAME-36] 12u (383d) | [DFSH370005-CAME-36] 12u (383d) | [DFSH370005-CAME-36] 12u (383d) | [DFSH370005-CAME-36] 12u (383d)
CLABD/Stock/StorageBD/CLA-072-01-03-03;BLACK;48;0.00;A;478;40;[DFSH371006-BEIG-41] 12u (478d) | [DFSH371006-BEIG-41] 12u (445d) | [DFSH370003-TAN-40] 12u (355d) | [DFSH370003-TAN-37] 12u (417d)
CLABD/Stock/StorageBD/CLA-072-02-01-01;BLACK;98;0.00;A+B+C+D;619;90;[DFSH321090-GOLD-38] 10u (144d) | [DFSH361009-GREE-40] 10u (270d) | [DFSH361009-GREE-38] 10u (270d) | [DFSH361009-GREE-37] 10u (270d) | [DFSH361009-GREE-37] 10u (270d) | [DFSH393001-SILV-36] 1u (619d) | [DFSH393001-SILV-37] 2u (619d) | [DFSH393001-SILV-38] 3u (619d) | [DFSH393001-SILV-39] 3u (619d) | [DFSH393001-SILV-40] 2u (619d) | [DFSH393001-SILV-41] 1u (619d) | [DFSH393001-SILV-36] 1u (619d) | [DFSH393001-SILV-37] 2u (619d) | [DFSH393001-SILV-38] 3u (619d) | [DFSH393001-SILV-39] 3u (619d) | [DFSH393001-SILV-40] 2u (619d) | [DFSH393001-SILV-41] 1u (619d) | [DFSH391012-BLAC-36] 1u (128d) | [DFSH391012-BLAC-37] 2u (128d) | [DFSH391012-BLAC-38] 3u (128d) | [DFSH391012-BLAC-39] 3u (128d) | [DFSH391012-BLAC-40] 2u (128d) | [DFSH391012-BLAC-41] 1u (128d) | [DFSH391011-KHAK-36] 1u (128d) | [DFSH391011-KHAK-37] 2u (128d) | [DFSH391011-KHAK-38] 3u (128d) | [DFSH391011-KHAK-39] 3u (128d) | [DFSH391011-KHAK-40] 2u (128d) | [DFSH391011-KHAK-41] 1u (128d)
CLABD/Stock/StorageBD/CLA-072-02-02-02;BLACK;105;0.00;C+A;590;110;[DFSH394001-PINK-36] 1u (590d) | [DFSH394001-PINK-37] 2u (590d) | [DFSH394001-PINK-38] 2u (590d) | [DFSH394001-PINK-39] 2u (590d) | [DFSH394001-PINK-40] 1u (590d) | [DFSH394001-PINK-41] 1u (590d) | [DFSH394001-PINK-36] 1u (590d) | [DFSH394001-PINK-37] 2u (590d) | [DFSH394001-PINK-38] 2u (590d) | [DFSH394001-PINK-39] 2u (590d) | [DFSH394001-PINK-40] 1u (590d) | [DFSH394001-PINK-41] 1u (590d) | [DFSH394001-PINK-36] 1u (590d) | [DFSH394001-PINK-37] 2u (590d) | [DFSH394001-PINK-38] 2u (590d) | [DFSH394001-PINK-39] 2u (590d) | [DFSH394001-PINK-40] 1u (590d) | [DFSH394001-PINK-41] 1u (590d) | [DFSH394001-PINK-36] 1u (590d) | [DFSH394001-PINK-37] 2u (590d) | [DFSH394001-PINK-38] 2u (590d) | [DFSH394001-PINK-39] 2u (590d) | [DFSH394001-PINK-40] 1u (590d) | [DFSH394001-PINK-41] 1u (590d) | [DFSH394001-PINK-36] 1u (590d) | [DFSH394001-PINK-37] 2u (590d) | [DFSH394001-PINK-38] 2u (590d) | [DFSH394001-PINK-39] 2u (590d) | [DFSH394001-PINK-40] 1u (590d) | [DFSH394001-PINK-41] 1u (590d) | [DFSH394001-PINK-36] 1u (590d) | [DFSH394001-PINK-37] 2u (590d) | [DFSH394001-PINK-38] 2u (590d) | [DFSH394001-PINK-39] 2u (590d) | [DFSH394001-PINK-40] 1u (590d) | [DFSH394001-PINK-41] 1u (590d) | [DFSH394001-PINK-36] 1u (590d) | [DFSH394001-PINK-37] 2u (590d) | [DFSH394001-PINK-38] 2u (590d) | [DFSH394001-PINK-39] 2u (590d) | [DFSH394001-PINK-40] 1u (590d) | [DFSH394001-PINK-41] 1u (590d) | [DFSH394001-PINK-36] 1u (590d) | [DFSH394001-PINK-37] 2u (590d) | [DFSH394001-PINK-38] 2u (590d) | [DFSH394001-PINK-39] 2u (590d) | [DFSH394001-PINK-40] 1u (590d) | [DFSH394001-PINK-41] 1u (590d) | [DFSH394001-BEIG-36] 1u (590d) | [DFSH394001-BEIG-37] 2u (590d) | [DFSH394001-BEIG-38] 2u (590d) | [DFSH394001-BEIG-39] 2u (590d) | [DFSH394001-BEIG-40] 1u (590d) | [DFSH394001-BEIG-41] 1u (590d) | [DFSH369003-BLAC-41] 12u (396d) | [DFSH369003-BLAC-38] 12u (396d)
CLABD/Stock/StorageBD/CLA-072-03-01-02;BLACK;175;0.00;B+C+A;619;170;[DFSH361009-GREE-40] 10u (270d) | [DFSH361009-GREE-40] 10u (270d) | [DFSH361009-GREE-40] 10u (270d) | [DFSH361009-GREE-39] 10u (270d) | [DFSH361009-GREE-39] 10u (270d) | [DFSH361009-GREE-39] 10u (270d) | [DFSH361009-GREE-39] 10u (270d) | [DFSH361009-GREE-38] 10u (270d) | [DFSH361009-GREE-38] 10u (270d) | [DFSH361009-GREE-38] 10u (270d) | [DFSH361009-GREE-38] 10u (270d) | [DFSH361009-GREE-37] 10u (270d) | [DFSH361009-GREE-37] 10u (270d) | [DFSH397001-WHIT-41] 1u (619d) | [DFSH397001-WHIT-42] 2u (619d) | [DFSH397001-WHIT-43] 3u (619d) | [DFSH397001-WHIT-44] 2u (619d) | [DFSH397001-WHIT-45] 1u (619d) | [DFSH392001-WHIT-36] 1u (619d) | [DFSH392001-WHIT-37] 2u (619d) | [DFSH392001-WHIT-38] 3u (619d) | [DFSH392001-WHIT-39] 3u (619d) | [DFSH392001-WHIT-40] 2u (619d) | [DFSH392001-WHIT-41] 1u (619d) | [DFSH392001-WHIT-36] 1u (619d) | [DFSH392001-WHIT-37] 2u (619d) | [DFSH392001-WHIT-38] 3u (619d) | [DFSH392001-WHIT-39] 3u (619d) | [DFSH392001-WHIT-40] 2u (619d) | [DFSH392001-WHIT-41] 1u (619d) | [DFSH392001-WHIT-36] 1u (619d) | [DFSH392001-WHIT-37] 2u (619d) | [DFSH392001-WHIT-38] 3u (619d) | [DFSH392001-WHIT-39] 3u (619d) | [DFSH392001-WHIT-40] 2u (619d) | [DFSH392001-WHIT-41] 1u (619d)
CLABD/Stock/StorageBD/CLA-072-03-02-02;BLACK;108;0.00;B+A;522;90;[DFSH321089-GOLD-41] 12u (522d) | [DFSH321089-GOLD-41] 12u (522d) | [DFSH321089-GOLD-40] 12u (522d) | [DFSH321089-GOLD-39] 12u (522d) | [DFSH321089-GOLD-39] 12u (522d) | [DFSH321089-GOLD-38] 12u (522d) | [DFSH321089-GOLD-37] 12u (522d) | [DFSH321089-GOLD-37] 12u (522d) | [DFSH321089-GOLD-36] 12u (522d)
CLABD/Stock/StorageBD/CLA-072-03-02-03;BLACK;104;0.00;A+D;450;90;[DFSH371004-CORA-37] 12u (450d) | [DFSH391012-BLAC-36] 1u (128d) | [DFSH391012-BLAC-37] 2u (128d) | [DFSH391012-BLAC-38] 3u (128d) | [DFSH391012-BLAC-39] 3u (128d) | [DFSH391012-BLAC-40] 2u (128d) | [DFSH391012-BLAC-41] 1u (128d) | [DFSH391012-BLAC-36] 1u (128d) | [DFSH391012-BLAC-37] 2u (128d) | [DFSH391012-BLAC-38] 3u (128d) | [DFSH391012-BLAC-39] 3u (128d) | [DFSH391012-BLAC-40] 2u (128d) | [DFSH391012-BLAC-41] 1u (128d) | [DFSH391012-BEIG-36] 1u (128d) | [DFSH391012-BEIG-37] 2u (128d) | [DFSH391012-BEIG-38] 3u (128d) | [DFSH391012-BEIG-39] 3u (128d) | [DFSH391012-BEIG-40] 2u (128d) | [DFSH391012-BEIG-41] 1u (128d) | [DFSH391012-BEIG-36] 1u (128d) | [DFSH391012-BEIG-37] 2u (128d) | [DFSH391012-BEIG-38] 3u (128d) | [DFSH391012-BEIG-39] 3u (128d) | [DFSH391012-BEIG-40] 2u (128d) | [DFSH391012-BEIG-41] 1u (128d) | [DFSH391012-BEIG-36] 1u (128d) | [DFSH391012-BEIG-37] 2u (128d) | [DFSH391012-BEIG-38] 3u (128d) | [DFSH391012-BEIG-39] 3u (128d) | [DFSH391012-BEIG-40] 2u (128d) | [DFSH391012-BEIG-41] 1u (128d) | [DFSH391012-BEIG-36] 1u (128d) | [DFSH391012-BEIG-37] 2u (128d) | [DFSH391012-BEIG-38] 3u (128d) | [DFSH391012-BEIG-39] 3u (128d) | [DFSH391012-BEIG-40] 2u (128d) | [DFSH391012-BEIG-41] 1u (128d) | [DFSH391010-BLAC-39] 10u (128d) | [DFSH391010-BLAC-38] 10u (128d)
CLABD/Stock/StorageBD/CLA-072-03-03-02;BLACK;66;0.00;A;521;60;[DFSH369003-BLAC-36] 12u (521d) | [DFSH369003-BLAC-38] 12u (521d) | [DFSH369003-BLAC-36] 1u (521d) | [DFSH369003-BLAC-37] 2u (521d) | [DFSH369003-BLAC-38] 2u (521d) | [DFSH369003-BLAC-39] 2u (521d) | [DFSH369003-BLAC-40] 1u (521d) | [DFSH369003-BLAC-41] 1u (521d) | [DFSH369003-BLAC-36] 1u (521d) | [DFSH369003-BLAC-37] 2u (521d) | [DFSH369003-BLAC-38] 2u (521d) | [DFSH369003-BLAC-39] 2u (521d) | [DFSH369003-BLAC-40] 1u (521d) | [DFSH369003-BLAC-41] 1u (521d) | [DFSH369003-BLAC-41] 12u (396d) | [DFSH369003-BLAC-41] 12u (396d)
CLABD/Stock/StorageBD/CLA-072-04-01-01;BLACK;44;0.00;A+B;521;60;[DFSH347003_-BLAC-36] 5u (157d) | [DFSH347003-SILV-40] 1u (157d) | [DFSH347002-KHAK-44] 1u (157d) | [DFSH370003-TAN-39] 4u (157d) | [DFSH371006-BEIG-41] 2u (164d) | [DFSH371006-BEIG-36] 1u (157d) | [DFSH347002-KHAK-43] 2u (157d) | [DFSH347003_-BLAC-36] 3u (157d) | [DFSH347002-KHAK-44] 1u (157d) | [DFSH347002-KHAK-42] 1u (157d) | [DFSH371006-BEIG-38] 1u (157d) | [DFSH371006-BEIG-39] 2u (157d) | [DFSH371006-BEIG-37] 3u (157d) | [DFSH371006-BEIG-36] 1u (157d) | [DFSH371006-BEIG-41] 1u (164d) | [DFSH371004-TAN-37] 2u (164d) | [DFSH371004-TAN-40] 3u (157d) | [DFSH371006-BEIG-36] 1u (157d) | [DFSH369003-BLAC-36] 1u (521d) | [DFSH369003-BLAC-37] 2u (521d) | [DFSH369003-BLAC-38] 2u (521d) | [DFSH369003-BLAC-39] 2u (521d) | [DFSH369003-BLAC-40] 1u (521d) | [DFSH369003-BLAC-41] 1u (521d)
CLABD/Stock/StorageBD/CLA-072-04-01-03;BLACK;36;0.00;B+A;521;50;[DFSH375004-BLAC-37] 2u (157d) | [DFSH375004-BLAC-36] 1u (157d) | [DFSH370004-BLAC-39] 1u (157d) | [DFSH371006-BEIG-41] 1u (164d) | [DFSH371006-BEIG-38] 1u (157d) | [DFSH381001-BLAC-37] 2u (157d) | [DFSH381001-BLAC-36] 1u (157d) | [DFSH381001-BLAC-38] 2u (157d) | [DFSH381001-BLAC-39] 1u (157d) | [DFSH375004-BLAC-37] 1u (157d) | [DFSH371004-TAN-40] 3u (157d) | [DFSH375001-TAN-36] 1u (157d) | [DFSH375004-BLAC-36] 2u (157d) | [DFSH381001-BLAC-36] 1u (157d) | [DFSH381001-BLAC-39] 2u (157d) | [DFSH381001-BLAC-41] 1u (157d) | [DFSH381001-BLAC-37] 2u (157d) | [DFSH381001-BLAC-38] 2u (157d) | [DFSH369003-BLAC-36] 1u (521d) | [DFSH369003-BLAC-37] 2u (521d) | [DFSH369003-BLAC-38] 2u (521d) | [DFSH369003-BLAC-39] 2u (521d) | [DFSH369003-BLAC-40] 1u (521d) | [DFSH369003-BLAC-41] 1u (521d)
CLABD/Stock/StorageBD/CLA-072-04-02-01;BLACK;96;0.00;A;445;80;[DFSH371006-BLAC-40] 12u (445d) | [DFSH371006-BLAC-39] 12u (445d) | [DFSH371006-BLAC-38] 12u (445d) | [DFSH371006-BLAC-39] 12u (428d) | [DFSH371006-BLAC-40] 12u (428d) | [DFSH371006-BLAC-40] 12u (428d) | [DFSH371006-BLAC-40] 12u (428d) | [DFSH371006-BLAC-40] 12u (428d)
CLABD/Stock/StorageBD/CLA-072-04-02-02;BLACK;96;0.00;A;445;80;[DFSH371006-BLAC-38] 12u (445d) | [DFSH371006-BLAC-38] 12u (445d) | [DFSH371006-BLAC-39] 12u (428d) | [DFSH371006-BLAC-40] 12u (428d) | [DFSH371006-BLAC-40] 12u (428d) | [DFSH371006-BLAC-40] 12u (428d) | [DFSH371006-BLAC-40] 12u (428d) | [DFSH371006-BLAC-40] 12u (428d)
CLABD/Stock/StorageBD/CLA-072-04-02-03;BLACK;84;0.00;A;445;70;[DFSH371006-BLAC-39] 12u (445d) | [DFSH371006-BLAC-39] 12u (445d) | [DFSH371006-BLAC-38] 12u (445d) | [DFSH371006-BLAC-38] 12u (445d) | [DFSH371006-BLAC-38] 12u (445d) | [DFSH371006-BLAC-38] 12u (445d) | [DFSH371006-BLAC-39] 12u (428d)
CLABD/Stock/StorageBD/CLA-072-04-03-01;BLACK;48;0.00;A;445;40;[DFSH371006-BLAC-37] 12u (445d) | [DFSH371006-BEIG-38] 12u (429d) | [DFSH371006-BLAC-39] 12u (428d) | [DFSH371006-BLAC-37] 12u (445d)
CLABD/Stock/StorageBD/CLA-072-04-03-03;BLACK;84;0.00;A;445;70;[DFSH371006-BLAC-40] 12u (445d) | [DFSH371006-BLAC-40] 12u (445d) | [DFSH371006-BLAC-40] 12u (445d) | [DFSH371006-BLAC-40] 12u (445d) | [DFSH371006-BLAC-40] 12u (445d) | [DFSH371006-BLAC-39] 12u (428d) | [DFSH371006-BLAC-40] 12u (428d)
CLABD/Stock/StorageBD/CLA-072-05-01-03;BLACK;102;0.00;A;521;110;[DFSH369003-BLAC-36] 1u (521d) | [DFSH369003-BLAC-37] 2u (521d) | [DFSH369003-BLAC-38] 2u (521d) | [DFSH369003-BLAC-39] 2u (521d) | [DFSH369003-BLAC-40] 1u (521d) | [DFSH369003-BLAC-41] 1u (521d) | [DFSH369003-BLAC-36] 1u (521d) | [DFSH369003-BLAC-37] 2u (521d) | [DFSH369003-BLAC-38] 2u (521d) | [DFSH369003-BLAC-39] 2u (521d) | [DFSH369003-BLAC-40] 1u (521d) | [DFSH369003-BLAC-41] 1u (521d) | [DFSH369003-BLAC-36] 1u (521d) | [DFSH369003-BLAC-37] 2u (521d) | [DFSH369003-BLAC-38] 2u (521d) | [DFSH369003-BLAC-39] 2u (521d) | [DFSH369003-BLAC-40] 1u (521d) | [DFSH369003-BLAC-41] 1u (521d) | [DFSH369003-BLAC-36] 1u (521d) | [DFSH369003-BLAC-37] 2u (521d) | [DFSH369003-BLAC-38] 2u (521d) | [DFSH369003-BLAC-39] 2u (521d) | [DFSH369003-BLAC-40] 1u (521d) | [DFSH369003-BLAC-41] 1u (521d) | [DFSH369003-BLAC-36] 1u (521d) | [DFSH369003-BLAC-37] 2u (521d) | [DFSH369003-BLAC-38] 2u (521d) | [DFSH369003-BLAC-39] 2u (521d) | [DFSH369003-BLAC-40] 1u (521d) | [DFSH369003-BLAC-41] 1u (521d) | [DFSH369003-BLAC-36] 1u (521d) | [DFSH369003-BLAC-37] 2u (521d) | [DFSH369003-BLAC-38] 2u (521d) | [DFSH369003-BLAC-39] 2u (521d) | [DFSH369003-BLAC-40] 1u (521d) | [DFSH369003-BLAC-41] 1u (521d) | [DFSH369003-BLAC-36] 1u (521d) | [DFSH369003-BLAC-37] 2u (521d) | [DFSH369003-BLAC-38] 2u (521d) | [DFSH369003-BLAC-39] 2u (521d) | [DFSH369003-BLAC-40] 1u (521d) | [DFSH369003-BLAC-41] 1u (521d) | [DFSH369003-BLAC-36] 1u (521d) | [DFSH369003-BLAC-37] 2u (521d) | [DFSH369003-BLAC-38] 2u (521d) | [DFSH369003-BLAC-39] 2u (521d) | [DFSH369003-BLAC-40] 1u (521d) | [DFSH369003-BLAC-41] 1u (521d) | [DFSH369003-BLAC-36] 1u (521d) | [DFSH369003-BLAC-37] 2u (521d) | [DFSH369003-BLAC-38] 2u (521d) | [DFSH369003-BLAC-39] 2u (521d) | [DFSH369003-BLAC-40] 1u (521d) | [DFSH369003-BLAC-41] 1u (521d) | [DFSH369003-BLAC-36] 1u (521d) | [DFSH369003-BLAC-37] 2u (521d) | [DFSH369003-BLAC-38] 2u (521d) | [DFSH369003-BLAC-39] 2u (521d) | [DFSH369003-BLAC-40] 1u (521d) | [DFSH369003-BLAC-41] 1u (521d) | [DFSH370003-TAN-36] 12u (354d)
CLABD/Stock/StorageBD/CLA-072-05-02-03;BLACK;37;0.00;B+A;632;40;[DFSH375003-TAN-39] 1u (164d) | [DFSH375003-TAN-36] 1u (164d) | [DFSH370012-TAUP-41] 1u (164d) | [DFSH375003-TAN-37] 1u (164d) | [DFSH370012-TAUP-36] 2u (164d) | [DFSH370012-TAUP-37] 1u (164d) | [DFSH370012-TAUP-39] 1u (164d) | [DFSH371006-BEIG-41] 8u (164d) | [DFSH375003-TAN-37] 1u (164d) | [DFSH370004-BLAC-37] 2u (164d) | [DFSH321086-FBLA-36] 1u (522d) | [DFSH321086-FBLA-37] 2u (522d) | [DFSH321086-FBLA-38] 2u (522d) | [DFSH321086-FBLA-39] 2u (522d) | [DFSH321086-FBLA-40] 1u (522d) | [DFSH321086-FBLA-41] 1u (522d) | [DFSH384005-SILV-36] 1u (632d) | [DFSH384005-SILV-37] 2u (632d) | [DFSH384005-SILV-38] 2u (632d) | [DFSH384005-SILV-39] 2u (632d) | [DFSH384005-SILV-40] 1u (632d) | [DFSH384005-SILV-41] 1u (632d)
CLABD/Stock/StorageBD/CLA-072-06-01-02;BLACK;72;0.00;B+A;495;60;[DFSH397002-GOLD-36] 1u (296d) | [DFSH397002-GOLD-37] 2u (296d) | [DFSH397002-GOLD-38] 3u (296d) | [DFSH397002-GOLD-39] 3u (296d) | [DFSH397002-GOLD-40] 2u (296d) | [DFSH397002-GOLD-41] 1u (296d) | [DFSH397002-GOLD-36] 1u (296d) | [DFSH397002-GOLD-37] 2u (296d) | [DFSH397002-GOLD-38] 3u (296d) | [DFSH397002-GOLD-39] 3u (296d) | [DFSH397002-GOLD-40] 2u (296d) | [DFSH397002-GOLD-41] 1u (296d) | [DFSH397002-GOLD-36] 1u (296d) | [DFSH397002-GOLD-37] 2u (296d) | [DFSH397002-GOLD-38] 3u (296d) | [DFSH397002-GOLD-39] 3u (296d) | [DFSH397002-GOLD-40] 2u (296d) | [DFSH397002-GOLD-41] 1u (296d) | [DFSH370011-BLAC-36] 12u (495d) | [DFSH370005-CAME-36] 12u (383d) | [DFSH370003-TAUP-36] 12u (417d)
CLABD/Stock/StorageBD/CLA-072-07-01-01;BLACK;153;0.00;C+A+B+D;619;130;[DFSH392001-SILV-36] 1u (619d) | [DFSH392001-SILV-37] 2u (619d) | [DFSH392001-SILV-38] 3u (619d) | [DFSH392001-SILV-39] 3u (619d) | [DFSH392001-SILV-40] 2u (619d) | [DFSH392001-SILV-41] 1u (619d) | [DFSH392001-SILV-36] 1u (619d) | [DFSH392001-SILV-37] 2u (619d) | [DFSH392001-SILV-38] 3u (619d) | [DFSH392001-SILV-39] 3u (619d) | [DFSH392001-SILV-40] 2u (619d) | [DFSH392001-SILV-41] 1u (619d) | [DFSH392001-SILV-36] 1u (619d) | [DFSH392001-SILV-37] 2u (619d) | [DFSH392001-SILV-38] 3u (619d) | [DFSH392001-SILV-39] 3u (619d) | [DFSH392001-SILV-40] 2u (619d) | [DFSH392001-SILV-41] 1u (619d) | [DFSH392001-WHIT-36] 1u (619d) | [DFSH392001-WHIT-37] 2u (619d) | [DFSH392001-WHIT-38] 3u (619d) | [DFSH392001-WHIT-39] 3u (619d) | [DFSH392001-WHIT-40] 2u (619d) | [DFSH392001-WHIT-41] 1u (619d) | [DFSH392001-WHIT-36] 1u (619d) | [DFSH392001-WHIT-37] 2u (619d) | [DFSH392001-WHIT-38] 3u (619d) | [DFSH392001-WHIT-39] 3u (619d) | [DFSH392001-WHIT-40] 2u (619d) | [DFSH392001-WHIT-41] 1u (619d) | [DFSH392001-WHIT-36] 1u (619d) | [DFSH392001-WHIT-37] 2u (619d) | [DFSH392001-WHIT-38] 3u (619d) | [DFSH392001-WHIT-39] 3u (619d) | [DFSH392001-WHIT-40] 2u (619d) | [DFSH392001-WHIT-41] 1u (619d) | [DFSH392001-BLAC-36] 1u (619d) | [DFSH392001-BLAC-37] 2u (619d) | [DFSH392001-BLAC-38] 3u (619d) | [DFSH392001-BLAC-39] 3u (619d) | [DFSH392001-BLAC-40] 2u (619d) | [DFSH392001-BLAC-41] 1u (619d) | [DFSH392001-BLAC-36] 1u (619d) | [DFSH392001-BLAC-37] 2u (619d) | [DFSH392001-BLAC-38] 3u (619d) | [DFSH392001-BLAC-39] 3u (619d) | [DFSH392001-BLAC-40] 2u (619d) | [DFSH392001-BLAC-41] 1u (619d) | [DFSH392001-BLAC-36] 1u (619d) | [DFSH392001-BLAC-37] 2u (619d) | [DFSH392001-BLAC-38] 3u (619d) | [DFSH392001-BLAC-39] 3u (619d) | [DFSH392001-BLAC-40] 2u (619d) | [DFSH392001-BLAC-41] 1u (619d) | [DFSH392001-BLAC-36] 1u (619d) | [DFSH392001-BLAC-37] 2u (619d) | [DFSH392001-BLAC-38] 3u (619d) | [DFSH392001-BLAC-39] 3u (619d) | [DFSH392001-BLAC-40] 2u (619d) | [DFSH392001-BLAC-41] 1u (619d) | [DFSH369003-BLAC-38] 12u (521d) | [DFSH321086-OFFW-41] 1u (522d) | [DFSH321086-OFFW-42] 2u (522d) | [DFSH321086-OFFW-43] 3u (522d) | [DFSH321086-OFFW-44] 2u (522d) | [DFSH321086-OFFW-45] 1u (522d) | [DFSH370016-BEIG-40] 12u (141d)
CLABD/Stock/StorageBD/CLA-072-07-02-02;BLACK;84;0.00;A;395;70;[DFSH371004-TAN-40] 12u (395d) | [DFSH371004-TAN-40] 12u (395d) | [DFSH371004-TAN-40] 12u (395d) | [DFSH371004-TAN-40] 12u (395d) | [DFSH371004-TAN-36] 12u (395d) | [DFSH371004-TAN-36] 12u (395d) | [DFSH371004-TAN-36] 12u (395d)
CLABD/Stock/StorageBD/CLA-072-07-02-03;BLACK;72;0.00;B+A;522;60;[DFSH321089-GOLD-41] 12u (522d) | [DFSH321089-GOLD-41] 12u (522d) | [DFSH321089-GOLD-39] 12u (522d) | [DFSH321089-GOLD-39] 12u (522d) | [DFSH321089-GOLD-38] 12u (522d) | [DFSH321089-GOLD-38] 12u (522d)
CLABD/Stock/StorageBD/CLA-072-07-03-01;BLACK;135;0.00;A;478;20;[DFSH371006-BLAC-36] 14u (478d) | [DFSH371006-BLAC-37] 28u (478d) | [DFSH371006-BLAC-38] 28u (478d) | [DFSH371006-BLAC-39] 28u (478d) | [DFSH371006-BLAC-40] 14u (478d) | [DFSH371006-BLAC-41] 14u (478d) | [DFSH371006-BLAC-36] 1u (429d) | [DFSH371006-BLAC-37] 2u (429d) | [DFSH371006-BLAC-38] 2u (429d) | [DFSH371006-BLAC-39] 2u (429d) | [DFSH371006-BLAC-40] 1u (429d) | [DFSH371006-BLAC-41] 1u (429d)
CLABD/Stock/StorageBD/CLA-072-08-02-01;BLACK;168;0.00;A;703;160;[DFSH370004-BLAC-38] 9u (703d) | [DFSH370004-BLAC-38] 9u (703d) | [DFSH370004-BLAC-38] 9u (703d) | [DFSH370004-BLAC-38] 9u (703d) | [DFSH370004-BLAC-38] 9u (703d) | [DFSH370004-BLAC-38] 9u (703d) | [DFSH370004-BLAC-38] 9u (703d) | [DFSH370004-BLAC-38] 9u (703d) | [DFSH369003-BLAC-40] 12u (521d) | [DFSH369003-BLAC-40] 12u (521d) | [DFSH369003-BLAC-40] 12u (521d) | [DFSH369003-BLAC-40] 12u (521d) | [DFSH369003-BLAC-39] 12u (521d) | [DFSH369003-BLAC-37] 12u (521d) | [DFSH369003-BLAC-37] 12u (521d) | [DFSH369003-BLAC-36] 12u (521d)
CLABD/Stock/StorageBD/CLA-072-08-02-02;BLACK;108;0.00;B;522;120;[DFSH321090-BLAC-36] 1u (522d) | [DFSH321090-BLAC-37] 2u (522d) | [DFSH321090-BLAC-38] 2u (522d) | [DFSH321090-BLAC-39] 2u (522d) | [DFSH321090-BLAC-40] 1u (522d) | [DFSH321090-BLAC-41] 1u (522d) | [DFSH321090-BLAC-36] 1u (522d) | [DFSH321090-BLAC-37] 2u (522d) | [DFSH321090-BLAC-38] 2u (522d) | [DFSH321090-BLAC-39] 2u (522d) | [DFSH321090-BLAC-40] 1u (522d) | [DFSH321090-BLAC-41] 1u (522d) | [DFSH321090-BLAC-36] 1u (522d) | [DFSH321090-BLAC-37] 2u (522d) | [DFSH321090-BLAC-38] 2u (522d) | [DFSH321090-BLAC-39] 2u (522d) | [DFSH321090-BLAC-40] 1u (522d) | [DFSH321090-BLAC-41] 1u (522d) | [DFSH321090-BLAC-36] 1u (522d) | [DFSH321090-BLAC-37] 2u (522d) | [DFSH321090-BLAC-38] 2u (522d) | [DFSH321090-BLAC-39] 2u (522d) | [DFSH321090-BLAC-40] 1u (522d) | [DFSH321090-BLAC-41] 1u (522d) | [DFSH321090-BLAC-36] 1u (522d) | [DFSH321090-BLAC-37] 2u (522d) | [DFSH321090-BLAC-38] 2u (522d) | [DFSH321090-BLAC-39] 2u (522d) | [DFSH321090-BLAC-40] 1u (522d) | [DFSH321090-BLAC-41] 1u (522d) | [DFSH321090-BLAC-36] 1u (522d) | [DFSH321090-BLAC-37] 2u (522d) | [DFSH321090-BLAC-38] 2u (522d) | [DFSH321090-BLAC-39] 2u (522d) | [DFSH321090-BLAC-40] 1u (522d) | [DFSH321090-BLAC-41] 1u (522d) | [DFSH321090-BLAC-36] 1u (522d) | [DFSH321090-BLAC-37] 2u (522d) | [DFSH321090-BLAC-38] 2u (522d) | [DFSH321090-BLAC-39] 2u (522d) | [DFSH321090-BLAC-40] 1u (522d) | [DFSH321090-BLAC-41] 1u (522d) | [DFSH321090-BLAC-36] 1u (522d) | [DFSH321090-BLAC-37] 2u (522d) | [DFSH321090-BLAC-38] 2u (522d) | [DFSH321090-BLAC-39] 2u (522d) | [DFSH321090-BLAC-40] 1u (522d) | [DFSH321090-BLAC-41] 1u (522d) | [DFSH321090-BLAC-36] 1u (522d) | [DFSH321090-BLAC-37] 2u (522d) | [DFSH321090-BLAC-38] 2u (522d) | [DFSH321090-BLAC-39] 2u (522d) | [DFSH321090-BLAC-40] 1u (522d) | [DFSH321090-BLAC-41] 1u (522d) | [DFSH321090-BLAC-36] 1u (522d) | [DFSH321090-BLAC-37] 2u (522d) | [DFSH321090-BLAC-38] 2u (522d) | [DFSH321090-BLAC-39] 2u (522d) | [DFSH321090-BLAC-40] 1u (522d) | [DFSH321090-BLAC-41] 1u (522d) | [DFSH321090-BLAC-36] 1u (522d) | [DFSH321090-BLAC-37] 2u (522d) | [DFSH321090-BLAC-38] 2u (522d) | [DFSH321090-BLAC-39] 2u (522d) | [DFSH321090-BLAC-40] 1u (522d) | [DFSH321090-BLAC-41] 1u (522d) | [DFSH321090-BLAC-36] 1u (522d) | [DFSH321090-BLAC-37] 2u (522d) | [DFSH321090-BLAC-38] 2u (522d) | [DFSH321090-BLAC-39] 2u (522d) | [DFSH321090-BLAC-40] 1u (522d) | [DFSH321090-BLAC-41] 1u (522d)
CLABD/Stock/StorageBD/CLA-072-08-03-01;BLACK;72;0.00;A;521;60;[DFSH369003-BLAC-41] 12u (521d) | [DFSH369003-BLAC-41] 12u (521d) | [DFSH369003-BLAC-39] 12u (521d) | [DFSH369003-BLAC-39] 12u (521d) | [DFSH369003-BLAC-39] 12u (521d) | [DFSH369003-BLAC-39] 12u (521d)
CLABD/Stock/StorageBD/CLA-072-09-01-03;BLACK;75;0.00;A;445;80;[DFSH370004-BLAC-38] 9u (396d) | [DFSH370004-BLAC-38] 9u (396d) | [DFSH370004-BLAC-38] 9u (396d) | [DFSH370004-BLAC-38] 9u (396d) | [DFSH370004-BLAC-38] 9u (396d) | [DFSH370004-BLAC-38] 9u (396d) | [DFSH370004-BLAC-38] 9u (396d) | [DFSH371010-BEIG-38] 12u (445d)
CLABD/Stock/StorageBD/CLA-072-09-02-02;BLACK;108;0.00;B;725;90;[NVK33409-0010-40] 12u (725d) | [NVK33409-0010-39] 12u (725d) | [NVK33409-0010-38] 12u (725d) | [NVK33409-0010-37] 12u (725d) | [NVK33409-0009-39] 12u (725d) | [NVK33409-0009-38] 12u (725d) | [NVK33409-0009-37] 12u (725d) | [NVK33409-0009-39] 12u (725d) | [NVK33409-0010-39] 12u (725d)
CLABD/Stock/StorageBD/CLA-072-09-02-03;BLACK;96;0.00;A;521;80;[DFSH369003-BLAC-37] 12u (521d) | [DFSH369003-BLAC-37] 12u (521d) | [DFSH369003-BLAC-37] 12u (521d) | [DFSH369003-BLAC-37] 12u (521d) | [DFSH369003-BLAC-37] 12u (521d) | [DFSH369003-BLAC-37] 12u (521d) | [DFSH369003-BLAC-37] 12u (521d) | [DFSH369003-BLAC-36] 12u (521d)
CLABD/Stock/StorageBD/CLA-072-10-01-01;BLACK;108;0.00;A+B;521;90;[DFSH369003-BLAC-41] 12u (521d) | [DFSH369003-BLAC-41] 12u (521d) | [DFSH369003-BLAC-41] 12u (521d) | [DFSH369003-BLAC-40] 12u (521d) | [DFSH369003-BLAC-40] 12u (521d) | [DFSH369003-BLAC-39] 12u (521d) | [DFSH369003-BLAC-37] 12u (521d) | [DFSH389017-GOLD-37] 12u (520d) | [DFSH389017-GOLD-37] 12u (520d)
CLABD/Stock/StorageBD/CLA-072-10-01-02;BLACK;36;0.00;A+B;520;30;[DFSH370004-BLAC-36] 1u (211d) | [DFSH370004-BLAC-37] 2u (211d) | [DFSH370004-BLAC-38] 3u (211d) | [DFSH370004-BLAC-39] 3u (211d) | [DFSH370004-BLAC-40] 2u (211d) | [DFSH370004-BLAC-41] 1u (211d) | [DFSH389017-GOLD-37] 12u (520d) | [DFSH389017-GOLD-37] 12u (520d)
CLABD/Stock/StorageBD/CLA-072-10-02-01;BLACK;84;0.00;A;521;70;[DFSH370004-BLAC-41] 12u (521d) | [DFSH370004-BLAC-37] 12u (521d) | [DFSH370004-BLAC-38] 12u (521d) | [DFSH370004-BLAC-38] 12u (521d) | [DFSH370004-BLAC-38] 12u (521d) | [DFSH370004-BLAC-38] 12u (521d) | [DFSH370004-BLAC-37] 12u (521d)
CLABD/Stock/StorageBD/CLA-072-10-02-02;BLACK;84;0.00;A;521;70;[DFSH370004-BLAC-39] 12u (521d) | [DFSH370004-BLAC-39] 12u (521d) | [DFSH370004-BLAC-39] 12u (521d) | [DFSH370004-BLAC-38] 12u (521d) | [DFSH370004-BLAC-37] 12u (521d) | [DFSH370004-BLAC-36] 12u (521d) | [DFSH370004-BLAC-36] 12u (521d)
CLABD/Stock/StorageBD/CLA-072-10-03-02;BLACK;96;0.00;A;521;80;[DFSH369003-BLAC-40] 12u (521d) | [DFSH369003-BLAC-40] 12u (521d) | [DFSH369003-BLAC-40] 12u (521d) | [DFSH369003-BLAC-40] 12u (521d) | [DFSH369003-BLAC-40] 12u (521d) | [DFSH369003-BLAC-37] 12u (521d) | [DFSH369003-BLAC-37] 12u (521d) | [DFSH369003-BLAC-37] 12u (521d)
CLABD/Stock/StorageBD/CLA-072-12-01-01;BLACK;39;0.00;C+A+B;619;40;[DFSH393001-WHIT-36] 1u (619d) | [DFSH393001-WHIT-37] 2u (619d) | [DFSH393001-WHIT-38] 3u (619d) | [DFSH393001-WHIT-39] 3u (619d) | [DFSH393001-WHIT-40] 2u (619d) | [DFSH393001-WHIT-41] 1u (619d) | [DFSH371008-BLAC-36] 1u (432d) | [DFSH371008-BLAC-37] 2u (432d) | [DFSH371008-BLAC-38] 2u (432d) | [DFSH371008-BLAC-39] 2u (432d) | [DFSH371008-BLAC-40] 1u (432d) | [DFSH371008-BLAC-41] 1u (432d) | [DFSH371008-BLAC-36] 1u (432d) | [DFSH371008-BLAC-37] 2u (432d) | [DFSH371008-BLAC-38] 2u (432d) | [DFSH371008-BLAC-39] 2u (432d) | [DFSH371008-BLAC-40] 1u (432d) | [DFSH371008-BLAC-41] 1u (432d) | [DFSH371010-BEIG-36] 1u (492d) | [DFSH371010-BEIG-37] 2u (492d) | [DFSH371010-BEIG-38] 2u (492d) | [DFSH371010-BEIG-39] 2u (492d) | [DFSH371010-BEIG-40] 1u (492d) | [DFSH371010-BEIG-41] 1u (492d)
CLAGD/Stock/StorageGD/CLA-072-13-01-01;GOLD;100;0.00;A+B;437;100;[COSH542021-NAVY-27] 10u (431d) | [COSH542021-NAVY-26] 10u (431d) | [COSH542021-NAVY-26] 10u (431d) | [COSH542021-NAVY-25] 10u (431d) | [COSH542021-NAVY-25] 10u (431d) | [COSH542021-NAVY-23] 10u (431d) | [COSH542021-TAUP-25] 10u (431d) | [COSH542021-TAUP-24] 10u (431d) | [COSH542021-TAUP-22] 10u (431d) | [COSH542021-TAN-26] 10u (437d)
CLAGD/Stock/StorageGD/CLA-072-13-02-02;GOLD;76;0.00;A+B;450;110;[COSH542020-TAUP-31] 16u (432d) | [COSH542020-TAUP-27] 1u (432d) | [COSH542020-TAUP-30] 1u (432d) | [COSH542020-BLAC-32] 6u (450d) | [COSH542020-TAN-35] 2u (432d) | [COSH542020-TAN-33] 1u (298d) | [COSH542020-TAN-24] 2u (432d) | [COSH542020-BLAC-33] 2u (450d) | [COSH542020-BLAC-35] 2u (317d) | [COSH542020-BLAC-36] 1u (432d) | [COSH542020-TAUP-34] 4u (432d) | [COSH542020-TAUP-34] 3u (432d) | [COSH542020-TAUP-33] 1u (432d) | [COSH542020-TAUP-28] 2u (432d) | [COSH542020-TAUP-24] 4u (432d) | [COSH542020-TAUP-23] 1u (432d) | [COSH542020-TAUP-31] 4u (432d) | [COSH542020-TAUP-27] 3u (432d) | [COSH542020-TAUP-27] 2u (432d) | [COSH542020-TAUP-31] 3u (432d) | [COSH542020-TAUP-28] 1u (432d) | [COSH542020-TAUP-29] 1u (303d) | [COSH542020-TAUP-35] 3u (432d) | [COSH542020-TAUP-36] 2u (341d) | [COSH542020-TAUP-33] 1u (432d) | [COSH542020-TAN-28] 2u (311d) | [COSH542020-TAN-29] 3u (432d) | [COSH542020-TAN-22] 1u (432d) | [COSH542020-TAN-30] 1u (432d)
CLAGD/Stock/StorageGD/CLA-072-14-01-02;GOLD;200;0.00;A;437;200;[COSH542021-NAVY-26] 10u (431d) | [COSH542021-NAVY-25] 10u (431d) | [COSH542021-TAN-26] 10u (437d) | [COSH542021-TAN-25] 10u (437d) | [COSH542021-TAN-25] 10u (437d) | [COSH542021-TAN-25] 10u (437d) | [COSH542021-TAN-25] 10u (437d) | [COSH542021-TAN-25] 10u (437d) | [COSH542021-TAN-24] 10u (437d) | [COSH542021-TAN-24] 10u (437d) | [COSH542021-TAN-24] 10u (437d) | [COSH542021-TAN-23] 10u (437d) | [COSH542021-TAN-23] 10u (437d) | [COSH542021-TAN-22] 10u (437d) | [COSH542021-TAUP-27] 10u (431d) | [COSH542021-TAUP-27] 10u (431d) | [COSH542021-TAUP-25] 10u (431d) | [COSH542021-TAUP-24] 10u (431d) | [COSH542021-TAUP-23] 10u (431d) | [COSH542021-TAUP-23] 10u (431d)
CLAGD/Stock/StorageGD/CLA-072-14-02-02;GOLD;73;0.00;C+B;586;70;[MV232305-0037-40] 1u (372d) | [MV232305-0037-38] 3u (372d) | [MV232305-0037-37] 4u (372d) | [MV232305-0037-39] 2u (372d) | [MV232305-0037-36] 1u (372d) | [KV226817-0040-37] 2u (586d) | [KV226817-0040-38] 4u (586d) | [KV226817-0040-39] 3u (586d) | [MV232304-0037-37] 2u (373d) | [MV232304-0037-38] 2u (373d) | [MV232304-0037-40] 1u (373d) | [MV232304-0037-39] 2u (373d) | [MV232304-0037-41] 1u (373d) | [MV232304-0037-36] 1u (373d) | [MV232304-0037-36] 1u (374d) | [MV232304-0037-37] 2u (374d) | [MV232304-0037-39] 2u (374d) | [MV232304-0037-41] 1u (374d) | [MV232304-0037-38] 2u (374d) | [MV232304-0037-40] 1u (374d) | [BJSH328029-BLAC-33] 1u (430d) | [BJSH328029-BLAC-34] 2u (430d) | [BJSH328029-BLAC-35] 1u (430d) | [BJSH328029-BLAC-36] 2u (430d) | [BJSH328029-BLAC-37] 2u (430d) | [BJSH328029-BLAC-38] 1u (430d) | [BJSH328029-BLAC-39] 1u (430d) | [BJSH328029-BLAC-40] 1u (430d) | [BWSH356001-FUCH-36] 1u (579d) | [BWSH356001-FUCH-37] 2u (579d) | [BWSH356001-FUCH-38] 3u (579d) | [BWSH356001-FUCH-39] 3u (579d) | [BWSH356001-FUCH-40] 2u (579d) | [BWSH356001-FUCH-41] 1u (579d) | [BJSH328029-MULT-33] 1u (404d) | [BJSH328029-MULT-34] 2u (404d) | [BJSH328029-MULT-35] 2u (404d) | [BJSH328029-MULT-36] 2u (404d) | [BJSH328029-MULT-37] 2u (404d) | [BJSH328029-MULT-38] 1u (404d) | [BJSH328029-MULT-39] 1u (404d) | [BJSH328029-MULT-40] 1u (404d)
CLAGD/Stock/StorageGD/CLA-072-14-02-03;GOLD;60;0.00;B;383;60;[BJSH543001-BLAC-34] 10u (383d) | [BJSH543001-BLAC-34] 10u (383d) | [BJSH543001-BLAC-34] 10u (383d) | [BJSH543001-BLAC-34] 10u (383d) | [BJSH543001-BLAC-34] 10u (383d) | [BJSH543001-BLAC-34] 10u (383d)
CLAGD/Stock/StorageGD/CLA-072-14-03-01;GOLD;60;0.00;A;437;60;[COSH542020-NAVY-32] 10u (323d) | [COSH542021-TAN-26] 10u (437d) | [COSH542021-TAN-23] 10u (437d) | [COSH542021-TAN-23] 10u (437d) | [COSH542021-TAN-23] 10u (416d) | [COSH542021-TAN-22] 10u (437d)
CLAGD/Stock/StorageGD/CLA-072-15-01-03;GOLD;124;0.00;D+B+C+A;585;120;[MV231601-0020-36] 2u (579d) | [MV231601-0020-37] 3u (579d) | [MV231601-0020-38] 2u (579d) | [MV231601-0020-39] 1u (579d) | [MV231601-0020-40] 1u (579d) | [MV231601-0020-36] 2u (579d) | [MV231601-0020-37] 3u (579d) | [MV231601-0020-38] 2u (579d) | [MV231601-0020-39] 1u (579d) | [MV231601-0020-40] 1u (579d) | [MV231601-0020-36] 2u (579d) | [MV231601-0020-37] 3u (579d) | [MV231601-0020-38] 2u (579d) | [MV231601-0020-39] 1u (579d) | [MV231601-0020-40] 1u (579d) | [MV231601-0020-36] 2u (579d) | [MV231601-0020-37] 3u (579d) | [MV231601-0020-38] 2u (579d) | [MV231601-0020-39] 1u (579d) | [MV231601-0020-40] 1u (579d) | [MV231601-0020-36] 2u (579d) | [MV231601-0020-37] 3u (579d) | [MV231601-0020-38] 2u (579d) | [MV231601-0020-39] 1u (579d) | [MV231601-0020-40] 1u (579d) | [MV230026-0371-38] 7u (340d) | [MV230026-0371-37] 8u (340d) | [MV230026-0371-40] 2u (340d) | [MV230026-0371-41] 1u (340d) | [COSH542021-TAUP-27] 10u (431d) | [COSH282101-WHIT-33] 10u (361d) | [COSH282101-WHIT-33] 10u (361d) | [COSH282101-WHIT-31] 10u (361d) | [COSH282101-WHIT-29] 10u (361d) | [MV231601-0001-37] 1u (585d) | [MV231601-0020-38] 2u (585d) | [MV231605-0020-37] 1u (585d) | [IIK10141-0020-37] 1u (368d) | [HIK10104-0481-36] 1u (368d) | [HIK10104-0399-39] 1u (368d) | [HIK10104-0399-41] 1u (368d) | [LI558635-0160-36] 2u (368d) | [LI558636-0054-37] 1u (368d)
CLAGD/Stock/StorageGD/CLA-072-15-02-02;GOLD;70;0.00;A+B;450;70;[COSH542021-TAUP-26] 10u (431d) | [COSH542020-BLAC-36] 10u (450d) | [COSH542020-BLAC-35] 10u (450d) | [COSH542020-BLAC-34] 10u (450d) | [COSH542020-BLAC-34] 10u (450d) | [COSH542020-BLAC-33] 10u (450d) | [COSH542020-BLAC-33] 10u (450d)
CLAGD/Stock/StorageGD/CLA-072-15-03-01;GOLD;80;0.00;B+C+A;725;80;[BJSH542021-TAN-22] 10u (725d) | [BJSH542021-TAN-22] 10u (725d) | [BJSH542021-TAN-22] 10u (725d) | [MV232304-0037-39] 10u (725d) | [MV232304-0037-39] 10u (725d) | [MV232304-0037-38] 10u (725d) | [MV232304-0037-37] 10u (725d) | [MI219001-0020-37] 10u (725d)
CLAGD/Stock/StorageGD/CLA-072-15-03-02;GOLD;158;0.00;A+B+C;725;150;[COSH283092-MULT-32] 10u (513d) | [COSH283092-MULT-31] 10u (513d) | [COSH283092-MULT-30] 10u (513d) | [COSH283092-MULT-28] 10u (513d) | [COSH283092-MULT-27] 10u (513d) | [COSH283092-MULT-27] 10u (513d) | [COSH283092-MULT-26] 10u (513d) | [COSH542021-TAN-27] 10u (442d) | [COSH542021-TAN-27] 10u (367d) | [COSH542021-TAUP-26] 10u (416d) | [COSH542021-TAUP-26] 10u (416d) | [COSH116001-BEIG-30] 12u (571d) | [COSH116001-BEIG-29] 12u (571d) | [COSH249005-PINK-36] 12u (725d) | [COSH249005-GREY-35] 12u (725d)
CLAGD/Stock/StorageGD/CLA-072-16-01-03;GOLD;75;0.00;C+B+D+A;508;70;[MV232308-0037-40] 10u (30d) | [MV232301-0020-39] 5u (30d) | [MV232301-0020-40] 5u (30d) | [BJSH527060-OFFW-37] 2u (30d) | [BJSH527060-OFFW-35] 2u (30d) | [BJSH527060-OFFW-36] 2u (30d) | [BJSH527060-OFFW-38] 1u (30d) | [BJSH527060-OFFW-34] 1u (30d) | [BJSH527060-OFFW-33] 1u (30d) | [BJSH527060-OFFW-32] 1u (30d) | [BJSH527060-OFFW-40] 1u (30d) | [BJSH527060-OFFW-39] 1u (30d) | [MV232304-0020-37] 10u (30d) | [TESH516004-PINK-20] 2u (30d) | [TESH516004-PINK-21] 2u (30d) | [TESH516004-PINK-22] 2u (30d) | [TESH516004-PINK-25] 2u (30d) | [TESH516004-PINK-24] 2u (30d) | [TESH516004-PINK-23] 2u (30d) | [BWSH362002-BLAC-36] 1u (508d) | [BWSH362002-BLAC-37] 2u (508d) | [BWSH362002-BLAC-38] 2u (508d) | [BWSH362002-BLAC-39] 2u (508d) | [BWSH362002-BLAC-40] 1u (508d) | [BWSH362002-BLAC-41] 1u (508d) | [BJSH362003-SILV-34] 1u (508d) | [BJSH362003-SILV-35] 2u (508d) | [BJSH362003-SILV-36] 2u (508d) | [BJSH362003-SILV-37] 2u (508d) | [BJSH362003-SILV-38] 2u (508d) | [BJSH362003-SILV-39] 2u (508d) | [BJSH362003-SILV-40] 1u (508d)
CLAGD/Stock/StorageGD/CLA-072-16-03-03;GOLD;100;0.00;C;725;100;[MV232301-0020-40] 5u (725d) | [MV232301-0020-41] 5u (725d) | [MV232301-0020-39] 10u (725d) | [MV232301-0020-39] 10u (725d) | [MV232301-0020-38] 10u (725d) | [MV232301-0020-38] 10u (725d) | [MV232301-0020-38] 10u (725d) | [MV232301-0020-37] 5u (725d) | [MV232301-0020-38] 5u (725d) | [MV232301-0020-37] 10u (725d) | [MV232301-0020-37] 10u (725d) | [MV232301-0020-36] 5u (725d) | [MV232301-0020-37] 5u (725d)
CLAGD/Stock/StorageGD/CLA-072-17-01-01;GOLD;132;0.00;B+D+A;579;130;[BJSH387004-MULT-32] 1u (327d) | [BJSH387004-MULT-33] 1u (327d) | [BJSH387004-MULT-34] 1u (327d) | [BJSH387004-MULT-35] 1u (327d) | [BJSH387004-MULT-36] 2u (327d) | [BJSH387004-MULT-37] 2u (327d) | [BJSH387004-MULT-38] 1u (327d) | [BJSH387004-MULT-39] 1u (327d) | [BJSH387004-MULT-40] 1u (327d) | [COSH200001-NAVY-36] 12u (520d) | [COSH200001-NAVY-31] 12u (520d) | [BJSH543001-TAUP-40] 10u (397d) | [BJSH542090-BLAC-39] 10u (299d) | [COSH283092-MULT-33] 10u (513d) | [COSH283092-MULT-33] 10u (513d) | [COSH283092-MULT-27] 10u (513d) | [COSH542020-TAN-23] 10u (299d) | [COSH283094-GOLD-24] 10u (298d) | [KI229004-0022-36] 1u (579d) | [KI229004-0022-37] 2u (579d) | [KI229004-0022-38] 2u (579d) | [KI229004-0022-39] 2u (579d) | [KI229004-0022-40] 1u (579d) | [KI229004-0022-41] 1u (579d) | [KI229004-0022-36] 1u (579d) | [KI229004-0022-37] 2u (579d) | [KI229004-0022-38] 2u (579d) | [KI229004-0022-39] 2u (579d) | [KI229004-0022-40] 1u (579d) | [KI229004-0022-41] 1u (579d) | [KI229004-0022-36] 1u (579d) | [KI229004-0022-37] 2u (579d) | [KI229004-0022-38] 2u (579d) | [KI229004-0022-39] 2u (579d) | [KI229004-0022-40] 1u (579d) | [KI229004-0022-41] 1u (579d)
CLAGD/Stock/StorageGD/CLA-072-17-01-03;GOLD;64;0.00;B+C+A;690;60;[BJSH542020-TAN-26] 10u (690d) | [BJSH543001-BLAC-33] 10u (690d) | [BJSH543001-TAN-33] 10u (397d) | [BJSH373001-GOLD-32] 1u (430d) | [BJSH373001-GOLD-33] 1u (430d) | [BJSH373001-GOLD-34] 1u (430d) | [BJSH373001-GOLD-35] 2u (430d) | [BJSH373001-GOLD-36] 2u (430d) | [BJSH373001-GOLD-37] 2u (430d) | [BJSH373001-GOLD-38] 1u (430d) | [BJSH373001-GOLD-39] 1u (430d) | [BJSH373001-GOLD-40] 1u (430d) | [BJSH373001-GOLD-32] 1u (415d) | [BJSH373001-GOLD-33] 1u (415d) | [BJSH373001-GOLD-34] 1u (415d) | [BJSH373001-GOLD-35] 2u (415d) | [BJSH373001-GOLD-36] 2u (415d) | [BJSH373001-GOLD-37] 2u (415d) | [BJSH373001-GOLD-38] 1u (415d) | [BJSH373001-GOLD-39] 1u (415d) | [BJSH373001-GOLD-40] 1u (415d) | [COSH283005-WHIT-27] 10u (522d)
CLAGD/Stock/StorageGD/CLA-072-17-02-02;GOLD;66;0.00;B+D+C;620;60;[BJSH543001-TAUP-40] 10u (397d) | [COSH200001-NAVY-33] 1u (313d) | [COSH200001-NAVY-27] 2u (313d) | [COSH200001-NAVY-31] 2u (313d) | [COSH200001-NAVY-28] 2u (313d) | [COSH200001-NAVY-25] 1u (313d) | [COSH200001-NAVY-30] 2u (313d) | [BWSH328025-ZEBR-38] 2u (304d) | [BWSH328029-BLAC-38] 1u (310d) | [BWSH328025-ZEBR-41] 1u (304d) | [COSH200001-NAVY-29] 1u (310d) | [COSH200001-NAVY-35] 1u (313d) | [COSH200001-NAVY-26] 1u (310d) | [COSH200001-NAVY-36] 2u (313d) | [MV231601-0020-36] 1u (394d) | [MV231601-0020-40] 2u (394d) | [COSH283005-WHIT-32] 10u (522d) | [BJSH355001-OFFW-35] 12u (620d) | [BJSH355001-BLAC-35] 12u (620d)
CLAGD/Stock/StorageGD/CLA-072-17-02-03;GOLD;100;0.00;A;432;100;[COSH542020-TAUP-33] 10u (432d) | [COSH542020-TAUP-33] 10u (432d) | [COSH542020-TAUP-33] 10u (432d) | [COSH542020-TAUP-33] 10u (432d) | [COSH542020-TAUP-33] 10u (432d) | [COSH542020-TAUP-33] 10u (432d) | [COSH542020-TAUP-33] 10u (432d) | [COSH542020-TAUP-33] 10u (432d) | [COSH542020-TAUP-33] 10u (432d) | [COSH542020-TAUP-33] 10u (432d)
CLAGD/Stock/StorageGD/CLA-072-17-03-01;GOLD;162;0.00;A+B+D;579;160;[COSH542020-TAUP-32] 10u (432d) | [COSH542020-TAUP-32] 10u (432d) | [COSH542020-TAUP-32] 10u (432d) | [COSH542020-TAUP-31] 10u (432d) | [COSH542020-TAUP-31] 10u (432d) | [COSH542020-TAUP-31] 10u (432d) | [COSH542020-TAUP-30] 10u (432d) | [COSH542020-TAUP-30] 10u (432d) | [COSH542020-TAUP-30] 10u (432d) | [COSH542020-TAUP-28] 10u (432d) | [COSH542020-TAUP-28] 10u (432d) | [COSH542020-TAUP-28] 10u (432d) | [COSH542020-TAUP-28] 10u (432d) | [COSH542020-TAUP-28] 10u (432d) | [COSH542020-TAUP-28] 10u (432d) | [HI222003-0399-36] 1u (579d) | [HI222003-0399-37] 2u (579d) | [HI222003-0399-38] 3u (579d) | [HI222003-0399-39] 3u (579d) | [HI222003-0399-40] 2u (579d) | [HI222003-0399-41] 1u (579d)
CLAGD/Stock/StorageGD/CLA-072-17-03-03;GOLD;115;0.00;B+C;725;110;[BJSH542020-TAUP-27] 10u (725d) | [BJSH542020-TAUP-26] 10u (725d) | [BJSH542021-NAVY-25] 10u (708d) | [BJSH542021-TAUP-23] 10u (708d) | [BJSH542021-TAUP-22] 9u (708d) | [BJSH542021-TAUP-22] 10u (708d) | [BJSH534002-FUCH-38] 10u (605d) | [BJSH534002-FUCH-36] 10u (605d) | [BJSH355001-OFFW-35] 12u (620d) | [BJSH355001-BLAC-36] 12u (620d) | [BJSH355001-BLAC-34] 12u (620d)
CLAGD/Stock/StorageGD/CLA-072-18-01-01;GOLD;92;0.00;A+B+C;722;90;[BJSH542083-BLAC-37] 10u (493d) | [BJSH542083-BLAC-36] 10u (493d) | [BJSH542020-TAUP-34] 10u (397d) | [BJSH542020-TAUP-34] 10u (397d) | [BJSH355001-OFFW-37] 12u (620d) | [BJSH542020-TAN-35] 10u (722d) | [BJSH542020-TAN-34] 10u (722d) | [BJSH542020-TAN-34] 10u (722d) | [BJSH542020-TAN-34] 10u (722d)
CLAGD/Stock/StorageGD/CLA-072-18-01-03;GOLD;140;0.00;A;432;140;[COSH542020-TAUP-32] 10u (432d) | [COSH542020-TAUP-32] 10u (432d) | [COSH542020-TAUP-32] 10u (432d) | [COSH542020-TAUP-32] 10u (432d) | [COSH542020-TAUP-32] 10u (432d) | [COSH542020-TAUP-32] 10u (432d) | [COSH542020-TAUP-32] 10u (432d) | [COSH542020-TAUP-32] 10u (432d) | [COSH542020-TAUP-32] 10u (432d) | [COSH542020-TAUP-32] 10u (432d) | [COSH542020-TAUP-32] 10u (432d) | [COSH542020-TAUP-32] 10u (432d) | [COSH542020-TAUP-32] 10u (432d) | [COSH542020-TAUP-32] 10u (432d)
CLAGD/Stock/StorageGD/CLA-072-18-02-01;GOLD;70;0.00;B;382;70;[BJSH542090-BLAC-36] 10u (382d) | [BJSH542090-BLAC-36] 10u (382d) | [BJSH542090-BLAC-35] 10u (382d) | [BJSH542090-BLAC-35] 10u (382d) | [BJSH542090-BLAC-34] 10u (382d) | [BJSH542090-BLAC-34] 10u (382d) | [BJSH542090-BLAC-33] 10u (382d)
CLAGD/Stock/StorageGD/CLA-072-18-02-03;GOLD;60;0.00;A+B;432;60;[COSH542020-TAUP-36] 10u (432d) | [COSH542020-TAUP-36] 10u (432d) | [COSH542020-TAUP-33] 10u (432d) | [COSH542020-TAUP-33] 10u (432d) | [COSH542020-TAUP-32] 10u (432d) | [COSH542020-BLAC-34] 10u (432d)
CLAGD/Stock/StorageGD/CLA-072-19-01-01;GOLD;78;0.00;A+B;579;80;[COSH542020-TAUP-36] 10u (432d) | [COSH542020-TAUP-35] 10u (432d) | [COSH542020-TAUP-35] 10u (432d) | [COSH542020-TAUP-35] 10u (432d) | [COSH542020-TAUP-35] 10u (432d) | [COSH542020-TAUP-33] 10u (432d) | [KI229004-0022-36] 1u (579d) | [KI229004-0022-37] 2u (579d) | [KI229004-0022-38] 2u (579d) | [KI229004-0022-39] 2u (579d) | [KI229004-0022-40] 1u (579d) | [KI229004-0022-41] 1u (579d) | [KI229004-0022-36] 1u (579d) | [KI229004-0022-37] 2u (579d) | [KI229004-0022-38] 2u (579d) | [KI229004-0022-39] 2u (579d) | [KI229004-0022-40] 1u (579d) | [KI229004-0022-41] 1u (579d)
CLAGD/Stock/StorageGD/CLA-072-19-01-03;GOLD;132;0.00;D+C+A+B;1073;130;[MV231601-0020-41] 2u (1073d) | [MV231601-0020-36] 1u (1073d) | [MV231601-0020-38] 1u (1073d) | [MV231601-0020-37] 2u (1073d) | [MV231611-0020-38] 5u (725d) | [MV231601-0020-40] 1u (1073d) | [BJSH542083-TAN-38] 2u (142d) | [BJSH542020-TAN-41] 1u (142d) | [BJSH542083-TAUP-37] 1u (142d) | [BJSH543008-BLAC-38] 1u (142d) | [BJSH542086-PEWT-41] 1u (142d) | [BJSH542083-TAN-37] 1u (142d) | [COSH283092-MULT-32] 10u (513d) | [COSH283092-MULT-36] 10u (513d) | [COSH283092-MULT-33] 10u (513d) | [COSH283092-MULT-25] 10u (513d) | [COSH283092-MULT-25] 10u (513d) | [COSH283092-MULT-25] 10u (513d) | [BJSH377003-WHIT-37] 2u (227d) | [BJSH377003-WHIT-38] 3u (227d) | [BJSH377003-WHIT-40] 1u (227d) | [BJSH377003-WHIT-32] 1u (227d) | [BJSH377003-WHIT-33] 1u (227d) | [BJSH377003-WHIT-35] 2u (227d) | [BJSH377003-WHIT-36] 2u (227d) | [COSH542021-TAUP-26] 10u (416d) | [COSH542083-TAUP-31] 10u (185d) | [MV231601-0020-36] 1u (1073d) | [MV231601-0020-40] 3u (1073d) | [MV231601-0020-39] 2u (1073d) | [MV231601-0020-41] 2u (1073d) | [MV231611-0020-38] 1u (725d) | [MV231601-0020-37] 2u (1073d) | [BJSH542021-TAN-24] 10u (701d)
CLAGD/Stock/StorageGD/CLA-072-19-02-01;GOLD;90;0.00;A+B;383;90;[BJSH542020-TAUP-33] 10u (382d) | [BJSH542020-TAUP-35] 10u (382d) | [BJSH542020-TAUP-35] 10u (382d) | [BJSH542020-TAUP-35] 10u (382d) | [BJSH542020-TAUP-35] 10u (382d) | [BJSH543001-TAUP-35] 10u (383d) | [BJSH543001-TAUP-33] 10u (383d) | [BJSH543001-TAUP-33] 10u (383d) | [BJSH543001-TAUP-33] 10u (383d)
CLAGD/Stock/StorageGD/CLA-072-19-03-01;GOLD;60;0.00;B+A;397;60;[BJSH543001-TAUP-40] 10u (397d) | [BJSH543001-TAUP-40] 10u (397d) | [BJSH543001-TAUP-40] 10u (383d) | [BJSH543001-TAUP-35] 10u (383d) | [BJSH543001-TAUP-34] 10u (383d) | [BJSH543001-TAUP-33] 10u (397d)
CLAGD/Stock/StorageGD/CLA-072-20-01-02;GOLD;67;0.00;D+C+B+A;493;60;[MV231601-0020-41] 2u (380d) | [MV231601-0020-38] 2u (380d) | [MV231602-0054-39] 1u (380d) | [MV231603-0053-39] 1u (380d) | [MV231602-0054-37] 2u (380d) | [MV231602-0054-40] 1u (380d) | [MV231602-0054-36] 2u (380d) | [MV231601-0020-37] 2u (380d) | [MV231601-0020-36] 1u (380d) | [MV231601-0020-39] 1u (380d) | [MV231602-0054-36] 1u (380d) | [MV231601-0020-37] 3u (380d) | [MV231601-0020-39] 3u (380d) | [MV231601-0020-40] 2u (380d) | [MV231602-0054-39] 3u (380d) | [MV231602-0054-40] 2u (380d) | [MV231601-0020-36] 1u (380d) | [MV231601-0020-36] 2u (380d) | [MV231602-0054-40] 2u (380d) | [MV231601-0020-38] 1u (380d) | [MV231601-0020-40] 1u (380d) | [MV231601-0020-39] 1u (380d) | [MV231602-0054-37] 1u (380d) | [MV231605-0020-37] 2u (380d) | [MV231603-0053-39] 2u (380d) | [MV231602-0054-40] 1u (380d) | [MV231601-0020-41] 1u (380d) | [MV231602-0054-39] 3u (380d) | [MV231605-0020-37] 3u (380d) | [MV231603-0053-39] 2u (380d) | [MV231601-0020-36] 1u (380d) | [MV231611-0020-37] 1u (380d) | [MV231602-0054-36] 2u (380d) | [MV231602-0054-40] 1u (380d) | [BJSH542083-BLAC-37] 10u (493d)
CLAGD/Stock/StorageGD/CLA-072-20-02-01;GOLD;106;0.00;C+D;725;90;[MV232305-0020-40] 10u (725d) | [MV230029-0160-36] 1u (725d) | [MV230029-0160-37] 2u (725d) | [MV230029-0160-38] 3u (725d) | [MV230029-0160-39] 3u (725d) | [MV230029-0160-40] 2u (725d) | [MV230029-0160-41] 1u (725d) | [MV230029-0160-36] 1u (725d) | [MV230029-0160-37] 2u (725d) | [MV230029-0160-38] 3u (725d) | [MV230029-0160-39] 3u (725d) | [MV230029-0160-40] 2u (725d) | [MV230029-0160-41] 1u (725d) | [MV230029-0160-36] 1u (725d) | [MV230029-0160-37] 2u (725d) | [MV230029-0160-38] 3u (725d) | [MV230029-0160-39] 3u (725d) | [MV230029-0160-40] 2u (725d) | [MV230029-0160-41] 1u (725d) | [MV230029-0160-36] 1u (725d) | [MV230029-0160-37] 2u (725d) | [MV230029-0160-38] 3u (725d) | [MV230029-0160-39] 3u (725d) | [MV230029-0160-40] 2u (725d) | [MV230029-0160-41] 1u (725d) | [MV230029-0160-36] 1u (725d) | [MV230029-0160-37] 2u (725d) | [MV230029-0160-38] 3u (725d) | [MV230029-0160-39] 3u (725d) | [MV230029-0160-40] 2u (725d) | [MV230029-0160-41] 1u (725d) | [MV230029-0160-36] 1u (725d) | [MV230029-0160-37] 2u (725d) | [MV230029-0160-38] 3u (725d) | [MV230029-0160-39] 3u (725d) | [MV230029-0160-40] 2u (725d) | [MV230029-0160-41] 1u (725d) | [MV230029-0160-36] 1u (725d) | [MV230029-0160-37] 2u (725d) | [MV230029-0160-38] 3u (725d) | [MV230029-0160-39] 3u (725d) | [MV230029-0160-40] 2u (725d) | [MV230029-0160-41] 1u (725d) | [MV230029-0160-36] 1u (725d) | [MV230029-0160-37] 2u (725d) | [MV230029-0160-38] 3u (725d) | [MV230029-0160-39] 3u (725d) | [MV230029-0160-40] 2u (725d) | [MV230029-0160-41] 1u (725d)
CLAGD/Stock/StorageGD/CLA-072-20-02-03;GOLD;100;0.00;A;432;100;[COSH542020-NAVY-32] 10u (432d) | [COSH542020-NAVY-32] 10u (432d) | [COSH542020-NAVY-32] 10u (432d) | [COSH542020-NAVY-32] 10u (432d) | [COSH542020-NAVY-31] 10u (432d) | [COSH542020-NAVY-31] 10u (432d) | [COSH542020-NAVY-30] 10u (432d) | [COSH542020-NAVY-30] 10u (432d) | [COSH542020-NAVY-30] 10u (432d) | [COSH542020-NAVY-30] 10u (432d)
CLAGD/Stock/StorageGD/CLA-072-20-03-03;GOLD;60;0.00;A;432;60;[COSH542020-NAVY-32] 10u (432d) | [COSH542020-NAVY-32] 10u (432d) | [COSH542020-NAVY-29] 10u (432d) | [COSH542020-NAVY-29] 10u (432d) | [COSH542020-NAVY-29] 10u (432d) | [COSH542020-NAVY-29] 10u (432d)