ID_UBICACION;MARCA;TEMPORADAS;STOCK_TOTAL_UBICACION;VALOR_STOCK_€;CLASES_ABC;DIAS_MAX;OCUPACION_%;PRODUCTOS_A;PRODUCTOS_B;PRODUCTOS_C;PRODUCTOS_D
CLAGD/Stock/StorageGD/CLA-031-17-01-03;GENERIC;I24+I23+V23;752;5.52;B+A+D;446;10;[TECPLV005] 14u (I24) 446d | [COMEPLV015-WHITE] 4u (I24) 304d;[TECPLV004] 51u (I24) 446d | [BWMEPLV001-BLACK] 92u (I24) 304d | [COMEPLV001-WHIT] 182u (I23) 304d | [COMEPLV005-WHIT] 124u (I23) 304d | [COMEPLV008-WHIT] 242u (V23) 304d | [COMEPLV014-WHITE] 39u (I24) 304d;;[OSMEPLV001-WHIT] 4u (I23) 304d
CLAGD/Stock/StorageGD/CLA-031-19-01-02;GENERIC;I25;335;0.00;D;130;20;;;;[BWMEPLV006] 82u (I25) 130d | [TEMEPLV010] 253u (I25) 130d
CLAGD/Stock/StorageGD/CLA-041-08-01-02;GOLD;I24+V25;291;0.00;B+C+D;482;300;;[COTXJOG015-PINK-10A] 11u (I24) 482d | [COTXDRE020-NAVY-6A] 9u (I24) 482d | [COTXDRE020-NAVY-6A] 9u (I24) 482d | [COTXDRE020-NAVY-4A] 9u (I24) 482d | [COTXTSH040-OFFW-10A] 12u (I24) 482d | [COTXTSH040-OFFW-8A] 12u (I24) 482d;[COTXTSH044-WHIT-8A] 10u (V25) 279d | [COTXTSH044-WHIT-12A] 10u (V25) 279d | [COTXTSH040-OFFW-5A] 12u (I24) 482d;[COTXTSH044-WHIT-6A] 10u (V25) 279d | [COTXTSH044-WHIT-6A] 10u (V25) 279d | [COTXTSH044-WHIT-6A] 10u (V25) 279d | [COTXTSH044-WHIT-5A] 9u (V25) 279d | [COTXTSH044-WHIT-4A] 10u (V25) 279d | [COTXTSH047-WHIT-8A] 10u (V25) 279d | [COTXTSH047-WHIT-8A] 10u (V25) 279d | [COTXTSH047-WHIT-8A] 10u (V25) 279d | [COTXTSH047-WHIT-6A] 10u (V25) 279d | [COTXTSH047-WHIT-6A] 9u (V25) 279d | [COTXTSH047-WHIT-6A] 10u (V25) 279d | [COTXTSH047-WHIT-5A] 10u (V25) 279d | [COTXTSH047-WHIT-4A] 10u (V25) 279d | [COTXTSH047-WHIT-12A] 9u (V25) 279d | [COTXTSH051-WHIT-6A] 10u (V25) 279d | [COTXTSH051-WHIT-4A] 10u (V25) 279d | [COTXTSH051-WHIT-10A] 10u (V25) 279d | [COTXJOG020-BEIG-8A] 10u (V25) 279d | [COTXJOG020-BEIG-5A] 5u (V25) 279d | [COTXJOG020-BEIG-12A] 5u (V25) 279d | [COTXDRE032-BLUE-6A] 10u (V25) 279d
CLAGD/Stock/StorageGD/CLA-072-16-03-02;GOLD;I25;290;0.00;C+A;174;290;[TESH501001-TAUP-25] 10u (I25) 174d | [TESH501001-TAUP-20] 10u (I25) 174d | [TESH501001-BEIG-24] 10u (I25) 174d | [TESH501001-BEIG-24] 10u (I25) 174d | [TESH501001-BEIG-23] 10u (I25) 174d | [TESH501001-BEIG-23] 10u (I25) 174d | [TESH501001-BEIG-23] 10u (I25) 174d | [TESH501001-BEIG-22] 10u (I25) 174d | [TESH501001-BEIG-21] 10u (I25) 174d | [TESH501001-BEIG-21] 10u (I25) 174d | [TESH501001-BEIG-21] 10u (I25) 174d | [TESH501001-BEIG-21] 10u (I25) 174d | [TESH501001-BEIG-21] 10u (I25) 174d | [TESH501001-BEIG-20] 10u (I25) 174d;;[TESH501002-BRON-25] 10u (I25) 174d | [TESH501002-BRON-25] 10u (I25) 174d | [TESH501002-BRON-24] 10u (I25) 174d | [TESH501002-BRON-24] 10u (I25) 174d | [TESH501002-BRON-23] 10u (I25) 174d | [TESH501002-BRON-23] 10u (I25) 174d | [TESH501002-BRON-22] 10u (I25) 174d | [TESH501002-BRON-22] 10u (I25) 174d | [TESH501002-BRON-22] 10u (I25) 174d | [TESH501002-BRON-22] 10u (I25) 174d | [TESH501002-BRON-21] 10u (I25) 174d | [TESH501002-BRON-21] 10u (I25) 174d | [TESH501002-BRON-20] 10u (I25) 174d | [TESH501002-BRON-20] 10u (I25) 174d | [TESH501002-BRON-20] 10u (I25) 174d;
CLAGD/Stock/StorageGD/CLA-031-18-03-02;GENERIC;I25;271;0.00;D;130;10;;;;[BWMEPLV004] 271u (I25) 130d
CLAGD/Stock/StorageGD/CLA-031-12-01-02;GOLD;I25;260;0.00;C+B;144;260;;[TESH500017-SILV-21] 10u (I25) 144d | [TESH500017-SILV-20] 10u (I25) 144d | [TESH500017-SILV-20] 10u (I25) 144d | [TESH500017-PINK-23] 10u (I25) 144d | [TESH500017-PINK-23] 10u (I25) 144d | [TESH500017-PINK-20] 10u (I25) 144d | [TESH500017-PINK-20] 10u (I25) 144d | [TESH500017-PINK-20] 10u (I25) 144d;[TESH500017-SILV-22] 10u (I25) 144d | [TESH500017-PINK-24] 10u (I25) 144d | [TESH500017-PINK-24] 10u (I25) 144d | [TESH500017-PINK-24] 10u (I25) 144d | [TESH500017-PINK-22] 10u (I25) 144d | [TESH500017-PINK-22] 10u (I25) 144d | [TESH500017-PINK-22] 10u (I25) 144d | [TESH500017-PINK-22] 10u (I25) 144d | [TESH500017-PINK-21] 10u (I25) 144d | [TESH500017-PINK-21] 10u (I25) 144d | [TESH500017-PINK-21] 10u (I25) 144d | [TESH500016-BEIG-25] 10u (I25) 144d | [TESH500016-BEIG-23] 10u (I25) 144d | [TESH500016-BEIG-22] 10u (I25) 144d | [TESH500016-BEIG-21] 10u (I25) 144d | [TESH500016-BEIG-21] 10u (I25) 144d | [TESH500016-BEIG-21] 10u (I25) 144d | [TESH500016-BEIG-20] 10u (I25) 144d;
CLAGD/Stock/StorageGD/CLA-041-07-01-02;GOLD;I24+I25;251;0.00;B+C+A+D;482;250;[COTXJOG015-BLAC-10A] 8u (I24) 110d | [COTXJOG016-BLAC-8A] 15u (I24) 110d;[COTXSWE013-BLAC-10A] 12u (I24) 482d | [COTXHOD014-GREY-8A] 9u (I24) 482d | [COTXHOD014-GREY-8A] 9u (I24) 482d | [COTXHOD014-GREY-6A] 9u (I24) 482d | [COTXHOD014-GREY-6A] 8u (I24) 482d | [COTXHOD014-GREY-6A] 8u (I24) 482d | [COTXSKI019-NAVY-12A] 12u (I24) 482d | [COTXSKI019-NAVY-10A] 12u (I24) 482d | [COTXSKI019-NAVY-10A] 12u (I24) 482d | [COTXSKI019-NAVY-6A] 12u (I24) 482d | [COTXSKI019-NAVY-6A] 12u (I24) 482d | [COTXSKI019-NAVY-6A] 11u (I24) 482d | [COTXSKI019-NAVY-5A] 11u (I24) 482d | [COTXJOG016-PINK-5A] 8u (I24) 110d | [COTXJOG016-PINK-12A] 8u (I24) 110d | [COTXJOG016-PINK-10A] 12u (I24) 110d | [COTXJOG015-BLAC-6A] 8u (I24) 110d;[COTXHOD014-GREY-12A] 8u (I24) 482d | [COTXJOG015-BLAC-5A] 8u (I24) 110d | [COTXTSH057-OFFW-8A] 10u (I25) 110d | [COTXTSH057-OFFW-6A] 10u (I25) 110d | [COTXTSH055-OFFW-8A] 10u (I25) 110d;[COTXTSH057-OFFW-4A] 9u (I25) 110d
CLAGD/Stock/StorageGD/CLA-031-13-01-02;GOLD;I25;250;0.00;C+B;144;250;;[TESH500019-PINK-22] 10u (I25) 144d | [TESH500019-NAVY-23] 10u (I25) 144d | [TESH500015-OFFW-25] 10u (I25) 144d | [TESH500015-OFFW-25] 10u (I25) 144d | [TESH500015-OFFW-23] 10u (I25) 144d | [TESH500015-OFFW-23] 10u (I25) 144d | [TESH500015-OFFW-23] 10u (I25) 144d | [TESH500015-OFFW-22] 10u (I25) 144d | [TESH500015-OFFW-22] 10u (I25) 144d | [TESH500015-OFFW-22] 10u (I25) 144d | [TESH500015-OFFW-21] 10u (I25) 144d | [TESH500015-OFFW-21] 10u (I25) 144d | [TESH500015-OFFW-21] 10u (I25) 144d | [TESH500015-OFFW-20] 10u (I25) 144d | [TESH500015-OFFW-20] 10u (I25) 144d | [TESH500015-OFFW-20] 10u (I25) 144d | [TESH500015-BLAC-25] 10u (I25) 144d | [TESH500015-BLAC-25] 10u (I25) 144d | [TESH500015-BLAC-24] 10u (I25) 144d | [TESH500015-BLAC-23] 10u (I25) 144d;[TESH500019-SILVER-24] 10u (I25) 144d | [TESH500016-BEIG-22] 10u (I25) 144d | [TESH500015-BLAC-22] 10u (I25) 144d | [TESH500015-BLAC-21] 10u (I25) 144d | [TESH500015-BLAC-20] 10u (I25) 144d;
CLAGD/Stock/StorageGD/CLA-047-07-02-02;GOLD;I25;250;1596.20;B+C+D;214;250;;[COSH249006-NAVY-30] 10u (I25) 214d | [COSH249005-PINK-30] 10u (I25) 214d | [COSH249005-PINK-30] 10u (I25) 214d | [COSH249005-PINK-30] 10u (I25) 214d | [COSH249005-PINK-30] 10u (I25) 214d | [COSH249005-PINK-28] 10u (I25) 214d | [COSH249005-PINK-28] 10u (I25) 214d | [COSH249005-PINK-28] 10u (I25) 214d | [COSH249005-PINK-28] 10u (I25) 214d | [COSH249005-PINK-28] 10u (I25) 214d | [COSH249005-PINK-28] 10u (I25) 214d | [COSH249005-PINK-27] 10u (I25) 214d | [COSH249005-PINK-27] 10u (I25) 214d | [COSH249005-PINK-27] 10u (I25) 214d | [COSH249005-PINK-26] 10u (I25) 214d | [COSH249005-NAVY-30] 10u (I25) 214d | [COSH249005-NAVY-28] 10u (I25) 214d | [COSH249005-GREY-30] 10u (I25) 214d | [COSH249005-GREY-30] 10u (I25) 214d | [COSH249005-GREY-28] 10u (I25) 214d;[COSH249006-NAVY-29] 10u (I25) 214d;[COSH249005-PINK-29] 10u (I25) 214d | [COSH249005-PINK-29] 10u (I25) 214d | [COSH249005-PINK-29] 10u (I25) 214d | [COSH249005-PINK-29] 10u (I25) 214d
CLAGD/Stock/StorageGD/CLA-041-08-01-03;GOLD;I24+V25+I25;240;0.00;C+B+D;482;240;;[COTXDRE024-GREY-6A] 12u (I24) 482d | [COTXDRE020-NAVY-8A] 9u (I24) 482d | [COTXDRE026-BEIG-10A] 9u (I24) 482d | [COTXDRE026-BEIG-5A] 9u (I24) 482d | [COTXDRE026-BEIG-4A] 9u (I24) 482d | [COTXJOG016-GREY-5A] 10u (I24) 110d | [COTXSKI018-BEIG-10A] 12u (I24) 482d | [COTXTSH036-OFFW-5A] 15u (I24) 482d;[COTXDRE024-GREY-10A] 12u (I24) 482d | [COTXSWE017-BEIG-5A] 12u (I24) 482d | [COTXDRE026-BEIG-6A] 9u (I24) 482d | [COTXDRE026-BEIG-6A] 9u (I24) 482d | [COTXDRE026-BEIG-6A] 9u (I24) 482d | [COTXSKI028-PINK-8A] 10u (I25) 110d | [COTXTSH035-OFFW-5A] 12u (I24) 482d | [COTXTSH035-OFFW-4A] 12u (I24) 482d | [COTXHOD014-GREY-5A] 8u (I24) 482d | [COTXSKI029-PINK-8A] 9u (I25) 110d;[COTXJOG020-NAVY-12A] 5u (V25) 279d | [COTXSKI028-PINK-12A] 10u (I25) 110d | [COTXSKI028-PINK-10A] 10u (I25) 110d | [COTXSKI028-PINK-10A] 10u (I25) 110d | [COTXSKI029-PINK-5A] 9u (I25) 110d | [COTXSKI029-PINK-10A] 9u (I25) 110d
CLAGD/Stock/StorageGD/CLA-047-09-02-02;GOLD;I25;240;1388.00;B+C+D;214;240;;[COSH249006-NAVY-30] 10u (I25) 214d | [COSH249006-NAVY-28] 10u (I25) 214d | [COSH249006-NAVY-27] 10u (I25) 214d | [COSH249005-PINK-31] 10u (I25) 214d | [COSH249005-PINK-30] 10u (I25) 214d | [COSH249005-NAVY-31] 10u (I25) 214d | [COSH249005-GREY-35] 10u (I25) 214d | [COSH249005-GREY-35] 10u (I25) 214d | [COSH249005-GREY-30] 10u (I25) 214d | [COSH249005-GREY-30] 10u (I25) 214d | [COSH249005-GREY-27] 10u (I25) 214d | [COSH249005-GREY-25] 10u (I25) 214d | [COSH249005-GREY-25] 10u (I25) 214d | [COSH249005-GREY-25] 10u (I25) 214d;[COSH249006-NAVY-26] 10u (I25) 214d;[COSH249005-PINK-34] 10u (I25) 214d | [COSH249005-NAVY-29] 10u (I25) 214d | [COSH249005-GREY-36] 10u (I25) 214d | [COSH249005-GREY-36] 10u (I25) 214d | [COSH249005-GREY-33] 10u (I25) 214d | [COSH249005-GREY-33] 10u (I25) 214d | [COSH249005-GREY-31] 10u (I25) 214d | [COSH249005-GREY-31] 10u (I25) 214d | [COSH249005-GREY-31] 10u (I25) 214d
CLAGD/Stock/StorageGD/CLA-047-08-02-03;GOLD;I25;230;1596.20;B+D;214;230;;[COSH249005-PINK-30] 10u (I25) 214d | [COSH249005-PINK-27] 10u (I25) 214d | [COSH249005-NAVY-35] 10u (I25) 214d | [COSH249005-NAVY-34] 10u (I25) 214d | [COSH249005-NAVY-33] 10u (I25) 214d | [COSH249005-NAVY-32] 10u (I25) 214d | [COSH249005-NAVY-31] 10u (I25) 214d | [COSH249005-NAVY-28] 10u (I25) 214d | [COSH249005-NAVY-28] 10u (I25) 214d | [COSH249005-NAVY-27] 10u (I25) 214d | [COSH249005-NAVY-27] 10u (I25) 214d | [COSH249005-GREY-29] 10u (I25) 214d | [COSH249005-GREY-29] 10u (I25) 214d | [COSH249005-GREY-29] 10u (I25) 214d | [COSH249005-GREY-28] 10u (I25) 214d | [COSH249005-GREY-27] 10u (I25) 214d | [COSH249005-GREY-27] 10u (I25) 214d;;[COSH249005-NAVY-26] 10u (I25) 214d | [COSH249005-NAVY-26] 10u (I25) 214d | [COSH249005-NAVY-26] 10u (I25) 214d | [COSH249005-NAVY-26] 10u (I25) 214d | [COSH249005-NAVY-25] 10u (I25) 214d | [COSH249005-GREY-26] 10u (I25) 214d
CLAGD/Stock/StorageGD/CLA-045-07-02-03;GOLD;V25;228;0.00;D;329;190;;;;[COSH319002-GREE-26] 2u (V25) 329d | [COSH319002-GREE-27] 2u (V25) 329d | [COSH319002-GREE-28] 2u (V25) 329d | [COSH319002-GREE-29] 2u (V25) 329d | [COSH319002-GREE-30] 2u (V25) 329d | [COSH319002-GREE-31] 2u (V25) 329d | [COSH319002-GREE-26] 2u (V25) 329d | [COSH319002-GREE-27] 2u (V25) 329d | [COSH319002-GREE-28] 2u (V25) 329d | [COSH319002-GREE-29] 2u (V25) 329d | [COSH319002-GREE-30] 2u (V25) 329d | [COSH319002-GREE-31] 2u (V25) 329d | [COSH319002-GREE-26] 2u (V25) 329d | [COSH319002-GREE-27] 2u (V25) 329d | [COSH319002-GREE-28] 2u (V25) 329d | [COSH319002-GREE-29] 2u (V25) 329d | [COSH319002-GREE-30] 2u (V25) 329d | [COSH319002-GREE-31] 2u (V25) 329d | [COSH319002-GREE-26] 2u (V25) 329d | [COSH319002-GREE-27] 2u (V25) 329d | [COSH319002-GREE-28] 2u (V25) 329d | [COSH319002-GREE-29] 2u (V25) 329d | [COSH319002-GREE-30] 2u (V25) 329d | [COSH319002-GREE-31] 2u (V25) 329d | [COSH319002-GREE-26] 2u (V25) 329d | [COSH319002-GREE-27] 2u (V25) 329d | [COSH319002-GREE-28] 2u (V25) 329d | [COSH319002-GREE-29] 2u (V25) 329d | [COSH319002-GREE-30] 2u (V25) 329d | [COSH319002-GREE-31] 2u (V25) 329d | [COSH319002-GREE-26] 2u (V25) 329d | [COSH319002-GREE-27] 2u (V25) 329d | [COSH319002-GREE-28] 2u (V25) 329d | [COSH319002-GREE-29] 2u (V25) 329d | [COSH319002-GREE-30] 2u (V25) 329d | [COSH319002-GREE-31] 2u (V25) 329d | [COSH319002-GREE-26] 2u (V25) 329d | [COSH319002-GREE-27] 2u (V25) 329d | [COSH319002-GREE-28] 2u (V25) 329d | [COSH319002-GREE-29] 2u (V25) 329d | [COSH319002-GREE-30] 2u (V25) 329d | [COSH319002-GREE-31] 2u (V25) 329d | [COSH319002-GREE-26] 2u (V25) 329d | [COSH319002-GREE-27] 2u (V25) 329d | [COSH319002-GREE-28] 2u (V25) 329d | [COSH319002-GREE-29] 2u (V25) 329d | [COSH319002-GREE-30] 2u (V25) 329d | [COSH319002-GREE-31] 2u (V25) 329d | [COSH319001-WHIT-26] 2u (V25) 329d | [COSH319001-WHIT-27] 2u (V25) 329d | [COSH319001-WHIT-28] 2u (V25) 329d | [COSH319001-WHIT-29] 2u (V25) 329d | [COSH319001-WHIT-30] 2u (V25) 329d | [COSH319001-WHIT-31] 2u (V25) 329d | [COSH319001-WHIT-26] 2u (V25) 329d | [COSH319001-WHIT-27] 2u (V25) 329d | [COSH319001-WHIT-28] 2u (V25) 329d | [COSH319001-WHIT-29] 2u (V25) 329d | [COSH319001-WHIT-30] 2u (V25) 329d | [COSH319001-WHIT-31] 2u (V25) 329d | [COSH319001-WHIT-26] 2u (V25) 329d | [COSH319001-WHIT-27] 2u (V25) 329d | [COSH319001-WHIT-28] 2u (V25) 329d | [COSH319001-WHIT-29] 2u (V25) 329d | [COSH319001-WHIT-30] 2u (V25) 329d | [COSH319001-WHIT-31] 2u (V25) 329d | [COSH319001-WHIT-26] 2u (V25) 329d | [COSH319001-WHIT-27] 2u (V25) 329d | [COSH319001-WHIT-28] 2u (V25) 329d | [COSH319001-WHIT-29] 2u (V25) 329d | [COSH319001-WHIT-30] 2u (V25) 329d | [COSH319001-WHIT-31] 2u (V25) 329d | [COSH319001-WHIT-26] 2u (V25) 329d | [COSH319001-WHIT-27] 2u (V25) 329d | [COSH319001-WHIT-28] 2u (V25) 329d | [COSH319001-WHIT-29] 2u (V25) 329d | [COSH319001-WHIT-30] 2u (V25) 329d | [COSH319001-WHIT-31] 2u (V25) 329d | [COSH319001-WHIT-26] 2u (V25) 329d | [COSH319001-WHIT-27] 2u (V25) 329d | [COSH319001-WHIT-28] 2u (V25) 329d | [COSH319001-WHIT-29] 2u (V25) 329d | [COSH319001-WHIT-30] 2u (V25) 329d | [COSH319001-WHIT-31] 2u (V25) 329d | [COSH319001-WHIT-26] 2u (V25) 329d | [COSH319001-WHIT-27] 2u (V25) 329d | [COSH319001-WHIT-28] 2u (V25) 329d | [COSH319001-WHIT-29] 2u (V25) 329d | [COSH319001-WHIT-30] 2u (V25) 329d | [COSH319001-WHIT-31] 2u (V25) 329d | [COSH319001-WHIT-26] 2u (V25) 329d | [COSH319001-WHIT-27] 2u (V25) 329d | [COSH319001-WHIT-28] 2u (V25) 329d | [COSH319001-WHIT-29] 2u (V25) 329d | [COSH319001-WHIT-30] 2u (V25) 329d | [COSH319001-WHIT-31] 2u (V25) 329d | [COSH319001-WHIT-26] 2u (V25) 329d | [COSH319001-WHIT-27] 2u (V25) 329d | [COSH319001-WHIT-28] 2u (V25) 329d | [COSH319001-WHIT-29] 2u (V25) 329d | [COSH319001-WHIT-30] 2u (V25) 329d | [COSH319001-WHIT-31] 2u (V25) 329d | [COSH319001-WHIT-26] 2u (V25) 329d | [COSH319001-WHIT-27] 2u (V25) 329d | [COSH319001-WHIT-28] 2u (V25) 329d | [COSH319001-WHIT-29] 2u (V25) 329d | [COSH319001-WHIT-30] 2u (V25) 329d | [COSH319001-WHIT-31] 2u (V25) 329d | [COSH319001-WHIT-26] 2u (V25) 329d | [COSH319001-WHIT-27] 2u (V25) 329d | [COSH319001-WHIT-28] 2u (V25) 329d | [COSH319001-WHIT-29] 2u (V25) 329d | [COSH319001-WHIT-30] 2u (V25) 329d | [COSH319001-WHIT-31] 2u (V25) 329d
CLAGD/Stock/StorageGD/CLA-041-05-01-03;GOLD;V25+I25+I24;226;222.00;D+C+B;482;220;;[COTXHOD014-GREY-6A] 9u (I24) 482d;[COTXSWE025-BEIG-4A] 9u (I25) 110d | [COTXSWE025-BEIG-8A] 10u (I25) 110d | [COTXSWE025-BEIG-8A] 10u (I25) 110d | [COTXSWE025-BEIG-10A] 10u (I25) 110d | [COTXTSH045-WHIT-8A] 10u (V25) 279d | [COTXHOD014-GREY-5A] 9u (I24) 482d | [COTXDRE037-BEIG-5A] 6u (I25) 110d | [COTXDRE037-BEIG-10A] 6u (I25) 110d | [COTXDRE037-BEIG-10A] 6u (I25) 110d;[COTXTSH053-WHIT-8A] 10u (V25) 279d | [COTXTSH053-WHIT-6A] 10u (V25) 279d | [COTXTSH053-WHIT-10A] 9u (V25) 279d | [COTXTSH045-WHIT-5A] 10u (V25) 279d | [COTXDRE028-MULT-8A] 15u (V25) 279d | [COTXDRE028-MULT-6A] 15u (V25) 279d | [COTXDRE028-MULT-10A] 15u (V25) 279d | [COTXTSH053-WHIT-8A] 9u (V25) 279d | [COTXTSH053-WHIT-5A] 10u (V25) 279d | [COTXTSH053-WHIT-5A] 9u (V25) 279d | [COTXTSH053-WHIT-12A] 9u (V25) 279d | [COTXTSH053-WHIT-10A] 10u (V25) 279d | [COTXTSH045-WHIT-4A] 10u (V25) 279d
CLAGD/Stock/StorageGD/CLA-047-04-03-01;GOLD;I25;220;892.80;A+C+B;195;220;[BJSH543002-TAUP-40] 10u (I25) 195d | [BJSH543002-TAUP-39] 10u (I25) 195d | [BJSH543002-TAUP-39] 10u (I25) 195d | [BJSH543002-TAUP-39] 10u (I25) 195d | [BJSH543002-TAUP-39] 10u (I25) 195d | [BJSH543002-TAUP-39] 10u (I25) 195d | [BJSH543002-TAUP-38] 10u (I25) 195d | [BJSH543002-TAUP-37] 10u (I25) 195d | [BJSH543002-TAUP-36] 10u (I25) 195d | [BJSH543002-TAUP-36] 10u (I25) 195d | [BJSH543002-TAUP-36] 10u (I25) 195d | [BJSH543002-TAUP-35] 10u (I25) 195d;[COSH224055-PEWT-30] 10u (I25) 172d | [COSH224055-PEWT-29] 10u (I25) 172d;[COSH224055-PEWT-33] 10u (I25) 172d | [COSH224055-PEWT-33] 10u (I25) 172d | [COSH224055-PEWT-31] 10u (I25) 172d | [COSH224055-PEWT-31] 10u (I25) 172d | [COSH224054-PINK-34] 10u (I25) 172d | [COSH224054-PINK-33] 10u (I25) 172d | [COSH224054-PINK-30] 10u (I25) 172d | [COSH224054-PINK-30] 10u (I25) 172d;
CLAGD/Stock/StorageGD/CLA-041-05-01-02;GOLD;V25+I25+I24;211;0.00;D+C+B;482;210;;[COTXSKI018-BEIG-8A] 11u (I24) 482d;[COTXSWE025-BEIG-6A] 10u (I25) 110d | [COTXSWE025-BEIG-6A] 10u (I25) 110d | [COTXDRE020-BEIG-6A] 9u (I24) 482d | [COTXTSH045-WHIT-8A] 10u (V25) 279d | [COTXTSH045-WHIT-6A] 10u (V25) 279d | [COTXTSH045-WHIT-6A] 10u (V25) 279d | [COTXTSH045-WHIT-6A] 10u (V25) 279d | [COTXSKI018-BEIG-6A] 11u (I24) 482d | [COTXSKI018-BEIG-4A] 11u (I24) 482d | [COTXSWE022-BEIG-6A] 10u (I25) 110d | [COTXSKI029-PINK-8A] 9u (I25) 110d | [COTXSKI029-PINK-6A] 9u (I25) 110d | [COTXDRE037-BEIG-4A] 4u (I25) 110d;[COTXDRE032-BLUE-8A] 10u (V25) 279d | [COTXDRE031-BEIG-8A] 10u (V25) 279d | [COTXDRE031-BEIG-6A] 10u (V25) 279d | [COTXDRE030-PINK-8A] 10u (V25) 279d | [COTXDRE030-PINK-6A] 10u (V25) 279d | [COTXSWE022-BEIG-4A] 18u (I25) 110d | [COTXSKI029-PINK-5A] 9u (I25) 110d
CLAGD/Stock/StorageGD/CLA-047-08-02-02;GOLD;I25;210;694.00;B+C+D;214;210;;[COSH249006-NAVY-35] 10u (I25) 214d | [COSH249006-NAVY-32] 10u (I25) 214d | [COSH249006-NAVY-31] 10u (I25) 214d | [COSH249006-NAVY-31] 10u (I25) 214d | [COSH249005-PINK-26] 10u (I25) 214d | [COSH249005-PINK-26] 10u (I25) 214d | [COSH249005-GREY-29] 10u (I25) 214d | [COSH249005-GREY-29] 10u (I25) 214d | [COSH249005-GREY-29] 10u (I25) 214d | [COSH249005-GREY-28] 10u (I25) 214d | [COSH249005-GREY-27] 10u (I25) 214d | [COSH249005-GREY-27] 10u (I25) 214d;[COSH249006-NAVY-34] 10u (I25) 214d | [COSH249006-NAVY-34] 10u (I25) 214d | [COSH249006-NAVY-33] 10u (I25) 214d | [COSH249006-NAVY-33] 10u (I25) 214d | [COSH249006-NAVY-29] 10u (I25) 214d | [COSH249006-NAVY-29] 10u (I25) 214d | [COSH249006-NAVY-25] 10u (I25) 214d;[COSH249005-PINK-32] 10u (I25) 214d | [COSH249005-GREY-32] 10u (I25) 214d
CLAGD/Stock/StorageGD/CLA-072-15-02-03;GOLD;I25;210;0.00;C+B+A;174;210;[TESH501001-BEIG-24] 10u (I25) 174d | [TESH501001-BEIG-23] 10u (I25) 174d | [TESH501001-BEIG-23] 10u (I25) 174d | [TESH501001-BEIG-23] 10u (I25) 174d | [TESH501001-BEIG-22] 10u (I25) 174d | [TESH501001-BEIG-22] 10u (I25) 174d | [TESH501001-BEIG-22] 10u (I25) 174d | [TESH501001-BEIG-22] 10u (I25) 174d | [TESH501001-BEIG-22] 10u (I25) 174d | [TESH501001-BEIG-20] 10u (I25) 174d | [TESH501001-BEIG-20] 10u (I25) 174d | [TESH501001-BEIG-20] 10u (I25) 174d;[TESH501001-BEIG-25] 10u (I25) 174d;[TESH501002-BRON-25] 10u (I25) 174d | [TESH501002-BRON-24] 10u (I25) 174d | [TESH501002-BRON-23] 10u (I25) 174d | [TESH501002-BRON-23] 10u (I25) 174d | [TESH501002-BRON-21] 10u (I25) 174d | [TESH501002-BRON-21] 10u (I25) 174d | [TESH501002-BRON-20] 10u (I25) 174d | [TESH501002-BRON-20] 10u (I25) 174d;
CLAGD/Stock/StorageGD/CLA-041-07-01-01;GOLD;I24+I25;208;0.00;B+C+D+A;482;250;[COTXJOG015-BEIG-8A] 11u (I24) 110d;[COTXHOD014-GREY-10A] 9u (I24) 482d | [COTXHOD014-GREY-10A] 9u (I24) 482d | [COTXHOD014-GREY-4A] 8u (I24) 482d | [COTXDRE026-BEIG-12A] 9u (I24) 482d | [COTXDRE026-BEIG-10A] 9u (I24) 482d | [COTXDRE026-BEIG-8A] 9u (I24) 482d | [COTXDRE026-BEIG-8A] 9u (I24) 482d | [COTXDRE023-BEIG-10A] 9u (I24) 482d | [COTXSKI019-NAVY-10A] 11u (I24) 482d | [COTXSKI019-NAVY-8A] 12u (I24) 482d | [COTXSKI019-NAVY-8A] 11u (I24) 482d | [COTXSKI019-NAVY-4A] 12u (I24) 482d | [COTXJOG015-BEIG-6A] 11u (I24) 110d | [COTXJOG015-BEIG-10A] 11u (I24) 110d;[COTXHOD016-PINK-12A] 5u (I25) 110d | [COTXDRE036-GREY-12A] 5u (I25) 110d | [COTXDRE035-BEIG-8A] 5u (I25) 110d | [COTXDRE035-BEIG-8A] 5u (I25) 110d | [COTXJOG015-BURG-8A] 9u (I25) 110d | [COTXJOG015-BURG-6A] 9u (I25) 110d;[COTXHOD016-PINK-10A] 5u (I25) 110d | [COTXHOD016-PINK-10A] 5u (I25) 110d | [COTXHOD016-PINK-10A] 5u (I25) 110d | [COTXHOD016-PINK-10A] 5u (I25) 110d
CLAGD/Stock/StorageGD/CLA-041-05-01-01;GOLD;I25+V25+I24;206;0.00;C+D+B;482;210;;[COTXJOG016-BLAC-6A] 10u (I24) 110d;[COTXSKI029-BURG-8A] 9u (I25) 110d | [COTXDRE035-BEIG-4A] 5u (I25) 110d | [COTXSKI029-BURG-10A] 9u (I25) 110d | [COTXTSH046-WHIT-8A] 10u (V25) 279d | [COTXSKI027-BROW-4A] 9u (I25) 110d | [COTXSKI029-BURG-5A] 9u (I25) 110d | [COTXSKI018-BEIG-6A] 11u (I24) 482d;[COTXSKI029-BURG-4A] 8u (I25) 110d | [COTXDRE030-WHIT-8A] 10u (V25) 279d | [COTXSKI029-PINK-4A] 8u (I25) 110d | [COTXTSH049-WHIT-6A] 15u (V25) 279d | [COTXTSH046-WHIT-6A] 10u (V25) 279d | [COTXTSH042-PINK-6A] 15u (V25) 279d | [COTXSWE020-WHIT-10A] 10u (V25) 279d | [COTXTSH052-WHIT-8A] 10u (V25) 279d | [COTXTSH052-WHIT-6A] 10u (V25) 279d | [COTXTSH052-WHIT-5A] 10u (V25) 279d | [COTXTSH050-WHIT-8A] 9u (V25) 279d | [COTXTSH045-WHIT-12A] 10u (V25) 279d | [COTXTSH050-WHIT-10A] 9u (V25) 279d
CLAGD/Stock/StorageGD/CLA-031-19-03-02;GENERIC;I25;205;0.00;D;130;10;;;;[COMEPLV018] 205u (I25) 130d
CLAGD/Stock/StorageGD/CLA-031-15-01-02;GOLD;I25;200;0.00;C;144;200;;;[COSH283115-WHIT-36] 10u (I25) 144d | [COSH283115-WHIT-36] 10u (I25) 144d | [COSH283115-WHIT-36] 10u (I25) 144d | [COSH283115-WHIT-34] 10u (I25) 144d | [COSH283115-WHIT-34] 10u (I25) 144d | [COSH283115-WHIT-34] 10u (I25) 144d | [COSH283115-WHIT-34] 10u (I25) 144d | [COSH283115-WHIT-32] 10u (I25) 144d | [COSH283115-WHIT-32] 10u (I25) 144d | [COSH283115-WHIT-32] 10u (I25) 144d | [COSH283115-WHIT-32] 10u (I25) 144d | [COSH283115-WHIT-32] 10u (I25) 144d | [COSH283115-WHIT-32] 10u (I25) 144d | [COSH283115-WHIT-32] 10u (I25) 144d | [COSH283115-WHIT-28] 10u (I25) 144d | [COSH283115-WHIT-28] 10u (I25) 144d | [COSH283115-WHIT-27] 10u (I25) 144d | [COSH283115-WHIT-27] 10u (I25) 144d | [COSH283115-WHIT-27] 10u (I25) 144d | [COSH283115-WHIT-27] 10u (I25) 144d;
CLAGD/Stock/StorageGD/CLA-031-15-02-01;GOLD;I25;200;0.00;C;144;200;;;[COSH283115-WHIT-36] 10u (I25) 144d | [COSH283115-WHIT-36] 10u (I25) 144d | [COSH283115-WHIT-36] 10u (I25) 144d | [COSH283115-WHIT-34] 10u (I25) 144d | [COSH283115-WHIT-34] 10u (I25) 144d | [COSH283115-WHIT-34] 10u (I25) 144d | [COSH283115-WHIT-34] 10u (I25) 144d | [COSH283115-WHIT-34] 10u (I25) 144d | [COSH283115-WHIT-34] 10u (I25) 144d | [COSH283115-WHIT-34] 10u (I25) 144d | [COSH283115-WHIT-32] 10u (I25) 144d | [COSH283115-WHIT-32] 10u (I25) 144d | [COSH283115-WHIT-32] 10u (I25) 144d | [COSH283115-WHIT-32] 10u (I25) 144d | [COSH283115-WHIT-28] 10u (I25) 144d | [COSH283115-WHIT-28] 10u (I25) 144d | [COSH283115-WHIT-27] 10u (I25) 144d | [COSH283115-WHIT-27] 10u (I25) 144d | [COSH283115-WHIT-27] 10u (I25) 144d | [COSH283115-WHIT-27] 10u (I25) 144d;
CLAGD/Stock/StorageGD/CLA-031-16-02-01;GOLD;I25;200;0.00;C+D;144;200;;;[COSH283115-WHIT-34] 10u (I25) 144d | [COSH283115-WHIT-34] 10u (I25) 144d | [COSH283115-WHIT-34] 10u (I25) 144d | [COSH283115-WHIT-34] 10u (I25) 144d | [COSH283115-WHIT-33] 10u (I25) 144d | [COSH283115-WHIT-33] 10u (I25) 144d | [COSH283115-WHIT-33] 10u (I25) 144d | [COSH283115-WHIT-33] 10u (I25) 144d | [COSH283115-WHIT-30] 10u (I25) 144d | [COSH283115-WHIT-30] 10u (I25) 144d | [COSH283115-WHIT-30] 10u (I25) 144d | [COSH283115-WHIT-30] 10u (I25) 144d | [COSH283115-WHIT-28] 10u (I25) 144d | [COSH283115-WHIT-28] 10u (I25) 144d | [COSH283115-WHIT-28] 10u (I25) 144d;[COSH283115-WHIT-29] 10u (I25) 144d | [COSH283115-WHIT-29] 10u (I25) 144d | [COSH283115-WHIT-29] 10u (I25) 144d | [COSH283115-WHIT-29] 10u (I25) 144d | [COSH283115-WHIT-29] 10u (I25) 144d
CLAGD/Stock/StorageGD/CLA-031-16-02-02;GOLD;I25;200;0.00;C+D;144;200;;;[COSH283115-WHIT-34] 10u (I25) 144d | [COSH283115-WHIT-34] 10u (I25) 144d | [COSH283115-WHIT-34] 10u (I25) 144d | [COSH283115-WHIT-33] 10u (I25) 144d | [COSH283115-WHIT-33] 10u (I25) 144d | [COSH283115-WHIT-33] 10u (I25) 144d | [COSH283115-WHIT-33] 10u (I25) 144d | [COSH283115-WHIT-33] 10u (I25) 144d | [COSH283115-WHIT-30] 10u (I25) 144d | [COSH283115-WHIT-30] 10u (I25) 144d | [COSH283115-WHIT-28] 10u (I25) 144d | [COSH283115-WHIT-28] 10u (I25) 144d | [COSH283115-WHIT-28] 10u (I25) 144d | [COSH283115-WHIT-28] 10u (I25) 144d;[COSH283115-WHIT-29] 10u (I25) 144d | [COSH283115-WHIT-29] 10u (I25) 144d | [COSH283115-WHIT-29] 10u (I25) 144d | [COSH283115-WHIT-29] 10u (I25) 144d | [COSH283115-WHIT-29] 10u (I25) 144d | [COSH283115-WHIT-29] 10u (I25) 144d
CLAGD/Stock/StorageGD/CLA-031-16-02-03;GOLD;I25;200;0.00;C+D;144;200;;;[COSH283115-WHIT-33] 10u (I25) 144d | [COSH283115-WHIT-33] 10u (I25) 144d | [COSH283115-WHIT-33] 10u (I25) 144d | [COSH283115-WHIT-31] 10u (I25) 144d | [COSH283115-WHIT-30] 10u (I25) 144d | [COSH283115-WHIT-30] 10u (I25) 144d | [COSH283115-WHIT-30] 10u (I25) 144d | [COSH283115-WHIT-30] 10u (I25) 144d | [COSH283115-WHIT-30] 10u (I25) 144d | [COSH283115-WHIT-28] 10u (I25) 144d | [COSH283115-WHIT-28] 10u (I25) 144d | [COSH283115-WHIT-28] 10u (I25) 144d | [COSH283115-WHIT-28] 10u (I25) 144d | [COSH283115-WHIT-28] 10u (I25) 144d;[COSH283115-WHIT-29] 10u (I25) 144d | [COSH283115-WHIT-29] 10u (I25) 144d | [COSH283115-WHIT-29] 10u (I25) 144d | [COSH283115-WHIT-29] 10u (I25) 144d | [COSH283115-WHIT-29] 10u (I25) 144d | [COSH283115-WHIT-29] 10u (I25) 144d
CLAGD/Stock/StorageGD/CLA-031-16-03-01;GOLD;I25;200;0.00;C+B;144;200;;[COSH283115-BLAC-34] 10u (I25) 144d | [COSH283115-BLAC-34] 10u (I25) 144d | [COSH283115-BLAC-34] 10u (I25) 144d | [COSH283115-BLAC-34] 10u (I25) 144d | [COSH283115-BLAC-33] 10u (I25) 144d | [COSH283115-BLAC-33] 10u (I25) 144d | [COSH283115-BLAC-33] 10u (I25) 144d | [COSH283115-BLAC-33] 10u (I25) 144d | [COSH283115-BLAC-33] 10u (I25) 144d | [COSH283115-BLAC-33] 10u (I25) 144d | [COSH283115-BLAC-33] 10u (I25) 144d | [COSH283115-BLAC-33] 10u (I25) 144d;[COSH283115-BLAC-36] 10u (I25) 144d | [COSH283115-BLAC-36] 10u (I25) 144d | [COSH283115-BLAC-30] 10u (I25) 144d | [COSH283115-BLAC-30] 10u (I25) 144d | [COSH283115-BLAC-30] 10u (I25) 144d | [COSH283115-BLAC-30] 10u (I25) 144d | [COSH283115-BLAC-27] 10u (I25) 144d | [COSH283115-BLAC-27] 10u (I25) 144d;
CLAGD/Stock/StorageGD/CLA-031-16-03-02;GOLD;I25;200;0.00;C+B;144;200;;[COSH283115-BLAC-34] 10u (I25) 144d | [COSH283115-BLAC-34] 10u (I25) 144d | [COSH283115-BLAC-34] 10u (I25) 144d;[COSH283115-WHIT-35] 10u (I25) 144d | [COSH283115-WHIT-35] 10u (I25) 144d | [COSH283115-WHIT-35] 10u (I25) 144d | [COSH283115-WHIT-33] 10u (I25) 144d | [COSH283115-WHIT-33] 10u (I25) 144d | [COSH283115-WHIT-31] 10u (I25) 144d | [COSH283115-WHIT-31] 10u (I25) 144d | [COSH283115-WHIT-30] 10u (I25) 144d | [COSH283115-BLAC-36] 10u (I25) 144d | [COSH283115-BLAC-29] 10u (I25) 144d | [COSH283115-BLAC-29] 10u (I25) 144d | [COSH283115-BLAC-29] 10u (I25) 144d | [COSH283115-BLAC-28] 10u (I25) 144d | [COSH283115-BLAC-28] 10u (I25) 144d | [COSH283115-BLAC-28] 10u (I25) 144d | [COSH283115-BLAC-28] 10u (I25) 144d | [COSH283115-BLAC-28] 10u (I25) 144d;
CLAGD/Stock/StorageGD/CLA-031-16-03-03;GOLD;I25;200;0.00;C+B;144;200;;[COSH283115-BLAC-35] 10u (I25) 144d | [COSH283115-BLAC-35] 10u (I25) 144d | [COSH283115-BLAC-34] 10u (I25) 144d | [COSH283115-BLAC-34] 10u (I25) 144d | [COSH283115-BLAC-34] 10u (I25) 144d | [COSH283115-BLAC-33] 10u (I25) 144d | [COSH283115-BLAC-33] 10u (I25) 144d | [COSH283115-BLAC-33] 10u (I25) 144d | [COSH283115-BLAC-33] 10u (I25) 144d | [COSH283115-BLAC-33] 10u (I25) 144d;[COSH283115-BLAC-36] 10u (I25) 144d | [COSH283115-BLAC-36] 10u (I25) 144d | [COSH283115-BLAC-30] 10u (I25) 144d | [COSH283115-BLAC-30] 10u (I25) 144d | [COSH283115-BLAC-30] 10u (I25) 144d | [COSH283115-BLAC-30] 10u (I25) 144d | [COSH283115-BLAC-29] 10u (I25) 144d | [COSH283115-BLAC-29] 10u (I25) 144d | [COSH283115-BLAC-29] 10u (I25) 144d | [COSH283115-BLAC-29] 10u (I25) 144d;
CLAGD/Stock/StorageGD/CLA-041-06-02-03;GOLD;I25;200;0.00;A+B;434;100;[COSH542020-NAVY-31] 20u (I25) 434d | [COSH542020-NAVY-28] 20u (I25) 434d | [COSH542020-NAVY-28] 20u (I25) 434d | [COSH542020-NAVY-28] 20u (I25) 434d | [COSH542020-NAVY-28] 20u (I25) 434d | [COSH542020-NAVY-26] 20u (I25) 434d;[COSH542020-NAVY-27] 20u (I25) 434d | [COSH542020-NAVY-27] 20u (I25) 434d | [COSH542020-NAVY-27] 20u (I25) 434d | [COSH542020-NAVY-25] 20u (I25) 434d;;
CLAGD/Stock/StorageGD/CLA-041-08-01-01;GOLD;I24+V25+I25;200;0.00;C+B+D;482;200;;[COTXDRE024-GREY-5A] 12u (I24) 482d | [COTXSWE016-BEIG-6A] 12u (I24) 482d | [COTXSWE016-BEIG-5A] 12u (I24) 482d | [COTXJOG016-GREY-12A] 10u (I24) 110d | [COTXDRE025-BEIG-12A] 15u (I24) 482d;[COTXSKI019-BEIG-12A] 12u (I24) 482d | [COTXSKI019-BEIG-6A] 12u (I24) 482d | [COTXSKI019-BEIG-6A] 11u (I24) 482d | [COTXSKI019-BEIG-6A] 11u (I24) 482d | [COTXSKI019-BEIG-5A] 11u (I24) 482d | [COTXTSH047-WHIT-10A] 8u (V25) 279d | [COTXTSH040-OFFW-6A] 12u (I24) 482d | [COTXSWE024-BEIG-8A] 10u (I25) 110d | [COTXSWE022-BEIG-10A] 10u (I25) 110d | [COTXDRE037-BEIG-8A] 6u (I25) 110d | [COTXJOG015-BURG-10A] 9u (I25) 110d | [COTXDRE037-BEIG-5A] 5u (I25) 110d | [COTXDRE037-BEIG-10A] 5u (I25) 110d;[COTXSWE021-WHIT-10A] 9u (V25) 279d | [COTXJOG015-BURG-4A] 8u (I25) 12d
CLAGD/Stock/StorageGD/CLA-072-14-01-02;GOLD;I25;200;0.00;A+B;439;200;[COSH542021-NAVY-26] 10u (I25) 433d | [COSH542021-TAN-26] 10u (I25) 439d | [COSH542021-TAN-25] 10u (I25) 439d | [COSH542021-TAN-25] 10u (I25) 439d | [COSH542021-TAN-25] 10u (I25) 439d | [COSH542021-TAN-25] 10u (I25) 439d | [COSH542021-TAN-25] 10u (I25) 439d | [COSH542021-TAN-24] 10u (I25) 439d | [COSH542021-TAN-24] 10u (I25) 439d | [COSH542021-TAN-24] 10u (I25) 439d | [COSH542021-TAN-23] 10u (I25) 439d | [COSH542021-TAN-23] 10u (I25) 439d | [COSH542021-TAN-22] 10u (I25) 439d | [COSH542021-TAUP-27] 10u (I25) 433d | [COSH542021-TAUP-27] 10u (I25) 433d | [COSH542021-TAUP-25] 10u (I25) 433d | [COSH542021-TAUP-24] 10u (I25) 433d | [COSH542021-TAUP-23] 10u (I25) 433d | [COSH542021-TAUP-23] 10u (I25) 433d;[COSH542021-NAVY-25] 10u (I25) 433d;;
CLAGD/Stock/StorageGD/CLA-031-12-02-02;GOLD;I25;190;0.00;C+D+B;146;190;;[COSH283119-WHIT-30] 10u (I25) 145d | [COSH283119-BLAC-33] 10u (I25) 145d | [COSH283119-BLAC-28] 10u (I25) 145d | [COSH283119-BLAC-28] 10u (I25) 145d | [COSH283119-BLAC-26] 10u (I25) 145d;[BJSH401007-WHIT-35] 10u (I25) 146d | [COSH283119-WHIT-32] 10u (I25) 145d | [COSH283119-WHIT-32] 10u (I25) 145d | [COSH283119-WHIT-31] 10u (I25) 145d | [COSH283119-BLAC-30] 10u (I25) 145d | [COSH283119-BEIG-35] 10u (I25) 145d | [COSH283119-BEIG-32] 10u (I25) 145d | [COSH283119-BEIG-32] 10u (I25) 145d | [COSH283119-BEIG-31] 10u (I25) 145d | [COSH283119-BEIG-29] 10u (I25) 145d | [COSH283119-BEIG-28] 10u (I25) 145d | [COSH283119-BEIG-27] 10u (I25) 145d | [COSH283119-BEIG-26] 10u (I25) 145d;[BJSH401003-BEIG-33] 10u (I25) 146d
CLAGD/Stock/StorageGD/CLA-031-13-02-01;GOLD;I25;190;0.00;C+D+B;146;190;;[COSH283119-WHIT-27] 10u (I25) 145d | [COSH283119-WHIT-26] 10u (I25) 145d | [COSH283119-BLAC-28] 10u (I25) 145d | [COSH542103-TAN-33] 10u (I25) 138d;[BJSH401007-WHIT-36] 10u (I25) 146d | [BJSH401003-OFFW-35] 10u (I25) 146d | [COSH283119-WHIT-33] 10u (I25) 145d | [COSH283119-WHIT-29] 10u (I25) 145d | [COSH283119-BLAC-32] 10u (I25) 145d | [COSH283119-BLAC-31] 10u (I25) 145d | [COSH283119-BLAC-27] 10u (I25) 145d | [COSH283119-BEIG-36] 10u (I25) 145d | [COSH283119-BEIG-30] 10u (I25) 145d | [COSH283119-BEIG-29] 10u (I25) 145d | [COSH283119-BEIG-28] 10u (I25) 145d | [COSH542104-GOLD-35] 10u (I25) 138d | [COSH542104-GOLD-29] 10u (I25) 138d;[COSH283119-WHIT-34] 10u (I25) 145d | [COSH542102-BEIG-33] 10u (I25) 139d
CLAGD/Stock/StorageGD/CLA-031-14-01-03;GOLD;I25;190;0.00;D+C+B;145;190;;[COSH283119-WHIT-30] 10u (I25) 145d;[COSH283121-PINK-29] 10u (I25) 145d | [COSH283121-PINK-29] 10u (I25) 145d | [COSH283121-PINK-28] 10u (I25) 145d | [COSH283121-PINK-26] 10u (I25) 145d | [COSH283119-PINK-29] 10u (I25) 145d | [COSH283119-PINK-25] 10u (I25) 145d | [COSH283119-PINK-23] 10u (I25) 145d | [COSH283119-BEIG-34] 10u (I25) 145d | [COSH283119-BEIG-33] 10u (I25) 145d | [COSH283119-BEIG-29] 10u (I25) 145d | [COSH283119-BEIG-27] 10u (I25) 145d | [COSH283119-BEIG-25] 10u (I25) 145d | [COSH283119-BEIG-24] 10u (I25) 145d;[COSH283121-PINK-36] 10u (I25) 145d | [COSH283121-PINK-36] 10u (I25) 145d | [COSH283121-PINK-22] 10u (I25) 145d | [COSH283119-PINK-27] 10u (I25) 145d | [COSH283119-BEIG-22] 10u (I25) 145d
CLAGD/Stock/StorageGD/CLA-031-15-02-02;GOLD;I25;190;0.00;C;144;190;;;[COSH283118-PINK-34] 10u (I25) 144d | [COSH283115-WHIT-36] 10u (I25) 144d | [COSH283115-WHIT-34] 10u (I25) 144d | [COSH283115-WHIT-34] 10u (I25) 144d | [COSH283115-WHIT-34] 10u (I25) 144d | [COSH283115-WHIT-34] 10u (I25) 144d | [COSH283115-WHIT-32] 10u (I25) 144d | [COSH283115-WHIT-32] 10u (I25) 144d | [COSH283115-WHIT-32] 10u (I25) 144d | [COSH283115-WHIT-32] 10u (I25) 144d | [COSH283115-WHIT-32] 10u (I25) 144d | [COSH283115-WHIT-32] 10u (I25) 144d | [COSH283115-WHIT-28] 10u (I25) 144d | [COSH283115-WHIT-27] 10u (I25) 144d | [COSH283115-WHIT-27] 10u (I25) 144d | [COSH283115-WHIT-27] 10u (I25) 144d | [COSH283115-WHIT-27] 10u (I25) 144d | [COSH283115-WHIT-27] 10u (I25) 144d | [COSH283115-BLAC-31] 10u (I25) 144d;
CLAGD/Stock/StorageGD/CLA-031-15-03-02;GOLD;I25;190;0.00;C;144;190;;;[COSH283118-PINK-35] 10u (I25) 144d | [COSH283118-PINK-29] 10u (I25) 144d | [COSH283118-PINK-28] 10u (I25) 144d | [COSH283118-PINK-28] 10u (I25) 144d | [COSH283118-PINK-27] 10u (I25) 144d | [COSH283118-PINK-27] 10u (I25) 144d | [COSH283118-PINK-26] 10u (I25) 144d | [COSH283118-PINK-26] 10u (I25) 144d | [COSH283118-PINK-26] 10u (I25) 144d | [COSH283118-PINK-24] 10u (I25) 144d | [COSH283118-PINK-22] 10u (I25) 144d | [COSH283118-BLAC-36] 10u (I25) 144d | [COSH283118-BLAC-34] 10u (I25) 144d | [COSH283118-BLAC-28] 10u (I25) 144d | [COSH283118-BLAC-28] 10u (I25) 144d | [COSH283118-BLAC-26] 10u (I25) 144d | [COSH283118-BLAC-25] 10u (I25) 144d | [COSH283115-BLAC-31] 10u (I25) 144d | [COSH283115-BLAC-31] 10u (I25) 144d;
CLAGD/Stock/StorageGD/CLA-031-15-03-03;GOLD;I25;190;0.00;C;144;190;;;[COSH283118-PINK-36] 10u (I25) 144d | [COSH283118-PINK-32] 10u (I25) 144d | [COSH283118-PINK-32] 10u (I25) 144d | [COSH283118-PINK-23] 10u (I25) 144d | [COSH283118-BLAC-35] 10u (I25) 144d | [COSH283118-BLAC-33] 10u (I25) 144d | [COSH283118-BLAC-33] 10u (I25) 144d | [COSH283118-BLAC-31] 10u (I25) 144d | [COSH283118-BLAC-31] 10u (I25) 144d | [COSH283118-BLAC-30] 10u (I25) 144d | [COSH283118-BLAC-29] 10u (I25) 144d | [COSH283118-BLAC-29] 10u (I25) 144d | [COSH283118-BLAC-29] 10u (I25) 144d | [COSH283118-BLAC-28] 10u (I25) 144d | [COSH283118-BLAC-27] 10u (I25) 144d | [COSH283118-BLAC-27] 10u (I25) 144d | [COSH283118-BLAC-26] 10u (I25) 144d | [COSH283118-BLAC-26] 10u (I25) 144d | [COSH283118-BLAC-25] 10u (I25) 144d;
CLAGD/Stock/StorageGD/CLA-031-16-01-02;GOLD;I25;190;0.00;C+D;144;190;;;[COSH283115-WHIT-35] 10u (I25) 144d | [COSH283115-WHIT-35] 10u (I25) 144d | [COSH283115-WHIT-35] 10u (I25) 144d | [COSH283115-WHIT-35] 10u (I25) 144d | [COSH283115-WHIT-33] 10u (I25) 144d | [COSH283115-WHIT-33] 10u (I25) 144d | [COSH283115-WHIT-31] 10u (I25) 144d | [COSH283115-WHIT-31] 10u (I25) 144d | [COSH283115-WHIT-31] 10u (I25) 144d | [COSH283115-WHIT-30] 10u (I25) 144d | [COSH283115-WHIT-30] 10u (I25) 144d | [COSH283115-WHIT-30] 10u (I25) 144d | [COSH283115-WHIT-30] 10u (I25) 144d | [COSH283115-WHIT-30] 10u (I25) 144d | [COSH283115-WHIT-30] 10u (I25) 144d | [COSH283115-WHIT-30] 10u (I25) 144d | [COSH283115-WHIT-30] 10u (I25) 144d;[COSH283115-WHIT-29] 10u (I25) 144d | [COSH283115-WHIT-29] 10u (I25) 144d
CLAGD/Stock/StorageGD/CLA-047-02-03-03;GOLD;I25;190;0.00;A+B;175;190;[COSH542084-BRON-36] 10u (I25) 175d | [COSH542084-BRON-36] 10u (I25) 175d | [COSH542084-BRON-32] 10u (I25) 175d | [COSH542084-BRON-32] 10u (I25) 175d | [COSH542084-BRON-32] 10u (I25) 175d | [COSH542084-BRON-31] 10u (I25) 175d | [COSH542084-BRON-31] 10u (I25) 175d | [COSH542084-BRON-30] 10u (I25) 175d | [COSH542084-BRON-29] 10u (I25) 175d | [COSH542084-BRON-28] 10u (I25) 175d | [COSH542084-BRON-27] 10u (I25) 175d | [COSH542084-BRON-26] 10u (I25) 175d | [COSH542084-BRON-25] 10u (I25) 175d | [COSH542084-BRON-25] 10u (I25) 175d;[COSH542084-BRON-24] 10u (I25) 175d | [COSH542084-BRON-24] 10u (I25) 175d | [COSH542084-BRON-24] 10u (I25) 175d | [COSH542084-BRON-22] 10u (I25) 175d | [COSH542084-BRON-22] 10u (I25) 175d;;
CLAGD/Stock/StorageGD/CLA-047-07-01-01;GOLD;I24+I25+I23+I17;186;1036.40;B+A+D+C;581;170;[BJSH542090-GOLD-38] 7u (I24) 356d | [COSH283005-WHIT-32] 2u (I23) 516d | [COSH283005-WHIT-33] 2u (I23) 516d;[BJSH542090-BLAC-41] 4u (I24) 356d | [BJSH542090-BLAC-34] 1u (I24) 384d | [BJSH542090-GOLD-37] 2u (I24) 384d | [COSH249005-PINK-31] 10u (I25) 214d | [COSH249005-PINK-30] 10u (I25) 214d | [COSH249005-GREY-28] 10u (I25) 214d | [COSH283005-WHIT-29] 1u (I23) 516d | [COSH283005-WHIT-30] 2u (I23) 516d | [COSH283005-WHIT-31] 2u (I23) 516d | [COSH283005-WHIT-34] 1u (I23) 516d | [COSH283005-WHIT-35] 1u (I23) 516d | [COSH283005-WHIT-36] 1u (I23) 516d | [COSH283093-WHIT-30] 2u (I24) 516d | [COSH283093-WHIT-32] 2u (I24) 516d | [COSH283093-WHIT-34] 1u (I24) 516d | [COSH283093-WHIT-35] 1u (I24) 516d | [COSH283093-WHIT-36] 1u (I24) 516d | [COSH264004-NAVY-31] 2u (I24) 524d | [COSH264004-NAVY-33] 2u (I24) 524d | [COSH264004-NAVY-34] 1u (I24) 524d | [COSH264004-NAVY-36] 1u (I24) 524d | [COSH264004-NAVY-31] 2u (I24) 524d | [COSH264004-NAVY-33] 2u (I24) 524d | [COSH264004-NAVY-34] 1u (I24) 524d | [COSH264004-NAVY-36] 1u (I24) 524d | [COSH264004-NAVY-31] 2u (I24) 524d | [COSH264004-NAVY-33] 2u (I24) 524d | [COSH264004-NAVY-34] 1u (I24) 524d | [COSH264004-NAVY-36] 1u (I24) 524d | [COSH264004-NAVY-31] 2u (I24) 384d | [COSH264004-NAVY-33] 2u (I24) 384d | [COSH264004-NAVY-34] 1u (I24) 384d | [COSH264004-NAVY-36] 1u (I24) 384d | [COSH265031-TITA-24] 1u (I23) 581d | [COSH265031-TITA-29] 1u (I23) 581d | [COSH265031-TITA-32] 1u (I23) 581d | [COSH265031-TITA-33] 1u (I23) 581d | [COSH265031-TITA-24] 1u (I23) 581d | [COSH265031-TITA-29] 1u (I23) 581d | [COSH265031-TITA-32] 1u (I23) 581d | [COSH265031-TITA-33] 1u (I23) 581d | [COSH265031-NAVY-24] 1u (I23) 581d | [COSH265031-NAVY-25] 1u (I23) 581d | [COSH265031-NAVY-27] 1u (I23) 581d | [COSH265031-NAVY-29] 1u (I23) 581d | [COSH265031-NAVY-33] 1u (I23) 581d | [COSH265031-NAVY-35] 1u (I23) 581d | [HI222003-0020_-38] 3u (I17) 581d;[COSH283093-WHIT-29] 1u (I24) 516d | [COSH283093-WHIT-31] 2u (I24) 516d | [COSH283093-WHIT-33] 2u (I24) 516d | [COSH264004-NAVY-29] 1u (I24) 524d | [COSH264004-NAVY-30] 2u (I24) 524d | [COSH264004-NAVY-32] 2u (I24) 524d | [COSH264004-NAVY-35] 1u (I24) 524d | [COSH264004-NAVY-29] 1u (I24) 524d | [COSH264004-NAVY-30] 2u (I24) 524d | [COSH264004-NAVY-32] 2u (I24) 524d | [COSH264004-NAVY-35] 1u (I24) 524d | [COSH264004-NAVY-29] 1u (I24) 524d | [COSH264004-NAVY-30] 2u (I24) 524d | [COSH264004-NAVY-32] 2u (I24) 524d | [COSH264004-NAVY-35] 1u (I24) 524d | [COSH264004-NAVY-29] 1u (I24) 384d | [COSH264004-NAVY-30] 2u (I24) 384d | [COSH264004-NAVY-32] 2u (I24) 384d | [COSH264004-NAVY-35] 1u (I24) 384d;[COSH249005-PINK-33] 10u (I25) 214d | [COSH265031-TITA-25] 1u (I23) 581d | [COSH265031-TITA-26] 1u (I23) 581d | [COSH265031-TITA-27] 1u (I23) 581d | [COSH265031-TITA-28] 1u (I23) 581d | [COSH265031-TITA-30] 1u (I23) 581d | [COSH265031-TITA-31] 1u (I23) 581d | [COSH265031-TITA-34] 1u (I23) 581d | [COSH265031-TITA-35] 1u (I23) 581d | [COSH265031-TITA-25] 1u (I23) 581d | [COSH265031-TITA-26] 1u (I23) 581d | [COSH265031-TITA-27] 1u (I23) 581d | [COSH265031-TITA-28] 1u (I23) 581d | [COSH265031-TITA-30] 1u (I23) 581d | [COSH265031-TITA-31] 1u (I23) 581d | [COSH265031-TITA-34] 1u (I23) 581d | [COSH265031-TITA-35] 1u (I23) 581d | [COSH265031-PINK-27] 2u (I23) 581d | [COSH265031-PINK-28] 2u (I23) 581d | [COSH265031-PINK-29] 2u (I23) 581d | [COSH265031-PINK-30] 1u (I23) 581d | [COSH265031-PINK-31] 1u (I23) 581d | [COSH265031-PINK-32] 1u (I23) 581d | [COSH265031-PINK-33] 1u (I23) 581d | [COSH265031-PINK-34] 1u (I23) 581d | [COSH265031-PINK-35] 1u (I23) 581d | [COSH265031-NAVY-26] 1u (I23) 581d | [COSH265031-NAVY-28] 1u (I23) 581d | [COSH265031-NAVY-30] 1u (I23) 581d | [COSH265031-NAVY-31] 1u (I23) 581d | [COSH265031-NAVY-32] 1u (I23) 581d | [COSH265031-NAVY-34] 1u (I23) 581d | [HI222003-0020_-36] 2u (I17) 581d | [HI222003-0020_-37] 4u (I17) 581d | [HI222003-0020_-39] 2u (I17) 581d | [HI222003-0020_-40] 1u (I17) 581d
CLAGD/Stock/StorageGD/CLA-045-07-01-02;GOLD;V24+V23;182;1596.26;C+D;581;160;;;[OSSH122066-GOLD-19] 1u (V24) 581d | [OSSH122066-GOLD-20] 1u (V24) 581d | [OSSH122066-GOLD-21] 2u (V24) 581d | [OSSH122066-GOLD-22] 2u (V24) 581d | [OSSH122066-GOLD-23] 2u (V24) 581d | [OSSH122066-GOLD-24] 2u (V24) 581d | [OSSH122066-GOLD-25] 1u (V24) 581d | [OSSH122066-GOLD-26] 1u (V24) 581d | [OSSH122062-BEIG-20] 1u (V24) 581d | [OSSH122062-BEIG-21] 1u (V24) 581d | [OSSH122062-BEIG-22] 2u (V24) 581d | [OSSH122062-BEIG-23] 2u (V24) 581d | [OSSH122062-BEIG-24] 2u (V24) 581d | [OSSH122062-BEIG-25] 2u (V24) 581d | [OSSH122062-BEIG-19] 1u (V24) 581d | [OSSH122062-BEIG-20] 1u (V24) 581d | [OSSH122062-BEIG-21] 2u (V24) 581d | [OSSH122062-BEIG-22] 2u (V24) 581d | [OSSH122062-BEIG-23] 2u (V24) 581d | [OSSH122062-BEIG-24] 2u (V24) 581d | [OSSH122062-BEIG-25] 1u (V24) 581d | [OSSH122062-BEIG-19] 1u (V24) 581d | [OSSH122062-BEIG-20] 1u (V24) 581d | [OSSH122062-BEIG-21] 2u (V24) 581d | [OSSH122062-BEIG-22] 2u (V24) 581d | [OSSH122062-BEIG-23] 2u (V24) 581d | [OSSH122062-BEIG-24] 2u (V24) 581d | [OSSH122062-BEIG-25] 1u (V24) 581d | [OSSH122062-BEIG-19] 1u (V24) 581d | [OSSH122062-BEIG-20] 1u (V24) 581d | [OSSH122062-BEIG-21] 2u (V24) 581d | [OSSH122062-BEIG-22] 2u (V24) 581d | [OSSH122062-BEIG-23] 2u (V24) 581d | [OSSH122062-BEIG-24] 2u (V24) 581d | [OSSH122062-BEIG-25] 1u (V24) 581d | [OSSH151057-WHIT-20] 2u (V24) 581d | [OSSH151057-WHIT-21] 2u (V24) 581d | [OSSH151057-WHIT-22] 2u (V24) 581d | [OSSH151057-WHIT-23] 2u (V24) 581d | [OSSH151057-WHIT-24] 2u (V24) 581d | [OSSH151057-WHIT-25] 2u (V24) 581d | [OSSH151057-WHIT-20] 2u (V24) 581d | [OSSH151057-WHIT-21] 2u (V24) 581d | [OSSH151057-WHIT-22] 2u (V24) 581d | [OSSH151057-WHIT-23] 2u (V24) 581d | [OSSH151057-WHIT-24] 2u (V24) 581d | [OSSH151057-WHIT-25] 2u (V24) 581d | [OSSH151056-SILV-20] 2u (V24) 581d | [OSSH151056-SILV-21] 2u (V24) 581d | [OSSH151056-SILV-22] 2u (V24) 581d | [OSSH151056-SILV-23] 2u (V24) 581d | [OSSH151056-SILV-24] 2u (V24) 581d | [OSSH151056-SILV-25] 2u (V24) 581d | [OSSH151056-GOLD-20] 2u (V24) 581d | [OSSH151056-GOLD-21] 2u (V24) 581d | [OSSH151056-GOLD-23] 2u (V24) 581d | [OSSH151056-GOLD-24] 2u (V24) 581d | [OSSH151056-GOLD-25] 2u (V24) 581d | [OSSH151056-GOLD-20] 2u (V24) 581d | [OSSH151056-GOLD-21] 2u (V24) 581d | [OSSH151056-GOLD-23] 2u (V24) 581d | [OSSH151056-GOLD-24] 2u (V24) 581d | [OSSH151056-GOLD-25] 2u (V24) 581d | [OSSH151056-GOLD-20] 2u (V24) 581d | [OSSH151056-GOLD-21] 2u (V24) 581d | [OSSH151056-GOLD-23] 2u (V24) 581d | [OSSH151056-GOLD-24] 2u (V24) 581d | [OSSH151056-GOLD-25] 2u (V24) 581d | [OSSH151056-GOLD-20] 2u (V24) 581d | [OSSH151056-GOLD-21] 2u (V24) 581d | [OSSH151056-GOLD-23] 2u (V24) 581d | [OSSH151056-GOLD-24] 2u (V24) 581d | [OSSH151056-GOLD-25] 2u (V24) 581d | [OSSH151056-GOLD-20] 2u (V24) 581d | [OSSH151056-GOLD-21] 2u (V24) 581d | [OSSH151056-GOLD-23] 2u (V24) 581d | [OSSH151056-GOLD-24] 2u (V24) 581d | [OSSH151056-GOLD-25] 2u (V24) 581d;[OSSH122062-BEIG-26] 2u (V24) 581d | [OSSH122062-BEIG-26] 1u (V24) 581d | [OSSH122062-BEIG-26] 1u (V24) 581d | [OSSH122062-BEIG-26] 1u (V24) 581d | [OSSH151056-GOLD-22] 2u (V24) 581d | [OSSH151056-GOLD-22] 2u (V24) 581d | [OSSH151056-GOLD-22] 2u (V24) 581d | [OSSH151056-GOLD-22] 2u (V24) 581d | [OSSH151056-GOLD-22] 2u (V24) 581d | [NV232811-0371-36] 1u (V23) 581d | [NV232811-0371-37] 1u (V23) 581d | [NV232811-0371-38] 2u (V23) 581d | [NV232811-0371-39] 2u (V23) 581d | [NV232811-0371-40] 1u (V23) 581d | [NV232811-0371-41] 1u (V23) 581d | [NV234406-0207-36] 2u (V23) 581d | [NV234406-0207-37] 3u (V23) 581d | [NV234406-0207-38] 2u (V23) 581d | [NV234406-0207-39] 1u (V23) 581d | [NV234406-0207-40] 1u (V23) 581d | [NV234406-0207-36] 2u (V23) 581d | [NV234406-0207-37] 3u (V23) 581d | [NV234406-0207-38] 2u (V23) 581d | [NV234406-0207-39] 1u (V23) 581d | [NV234406-0207-40] 1u (V23) 581d
CLAGD/Stock/StorageGD/CLA-031-11-01-01;GOLD;I25;180;0.00;C+B;150;180;;[TESH500016-BEIG-24] 10u (I25) 144d | [TESH501001-PINK-23] 10u (I25) 150d;[TESH500019-SILVER-25] 10u (I25) 144d | [TESH500019-SILVER-23] 10u (I25) 144d | [TESH500019-SILVER-23] 10u (I25) 144d | [TESH500019-SILVER-21] 10u (I25) 144d | [TESH500019-SILVER-21] 10u (I25) 144d | [TESH500019-PINK-23] 10u (I25) 144d | [TESH500016-BEIG-25] 10u (I25) 144d | [TESH500016-BEIG-25] 10u (I25) 144d | [TESH500016-BEIG-23] 10u (I25) 144d | [TESH500016-BEIG-22] 10u (I25) 144d | [TESH500016-BEIG-21] 10u (I25) 144d | [TESH500016-BEIG-20] 10u (I25) 144d | [BJSH401007-WHIT-36] 10u (I25) 146d | [BJSH401003-BLAC-40] 10u (I25) 146d | [COSH283119-PINK-33] 10u (I25) 145d | [TESH500019-SILVER-20] 10u (I25) 144d;
CLAGD/Stock/StorageGD/CLA-031-11-02-01;GOLD;I25;180;0.00;C+B;144;180;;[TESH500016-BEIG-24] 10u (I25) 144d;[TESH500019-SILVER-25] 10u (I25) 144d | [TESH500019-SILVER-25] 10u (I25) 144d | [TESH500019-SILVER-25] 10u (I25) 144d | [TESH500019-SILVER-24] 10u (I25) 144d | [TESH500019-SILVER-24] 10u (I25) 144d | [TESH500019-SILVER-23] 10u (I25) 144d | [TESH500019-SILVER-22] 10u (I25) 144d | [TESH500019-SILVER-22] 10u (I25) 144d | [TESH500019-SILVER-21] 10u (I25) 144d | [TESH500019-SILVER-21] 10u (I25) 144d | [TESH500019-SILVER-20] 10u (I25) 144d | [TESH500019-SILVER-20] 10u (I25) 144d | [TESH500019-PINK-25] 10u (I25) 144d | [TESH500019-PINK-25] 10u (I25) 144d | [TESH500019-PINK-23] 10u (I25) 144d | [TESH500019-NAVY-24] 10u (I25) 144d | [TESH500016-BEIG-20] 10u (I25) 144d;
CLAGD/Stock/StorageGD/CLA-031-11-02-02;GOLD;I25;180;0.00;C;144;180;;;[TESH500019-SILVER-22] 10u (I25) 144d | [TESH500019-PINK-25] 10u (I25) 144d | [TESH500019-PINK-25] 10u (I25) 144d | [TESH500019-PINK-24] 10u (I25) 144d | [TESH500019-PINK-24] 10u (I25) 144d | [TESH500019-PINK-23] 10u (I25) 144d | [TESH500019-PINK-21] 10u (I25) 144d | [TESH500019-PINK-21] 10u (I25) 144d | [TESH500019-NAVY-24] 10u (I25) 144d | [TESH500019-NAVY-24] 10u (I25) 144d | [TESH500019-NAVY-24] 10u (I25) 144d | [TESH500019-NAVY-22] 10u (I25) 144d | [TESH500019-NAVY-21] 10u (I25) 144d | [TESH500019-NAVY-21] 10u (I25) 144d | [TESH500019-NAVY-20] 10u (I25) 144d | [TESH500019-NAVY-20] 10u (I25) 144d | [TESH500019-NAVY-20] 10u (I25) 144d | [TESH500019-NAVY-20] 10u (I25) 144d;
CLAGD/Stock/StorageGD/CLA-031-11-03-02;GOLD;I25;180;0.00;B+D+C;144;180;;[COSH282107-SILV-33] 10u (I25) 144d;[COSH282107-BLAC-34] 10u (I25) 144d | [COSH282107-BLAC-33] 10u (I25) 144d | [COSH282107-BLAC-31] 10u (I25) 144d | [COSH282107-BLAC-31] 10u (I25) 144d | [COSH282107-BLAC-30] 10u (I25) 144d | [COSH282107-BLAC-29] 10u (I25) 144d | [COSH282107-BLAC-29] 10u (I25) 144d | [COSH282107-BLAC-29] 10u (I25) 144d | [COSH282107-BLAC-28] 10u (I25) 144d | [COSH282107-BLAC-28] 10u (I25) 144d | [COSH282107-BLAC-28] 10u (I25) 144d | [COSH282107-BLAC-27] 10u (I25) 144d | [COSH282107-BLAC-27] 10u (I25) 144d | [COSH282107-BLAC-26] 10u (I25) 144d | [COSH282107-BLAC-25] 10u (I25) 144d | [COSH282107-BLAC-25] 10u (I25) 144d;[COSH282107-BLAC-36] 10u (I25) 144d
CLAGD/Stock/StorageGD/CLA-031-13-01-01;GOLD;I25;180;0.00;C+B;144;180;;[COSH282107-SILV-32] 10u (I25) 144d | [COSH282107-SILV-32] 10u (I25) 144d | [COSH282107-SILV-30] 10u (I25) 144d | [COSH282107-SILV-27] 10u (I25) 144d | [COSH264026-GOLD-33] 10u (I25) 144d | [COSH264026-GOLD-31] 10u (I25) 144d | [COSH264026-GOLD-31] 10u (I25) 144d | [COSH264026-GOLD-29] 10u (I25) 144d | [COSH264026-GOLD-28] 10u (I25) 144d;[COSH282107-SILV-34] 10u (I25) 144d | [COSH282107-SILV-34] 10u (I25) 144d | [COSH264026-GOLD-35] 10u (I25) 144d | [COSH264026-GOLD-34] 10u (I25) 144d | [COSH264026-GOLD-32] 10u (I25) 144d | [COSH264026-GOLD-32] 10u (I25) 144d | [COSH264026-GOLD-26] 10u (I25) 144d | [COSH264026-GOLD-25] 10u (I25) 144d | [COSH264026-GOLD-23] 10u (I25) 144d;
CLAGD/Stock/StorageGD/CLA-031-14-02-03;GOLD;I25;180;0.00;C+B;144;180;;[COSH283115-BLAC-35] 10u (I25) 144d | [COSH283115-BLAC-35] 10u (I25) 144d | [COSH283115-BLAC-33] 10u (I25) 144d;[COSH283118-PINK-32] 10u (I25) 144d | [COSH283115-BLAC-32] 10u (I25) 144d | [COSH283115-BLAC-32] 10u (I25) 144d | [COSH283115-BLAC-32] 10u (I25) 144d | [COSH283115-BLAC-32] 10u (I25) 144d | [COSH283115-BLAC-32] 10u (I25) 144d | [COSH283115-BLAC-32] 10u (I25) 144d | [COSH283115-BLAC-31] 10u (I25) 144d | [COSH283115-BLAC-31] 10u (I25) 144d | [COSH283115-BLAC-31] 10u (I25) 144d | [COSH283115-BLAC-30] 10u (I25) 144d | [COSH283115-BLAC-30] 10u (I25) 144d | [COSH283115-BLAC-27] 10u (I25) 144d | [COSH283115-BLAC-27] 10u (I25) 144d | [COSH283115-BLAC-27] 10u (I25) 144d;
CLAGD/Stock/StorageGD/CLA-031-15-02-03;GOLD;I25;180;0.00;C+B;144;180;;[COSH283115-BLAC-34] 10u (I25) 144d | [COSH283115-BLAC-34] 10u (I25) 144d | [COSH283115-BLAC-34] 10u (I25) 144d | [COSH283115-BLAC-34] 10u (I25) 144d;[COSH283115-WHIT-31] 10u (I25) 144d | [COSH283115-WHIT-31] 10u (I25) 144d | [COSH283115-WHIT-31] 10u (I25) 144d | [COSH283115-WHIT-31] 10u (I25) 144d | [COSH283115-BLAC-29] 10u (I25) 144d | [COSH283115-BLAC-29] 10u (I25) 144d | [COSH283115-BLAC-29] 10u (I25) 144d | [COSH283115-BLAC-29] 10u (I25) 144d | [COSH283115-BLAC-29] 10u (I25) 144d | [COSH283115-BLAC-29] 10u (I25) 144d | [COSH283115-BLAC-29] 10u (I25) 144d | [COSH283115-BLAC-28] 10u (I25) 144d | [COSH283115-BLAC-28] 10u (I25) 144d | [COSH283115-BLAC-28] 10u (I25) 144d;
CLAGD/Stock/StorageGD/CLA-031-16-01-03;GOLD;I25;180;0.00;C+B;144;180;;[COSH283115-BLAC-34] 10u (I25) 144d;[COSH283115-WHIT-35] 10u (I25) 144d | [COSH283115-WHIT-31] 10u (I25) 144d | [COSH283115-WHIT-31] 10u (I25) 144d | [COSH283115-WHIT-31] 10u (I25) 144d | [COSH283115-WHIT-31] 10u (I25) 144d | [COSH283115-WHIT-31] 10u (I25) 144d | [COSH283115-WHIT-31] 10u (I25) 144d | [COSH283115-WHIT-31] 10u (I25) 144d | [COSH283115-WHIT-31] 10u (I25) 144d | [COSH283115-WHIT-31] 10u (I25) 144d | [COSH283115-WHIT-31] 10u (I25) 144d | [COSH283115-BLAC-28] 10u (I25) 144d | [COSH283115-BLAC-28] 10u (I25) 144d | [COSH283115-BLAC-28] 10u (I25) 144d | [COSH283115-BLAC-28] 10u (I25) 144d | [COSH283115-BLAC-28] 10u (I25) 144d | [COSH283115-BLAC-28] 10u (I25) 144d;
CLAGD/Stock/StorageGD/CLA-046-07-02-03;GOLD;I25;180;0.00;A;195;180;[COSH542021-TAUP-25] 10u (I25) 195d | [COSH542021-TAN-36] 10u (I25) 195d | [COSH542021-TAN-36] 10u (I25) 195d | [COSH542021-TAN-34] 10u (I25) 195d | [COSH542021-TAN-33] 10u (I25) 195d | [COSH542021-TAN-32] 10u (I25) 195d | [COSH542021-TAN-31] 10u (I25) 195d | [COSH542021-TAN-30] 10u (I25) 195d | [COSH542021-TAN-29] 10u (I25) 195d | [COSH542021-TAN-29] 10u (I25) 195d | [COSH542021-TAN-27] 10u (I25) 195d | [COSH542021-TAN-27] 10u (I25) 195d | [COSH542021-TAN-26] 10u (I25) 195d | [COSH542021-TAN-26] 10u (I25) 195d | [COSH542021-TAN-24] 10u (I25) 195d | [COSH542021-TAN-23] 10u (I25) 195d | [COSH542021-TAN-23] 10u (I25) 195d | [COSH542021-TAN-22] 10u (I25) 195d;;;
CLAGD/Stock/StorageGD/CLA-072-15-01-02;GOLD;I25;180;0.00;D+C+B;172;180;;[COSH261030-PINK-30] 10u (I25) 172d | [COSH261030-PINK-30] 10u (I25) 172d | [COSH261030-PINK-30] 10u (I25) 172d | [COSH261030-PINK-30] 10u (I25) 172d | [COSH261030-PINK-29] 10u (I25) 172d | [COSH261030-PINK-29] 10u (I25) 172d | [COSH261030-PINK-28] 10u (I25) 172d | [COSH261030-PINK-28] 10u (I25) 172d | [COSH261030-PINK-28] 10u (I25) 172d | [COSH261030-PINK-25] 10u (I25) 172d;[COSH261031-SILV-28] 10u (I25) 172d | [COSH261031-SILV-28] 10u (I25) 172d | [COSH261031-SILV-28] 10u (I25) 172d | [COSH261031-SILV-26] 10u (I25) 172d | [COSH261031-SILV-26] 10u (I25) 172d | [COSH261030-PINK-32] 10u (I25) 172d | [COSH261030-PINK-31] 10u (I25) 172d;[COSH261031-SILV-30] 10u (I25) 172d
CLAGD/Stock/StorageGD/CLA-031-14-01-02;GOLD;I25;176;0.00;B+C+D;146;150;;[TESH516004-PINK-20] 2u (I25) 144d | [TESH516004-PINK-20] 2u (I25) 144d | [TESH516009-NAVY-23] 2u (I25) 144d | [TESH516009-NAVY-23] 2u (I25) 144d;[TESH516004-PINK-21] 2u (I25) 144d | [TESH516004-PINK-22] 2u (I25) 144d | [TESH516004-PINK-23] 2u (I25) 144d | [TESH516004-PINK-24] 2u (I25) 144d | [TESH516004-PINK-25] 2u (I25) 144d | [TESH516004-PINK-21] 2u (I25) 144d | [TESH516004-PINK-22] 2u (I25) 144d | [TESH516004-PINK-23] 2u (I25) 144d | [TESH516004-PINK-24] 2u (I25) 144d | [TESH516004-PINK-25] 2u (I25) 144d | [TESH516003-GOLD-20] 2u (I25) 144d | [TESH516003-GOLD-21] 2u (I25) 144d | [TESH516003-GOLD-22] 2u (I25) 144d | [TESH516003-GOLD-23] 2u (I25) 144d | [TESH516003-GOLD-24] 2u (I25) 144d | [TESH516003-GOLD-25] 2u (I25) 144d | [TESH516009-NAVY-20] 2u (I25) 144d | [TESH516009-NAVY-21] 2u (I25) 144d | [TESH516009-NAVY-22] 2u (I25) 144d | [TESH516009-NAVY-24] 2u (I25) 144d | [TESH516009-NAVY-25] 2u (I25) 144d | [TESH516009-NAVY-20] 2u (I25) 144d | [TESH516009-NAVY-21] 2u (I25) 144d | [TESH516009-NAVY-22] 2u (I25) 144d | [TESH516009-NAVY-24] 2u (I25) 144d | [TESH516009-NAVY-25] 2u (I25) 144d | [TESH516003-GOLD-20] 2u (I25) 144d | [TESH516003-GOLD-21] 2u (I25) 144d | [TESH516003-GOLD-22] 2u (I25) 144d | [TESH516003-GOLD-23] 2u (I25) 144d | [TESH516003-GOLD-24] 2u (I25) 144d | [TESH516003-GOLD-25] 2u (I25) 144d | [TESH516003-GOLD-20] 2u (I25) 144d | [TESH516003-GOLD-21] 2u (I25) 144d | [TESH516003-GOLD-22] 2u (I25) 144d | [TESH516003-GOLD-23] 2u (I25) 144d | [TESH516003-GOLD-24] 2u (I25) 144d | [TESH516003-GOLD-25] 2u (I25) 144d | [TESH516003-GOLD-20] 2u (I25) 144d | [TESH516003-GOLD-21] 2u (I25) 144d | [TESH516003-GOLD-22] 2u (I25) 144d | [TESH516003-GOLD-23] 2u (I25) 144d | [TESH516003-GOLD-24] 2u (I25) 144d | [TESH516003-GOLD-25] 2u (I25) 144d | [TESH516003-GOLD-20] 2u (I25) 144d | [TESH516003-GOLD-21] 2u (I25) 144d | [TESH516003-GOLD-22] 2u (I25) 144d | [TESH516003-GOLD-23] 2u (I25) 144d | [TESH516003-GOLD-24] 2u (I25) 144d | [TESH516003-GOLD-25] 2u (I25) 144d | [TESH516003-GOLD-20] 2u (I25) 144d | [TESH516003-GOLD-21] 2u (I25) 144d | [TESH516003-GOLD-22] 2u (I25) 144d | [TESH516003-GOLD-23] 2u (I25) 144d | [TESH516003-GOLD-24] 2u (I25) 144d | [TESH516003-GOLD-25] 2u (I25) 144d | [TESH516003-GOLD-20] 2u (I25) 144d | [TESH516003-GOLD-21] 2u (I25) 144d | [TESH516003-GOLD-22] 2u (I25) 144d | [TESH516003-GOLD-23] 2u (I25) 144d | [TESH516003-GOLD-24] 2u (I25) 144d | [TESH516003-GOLD-25] 2u (I25) 144d | [TESH516003-GOLD-20] 2u (I25) 144d | [TESH516003-GOLD-21] 2u (I25) 144d | [TESH516003-GOLD-22] 2u (I25) 144d | [TESH516003-GOLD-23] 2u (I25) 144d | [TESH516003-GOLD-24] 2u (I25) 144d | [TESH516003-GOLD-25] 2u (I25) 144d | [TESH516003-GOLD-20] 2u (I25) 144d | [TESH516003-GOLD-21] 2u (I25) 144d | [TESH516003-GOLD-22] 2u (I25) 144d | [TESH516003-GOLD-23] 2u (I25) 144d | [TESH516003-GOLD-24] 2u (I25) 144d | [TESH516003-GOLD-25] 2u (I25) 144d | [COSH283119-WHIT-31] 10u (I25) 145d;[BJSH401007-PINK-34] 10u (I25) 146d
CLAGD/Stock/StorageGD/CLA-041-09-01-03;GOLD;I24+I25;171;0.00;B+C;482;190;;[COTXSKI018-PINK-6A] 11u (I24) 482d | [COTXSKI018-PINK-4A] 12u (I24) 482d | [COTXHOD010-BEIG-6A] 8u (I24) 482d | [COTXTSH040-OFFW-12A] 12u (I24) 482d | [COTXTSH039-OFFW-6A] 12u (I24) 482d;[COTXTSH056-OFFW-6A] 10u (I25) 110d | [COTXTSH056-OFFW-10A] 10u (I25) 110d | [COTXTSH054-OFFW-8A] 15u (I25) 110d | [COTXTSH054-OFFW-6A] 15u (I25) 110d | [COTXTSH054-OFFW-5A] 10u (I25) 110d | [COTXTSH054-OFFW-10A] 10u (I25) 110d | [COTXHOD019-BEIG-4A] 5u (I25) 110d | [COTXHOD019-BEIG-10A] 5u (I25) 110d | [COTXHOD018-BEIG-8A] 5u (I25) 110d | [COTXHOD018-BEIG-10A] 5u (I25) 110d | [COTXDRE033-PINK-8A] 5u (I25) 110d | [COTXDRE033-PINK-5A] 5u (I25) 110d | [COTXDRE033-PINK-4A] 4u (I25) 110d | [COTXTSH040-OFFW-4A] 12u (I24) 482d;
CLAGD/Stock/StorageGD/CLA-031-11-03-01;GOLD;I25;170;0.00;C+B;144;170;;[COSH282107-SILV-32] 10u (I25) 144d | [COSH282107-SILV-30] 10u (I25) 144d | [COSH282107-SILV-29] 10u (I25) 144d | [COSH282107-SILV-28] 10u (I25) 144d | [COSH282107-SILV-28] 10u (I25) 144d;[COSH282107-SILV-35] 10u (I25) 144d | [COSH282107-SILV-31] 10u (I25) 144d | [COSH282107-SILV-31] 10u (I25) 144d | [COSH282107-SILV-26] 10u (I25) 144d | [COSH282107-SILV-26] 10u (I25) 144d | [COSH282107-SILV-25] 10u (I25) 144d | [COSH282107-BLAC-35] 10u (I25) 144d | [COSH282107-BLAC-32] 10u (I25) 144d | [COSH282107-BLAC-31] 10u (I25) 144d | [COSH282107-BLAC-30] 10u (I25) 144d | [COSH282107-BLAC-28] 10u (I25) 144d | [COSH282107-BLAC-27] 10u (I25) 144d;
CLAGD/Stock/StorageGD/CLA-031-16-01-01;GOLD;I25;170;0.00;C;144;170;;;[COSH283115-WHIT-35] 10u (I25) 144d | [COSH283115-WHIT-35] 10u (I25) 144d | [COSH283115-WHIT-35] 10u (I25) 144d | [COSH283115-WHIT-33] 10u (I25) 144d | [COSH283115-WHIT-33] 10u (I25) 144d | [COSH283115-WHIT-33] 10u (I25) 144d | [COSH283115-WHIT-33] 10u (I25) 144d | [COSH283115-WHIT-33] 10u (I25) 144d | [COSH283115-WHIT-31] 10u (I25) 144d | [COSH283115-WHIT-31] 10u (I25) 144d | [COSH283115-WHIT-31] 10u (I25) 144d | [COSH283115-WHIT-31] 10u (I25) 144d | [COSH283115-WHIT-30] 10u (I25) 144d | [COSH283115-WHIT-30] 10u (I25) 144d | [COSH283115-WHIT-30] 10u (I25) 144d | [COSH283115-WHIT-28] 10u (I25) 144d | [COSH283115-BLAC-29] 10u (I25) 144d;
CLAGD/Stock/StorageGD/CLA-041-06-01-03;GOLD;I24+I25;170;0.00;B+C+D;482;270;;[COTXSKI018-PINK-10A] 11u (I24) 482d | [COTXHOD014-PINK-12A] 15u (I24) 482d;[COTXSKI027-BROW-6A] 10u (I25) 110d | [COTXSKI027-BROW-12A] 10u (I25) 110d | [COTXSKI027-BROW-10A] 10u (I25) 110d | [COTXDRE036-GREY-5A] 5u (I25) 110d | [COTXDRE036-GREY-10A] 5u (I25) 110d | [COTXDRE036-GREY-10A] 5u (I25) 110d | [COTXDRE036-GREY-10A] 5u (I25) 110d | [COTXDRE035-BEIG-6A] 5u (I25) 110d | [COTXDRE035-BEIG-6A] 5u (I25) 110d | [COTXDRE035-BEIG-6A] 5u (I25) 110d | [COTXDRE035-BEIG-12A] 5u (I25) 110d | [COTXDRE033-PINK-6A] 5u (I25) 110d | [COTXDRE033-PINK-6A] 5u (I25) 110d | [COTXDRE033-PINK-12A] 5u (I25) 110d | [COTXHOD016-PINK-8A] 5u (I25) 110d | [COTXHOD016-PINK-8A] 5u (I25) 110d | [COTXHOD016-PINK-6A] 5u (I25) 110d | [COTXHOD016-PINK-4A] 4u (I25) 110d | [COTXDRE035-BEIG-5A] 5u (I25) 110d | [COTXSKI029-NAVY-8A] 10u (I25) 110d;[COTXHOD018-BEIG-6A] 5u (I25) 110d | [COTXHOD018-BEIG-6A] 5u (I25) 110d | [COTXHOD018-BEIG-6A] 5u (I25) 110d | [COTXHOD018-BEIG-5A] 5u (I25) 110d | [COTXHOD016-PINK-5A] 5u (I25) 110d
CLAGD/Stock/StorageGD/CLA-041-07-02-01;GOLD;I25;170;0.00;C+D+B;172;170;;[COSH261030-PINK-27] 10u (I25) 172d | [COSH261030-PINK-27] 10u (I25) 172d | [COSH261030-PINK-26] 10u (I25) 172d | [COSH261030-PINK-26] 10u (I25) 172d | [COSH261030-PINK-26] 10u (I25) 172d;[COSH261031-SILV-34] 10u (I25) 172d | [COSH261031-SILV-32] 10u (I25) 172d | [COSH261031-SILV-28] 10u (I25) 172d | [COSH261031-SILV-28] 10u (I25) 172d | [COSH261031-SILV-28] 10u (I25) 172d | [COSH261031-SILV-27] 10u (I25) 172d | [COSH261031-SILV-27] 10u (I25) 172d | [COSH261031-SILV-27] 10u (I25) 172d | [COSH261031-SILV-26] 10u (I25) 172d | [COSH261031-SILV-25] 10u (I25) 172d;[COSH261031-SILV-31] 10u (I25) 172d | [COSH261030-PINK-34] 10u (I25) 172d
CLAGD/Stock/StorageGD/CLA-043-02-03-02;GOLD;I25;170;0.00;A+B;434;170;[COSH542020-TAUP-27] 10u (I25) 434d | [COSH542020-TAUP-27] 10u (I25) 434d | [COSH542020-TAUP-27] 10u (I25) 434d | [COSH542020-TAUP-27] 10u (I25) 434d | [COSH542020-TAUP-27] 10u (I25) 434d | [COSH542020-TAUP-27] 10u (I25) 434d | [COSH542020-TAUP-27] 10u (I25) 434d | [COSH542020-TAUP-27] 10u (I25) 434d | [COSH542020-TAUP-27] 10u (I25) 434d | [COSH542020-TAUP-27] 10u (I25) 434d | [COSH542020-TAUP-27] 10u (I25) 434d;[COSH542020-TAUP-26] 10u (I25) 434d | [COSH542020-TAUP-26] 10u (I25) 434d | [COSH542020-TAUP-26] 10u (I25) 434d | [COSH542020-TAUP-26] 10u (I25) 434d | [COSH542020-TAUP-26] 10u (I25) 434d | [COSH542020-TAUP-26] 10u (I25) 434d;;
CLAGD/Stock/StorageGD/CLA-045-01-03-02;GOLD;V25;170;0.00;D+C+B;343;170;;[COSH284096-WHIT-27] 10u (V25) 301d | [COSH283100-MULT-29] 10u (V25) 343d;[COSH284096-WHIT-33] 10u (V25) 301d | [COSH284096-WHIT-33] 10u (V25) 301d | [COSH284096-WHIT-32] 10u (V25) 301d | [COSH284096-WHIT-31] 10u (V25) 301d | [COSH284096-WHIT-30] 10u (V25) 301d | [COSH284096-WHIT-30] 10u (V25) 301d | [COSH284096-WHIT-29] 10u (V25) 301d | [COSH284096-WHIT-29] 10u (V25) 301d;[COSH284096-WHIT-34] 10u (V25) 301d | [COSH284096-WHIT-34] 10u (V25) 301d | [COSH284096-WHIT-28] 10u (V25) 301d | [COSH284096-WHIT-28] 10u (V25) 301d | [COSH284096-WHIT-28] 10u (V25) 301d | [COSH283100-MULT-32] 10u (V25) 343d | [COSH283100-MULT-32] 10u (V25) 343d
CLAGD/Stock/StorageGD/CLA-046-03-03-03;GOLD;I25;170;0.00;A;195;170;[COSH542021-TAN-35] 10u (I25) 195d | [COSH542021-TAN-33] 10u (I25) 195d | [COSH542021-TAN-32] 10u (I25) 195d | [COSH542021-TAN-32] 10u (I25) 195d | [COSH542021-TAN-31] 10u (I25) 195d | [COSH542021-TAN-31] 10u (I25) 195d | [COSH542021-TAN-30] 10u (I25) 195d | [COSH542021-TAN-30] 10u (I25) 195d | [COSH542021-TAN-30] 10u (I25) 195d | [COSH542021-TAN-29] 10u (I25) 195d | [COSH542021-TAN-29] 10u (I25) 195d | [COSH542021-TAN-29] 10u (I25) 195d | [COSH542021-TAN-28] 10u (I25) 195d | [COSH542021-TAN-28] 10u (I25) 195d | [COSH542021-TAN-28] 10u (I25) 195d | [COSH542021-TAN-24] 10u (I25) 195d | [COSH542021-TAN-23] 10u (I25) 195d;;;
CLAGD/Stock/StorageGD/CLA-046-04-02-01;GOLD;I25;170;0.00;A;195;170;[COSH542021-TAN-35] 10u (I25) 195d | [COSH542021-TAN-34] 10u (I25) 195d | [COSH542021-TAN-32] 10u (I25) 195d | [COSH542021-TAN-32] 10u (I25) 195d | [COSH542021-TAN-32] 10u (I25) 195d | [COSH542021-TAN-32] 10u (I25) 195d | [COSH542021-TAN-31] 10u (I25) 195d | [COSH542021-TAN-30] 10u (I25) 195d | [COSH542021-TAN-30] 10u (I25) 195d | [COSH542021-TAN-29] 10u (I25) 195d | [COSH542021-TAN-29] 10u (I25) 195d | [COSH542021-TAN-26] 10u (I25) 195d | [COSH542021-TAN-24] 10u (I25) 195d | [COSH542021-TAN-23] 10u (I25) 195d | [COSH542021-TAN-22] 10u (I25) 195d | [COSH542021-TAN-22] 10u (I25) 195d | [COSH542021-TAN-22] 10u (I25) 195d;;;
CLAGD/Stock/StorageGD/CLA-046-05-02-02;GOLD;I25;170;0.00;A;195;170;[COSH542021-TAN-35] 10u (I25) 195d | [COSH542021-TAN-35] 10u (I25) 195d | [COSH542021-TAN-34] 10u (I25) 195d | [COSH542021-TAN-34] 10u (I25) 195d | [COSH542021-TAN-32] 10u (I25) 195d | [COSH542021-TAN-32] 10u (I25) 195d | [COSH542021-TAN-32] 10u (I25) 195d | [COSH542021-TAN-31] 10u (I25) 195d | [COSH542021-TAN-31] 10u (I25) 195d | [COSH542021-TAN-30] 10u (I25) 195d | [COSH542021-TAN-29] 10u (I25) 195d | [COSH542021-TAN-28] 10u (I25) 195d | [COSH542021-TAN-27] 10u (I25) 195d | [COSH542021-TAN-24] 10u (I25) 195d | [COSH542021-TAN-24] 10u (I25) 195d | [COSH542021-TAN-23] 10u (I25) 195d | [COSH542021-TAN-22] 10u (I25) 195d;;;
CLAGD/Stock/StorageGD/CLA-046-06-02-01;GOLD;I25;170;0.00;A;195;170;[COSH542021-TAUP-33] 10u (I25) 195d | [COSH542021-TAUP-33] 10u (I25) 195d | [COSH542021-TAUP-32] 10u (I25) 195d | [COSH542021-TAUP-32] 10u (I25) 195d | [COSH542021-TAUP-31] 10u (I25) 195d | [COSH542021-TAUP-31] 10u (I25) 195d | [COSH542021-TAUP-31] 10u (I25) 195d | [COSH542021-TAUP-30] 10u (I25) 195d | [COSH542021-TAUP-29] 10u (I25) 195d | [COSH542021-TAUP-29] 10u (I25) 195d | [COSH542021-TAUP-29] 10u (I25) 195d | [COSH542021-TAUP-28] 10u (I25) 195d | [COSH542021-TAUP-24] 10u (I25) 195d | [COSH542021-TAUP-23] 10u (I25) 195d | [COSH542021-TAUP-23] 10u (I25) 195d | [COSH542021-TAN-30] 10u (I25) 195d | [COSH542021-TAN-27] 10u (I25) 195d;;;
CLAGD/Stock/StorageGD/CLA-047-02-03-02;GOLD;I25;170;0.00;B+A;175;170;[COSH542084-BRON-36] 10u (I25) 175d | [COSH542084-BRON-36] 10u (I25) 175d | [COSH542084-BRON-35] 10u (I25) 175d | [COSH542084-BRON-33] 10u (I25) 175d | [COSH542084-BRON-33] 10u (I25) 175d | [COSH542084-BRON-32] 10u (I25) 175d | [COSH542084-BRON-31] 10u (I25) 175d | [COSH542084-BRON-30] 10u (I25) 175d | [COSH542084-BRON-30] 10u (I25) 175d | [COSH542084-BRON-29] 10u (I25) 175d | [COSH542084-BRON-28] 10u (I25) 175d | [COSH542084-BRON-28] 10u (I25) 175d | [COSH542084-BRON-27] 10u (I25) 175d | [COSH542021-TAN-33] 10u (I25) 175d;[COSH542084-PEWT-27] 10u (I25) 175d | [COSH542084-PEWT-26] 10u (I25) 175d | [COSH542084-BRON-23] 10u (I25) 175d;;
CLAGD/Stock/StorageGD/CLA-046-08-01-01;GENERIC;I25;162;975.44;D+C+A+B;620;90;[COSH542065-TAN-29] 1u (I25) 434d | [COSH542065-BEIG-33] 1u (I25) 454d | [COSH542083-TAUP-28] 4u (I25) 444d | [COSH542083-TAUP-32] 1u (I25) 299d | [COSH542083-TAUP-25] 3u (I25) 444d | [COSH542083-TAUP-36] 1u (I25) 299d | [COSH542083-TAN-26] 1u (I25) 326d | [COSH542083-TAN-22] 4u (I25) 350d | [COSH542083-TAN-24] 2u (I25) 453d | [COSH542083-TAN-27] 3u (I25) 363d | [COSH542083-TAN-25] 1u (I25) 350d;[BJSH542083-BLAC-41] 9u (I25) 495d | [COSH542065-TAUP-23] 3u (I25) 434d | [COSH542065-TAUP-22] 3u (I25) 434d | [COSH542065-TAUP-27] 1u (I25) 434d | [COSH542065-TAUP-28] 2u (I25) 434d | [COSH542065-TAUP-31] 1u (I25) 320d | [COSH542065-BEIG-32] 1u (I25) 349d | [COSH542065-BEIG-31] 2u (I25) 454d | [COSH542065-BEIG-29] 1u (I25) 315d | [COSH542065-BEIG-34] 1u (I25) 423d | [COSH542065-BEIG-35] 1u (I25) 439d | [COSH542083-TAUP-22] 1u (I25) 350d | [COSH542083-TAN-23] 1u (I25) 370d | [COSH542083-TAUP-34] 7u (I25) 342d;[COSH542065-TAN-26] 2u (I25) 434d | [COSH542065-TAN-30] 1u (I25) 434d | [COSH542065-TAN-25] 3u (I25) 434d | [COSH542065-TAN-24] 1u (I25) 434d | [COSH542065-TAN-23] 8u (I25) 434d | [COSH542065-TAN-24] 2u (I25) 434d;[COSH200002-NAVY-30] 89u (I25) 620d
CLAGD/Stock/StorageGD/CLA-072-17-03-01;GOLD;I25+I17;162;123.72;A+B+D;581;160;[COSH542020-TAUP-32] 10u (I25) 434d | [COSH542020-TAUP-32] 10u (I25) 434d | [COSH542020-TAUP-32] 10u (I25) 434d | [COSH542020-TAUP-31] 10u (I25) 434d | [COSH542020-TAUP-31] 10u (I25) 434d | [COSH542020-TAUP-31] 10u (I25) 434d | [COSH542020-TAUP-30] 10u (I25) 434d | [COSH542020-TAUP-30] 10u (I25) 434d | [COSH542020-TAUP-30] 10u (I25) 434d | [COSH542020-TAUP-28] 10u (I25) 434d | [COSH542020-TAUP-28] 10u (I25) 434d | [COSH542020-TAUP-28] 10u (I25) 434d | [COSH542020-TAUP-28] 10u (I25) 434d | [COSH542020-TAUP-28] 10u (I25) 434d | [COSH542020-TAUP-28] 10u (I25) 434d;[HI222003-0399-36] 1u (I17) 581d | [HI222003-0399-37] 2u (I17) 581d | [HI222003-0399-38] 3u (I17) 581d | [HI222003-0399-39] 3u (I17) 581d | [HI222003-0399-41] 1u (I17) 581d;;[HI222003-0399-40] 2u (I17) 581d
CLAGD/Stock/StorageGD/CLAGD/Stock/EXTB2BGD/CLA-009-07-03-02;GOLD;I25;160;0.00;C+D+B;145;160;;[COSH542103-TAN-32] 10u (I25) 138d | [COSH542103-TAN-30] 10u (I25) 138d | [COSH542103-TAN-29] 10u (I25) 138d;[COSH283119-WHIT-35] 10u (I25) 145d | [COSH283119-PINK-32] 10u (I25) 145d | [COSH283119-PINK-32] 10u (I25) 145d | [COSH283119-PINK-25] 10u (I25) 145d | [COSH283119-BEIG-27] 10u (I25) 145d | [COSH283119-BEIG-25] 10u (I25) 145d | [COSH283119-BEIG-24] 10u (I25) 145d | [COSH542107-PINK-35] 10u (I25) 138d | [COSH542107-PINK-28] 10u (I25) 138d | [COSH542104-GOLD-35] 10u (I25) 138d | [COSH542104-GOLD-35] 10u (I25) 138d | [COSH542103-TAN-27] 10u (I25) 138d;[COSH542104-GOLD-34] 10u (I25) 138d
CLAGD/Stock/StorageGD/CLAGD/Stock/StorageGD/CLA-009-09-03-01;GOLD;I25;160;0.00;C+D;145;160;;;[COSH283121-PINK-30] 10u (I25) 145d | [COSH283121-PINK-29] 10u (I25) 145d | [COSH283121-PINK-25] 10u (I25) 145d | [COSH283120-SILV-33] 10u (I25) 145d | [COSH283120-SILV-32] 10u (I25) 145d | [COSH283120-SILV-31] 10u (I25) 145d | [COSH283120-SILV-30] 10u (I25) 145d | [COSH283120-SILV-29] 10u (I25) 145d | [COSH283120-SILV-29] 10u (I25) 145d | [COSH283120-SILV-29] 10u (I25) 145d | [COSH283120-SILV-28] 10u (I25) 145d | [COSH283120-SILV-28] 10u (I25) 145d | [COSH283120-SILV-26] 10u (I25) 145d | [COSH283119-PINK-26] 10u (I25) 145d | [COSH283119-PINK-25] 10u (I25) 145d;[COSH283119-PINK-24] 10u (I25) 145d
CLAGD/Stock/StorageGD/CLA-040-05-03-02;GOLD;V25;160;0.00;D+B;369;160;;[COSH224050-MULT-30] 10u (V25) 369d | [COSH224050-MULT-29] 10u (V25) 369d | [COSH224050-MULT-29] 10u (V25) 369d | [COSH224050-MULT-29] 10u (V25) 369d | [COSH224050-MULT-29] 10u (V25) 369d | [COSH224050-MULT-28] 10u (V25) 369d | [COSH224050-MULT-28] 10u (V25) 369d | [COSH224050-MULT-28] 10u (V25) 369d | [COSH224050-MULT-28] 10u (V25) 369d | [COSH224050-MULT-28] 10u (V25) 369d;;[COSH224050-MULT-34] 10u (V25) 369d | [COSH224050-MULT-32] 10u (V25) 369d | [COSH224050-MULT-31] 10u (V25) 369d | [COSH224050-MULT-31] 10u (V25) 369d | [COSH224050-MULT-31] 10u (V25) 369d | [COSH224050-MULT-31] 10u (V25) 369d
CLAGD/Stock/StorageGD/CLA-042-03-02-03;GOLD;I25;160;0.00;A+B;434;160;[COSH542020-TAUP-25] 10u (I25) 434d | [COSH542020-TAUP-25] 10u (I25) 434d | [COSH542020-TAUP-25] 10u (I25) 434d | [COSH542020-TAUP-25] 10u (I25) 434d;[COSH542020-TAUP-24] 10u (I25) 434d | [COSH542020-TAUP-24] 10u (I25) 434d | [COSH542020-TAUP-24] 10u (I25) 434d | [COSH542020-TAUP-24] 10u (I25) 434d | [COSH542020-TAUP-24] 10u (I25) 434d | [COSH542020-TAUP-24] 10u (I25) 434d | [COSH542020-TAUP-24] 10u (I25) 434d | [COSH542020-TAUP-24] 10u (I25) 434d | [COSH542020-TAUP-23] 10u (I25) 434d | [COSH542020-TAUP-22] 10u (I25) 434d | [COSH542020-TAUP-22] 10u (I25) 434d | [COSH542020-TAUP-22] 10u (I25) 434d;;
CLAGD/Stock/StorageGD/CLA-042-09-03-02;GOLD;I25;160;0.00;C+D;138;160;;;[COSH542105-TAN-36] 10u (I25) 138d | [COSH542105-TAN-36] 10u (I25) 138d | [COSH542105-TAN-34] 10u (I25) 138d | [COSH542105-TAN-32] 10u (I25) 138d | [COSH542105-TAN-31] 10u (I25) 138d | [COSH542105-TAN-29] 10u (I25) 138d | [COSH542105-TAN-27] 10u (I25) 138d | [COSH542105-TAN-27] 10u (I25) 138d | [COSH542105-TAN-23] 10u (I25) 138d | [COSH542104-GOLD-30] 10u (I25) 138d | [COSH542104-GOLD-29] 10u (I25) 138d | [COSH542104-GOLD-27] 10u (I25) 138d | [COSH542104-GOLD-27] 10u (I25) 138d;[COSH542105-TAN-33] 10u (I25) 138d | [COSH542105-TAN-33] 10u (I25) 138d | [COSH542105-TAN-33] 10u (I25) 138d
CLAGD/Stock/StorageGD/CLA-043-04-01-02;GOLD;I25;160;0.00;A+B;187;160;[COSH542083-TAUP-36] 10u (I25) 187d | [COSH542083-TAUP-36] 10u (I25) 187d | [COSH542083-TAUP-35] 10u (I25) 187d | [COSH542083-TAUP-33] 10u (I25) 187d | [COSH542083-TAUP-33] 10u (I25) 187d | [COSH542083-TAUP-32] 10u (I25) 187d | [COSH542083-TAUP-32] 10u (I25) 187d | [COSH542083-TAUP-31] 10u (I25) 187d | [COSH542083-TAUP-29] 10u (I25) 187d | [COSH542083-TAUP-28] 10u (I25) 187d | [COSH542083-TAUP-28] 10u (I25) 187d | [COSH542083-TAN-33] 10u (I25) 187d | [COSH542083-TAN-31] 10u (I25) 187d | [COSH542083-TAN-30] 10u (I25) 187d | [COSH542083-TAN-29] 10u (I25) 187d;[COSH542083-TAUP-34] 10u (I25) 187d;;
CLAGD/Stock/StorageGD/CLA-043-05-03-03;GOLD;I25;160;0.00;A;434;160;[COSH542020-TAN-31] 10u (I25) 434d | [COSH542020-TAN-31] 10u (I25) 434d | [COSH542020-TAN-31] 10u (I25) 434d | [COSH542020-TAN-31] 10u (I25) 434d | [COSH542020-TAN-30] 10u (I25) 434d | [COSH542020-TAN-30] 10u (I25) 434d | [COSH542020-TAN-30] 10u (I25) 434d | [COSH542020-TAN-29] 10u (I25) 434d | [COSH542020-TAN-28] 10u (I25) 434d | [COSH542020-TAN-28] 10u (I25) 434d | [COSH542020-TAN-28] 10u (I25) 434d | [COSH542020-TAN-27] 10u (I25) 434d | [COSH542020-TAN-27] 10u (I25) 434d | [COSH542020-TAN-27] 10u (I25) 434d | [COSH542020-TAN-27] 10u (I25) 434d | [COSH542020-TAN-27] 10u (I25) 434d;;;
CLAGD/Stock/StorageGD/CLA-044-01-01-02;GOLD;I25;160;0.00;A+B;187;160;[COSH542083-TAUP-35] 10u (I25) 187d | [COSH542083-TAUP-33] 10u (I25) 187d | [COSH542083-TAUP-32] 10u (I25) 187d | [COSH542083-TAUP-30] 10u (I25) 187d | [COSH542083-TAUP-30] 10u (I25) 187d | [COSH542083-TAUP-30] 10u (I25) 187d | [COSH542083-TAUP-29] 10u (I25) 187d | [COSH542083-TAUP-28] 10u (I25) 187d | [COSH542083-TAUP-28] 10u (I25) 187d | [COSH542083-TAN-34] 10u (I25) 187d | [COSH542083-TAN-33] 10u (I25) 187d | [COSH542083-TAN-33] 10u (I25) 187d | [COSH542083-TAN-33] 10u (I25) 187d | [COSH542083-TAN-30] 10u (I25) 187d;[COSH542083-TAUP-34] 10u (I25) 187d | [COSH542083-TAUP-34] 10u (I25) 187d;;
CLAGD/Stock/StorageGD/CLA-044-06-01-03;GOLD;I24+I25+V25+V24;160;1060.42;B+D+C;581;120;;[COSH264005-BLAC-23] 10u (I24) 285d | [BJSH542020-TAUP-25] 10u (I25) 285d | [COSH283101-MULT-31] 10u (V25) 343d | [COSH283101-MULT-27] 10u (V25) 343d;[BWSH300101-MULT-36] 1u (V24) 581d | [BWSH300101-MULT-37] 2u (V24) 581d | [BWSH300101-MULT-38] 3u (V24) 581d | [BWSH300101-MULT-39] 3u (V24) 581d | [BWSH300101-MULT-40] 2u (V24) 581d | [BWSH300101-MULT-41] 1u (V24) 581d | [BWSH300101-MULT-36] 1u (V24) 581d | [BWSH300101-MULT-37] 2u (V24) 581d | [BWSH300101-MULT-38] 3u (V24) 581d | [BWSH300101-MULT-39] 3u (V24) 581d | [BWSH300101-MULT-40] 2u (V24) 581d | [BWSH300101-MULT-41] 1u (V24) 581d | [COSH283083-NAVY-27] 1u (V25) 343d | [COSH283083-NAVY-28] 1u (V25) 343d | [COSH283083-NAVY-29] 2u (V25) 343d | [COSH283083-NAVY-30] 2u (V25) 343d | [COSH283083-NAVY-31] 2u (V25) 343d | [COSH283083-NAVY-32] 2u (V25) 343d | [COSH283083-NAVY-33] 1u (V25) 343d | [COSH283083-NAVY-34] 1u (V25) 343d | [COSH283083-NAVY-27] 1u (V25) 343d | [COSH283083-NAVY-28] 1u (V25) 343d | [COSH283083-NAVY-29] 2u (V25) 343d | [COSH283083-NAVY-30] 2u (V25) 343d | [COSH283083-NAVY-31] 2u (V25) 343d | [COSH283083-NAVY-32] 2u (V25) 343d | [COSH283083-NAVY-33] 1u (V25) 343d | [COSH283083-NAVY-34] 1u (V25) 343d | [COSH283083-NAVY-27] 1u (V25) 343d | [COSH283083-NAVY-28] 1u (V25) 343d | [COSH283083-NAVY-29] 2u (V25) 343d | [COSH283083-NAVY-30] 2u (V25) 343d | [COSH283083-NAVY-31] 2u (V25) 343d | [COSH283083-NAVY-32] 2u (V25) 343d | [COSH283083-NAVY-33] 1u (V25) 343d | [COSH283083-NAVY-34] 1u (V25) 343d | [COSH283083-NAVY-27] 3u (V25) 343d | [COSH283083-NAVY-28] 3u (V25) 343d | [COSH283083-NAVY-29] 6u (V25) 343d | [COSH283083-NAVY-30] 6u (V25) 343d | [COSH283083-NAVY-31] 6u (V25) 343d | [COSH283083-NAVY-32] 6u (V25) 343d | [COSH283083-NAVY-33] 3u (V25) 343d | [COSH283083-NAVY-34] 3u (V25) 343d | [COSH283083-NAVY-27] 1u (V25) 343d | [COSH283083-NAVY-28] 1u (V25) 343d | [COSH283083-NAVY-29] 2u (V25) 343d | [COSH283083-NAVY-30] 2u (V25) 343d | [COSH283083-NAVY-31] 2u (V25) 343d | [COSH283083-NAVY-32] 2u (V25) 343d | [COSH283083-NAVY-33] 1u (V25) 343d | [COSH283083-NAVY-34] 1u (V25) 343d;[BJSH333033-GOLD-36] 3u (V25) 188d | [BJSH333033-GOLD-40] 1u (V25) 188d | [BJSH333033-GOLD-39] 1u (V25) 188d | [BJSH333033-GOLD-35] 2u (V25) 188d | [BJSH333033-GOLD-38] 1u (V25) 188d | [BJSH333033-GOLD-37] 2u (V25) 188d | [BJSH333033-GOLD-34] 1u (V25) 188d | [BJSH333033-GOLD-33] 1u (V25) 188d
CLAGD/Stock/StorageGD/CLA-044-06-02-03;GOLD;V25;160;663.30;D+B+C;343;160;;[COSH283108-MULT-27] 10u (V25) 343d | [COSH283108-MULT-25] 10u (V25) 343d | [COSH283101-MULT-31] 10u (V25) 343d;[COSH283108-MULT-26] 10u (V25) 343d | [COSH283108-MULT-26] 10u (V25) 343d | [COSH283101-MULT-24] 10u (V25) 343d;[COSH283108-MULT-29] 10u (V25) 343d | [COSH283108-MULT-29] 10u (V25) 343d | [COSH283108-MULT-29] 10u (V25) 343d | [COSH283108-MULT-28] 10u (V25) 343d | [COSH283108-MULT-28] 10u (V25) 343d | [COSH283108-MULT-28] 10u (V25) 343d | [COSH283108-MULT-28] 10u (V25) 343d | [COSH283101-MULT-32] 10u (V25) 343d | [COSH283101-MULT-32] 10u (V25) 343d | [COSH283101-MULT-28] 10u (V25) 343d
CLAGD/Stock/StorageGD/CLA-046-01-01-02;GOLD;V25;160;0.00;D+C;301;160;;;[COSH264012-WHIT-28] 10u (V25) 301d | [COSH264012-WHIT-28] 10u (V25) 301d | [COSH264012-WHIT-28] 10u (V25) 301d | [COSH264012-WHIT-27] 10u (V25) 301d | [COSH264012-WHIT-27] 10u (V25) 301d;[COSH264012-WHIT-33] 10u (V25) 301d | [COSH264012-WHIT-31] 10u (V25) 301d | [COSH264012-WHIT-31] 10u (V25) 301d | [COSH264012-WHIT-31] 10u (V25) 301d | [COSH264012-WHIT-30] 10u (V25) 301d | [COSH264012-WHIT-30] 10u (V25) 301d | [COSH264012-WHIT-30] 10u (V25) 301d | [COSH264012-WHIT-29] 10u (V25) 301d | [COSH264012-WHIT-29] 10u (V25) 301d | [COSH264012-WHIT-29] 10u (V25) 301d | [COSH264012-WHIT-29] 10u (V25) 301d
CLAGD/Stock/StorageGD/CLA-046-02-03-01;GOLD;I25;160;0.00;A;195;160;[COSH542021-TAUP-35] 10u (I25) 195d | [COSH542021-TAUP-32] 10u (I25) 195d | [COSH542021-TAUP-32] 10u (I25) 195d | [COSH542021-TAUP-32] 10u (I25) 195d | [COSH542021-TAUP-32] 10u (I25) 195d | [COSH542021-TAUP-31] 10u (I25) 195d | [COSH542021-TAUP-31] 10u (I25) 195d | [COSH542021-TAUP-31] 10u (I25) 195d | [COSH542021-TAUP-30] 10u (I25) 195d | [COSH542021-TAUP-29] 10u (I25) 195d | [COSH542021-TAUP-29] 10u (I25) 195d | [COSH542021-TAUP-29] 10u (I25) 195d | [COSH542021-TAUP-28] 10u (I25) 195d | [COSH542021-TAUP-27] 10u (I25) 195d | [COSH542021-TAUP-27] 10u (I25) 195d | [COSH542021-TAUP-27] 10u (I25) 195d;;;
CLAGD/Stock/StorageGD/CLA-046-03-02-02;GOLD;I25;160;0.00;A;195;160;[COSH542021-TAUP-32] 10u (I25) 195d | [COSH542021-TAUP-31] 10u (I25) 195d | [COSH542021-TAUP-30] 10u (I25) 195d | [COSH542021-TAUP-30] 10u (I25) 195d | [COSH542021-TAUP-30] 10u (I25) 195d | [COSH542021-TAUP-30] 10u (I25) 195d | [COSH542021-TAUP-30] 10u (I25) 195d | [COSH542021-TAUP-29] 10u (I25) 195d | [COSH542021-TAUP-29] 10u (I25) 195d | [COSH542021-TAUP-29] 10u (I25) 195d | [COSH542021-TAUP-28] 10u (I25) 195d | [COSH542021-TAUP-28] 10u (I25) 195d | [COSH542021-TAUP-28] 10u (I25) 195d | [COSH542021-TAUP-28] 10u (I25) 195d | [COSH542021-TAUP-28] 10u (I25) 195d | [COSH542021-TAUP-27] 10u (I25) 195d;;;
CLAGD/Stock/StorageGD/CLA-046-03-02-03;GOLD;I25;160;0.00;A;195;160;[COSH542021-TAUP-36] 10u (I25) 195d | [COSH542021-TAUP-36] 10u (I25) 195d | [COSH542021-TAUP-36] 10u (I25) 195d | [COSH542021-TAUP-35] 10u (I25) 195d | [COSH542021-TAUP-35] 10u (I25) 195d | [COSH542021-TAUP-34] 10u (I25) 195d | [COSH542021-TAUP-34] 10u (I25) 195d | [COSH542021-TAUP-34] 10u (I25) 195d | [COSH542021-TAUP-34] 10u (I25) 195d | [COSH542021-TAUP-33] 10u (I25) 195d | [COSH542021-TAUP-33] 10u (I25) 195d | [COSH542021-TAUP-32] 10u (I25) 195d | [COSH542021-TAUP-32] 10u (I25) 195d | [COSH542021-TAUP-31] 10u (I25) 195d | [COSH542021-TAUP-29] 10u (I25) 195d | [COSH542021-TAUP-29] 10u (I25) 195d;;;
CLAGD/Stock/StorageGD/CLA-046-04-02-02;GOLD;I25;160;0.00;A;195;160;[COSH542021-TAN-35] 10u (I25) 195d | [COSH542021-TAN-34] 10u (I25) 195d | [COSH542021-TAN-33] 10u (I25) 195d | [COSH542021-TAN-32] 10u (I25) 195d | [COSH542021-TAN-32] 10u (I25) 195d | [COSH542021-TAN-30] 10u (I25) 195d | [COSH542021-TAN-30] 10u (I25) 195d | [COSH542021-TAN-29] 10u (I25) 195d | [COSH542021-TAN-29] 10u (I25) 195d | [COSH542021-TAN-29] 10u (I25) 195d | [COSH542021-TAN-28] 10u (I25) 195d | [COSH542021-TAN-27] 10u (I25) 195d | [COSH542021-TAN-27] 10u (I25) 195d | [COSH542021-TAN-27] 10u (I25) 195d | [COSH542021-TAN-27] 10u (I25) 195d | [COSH542021-TAN-22] 10u (I25) 195d;;;
CLAGD/Stock/StorageGD/CLA-046-04-02-03;GOLD;I25;160;0.00;A;195;160;[COSH542021-TAUP-35] 10u (I25) 195d | [COSH542021-TAUP-32] 10u (I25) 195d | [COSH542021-TAUP-22] 10u (I25) 195d | [COSH542021-TAN-35] 10u (I25) 195d | [COSH542021-TAN-35] 10u (I25) 195d | [COSH542021-TAN-34] 10u (I25) 195d | [COSH542021-TAN-32] 10u (I25) 195d | [COSH542021-TAN-31] 10u (I25) 195d | [COSH542021-TAN-31] 10u (I25) 195d | [COSH542021-TAN-29] 10u (I25) 195d | [COSH542021-TAN-28] 10u (I25) 195d | [COSH542021-TAN-28] 10u (I25) 195d | [COSH542021-TAN-28] 10u (I25) 195d | [COSH542021-TAN-27] 10u (I25) 195d | [COSH542021-TAN-24] 10u (I25) 195d | [COSH542021-TAN-24] 10u (I25) 195d;;;
CLAGD/Stock/StorageGD/CLA-046-04-03-01;GOLD;I25;160;0.00;A;195;160;[COSH542021-TAUP-32] 10u (I25) 195d | [COSH542021-TAUP-29] 10u (I25) 195d | [COSH542021-TAUP-23] 10u (I25) 195d | [COSH542021-TAUP-22] 10u (I25) 195d | [COSH542021-TAN-36] 10u (I25) 195d | [COSH542021-TAN-35] 10u (I25) 195d | [COSH542021-TAN-33] 10u (I25) 195d | [COSH542021-TAN-32] 10u (I25) 195d | [COSH542021-TAN-32] 10u (I25) 195d | [COSH542021-TAN-31] 10u (I25) 195d | [COSH542021-TAN-30] 10u (I25) 195d | [COSH542021-TAN-29] 10u (I25) 195d | [COSH542021-TAN-28] 10u (I25) 195d | [COSH542021-TAN-28] 10u (I25) 195d | [COSH542021-TAN-25] 10u (I25) 195d | [COSH542021-TAN-23] 10u (I25) 195d;;;
CLAGD/Stock/StorageGD/CLA-046-04-03-02;GOLD;I25;160;0.00;A;195;160;[COSH542021-TAUP-36] 10u (I25) 195d | [COSH542021-TAUP-36] 10u (I25) 195d | [COSH542021-TAUP-36] 10u (I25) 195d | [COSH542021-TAUP-36] 10u (I25) 195d | [COSH542021-TAUP-36] 10u (I25) 195d | [COSH542021-TAUP-35] 10u (I25) 195d | [COSH542021-TAUP-35] 10u (I25) 195d | [COSH542021-TAUP-35] 10u (I25) 195d | [COSH542021-TAUP-34] 10u (I25) 195d | [COSH542021-TAUP-34] 10u (I25) 195d | [COSH542021-TAUP-34] 10u (I25) 195d | [COSH542021-TAUP-33] 10u (I25) 195d | [COSH542021-TAUP-33] 10u (I25) 195d | [COSH542021-TAUP-33] 10u (I25) 195d | [COSH542021-TAUP-32] 10u (I25) 195d | [COSH542021-TAUP-30] 10u (I25) 195d;;;
CLAGD/Stock/StorageGD/CLA-046-04-03-03;GOLD;I25;160;0.00;A;195;160;[COSH542021-TAUP-26] 10u (I25) 195d | [COSH542021-TAN-36] 10u (I25) 195d | [COSH542021-TAN-36] 10u (I25) 195d | [COSH542021-TAN-35] 10u (I25) 195d | [COSH542021-TAN-34] 10u (I25) 195d | [COSH542021-TAN-34] 10u (I25) 195d | [COSH542021-TAN-31] 10u (I25) 195d | [COSH542021-TAN-30] 10u (I25) 195d | [COSH542021-TAN-28] 10u (I25) 195d | [COSH542021-TAN-26] 10u (I25) 195d | [COSH542021-TAN-24] 10u (I25) 195d | [COSH542021-TAN-24] 10u (I25) 195d | [COSH542021-TAN-23] 10u (I25) 195d | [COSH542021-TAN-22] 10u (I25) 195d | [COSH542021-TAN-22] 10u (I25) 195d | [COSH542021-TAN-22] 10u (I25) 195d;;;
CLAGD/Stock/StorageGD/CLA-046-05-03-02;GOLD;I25;160;0.00;A;195;160;[COSH542021-TAUP-35] 10u (I25) 195d | [COSH542021-TAUP-35] 10u (I25) 195d | [COSH542021-TAUP-33] 10u (I25) 195d | [COSH542021-TAUP-33] 10u (I25) 195d | [COSH542021-TAUP-26] 10u (I25) 195d | [COSH542021-TAUP-25] 10u (I25) 195d | [COSH542021-TAUP-25] 10u (I25) 195d | [COSH542021-TAUP-24] 10u (I25) 195d | [COSH542021-TAUP-22] 10u (I25) 195d | [COSH542021-TAN-32] 10u (I25) 195d | [COSH542021-TAN-32] 10u (I25) 195d | [COSH542021-TAN-31] 10u (I25) 195d | [COSH542021-TAN-27] 10u (I25) 195d | [COSH542021-TAN-27] 10u (I25) 195d | [COSH542021-TAN-25] 10u (I25) 195d | [COSH542021-TAN-24] 10u (I25) 195d;;;
CLAGD/Stock/StorageGD/CLA-046-06-02-02;GOLD;I25;160;0.00;A;195;160;[COSH542021-TAN-36] 10u (I25) 195d | [COSH542021-TAN-35] 10u (I25) 195d | [COSH542021-TAN-35] 10u (I25) 195d | [COSH542021-TAN-34] 10u (I25) 195d | [COSH542021-TAN-33] 10u (I25) 195d | [COSH542021-TAN-33] 10u (I25) 195d | [COSH542021-TAN-32] 10u (I25) 195d | [COSH542021-TAN-31] 10u (I25) 195d | [COSH542021-TAN-31] 10u (I25) 195d | [COSH542021-TAN-31] 10u (I25) 195d | [COSH542021-TAN-30] 10u (I25) 195d | [COSH542021-TAN-30] 10u (I25) 195d | [COSH542021-TAN-29] 10u (I25) 195d | [COSH542021-TAN-29] 10u (I25) 195d | [COSH542021-TAN-28] 10u (I25) 195d | [COSH542021-TAN-26] 10u (I25) 195d;;;
CLAGD/Stock/StorageGD/CLA-046-06-03-01;GOLD;I25;160;0.00;A;195;160;[COSH542021-TAUP-35] 10u (I25) 195d | [COSH542021-TAUP-34] 10u (I25) 195d | [COSH542021-TAUP-33] 10u (I25) 195d | [COSH542021-TAUP-33] 10u (I25) 195d | [COSH542021-TAUP-31] 10u (I25) 195d | [COSH542021-TAUP-27] 10u (I25) 195d | [COSH542021-TAUP-26] 10u (I25) 195d | [COSH542021-TAUP-26] 10u (I25) 195d | [COSH542021-TAUP-25] 10u (I25) 195d | [COSH542021-TAUP-25] 10u (I25) 195d | [COSH542021-TAUP-25] 10u (I25) 195d | [COSH542021-TAUP-24] 10u (I25) 195d | [COSH542021-TAUP-24] 10u (I25) 195d | [COSH542021-TAUP-23] 10u (I25) 195d | [COSH542021-TAUP-23] 10u (I25) 195d | [COSH542021-TAN-30] 10u (I25) 195d;;;
CLAGD/Stock/StorageGD/CLA-046-07-02-02;GOLD;I25;160;0.00;A;195;160;[COSH542021-TAUP-30] 10u (I25) 195d | [COSH542021-TAUP-26] 10u (I25) 195d | [COSH542021-TAN-32] 10u (I25) 195d | [COSH542021-TAN-32] 10u (I25) 195d | [COSH542021-TAN-32] 10u (I25) 195d | [COSH542021-TAN-32] 10u (I25) 195d | [COSH542021-TAN-31] 10u (I25) 195d | [COSH542021-TAN-30] 10u (I25) 195d | [COSH542021-TAN-30] 10u (I25) 195d | [COSH542021-TAN-30] 10u (I25) 195d | [COSH542021-TAN-29] 10u (I25) 195d | [COSH542021-TAN-29] 10u (I25) 195d | [COSH542021-TAN-28] 10u (I25) 195d | [COSH542021-TAN-28] 10u (I25) 195d | [COSH542021-TAN-25] 10u (I25) 195d | [COSH542021-TAN-24] 10u (I25) 195d;;;
CLAGD/Stock/StorageGD/CLA-047-02-01-03;GOLD;I24;160;0.00;B;305;160;;[COTXPUF002-PINK-12] 10u (I24) 305d | [COTXPUF002-PINK-12] 10u (I24) 305d | [COTXPUF002-PINK-8] 10u (I24) 305d | [COTXPUF002-PINK-8] 10u (I24) 305d | [COTXPUF002-PINK-8] 10u (I24) 305d | [COTXPUF002-PINK-6] 10u (I24) 305d | [COTXPUF002-PINK-6] 10u (I24) 305d | [COTXPUF002-PINK-6] 10u (I24) 305d | [COTXPUF002-PINK-12] 5u (I24) 305d | [COTXPUF002-PINK-5] 5u (I24) 305d | [COTXPUF002-PINK-5] 10u (I24) 305d | [COTXPUF002-PINK-4] 10u (I24) 305d | [COTXPUF002-BLAC-10] 10u (I24) 305d | [COTXPUF002-BLAC-10] 10u (I24) 305d | [COTXPUF002-BLAC-10] 10u (I24) 305d | [COTXPUF002-BLAC-6] 10u (I24) 305d | [COTXPUF002-BLAC-6] 10u (I24) 305d;;
CLAGD/Stock/StorageGD/CLA-047-08-01-02;GOLD;I25;160;0.00;A;175;160;[COSH542084-BRON-36] 10u (I25) 175d | [COSH542084-BRON-34] 10u (I25) 175d | [COSH542084-BRON-34] 10u (I25) 175d | [COSH542084-BRON-34] 10u (I25) 175d | [COSH542084-BRON-34] 10u (I25) 175d | [COSH542084-BRON-33] 10u (I25) 175d | [COSH542084-BRON-33] 10u (I25) 175d | [COSH542084-BRON-32] 10u (I25) 175d | [COSH542084-BRON-31] 10u (I25) 175d | [COSH542084-BRON-31] 10u (I25) 175d | [COSH542084-BRON-31] 10u (I25) 175d | [COSH542084-BRON-30] 10u (I25) 175d | [COSH542084-BRON-29] 10u (I25) 175d | [COSH542084-BRON-29] 10u (I25) 175d | [COSH542084-BRON-28] 10u (I25) 175d | [COSH542084-BRON-27] 10u (I25) 175d;;;
CLAGD/Stock/StorageGD/CLA-072-14-01-01;GOLD;I25;160;0.00;B+A;175;160;[COSH542084-PEWT-33] 10u (I25) 175d | [COSH542084-PEWT-33] 10u (I25) 175d | [COSH542084-PEWT-32] 10u (I25) 175d | [COSH542084-PEWT-30] 10u (I25) 175d | [COSH542084-PEWT-30] 10u (I25) 175d | [COSH542084-PEWT-30] 10u (I25) 175d | [COSH542084-PEWT-28] 10u (I25) 175d | [COSH542084-PEWT-28] 10u (I25) 175d | [COSH542084-PEWT-28] 10u (I25) 175d;[COSH542084-PEWT-36] 10u (I25) 175d | [COSH542084-PEWT-36] 10u (I25) 175d | [COSH542084-PEWT-35] 10u (I25) 175d | [COSH542084-PEWT-34] 10u (I25) 175d | [COSH542084-PEWT-34] 10u (I25) 175d | [COSH542084-PEWT-29] 10u (I25) 175d | [COSH542084-PEWT-29] 10u (I25) 175d;;
CLAGD/Stock/StorageGD/CLA-072-14-02-01;GOLD;I25;160;0.00;C+A;174;160;[TESH501001-TAUP-25] 10u (I25) 174d | [TESH501001-TAUP-24] 10u (I25) 174d | [TESH501001-TAUP-22] 10u (I25) 174d | [TESH501001-TAUP-22] 10u (I25) 174d | [TESH501001-TAUP-22] 10u (I25) 174d | [TESH501001-TAUP-21] 10u (I25) 174d | [TESH501001-TAUP-21] 10u (I25) 174d | [TESH501001-TAUP-20] 10u (I25) 174d | [TESH501001-TAN-21] 10u (I25) 174d | [TESH501001-TAN-20] 10u (I25) 174d | [TESH501001-TAN-20] 10u (I25) 174d | [TESH501001-TAN-20] 10u (I25) 174d | [TESH501001-TAN-20] 10u (I25) 174d | [TESH501001-TAN-20] 10u (I25) 174d;;[TESH501002-BRON-21] 10u (I25) 174d | [TESH501002-BRON-21] 10u (I25) 174d;
CLAGD/Stock/StorageGD/CLA-072-14-03-03;GOLD;I25;160;0.00;B+A;175;160;[COSH542084-PEWT-32] 10u (I25) 175d | [COSH542084-PEWT-30] 10u (I25) 175d | [COSH542021-TAN-34] 10u (I25) 175d | [COSH542021-TAN-30] 10u (I25) 175d;[COSH542084-PEWT-36] 10u (I25) 175d | [COSH542084-PEWT-36] 10u (I25) 175d | [COSH542084-PEWT-35] 10u (I25) 175d | [COSH542084-PEWT-35] 10u (I25) 175d | [COSH542084-PEWT-35] 10u (I25) 175d | [COSH542084-PEWT-35] 10u (I25) 175d | [COSH542084-PEWT-34] 10u (I25) 175d | [COSH542084-PEWT-34] 10u (I25) 175d | [COSH542084-PEWT-34] 10u (I25) 175d | [COSH542084-PEWT-29] 10u (I25) 175d | [COSH542084-PEWT-25] 10u (I25) 175d | [COSH542084-PEWT-24] 10u (I25) 175d;;
CLAGD/Stock/StorageGD/CLA-072-16-02-01;GOLD;I25;160;0.00;C+D;138;160;;;[COSH542105-TAN-36] 10u (I25) 138d | [COSH542105-TAN-35] 10u (I25) 138d | [COSH542105-TAN-35] 10u (I25) 138d | [COSH542105-TAN-34] 10u (I25) 138d | [COSH542105-TAN-32] 10u (I25) 138d | [COSH542105-TAN-32] 10u (I25) 138d | [COSH542105-TAN-32] 10u (I25) 138d | [COSH542105-TAN-31] 10u (I25) 138d | [COSH542105-TAN-31] 10u (I25) 138d | [COSH542105-TAN-30] 10u (I25) 138d | [COSH542105-TAN-29] 10u (I25) 138d | [COSH542105-TAN-29] 10u (I25) 138d | [COSH542105-TAN-25] 10u (I25) 138d | [COSH542104-GOLD-30] 10u (I25) 138d | [COSH542104-GOLD-30] 10u (I25) 138d;[COSH542105-TAN-33] 10u (I25) 138d
CLAGD/Stock/StorageGD/CLAGD/Stock/EXTB2BGD/CLA-009-05-03-03;BLACK;I25;159;115.03;A+B+C;143;160;[DFSH375006-TAN-36] 1u (I25) 143d | [DFSH375006-TAN-37] 2u (I25) 143d | [DFSH375006-TAN-38] 2u (I25) 143d | [DFSH375006-TAN-39] 2u (I25) 143d | [DFSH375006-TAN-40] 1u (I25) 143d | [DFSH375006-TAN-41] 1u (I25) 143d;[COSH542107-PINK-30] 10u (I25) 138d | [COSH542103-TAN-36] 10u (I25) 138d | [COSH542103-TAN-32] 10u (I25) 138d | [COSH542103-TAN-30] 10u (I25) 138d | [COSH542103-TAN-29] 10u (I25) 138d;[COSH542104-GOLD-33] 10u (I25) 138d | [COSH542104-GOLD-32] 10u (I25) 138d | [COSH542104-GOLD-32] 10u (I25) 138d | [COSH542104-GOLD-31] 10u (I25) 138d | [COSH542104-GOLD-30] 10u (I25) 138d | [COSH542104-GOLD-28] 10u (I25) 138d | [COSH542104-GOLD-26] 10u (I25) 138d | [COSH542104-GOLD-25] 10u (I25) 138d | [COSH542104-GOLD-22] 10u (I25) 138d | [COSH542103-TAN-34] 10u (I25) 138d;
CLAGD/Stock/StorageGD/CLA-072-15-03-02;GOLD;I24+I25+V24;158;282.24;B+A+C;727;150;[COSH542021-TAN-27] 10u (I25) 444d | [COSH542021-TAN-27] 10u (I25) 369d | [COSH542021-TAUP-26] 10u (I25) 418d | [COSH542021-TAUP-26] 10u (I25) 418d;[COSH283092-MULT-32] 10u (I24) 515d | [COSH283092-MULT-31] 10u (I24) 515d | [COSH283092-MULT-30] 10u (I24) 515d | [COSH283092-MULT-28] 10u (I24) 515d | [COSH283092-MULT-27] 10u (I24) 515d | [COSH283092-MULT-27] 10u (I24) 515d | [COSH283092-MULT-26] 10u (I24) 515d | [COSH116001-BEIG-30] 12u (V24) 573d | [COSH249005-PINK-36] 12u (I25) 727d | [COSH249005-GREY-35] 12u (I25) 727d;[COSH116001-BEIG-29] 12u (V24) 573d;
CLAGD/Stock/StorageGD/CLA-041-01-01-01;GOLD;I23+I21+I22+I20+I24;156;765.69;B+C+A;1321;130;[OSSH505003-NAVY-24] 2u (I24) 434d | [OSSH505003-NAVY-25] 2u (I24) 434d | [OSSH505003-NAVY-24] 2u (I24) 434d | [OSSH505003-NAVY-25] 2u (I24) 434d;[KIX265034-GOLD-30] 2u (I23) 32d | [KIS10219-0047-19] 1u (I20) 32d | [KIS10219-0047-24] 1u (I20) 32d | [28001-0020-25] 3u (I22) 32d | [OSSH122071-PLOM-20] 1u (I24) 417d | [OSSH505003-NAVY-20] 2u (I24) 434d | [OSSH505003-NAVY-21] 2u (I24) 434d | [OSSH505003-NAVY-22] 2u (I24) 434d | [OSSH505003-NAVY-23] 2u (I24) 434d | [OSSH505003-NAVY-20] 2u (I24) 434d | [OSSH505003-NAVY-21] 2u (I24) 434d | [OSSH505003-NAVY-22] 2u (I24) 434d | [OSSH505003-NAVY-23] 2u (I24) 434d | [LI231007-0022_-37] 1u (I22) 1063d | [LI231007-0022_-40] 3u (I22) 1321d | [LI231007-0022_-38] 4u (I22) 587d | [LI231007-0022_-39] 1u (I22) 587d | [LI231007-0022_-41] 2u (I22) 1291d | [LI231007-0022_-40] 1u (I22) 1321d | [LI231007-0022_-36] 3u (I22) 1321d | [LI231007-0022_-38] 2u (I22) 587d | [LI231007-0022_-37] 1u (I22) 1063d | [LI231007-0022_-38] 2u (I22) 587d | [LI231007-0022_-39] 6u (I22) 587d | [LI231007-0022_-37] 1u (I22) 1063d | [LI231007-0022_-36] 3u (I22) 1321d | [LI231007-0022_-38] 4u (I22) 587d | [LI231007-0022_-40] 1u (I22) 1321d | [LI231007-0022_-37] 1u (I22) 1063d;[KIX265034-GOLD-32] 1u (I23) 32d | [LIS12243-0592-21] 1u (I21) 32d | [LIS12243-0592-20] 2u (I21) 32d | [LIS12244-0002-20] 1u (I21) 32d | [MI126581-0021-35] 1u (I22) 32d | [MI126581-0027-34] 1u (I22) 32d | [MI126581-0027-32] 1u (I22) 32d | [MI126581-0027-28] 1u (I22) 32d | [MI126581-0021-28] 1u (I22) 32d | [LIS12244-0002-22] 2u (I21) 32d | [LIS12244-0002-24] 1u (I21) 32d | [LIS12243-0592-22] 1u (I21) 32d | [LIS12244-0002-21] 1u (I21) 32d | [LIS12244-0002-23] 1u (I21) 32d | [LIS12243-0592-23] 1u (I21) 32d | [OSSH122071-PLOM-21] 1u (I24) 417d | [OSSH122071-PLOM-22] 2u (I24) 417d | [OSSH122071-PLOM-23] 2u (I24) 417d | [OSSH122071-PLOM-24] 2u (I24) 417d | [OSSH122071-PLOM-25] 2u (I24) 417d | [OSSH122071-PLOM-26] 2u (I24) 417d | [OSSH102102-NAVY-20] 1u (I24) 376d | [OSSH102102-NAVY-21] 1u (I24) 376d | [OSSH102102-NAVY-22] 2u (I24) 376d | [OSSH102102-NAVY-23] 2u (I24) 376d | [OSSH102102-NAVY-24] 2u (I24) 376d | [OSSH102102-NAVY-25] 2u (I24) 376d | [OSSH102102-NAVY-26] 2u (I24) 376d | [OSSH102102-NAVY-19] 1u (I24) 469d | [OSSH102102-NAVY-20] 1u (I24) 469d | [OSSH102102-NAVY-21] 2u (I24) 469d | [OSSH102102-NAVY-22] 2u (I24) 469d | [OSSH102102-NAVY-23] 2u (I24) 469d | [OSSH102102-NAVY-24] 2u (I24) 469d | [OSSH102102-NAVY-25] 1u (I24) 469d | [OSSH102102-NAVY-26] 1u (I24) 469d | [OSSH102102-BORD-20] 1u (I24) 469d | [OSSH102102-BORD-21] 1u (I24) 469d | [OSSH102102-BORD-22] 2u (I24) 469d | [OSSH102102-BORD-23] 2u (I24) 469d | [OSSH102102-BORD-24] 2u (I24) 469d | [OSSH102102-BORD-25] 2u (I24) 469d | [OSSH102102-BORD-26] 2u (I24) 469d | [OSSH102102-BORD-19] 1u (I24) 469d | [OSSH102102-BORD-20] 1u (I24) 469d | [OSSH102102-BORD-21] 2u (I24) 469d | [OSSH102102-BORD-22] 2u (I24) 469d | [OSSH102102-BORD-23] 2u (I24) 469d | [OSSH102102-BORD-24] 2u (I24) 469d | [OSSH102102-BORD-25] 1u (I24) 469d | [OSSH102102-BORD-26] 1u (I24) 469d | [BWSH347006-BLAC-36] 1u (I24) 384d | [BWSH347006-BLAC-37] 2u (I24) 384d | [BWSH347006-BLAC-38] 3u (I24) 384d | [BWSH347006-BLAC-39] 3u (I24) 384d | [BWSH347006-BLAC-40] 2u (I24) 384d | [BWSH347006-BLAC-41] 1u (I24) 384d;
CLAGD/Stock/StorageGD/CLA-041-03-03-01;GENERIC;V22;156;1845.84;C+B+D;727;130;;[MV231601-0020-39] 12u (V22) 727d;[MV231602-0054-40] 12u (V22) 727d | [MV231602-0054-39] 12u (V22) 727d | [MV231602-0054-39] 12u (V22) 727d | [MV231602-0054-38] 12u (V22) 727d | [MV231602-0054-38] 12u (V22) 727d | [MV231602-0054-37] 12u (V22) 727d | [MV231602-0054-36] 5u (V22) 727d | [MV231602-0054-37] 4u (V22) 727d | [MV231602-0054-38] 3u (V22) 727d;[MV231601-0020-38] 12u (V22) 727d | [MV231601-0020-38] 12u (V22) 727d | [MV231601-0020-37] 12u (V22) 727d | [MV231601-0020-37] 12u (V22) 727d | [MV231601-0020-36] 11u (V22) 727d | [MV231601-0020-37] 1u (V22) 727d
CLAGD/Stock/StorageGD/CLA-045-02-03-02;GOLD;I25;156;0.00;C+B+D;110;130;;[COSH330003-PURP-31] 1u (I25) 110d | [COSH330003-PURP-31] 1u (I25) 110d | [COSH330003-PURP-31] 1u (I25) 110d;[COSH330003-PURP-25] 1u (I25) 110d | [COSH330003-PURP-26] 1u (I25) 110d | [COSH330003-PURP-27] 1u (I25) 110d | [COSH330003-PURP-28] 1u (I25) 110d | [COSH330003-PURP-29] 1u (I25) 110d | [COSH330003-PURP-30] 1u (I25) 110d | [COSH330003-PURP-32] 1u (I25) 110d | [COSH330003-PURP-33] 1u (I25) 110d | [COSH330003-PURP-34] 1u (I25) 110d | [COSH330003-PURP-35] 1u (I25) 110d | [COSH330003-PURP-36] 1u (I25) 110d | [COSH330003-PURP-25] 1u (I25) 110d | [COSH330003-PURP-26] 1u (I25) 110d | [COSH330003-PURP-27] 1u (I25) 110d | [COSH330003-PURP-28] 1u (I25) 110d | [COSH330003-PURP-29] 1u (I25) 110d | [COSH330003-PURP-30] 1u (I25) 110d | [COSH330003-PURP-32] 1u (I25) 110d | [COSH330003-PURP-33] 1u (I25) 110d | [COSH330003-PURP-34] 1u (I25) 110d | [COSH330003-PURP-35] 1u (I25) 110d | [COSH330003-PURP-36] 1u (I25) 110d | [COSH330003-PURP-25] 1u (I25) 110d | [COSH330003-PURP-26] 1u (I25) 110d | [COSH330003-PURP-27] 1u (I25) 110d | [COSH330003-PURP-28] 1u (I25) 110d | [COSH330003-PURP-29] 1u (I25) 110d | [COSH330003-PURP-30] 1u (I25) 110d | [COSH330003-PURP-32] 1u (I25) 110d | [COSH330003-PURP-33] 1u (I25) 110d | [COSH330003-PURP-34] 1u (I25) 110d | [COSH330003-PURP-35] 1u (I25) 110d | [COSH330003-PURP-36] 1u (I25) 110d | [COSH330003-GREY-25] 1u (I25) 110d | [COSH330003-GREY-26] 1u (I25) 110d | [COSH330003-GREY-27] 1u (I25) 110d | [COSH330003-GREY-28] 1u (I25) 110d | [COSH330003-GREY-29] 1u (I25) 110d | [COSH330003-GREY-30] 1u (I25) 110d | [COSH330003-GREY-31] 1u (I25) 110d | [COSH330003-GREY-32] 1u (I25) 110d | [COSH330003-GREY-33] 1u (I25) 110d | [COSH330003-GREY-34] 1u (I25) 110d | [COSH330003-GREY-35] 1u (I25) 110d | [COSH330003-GREY-36] 1u (I25) 110d | [COSH330003-GREY-25] 1u (I25) 110d | [COSH330003-GREY-26] 1u (I25) 110d | [COSH330003-GREY-27] 1u (I25) 110d | [COSH330003-GREY-28] 1u (I25) 110d | [COSH330003-GREY-29] 1u (I25) 110d | [COSH330003-GREY-30] 1u (I25) 110d | [COSH330003-GREY-31] 1u (I25) 110d | [COSH330003-GREY-32] 1u (I25) 110d | [COSH330003-GREY-33] 1u (I25) 110d | [COSH330003-GREY-34] 1u (I25) 110d | [COSH330003-GREY-35] 1u (I25) 110d | [COSH330003-GREY-36] 1u (I25) 110d | [COSH330003-GREY-25] 1u (I25) 110d | [COSH330003-GREY-26] 1u (I25) 110d | [COSH330003-GREY-27] 1u (I25) 110d | [COSH330003-GREY-28] 1u (I25) 110d | [COSH330003-GREY-29] 1u (I25) 110d | [COSH330003-GREY-30] 1u (I25) 110d | [COSH330003-GREY-31] 1u (I25) 110d | [COSH330003-GREY-32] 1u (I25) 110d | [COSH330003-GREY-33] 1u (I25) 110d | [COSH330003-GREY-34] 1u (I25) 110d | [COSH330003-GREY-35] 1u (I25) 110d | [COSH330003-GREY-36] 1u (I25) 110d | [COSH330002-NAVY-26] 1u (I25) 110d | [COSH330002-NAVY-27] 1u (I25) 110d | [COSH330002-NAVY-28] 1u (I25) 110d | [COSH330002-NAVY-31] 1u (I25) 110d | [COSH330002-NAVY-32] 1u (I25) 110d | [COSH330002-NAVY-33] 1u (I25) 110d | [COSH330002-NAVY-34] 1u (I25) 110d | [COSH330002-NAVY-35] 1u (I25) 110d | [COSH330002-NAVY-26] 1u (I25) 110d | [COSH330002-NAVY-27] 1u (I25) 110d | [COSH330002-NAVY-28] 1u (I25) 110d | [COSH330002-NAVY-31] 1u (I25) 110d | [COSH330002-NAVY-32] 1u (I25) 110d | [COSH330002-NAVY-33] 1u (I25) 110d | [COSH330002-NAVY-34] 1u (I25) 110d | [COSH330002-NAVY-35] 1u (I25) 110d | [COSH330002-NAVY-26] 1u (I25) 110d | [COSH330002-NAVY-27] 1u (I25) 110d | [COSH330002-NAVY-28] 1u (I25) 110d | [COSH330002-NAVY-31] 1u (I25) 110d | [COSH330002-NAVY-32] 1u (I25) 110d | [COSH330002-NAVY-33] 1u (I25) 110d | [COSH330002-NAVY-34] 1u (I25) 110d | [COSH330002-NAVY-35] 1u (I25) 110d | [COSH330002-NAVY-26] 1u (I25) 110d | [COSH330002-NAVY-27] 1u (I25) 110d | [COSH330002-NAVY-28] 1u (I25) 110d | [COSH330002-NAVY-31] 1u (I25) 110d | [COSH330002-NAVY-32] 1u (I25) 110d | [COSH330002-NAVY-33] 1u (I25) 110d | [COSH330002-NAVY-34] 1u (I25) 110d | [COSH330002-NAVY-35] 1u (I25) 110d | [COSH330002-NAVY-26] 1u (I25) 110d | [COSH330002-NAVY-27] 1u (I25) 110d | [COSH330002-NAVY-28] 1u (I25) 110d | [COSH330002-NAVY-31] 1u (I25) 110d | [COSH330002-NAVY-32] 1u (I25) 110d | [COSH330002-NAVY-33] 1u (I25) 110d | [COSH330002-NAVY-34] 1u (I25) 110d | [COSH330002-NAVY-35] 1u (I25) 110d | [COSH330002-NAVY-26] 1u (I25) 110d | [COSH330002-NAVY-27] 1u (I25) 110d | [COSH330002-NAVY-28] 1u (I25) 110d | [COSH330002-NAVY-31] 1u (I25) 110d | [COSH330002-NAVY-32] 1u (I25) 110d | [COSH330002-NAVY-33] 1u (I25) 110d | [COSH330002-NAVY-34] 1u (I25) 110d | [COSH330002-NAVY-35] 1u (I25) 110d | [COSH330002-NAVY-26] 1u (I25) 110d | [COSH330002-NAVY-27] 1u (I25) 110d | [COSH330002-NAVY-28] 1u (I25) 110d | [COSH330002-NAVY-31] 1u (I25) 110d | [COSH330002-NAVY-32] 1u (I25) 110d | [COSH330002-NAVY-33] 1u (I25) 110d | [COSH330002-NAVY-34] 1u (I25) 110d | [COSH330002-NAVY-35] 1u (I25) 110d;[COSH330002-NAVY-25] 1u (I25) 110d | [COSH330002-NAVY-29] 1u (I25) 110d | [COSH330002-NAVY-30] 1u (I25) 110d | [COSH330002-NAVY-36] 1u (I25) 110d | [COSH330002-NAVY-25] 1u (I25) 110d | [COSH330002-NAVY-29] 1u (I25) 110d | [COSH330002-NAVY-30] 1u (I25) 110d | [COSH330002-NAVY-36] 1u (I25) 110d | [COSH330002-NAVY-25] 1u (I25) 110d | [COSH330002-NAVY-29] 1u (I25) 110d | [COSH330002-NAVY-30] 1u (I25) 110d | [COSH330002-NAVY-36] 1u (I25) 110d | [COSH330002-NAVY-25] 1u (I25) 110d | [COSH330002-NAVY-29] 1u (I25) 110d | [COSH330002-NAVY-30] 1u (I25) 110d | [COSH330002-NAVY-36] 1u (I25) 110d | [COSH330002-NAVY-25] 1u (I25) 110d | [COSH330002-NAVY-29] 1u (I25) 110d | [COSH330002-NAVY-30] 1u (I25) 110d | [COSH330002-NAVY-36] 1u (I25) 110d | [COSH330002-NAVY-25] 1u (I25) 110d | [COSH330002-NAVY-29] 1u (I25) 110d | [COSH330002-NAVY-30] 1u (I25) 110d | [COSH330002-NAVY-36] 1u (I25) 110d | [COSH330002-NAVY-25] 1u (I25) 110d | [COSH330002-NAVY-29] 1u (I25) 110d | [COSH330002-NAVY-30] 1u (I25) 110d | [COSH330002-NAVY-36] 1u (I25) 110d
CLAGD/Stock/StorageGD/CLA-041-09-01-02;GOLD;I24+V25+I25;154;0.00;B+C+D;482;150;;[COTXHOD010-BEIG-5A] 8u (I24) 482d | [COTXDRE026-NAVY-6A] 9u (I24) 482d | [COTXSKI019-BEIG-8A] 12u (I24) 482d;[COTXSKI019-BEIG-10A] 12u (I24) 482d | [COTXSKI019-BEIG-10A] 11u (I24) 482d | [COTXSKI019-BEIG-4A] 11u (I24) 482d | [COTXSKI018-GREY-6A] 12u (I24) 482d | [COTXSKI029-NAVY-10A] 10u (I25) 110d | [COTXSWE024-BEIG-8A] 10u (I25) 110d | [COTXSWE024-BEIG-6A] 10u (I25) 110d | [COTXSWE024-BEIG-6A] 10u (I25) 110d;[COTXSWE021-WHIT-6A] 9u (V25) 279d | [COTXSWE021-WHIT-5A] 10u (V25) 279d | [COTXSKI029-NAVY-6A] 10u (I25) 110d | [COTXSWE024-BEIG-5A] 10u (I25) 110d
CLAGD/Stock/StorageGD/CLAGD/Stock/EXTB2BGD/CLA-009-05-02-02;GOLD;I25;150;0.00;C+D+B;138;150;;[COSH542103-TAN-36] 10u (I25) 138d;[COSH542104-GOLD-36] 10u (I25) 138d | [COSH542104-GOLD-36] 10u (I25) 138d | [COSH542104-GOLD-35] 10u (I25) 138d | [COSH542104-GOLD-33] 10u (I25) 138d | [COSH542104-GOLD-30] 10u (I25) 138d | [COSH542104-GOLD-27] 10u (I25) 138d | [COSH542104-GOLD-26] 10u (I25) 138d | [COSH542104-GOLD-24] 10u (I25) 138d | [COSH542104-GOLD-24] 10u (I25) 138d | [COSH542103-TAN-35] 10u (I25) 138d | [COSH542103-TAN-35] 10u (I25) 138d | [COSH542103-TAN-27] 10u (I25) 138d | [COSH542103-TAN-25] 10u (I25) 138d;[COSH542104-GOLD-34] 10u (I25) 138d
CLAGD/Stock/StorageGD/CLAGD/Stock/EXTB2BGD/CLA-009-05-03-01;GOLD;I25;150;0.00;B+C;138;150;;[COSH542107-PINK-34] 10u (I25) 138d | [COSH542103-TAN-31] 10u (I25) 138d;[COSH542104-GOLD-35] 10u (I25) 138d | [COSH542104-GOLD-33] 10u (I25) 138d | [COSH542104-GOLD-33] 10u (I25) 138d | [COSH542104-GOLD-32] 10u (I25) 138d | [COSH542104-GOLD-32] 10u (I25) 138d | [COSH542104-GOLD-31] 10u (I25) 138d | [COSH542104-GOLD-31] 10u (I25) 138d | [COSH542104-GOLD-29] 10u (I25) 138d | [COSH542104-GOLD-28] 10u (I25) 138d | [COSH542104-GOLD-26] 10u (I25) 138d | [COSH542104-GOLD-24] 10u (I25) 138d | [COSH542103-TAN-35] 10u (I25) 138d | [COSH542103-TAN-27] 10u (I25) 138d;
CLAGD/Stock/StorageGD/CLA-009-06-03-02;GOLD;I25;150;0.00;C+D;145;150;;;[COSH283121-PINK-30] 10u (I25) 145d | [COSH283120-SILV-28] 10u (I25) 145d | [COSH283119-WHIT-29] 10u (I25) 145d | [COSH283119-PINK-34] 10u (I25) 145d | [COSH283119-PINK-32] 10u (I25) 145d | [COSH283119-PINK-29] 10u (I25) 145d | [COSH283119-PINK-29] 10u (I25) 145d | [COSH283119-PINK-29] 10u (I25) 145d | [COSH283119-PINK-26] 10u (I25) 145d | [COSH283119-PINK-22] 10u (I25) 145d | [COSH283119-BEIG-26] 10u (I25) 145d;[COSH283119-PINK-36] 10u (I25) 145d | [COSH283119-PINK-35] 10u (I25) 145d | [COSH283119-PINK-35] 10u (I25) 145d | [COSH283119-PINK-30] 10u (I25) 145d
CLAGD/Stock/StorageGD/CLAGD/Stock/StorageGD/CLA-009-08-01-01;GOLD;I25;150;0.00;C+D+B;138;150;;[COSH542103-TAN-36] 10u (I25) 138d | [COSH542103-TAN-33] 10u (I25) 138d;[COSH542105-TAN-35] 10u (I25) 138d | [COSH542105-TAN-35] 10u (I25) 138d | [COSH542105-TAN-30] 10u (I25) 138d | [COSH542105-TAN-28] 10u (I25) 138d | [COSH542105-TAN-28] 10u (I25) 138d | [COSH542105-TAN-25] 10u (I25) 138d | [COSH542105-TAN-25] 10u (I25) 138d | [COSH542105-TAN-24] 10u (I25) 138d | [COSH542105-TAN-24] 10u (I25) 138d | [COSH542104-GOLD-33] 10u (I25) 138d | [COSH542104-GOLD-31] 10u (I25) 138d | [COSH542104-GOLD-23] 10u (I25) 138d;[COSH542104-GOLD-34] 10u (I25) 138d
CLAGD/Stock/StorageGD/CLAGD/Stock/StorageGD/CLA-009-08-02-03;GOLD;I25;150;0.00;C+B+A;139;150;[BJSH543008-TAUP-40] 10u (I25) 139d;[COSH542065-TAUP-35] 10u (I25) 139d | [COSH542065-TAUP-34] 10u (I25) 139d | [COSH542065-TAUP-32] 10u (I25) 139d | [COSH542065-TAUP-31] 10u (I25) 139d | [COSH542065-TAUP-31] 10u (I25) 139d | [COSH542065-TAUP-30] 10u (I25) 139d | [COSH542065-TAUP-30] 10u (I25) 139d | [COSH542065-TAUP-29] 10u (I25) 139d | [COSH542065-TAUP-28] 10u (I25) 139d;[COSH542105-TAN-36] 10u (I25) 139d | [COSH542105-TAN-32] 10u (I25) 139d | [COSH542105-TAN-31] 10u (I25) 139d | [COSH542105-TAN-31] 10u (I25) 139d | [COSH542105-TAN-27] 10u (I25) 139d;
CLAGD/Stock/StorageGD/CLA-031-08-02-01;GOLD;I25;150;0.00;D+C;158;150;;;[COSH542102-PINK-31] 10u (I25) 158d | [COSH542102-PINK-29] 10u (I25) 158d | [COSH542102-BEIG-31] 10u (I25) 158d;[COSH542102-PINK-36] 10u (I25) 158d | [COSH542102-PINK-35] 10u (I25) 158d | [COSH542102-PINK-35] 10u (I25) 158d | [COSH542102-PINK-35] 10u (I25) 158d | [COSH542102-PINK-34] 10u (I25) 158d | [COSH542102-PINK-33] 10u (I25) 158d | [COSH542102-PINK-33] 10u (I25) 158d | [COSH542102-PINK-32] 10u (I25) 158d | [COSH542102-PINK-32] 10u (I25) 158d | [COSH542102-PINK-32] 10u (I25) 158d | [COSH542102-BEIG-36] 10u (I25) 158d | [COSH542102-BEIG-32] 10u (I25) 158d
CLAGD/Stock/StorageGD/CLA-031-10-01-02;GOLD;I25;150;0.00;C+D+B;146;150;;[COSH283119-WHIT-30] 10u (I25) 145d | [COSH283119-WHIT-27] 10u (I25) 145d | [COSH283119-BLAC-33] 10u (I25) 145d;[BJSH401003-BLAC-36] 10u (I25) 146d | [COSH283121-PINK-27] 10u (I25) 145d | [COSH283119-WHIT-36] 10u (I25) 145d | [COSH283119-WHIT-32] 10u (I25) 145d | [COSH283119-WHIT-31] 10u (I25) 145d | [COSH283119-WHIT-28] 10u (I25) 145d | [COSH283119-PINK-31] 10u (I25) 145d | [COSH283119-PINK-28] 10u (I25) 145d | [COSH283119-BLAC-32] 10u (I25) 145d | [COSH283119-BLAC-27] 10u (I25) 145d | [COSH283119-BEIG-31] 10u (I25) 145d;[COSH283121-PINK-23] 10u (I25) 145d
CLAGD/Stock/StorageGD/CLA-031-14-01-01;GOLD;I25;150;0.00;C+B;144;150;;[COSH283115-BLAC-35] 10u (I25) 144d | [COSH283115-BLAC-35] 10u (I25) 144d | [COSH283115-BLAC-35] 10u (I25) 144d | [COSH283115-BLAC-33] 10u (I25) 144d;[COSH283115-BLAC-36] 10u (I25) 144d | [COSH283115-BLAC-32] 10u (I25) 144d | [COSH283115-BLAC-32] 10u (I25) 144d | [COSH283115-BLAC-32] 10u (I25) 144d | [COSH283115-BLAC-30] 10u (I25) 144d | [COSH283115-BLAC-30] 10u (I25) 144d | [COSH283115-BLAC-27] 10u (I25) 144d | [COSH283115-BLAC-27] 10u (I25) 144d | [COSH283115-BLAC-27] 10u (I25) 144d | [COSH283115-BLAC-27] 10u (I25) 144d | [COSH283115-BLAC-27] 10u (I25) 144d;
CLAGD/Stock/StorageGD/CLA-031-14-02-01;GOLD;I25;150;0.00;C;144;150;;;[COSH283118-PINK-31] 10u (I25) 144d | [COSH283118-PINK-29] 10u (I25) 144d | [COSH283118-PINK-28] 10u (I25) 144d | [COSH283118-PINK-25] 10u (I25) 144d | [COSH283118-PINK-25] 10u (I25) 144d | [COSH283115-BLAC-32] 10u (I25) 144d | [COSH283115-BLAC-31] 10u (I25) 144d | [COSH283115-BLAC-31] 10u (I25) 144d | [COSH283115-BLAC-31] 10u (I25) 144d | [COSH283115-BLAC-31] 10u (I25) 144d | [COSH283115-BLAC-31] 10u (I25) 144d | [COSH283115-BLAC-31] 10u (I25) 144d | [COSH283115-BLAC-31] 10u (I25) 144d | [COSH283115-BLAC-31] 10u (I25) 144d | [COSH283115-BLAC-30] 10u (I25) 144d;
CLAGD/Stock/StorageGD/CLA-031-15-01-03;GOLD;I25;150;0.00;C;144;150;;;[COSH283118-PINK-31] 10u (I25) 144d | [COSH283118-PINK-27] 10u (I25) 144d | [COSH283118-PINK-26] 10u (I25) 144d | [COSH283118-PINK-25] 10u (I25) 144d | [COSH283118-PINK-24] 10u (I25) 144d | [COSH283118-BLAC-33] 10u (I25) 144d | [COSH283118-BLAC-32] 10u (I25) 144d | [COSH283118-BLAC-32] 10u (I25) 144d | [COSH283118-BLAC-31] 10u (I25) 144d | [COSH283118-BLAC-31] 10u (I25) 144d | [COSH283118-BLAC-30] 10u (I25) 144d | [COSH283118-BLAC-29] 10u (I25) 144d | [COSH283118-BLAC-28] 10u (I25) 144d | [COSH283118-BLAC-27] 10u (I25) 144d | [COSH283118-BLAC-26] 10u (I25) 144d;
CLAGD/Stock/StorageGD/CLA-041-02-03-01;GOLD;I25;150;0.00;A;195;150;[COSH542021-NAVY-36] 10u (I25) 195d | [COSH542021-NAVY-36] 10u (I25) 195d | [COSH542021-NAVY-36] 10u (I25) 195d | [COSH542021-NAVY-35] 10u (I25) 195d | [COSH542021-NAVY-35] 10u (I25) 195d | [COSH542021-NAVY-35] 10u (I25) 195d | [COSH542021-NAVY-35] 10u (I25) 195d | [COSH542021-NAVY-34] 10u (I25) 195d | [COSH542021-NAVY-34] 10u (I25) 195d | [COSH542021-NAVY-33] 10u (I25) 195d | [COSH542021-NAVY-32] 10u (I25) 195d | [COSH542021-NAVY-31] 10u (I25) 195d | [COSH542021-NAVY-31] 10u (I25) 195d | [COSH542021-NAVY-30] 10u (I25) 195d | [COSH542021-NAVY-28] 10u (I25) 195d;;;
CLAGD/Stock/StorageGD/CLA-043-01-02-03;GOLD;I25;150;0.00;C+B;109;150;;[COSH542065-TAN-34] 10u (I25) 109d | [COSH542065-TAN-34] 10u (I25) 109d | [COSH542065-TAN-32] 10u (I25) 109d | [COSH542065-TAN-32] 10u (I25) 109d | [COSH542065-BEIG-36] 10u (I25) 109d | [COSH542065-BEIG-35] 10u (I25) 109d | [COSH542065-BEIG-32] 10u (I25) 109d | [COSH542065-BEIG-32] 10u (I25) 109d | [COSH542065-BEIG-31] 10u (I25) 109d | [COSH542065-BEIG-31] 10u (I25) 109d | [COSH542065-BEIG-30] 10u (I25) 109d;[COSH542065-TAN-36] 10u (I25) 109d | [COSH542065-TAN-31] 10u (I25) 109d | [COSH542065-TAN-31] 10u (I25) 109d | [COSH542065-TAN-30] 10u (I25) 109d;
CLAGD/Stock/StorageGD/CLA-043-03-01-01;GOLD;I25;150;0.00;A+B;187;150;[COSH542083-TAUP-35] 10u (I25) 187d | [COSH542083-TAUP-32] 10u (I25) 187d | [COSH542083-TAUP-31] 10u (I25) 187d | [COSH542083-TAUP-31] 10u (I25) 187d | [COSH542083-TAUP-31] 10u (I25) 187d | [COSH542083-TAUP-30] 10u (I25) 187d | [COSH542083-TAUP-30] 10u (I25) 187d | [COSH542083-TAUP-29] 10u (I25) 187d | [COSH542083-TAUP-28] 10u (I25) 187d | [COSH542083-TAN-36] 10u (I25) 187d | [COSH542083-TAN-34] 10u (I25) 187d | [COSH542083-TAN-34] 10u (I25) 187d | [COSH542083-TAN-30] 10u (I25) 187d | [COSH542083-TAUP-35] 10u (I25) 187d;[COSH542083-TAUP-34] 10u (I25) 187d;;
CLAGD/Stock/StorageGD/CLA-043-03-03-03;GOLD;I25;150;0.00;A+B;434;150;[COSH542020-TAN-26] 10u (I25) 434d | [COSH542020-TAN-26] 10u (I25) 434d | [COSH542020-TAN-26] 10u (I25) 434d | [COSH542020-TAN-26] 10u (I25) 434d | [COSH542020-TAN-26] 10u (I25) 434d | [COSH542020-TAN-26] 10u (I25) 434d | [COSH542020-TAN-25] 10u (I25) 434d | [COSH542020-TAN-25] 10u (I25) 434d;[COSH542020-TAN-22] 10u (I25) 434d | [COSH542020-TAN-22] 10u (I25) 434d | [COSH542020-TAN-22] 10u (I25) 434d | [COSH542020-TAN-22] 10u (I25) 434d | [COSH542020-TAN-22] 10u (I25) 434d | [COSH542020-TAN-22] 10u (I25) 434d | [COSH542020-TAN-22] 10u (I25) 434d;;
CLAGD/Stock/StorageGD/CLA-043-04-03-01;GOLD;I25;150;0.00;A;434;150;[COSH542020-TAN-31] 10u (I25) 434d | [COSH542020-TAN-31] 10u (I25) 434d | [COSH542020-TAN-31] 10u (I25) 434d | [COSH542020-TAN-31] 10u (I25) 434d | [COSH542020-TAN-31] 10u (I25) 434d | [COSH542020-TAN-31] 10u (I25) 434d | [COSH542020-TAN-31] 10u (I25) 434d | [COSH542020-TAN-30] 10u (I25) 434d | [COSH542020-TAN-30] 10u (I25) 434d | [COSH542020-TAN-30] 10u (I25) 434d | [COSH542020-TAN-28] 10u (I25) 434d | [COSH542020-TAN-28] 10u (I25) 434d | [COSH542020-TAN-27] 10u (I25) 434d | [COSH542020-TAN-27] 10u (I25) 434d | [COSH542020-TAN-27] 10u (I25) 434d;;;
CLAGD/Stock/StorageGD/CLA-043-04-03-03;GOLD;I25;150;0.00;A;434;150;[COSH542020-TAN-33] 10u (I25) 434d | [COSH542020-TAN-33] 10u (I25) 434d | [COSH542020-TAN-33] 10u (I25) 434d | [COSH542020-TAN-33] 10u (I25) 434d | [COSH542020-TAN-33] 10u (I25) 434d | [COSH542020-TAN-33] 10u (I25) 434d | [COSH542020-TAN-33] 10u (I25) 434d | [COSH542020-TAN-33] 10u (I25) 434d | [COSH542020-TAN-31] 10u (I25) 434d | [COSH542020-TAN-30] 10u (I25) 434d | [COSH542020-TAN-30] 10u (I25) 434d | [COSH542020-TAN-30] 10u (I25) 434d | [COSH542020-TAN-30] 10u (I25) 434d | [COSH542020-TAN-26] 10u (I25) 434d | [COSH542020-TAN-24] 10u (I25) 434d;;;
CLAGD/Stock/StorageGD/CLA-043-09-03-03;GOLD;I25;150;0.00;A;434;150;[COSH542020-TAUP-30] 10u (I25) 434d | [COSH542020-TAUP-30] 10u (I25) 434d | [COSH542020-TAUP-29] 10u (I25) 434d | [COSH542020-TAUP-29] 10u (I25) 434d | [COSH542020-TAUP-29] 10u (I25) 434d | [COSH542020-TAUP-29] 10u (I25) 434d | [COSH542020-TAUP-29] 10u (I25) 434d | [COSH542020-TAUP-29] 10u (I25) 434d | [COSH542020-TAUP-29] 10u (I25) 434d | [COSH542020-TAUP-29] 10u (I25) 434d | [COSH542020-TAUP-29] 10u (I25) 434d | [COSH542020-TAUP-29] 10u (I25) 434d | [COSH542020-TAUP-29] 10u (I25) 434d | [COSH542020-TAUP-29] 10u (I25) 434d | [COSH542020-TAUP-29] 10u (I25) 434d;;;
CLAGD/Stock/StorageGD/CLA-044-01-03-03;GOLD;I25;150;0.00;A;175;150;[COSH542021-TAN-30] 10u (I25) 175d | [COSH542021-TAN-26] 10u (I25) 175d | [COSH542021-TAN-26] 10u (I25) 175d | [COSH542021-TAN-26] 10u (I25) 175d | [COSH542021-TAN-26] 10u (I25) 175d | [COSH542021-TAN-26] 10u (I25) 175d | [COSH542021-TAN-26] 10u (I25) 175d | [COSH542021-TAN-26] 10u (I25) 175d | [COSH542021-TAN-26] 10u (I25) 175d | [COSH542021-TAN-26] 10u (I25) 175d | [COSH542021-TAN-26] 10u (I25) 175d | [COSH542021-TAN-25] 10u (I25) 175d | [COSH542021-TAN-25] 10u (I25) 175d | [COSH542021-TAN-25] 10u (I25) 175d | [COSH542021-TAN-24] 10u (I25) 175d;;;
CLAGD/Stock/StorageGD/CLA-045-09-02-01;GOLD;V25;150;0.00;B+D;301;150;;[COSH283111-MULT-32] 10u (V25) 301d | [COSH283111-MULT-30] 10u (V25) 301d | [COSH283111-MULT-30] 10u (V25) 301d | [COSH283111-MULT-28] 10u (V25) 301d | [COSH283111-MULT-28] 10u (V25) 301d | [COSH283111-MULT-27] 10u (V25) 301d | [COSH283111-MULT-27] 10u (V25) 301d | [COSH283111-MULT-27] 10u (V25) 301d | [COSH283111-MULT-27] 10u (V25) 301d | [COSH283111-MULT-25] 10u (V25) 301d;;[COSH283111-MULT-31] 10u (V25) 301d | [COSH283111-MULT-31] 10u (V25) 301d | [COSH283111-MULT-29] 10u (V25) 301d | [COSH283111-MULT-29] 10u (V25) 301d | [COSH283111-MULT-29] 10u (V25) 301d
CLAGD/Stock/StorageGD/CLA-045-09-03-03;GOLD;V25;150;0.00;C+D+B;301;150;;[COSH264013-MULT-28] 10u (V25) 301d | [COSH264013-MULT-28] 10u (V25) 301d | [COSH264013-MULT-28] 10u (V25) 301d | [COSH264013-MULT-28] 10u (V25) 301d | [COSH264013-MULT-28] 10u (V25) 301d;[COSH264020-WHIT-34] 10u (V25) 301d | [COSH264020-WHIT-33] 10u (V25) 301d;[COSH264013-MULT-32] 10u (V25) 301d | [COSH264013-MULT-31] 10u (V25) 301d | [COSH264013-MULT-31] 10u (V25) 301d | [COSH264013-MULT-31] 10u (V25) 301d | [COSH264013-MULT-31] 10u (V25) 301d | [COSH264013-MULT-29] 10u (V25) 301d | [COSH264013-MULT-29] 10u (V25) 301d | [COSH264013-MULT-29] 10u (V25) 301d
CLAGD/Stock/StorageGD/CLA-046-02-03-02;GOLD;I25;150;0.00;A;195;150;[COSH542021-TAUP-36] 10u (I25) 195d | [COSH542021-TAUP-36] 10u (I25) 195d | [COSH542021-TAUP-35] 10u (I25) 195d | [COSH542021-TAUP-32] 10u (I25) 195d | [COSH542021-TAUP-32] 10u (I25) 195d | [COSH542021-TAUP-32] 10u (I25) 195d | [COSH542021-TAUP-30] 10u (I25) 195d | [COSH542021-TAUP-30] 10u (I25) 195d | [COSH542021-TAUP-30] 10u (I25) 195d | [COSH542021-TAUP-30] 10u (I25) 195d | [COSH542021-TAUP-28] 10u (I25) 195d | [COSH542021-TAUP-28] 10u (I25) 195d | [COSH542021-TAUP-27] 10u (I25) 195d | [COSH542021-TAUP-23] 10u (I25) 195d | [COSH542021-TAN-27] 10u (I25) 195d;;;
CLAGD/Stock/StorageGD/CLA-046-03-02-01;GOLD;I25;150;0.00;A;195;150;[COSH542021-TAUP-34] 10u (I25) 195d | [COSH542021-TAUP-34] 10u (I25) 195d | [COSH542021-TAUP-33] 10u (I25) 195d | [COSH542021-TAUP-31] 10u (I25) 195d | [COSH542021-TAUP-31] 10u (I25) 195d | [COSH542021-TAUP-31] 10u (I25) 195d | [COSH542021-TAUP-30] 10u (I25) 195d | [COSH542021-TAUP-30] 10u (I25) 195d | [COSH542021-TAUP-30] 10u (I25) 195d | [COSH542021-TAUP-29] 10u (I25) 195d | [COSH542021-TAUP-29] 10u (I25) 195d | [COSH542021-TAUP-28] 10u (I25) 195d | [COSH542021-TAUP-28] 10u (I25) 195d | [COSH542021-TAUP-28] 10u (I25) 195d | [COSH542021-TAUP-27] 10u (I25) 195d;;;
CLAGD/Stock/StorageGD/CLA-046-03-03-01;GOLD;I25;150;0.00;A;195;150;[COSH542021-TAN-35] 10u (I25) 195d | [COSH542021-TAN-34] 10u (I25) 195d | [COSH542021-TAN-29] 10u (I25) 195d | [COSH542021-TAN-29] 10u (I25) 195d | [COSH542021-TAN-28] 10u (I25) 195d | [COSH542021-TAN-28] 10u (I25) 195d | [COSH542021-TAN-28] 10u (I25) 195d | [COSH542021-TAN-28] 10u (I25) 195d | [COSH542021-TAN-28] 10u (I25) 195d | [COSH542021-TAN-28] 10u (I25) 195d | [COSH542021-TAN-28] 10u (I25) 195d | [COSH542021-TAN-27] 10u (I25) 195d | [COSH542021-TAN-26] 10u (I25) 195d | [COSH542021-TAN-25] 10u (I25) 195d | [COSH542021-TAN-25] 10u (I25) 195d;;;
CLAGD/Stock/StorageGD/CLA-046-03-03-02;GOLD;I25;150;0.00;A;195;150;[COSH542021-TAUP-26] 10u (I25) 195d | [COSH542021-TAN-36] 10u (I25) 195d | [COSH542021-TAN-35] 10u (I25) 195d | [COSH542021-TAN-33] 10u (I25) 195d | [COSH542021-TAN-31] 10u (I25) 195d | [COSH542021-TAN-31] 10u (I25) 195d | [COSH542021-TAN-31] 10u (I25) 195d | [COSH542021-TAN-31] 10u (I25) 195d | [COSH542021-TAN-31] 10u (I25) 195d | [COSH542021-TAN-31] 10u (I25) 195d | [COSH542021-TAN-31] 10u (I25) 195d | [COSH542021-TAN-30] 10u (I25) 195d | [COSH542021-TAN-27] 10u (I25) 195d | [COSH542021-TAN-24] 10u (I25) 195d | [COSH542021-TAN-24] 10u (I25) 195d;;;
CLAGD/Stock/StorageGD/CLA-046-06-03-02;GOLD;I25;150;0.00;A;195;150;[COSH542021-TAUP-36] 10u (I25) 195d | [COSH542021-TAUP-36] 10u (I25) 195d | [COSH542021-TAUP-36] 10u (I25) 195d | [COSH542021-TAUP-35] 10u (I25) 195d | [COSH542021-TAUP-35] 10u (I25) 195d | [COSH542021-TAUP-35] 10u (I25) 195d | [COSH542021-TAUP-35] 10u (I25) 195d | [COSH542021-TAUP-34] 10u (I25) 195d | [COSH542021-TAUP-34] 10u (I25) 195d | [COSH542021-TAUP-34] 10u (I25) 195d | [COSH542021-TAUP-34] 10u (I25) 195d | [COSH542021-TAUP-33] 10u (I25) 195d | [COSH542021-TAUP-33] 10u (I25) 195d | [COSH542021-TAUP-33] 10u (I25) 195d | [COSH542021-TAUP-32] 10u (I25) 195d;;;
CLAGD/Stock/StorageGD/CLA-072-15-02-01;GOLD;I25;150;0.00;B;175;150;;[BJSH542021-BEIG-41] 10u (I25) 175d | [BJSH542021-BEIG-40] 10u (I25) 175d | [BJSH542021-BEIG-40] 10u (I25) 175d | [BJSH542021-BEIG-39] 10u (I25) 175d | [BJSH542021-BEIG-39] 10u (I25) 175d | [BJSH542021-BEIG-39] 10u (I25) 175d | [BJSH542021-BEIG-38] 10u (I25) 175d | [BJSH542021-BEIG-37] 10u (I25) 175d | [BJSH542021-BEIG-36] 10u (I25) 175d | [BJSH542021-BEIG-36] 10u (I25) 175d | [BJSH542021-BEIG-35] 10u (I25) 175d | [BJSH542021-BEIG-35] 10u (I25) 175d | [BJSH542021-BEIG-34] 10u (I25) 175d | [BJSH542021-BEIG-34] 10u (I25) 175d | [BJSH542021-BEIG-33] 10u (I25) 175d;;
CLAGD/Stock/StorageGD/CLA-072-18-03-03;GOLD;I25;150;0.00;A;202;150;[COSH542021-BLAC-36] 10u (I25) 202d | [COSH542021-BLAC-35] 10u (I25) 202d | [COSH542021-BLAC-35] 10u (I25) 202d | [COSH542021-BLAC-35] 10u (I25) 202d | [COSH542021-BLAC-34] 10u (I25) 202d | [COSH542021-BLAC-34] 10u (I25) 202d | [COSH542021-BLAC-33] 10u (I25) 202d | [COSH542021-BLAC-33] 10u (I25) 202d | [COSH542021-BLAC-32] 10u (I25) 202d | [COSH542021-BLAC-31] 10u (I25) 202d | [COSH542021-BLAC-31] 10u (I25) 202d | [COSH542021-BLAC-31] 10u (I25) 202d | [COSH542021-BLAC-31] 10u (I25) 202d | [COSH542021-BLAC-31] 10u (I25) 202d | [COSH542021-BLAC-30] 10u (I25) 202d;;;
CLAGD/Stock/StorageGD/CLA-045-06-02-01;GOLD;V25;144;0.00;D;329;120;;;;[COSH319002-GREE-26] 2u (V25) 329d | [COSH319002-GREE-27] 2u (V25) 329d | [COSH319002-GREE-28] 2u (V25) 329d | [COSH319002-GREE-29] 2u (V25) 329d | [COSH319002-GREE-30] 2u (V25) 329d | [COSH319002-GREE-31] 2u (V25) 329d | [COSH319002-GREE-26] 2u (V25) 329d | [COSH319002-GREE-27] 2u (V25) 329d | [COSH319002-GREE-28] 2u (V25) 329d | [COSH319002-GREE-29] 2u (V25) 329d | [COSH319002-GREE-30] 2u (V25) 329d | [COSH319002-GREE-31] 2u (V25) 329d | [COSH319002-GREE-26] 2u (V25) 329d | [COSH319002-GREE-27] 2u (V25) 329d | [COSH319002-GREE-28] 2u (V25) 329d | [COSH319002-GREE-29] 2u (V25) 329d | [COSH319002-GREE-30] 2u (V25) 329d | [COSH319002-GREE-31] 2u (V25) 329d | [COSH319002-GREE-26] 2u (V25) 329d | [COSH319002-GREE-27] 2u (V25) 329d | [COSH319002-GREE-28] 2u (V25) 329d | [COSH319002-GREE-29] 2u (V25) 329d | [COSH319002-GREE-30] 2u (V25) 329d | [COSH319002-GREE-31] 2u (V25) 329d | [COSH319002-GREE-26] 2u (V25) 329d | [COSH319002-GREE-27] 2u (V25) 329d | [COSH319002-GREE-28] 2u (V25) 329d | [COSH319002-GREE-29] 2u (V25) 329d | [COSH319002-GREE-30] 2u (V25) 329d | [COSH319002-GREE-31] 2u (V25) 329d | [COSH319002-GREE-26] 2u (V25) 329d | [COSH319002-GREE-27] 2u (V25) 329d | [COSH319002-GREE-28] 2u (V25) 329d | [COSH319002-GREE-29] 2u (V25) 329d | [COSH319002-GREE-30] 2u (V25) 329d | [COSH319002-GREE-31] 2u (V25) 329d | [COSH319002-GREE-26] 2u (V25) 329d | [COSH319002-GREE-27] 2u (V25) 329d | [COSH319002-GREE-28] 2u (V25) 329d | [COSH319002-GREE-29] 2u (V25) 329d | [COSH319002-GREE-30] 2u (V25) 329d | [COSH319002-GREE-31] 2u (V25) 329d | [COSH319002-GREE-26] 2u (V25) 329d | [COSH319002-GREE-27] 2u (V25) 329d | [COSH319002-GREE-28] 2u (V25) 329d | [COSH319002-GREE-29] 2u (V25) 329d | [COSH319002-GREE-30] 2u (V25) 329d | [COSH319002-GREE-31] 2u (V25) 329d | [COSH319002-GREE-26] 2u (V25) 329d | [COSH319002-GREE-27] 2u (V25) 329d | [COSH319002-GREE-28] 2u (V25) 329d | [COSH319002-GREE-29] 2u (V25) 329d | [COSH319002-GREE-30] 2u (V25) 329d | [COSH319002-GREE-31] 2u (V25) 329d | [COSH319002-GREE-26] 2u (V25) 329d | [COSH319002-GREE-27] 2u (V25) 329d | [COSH319002-GREE-28] 2u (V25) 329d | [COSH319002-GREE-29] 2u (V25) 329d | [COSH319002-GREE-30] 2u (V25) 329d | [COSH319002-GREE-31] 2u (V25) 329d | [COSH319002-GREE-26] 2u (V25) 329d | [COSH319002-GREE-27] 2u (V25) 329d | [COSH319002-GREE-28] 2u (V25) 329d | [COSH319002-GREE-29] 2u (V25) 329d | [COSH319002-GREE-30] 2u (V25) 329d | [COSH319002-GREE-31] 2u (V25) 329d | [COSH319002-GREE-26] 2u (V25) 329d | [COSH319002-GREE-27] 2u (V25) 329d | [COSH319002-GREE-28] 2u (V25) 329d | [COSH319002-GREE-29] 2u (V25) 329d | [COSH319002-GREE-30] 2u (V25) 329d | [COSH319002-GREE-31] 2u (V25) 329d
CLAGD/Stock/StorageGD/CLA-072-19-01-02;GOLD;I25+V25;143;1195.88;D+C+B;108;120;;[COSH280001-NAVY-31] 6u (I25) 108d | [COSH280001-NAVY-30] 3u (I25) 108d | [COSH280001-NAVY-32] 2u (I25) 108d | [COSH280001-NAVY-33] 1u (I25) 108d | [COSH280001-NAVY-32] 5u (I25) 108d | [COSH200002-NAVY-28] 5u (I25) 108d | [COSH200002-NAVY-29] 6u (I25) 108d | [COSH200006-NAVY-32] 2u (I25) 108d | [COSH200006-NAVY-33] 1u (I25) 108d | [COSH200006-NAVY-30] 4u (I25) 108d | [COSH200006-NAVY-34] 2u (I25) 108d | [COSH200001-NAVY-32] 4u (I25) 108d | [COSH200002-NAVY-29] 3u (I25) 108d;[COSH586017-LEOP-34] 1u (I25) 108d | [COSH586020-SILV-34] 1u (I25) 108d | [COSH586025-NAVY-33] 1u (I25) 108d | [COSH586020-GOLD-26] 1u (I25) 108d | [COSH586025-SAND-34] 1u (I25) 108d;[COSH586018-ANTR-33] 1u (I25) 108d | [COSH586025-SAND-27] 1u (I25) 108d | [COSH586025-SAND-33] 2u (I25) 108d | [COSH586025-SAND-32] 1u (I25) 108d | [COSH586020-GOLD-30] 1u (I25) 108d | [COSH200002-NAVY-25] 12u (I25) 108d | [COSH280001-NAVY-34] 7u (I25) 108d | [COSH319002-GREE-26] 2u (V25) 108d | [COSH319002-GREE-31] 2u (V25) 108d | [COSH319002-GREE-30] 2u (V25) 108d | [COSH319002-GREE-27] 2u (V25) 108d | [COSH319002-GREE-28] 2u (V25) 108d | [COSH319002-GREE-29] 2u (V25) 108d | [COSH319001-WHIT-26] 2u (V25) 108d | [COSH319001-WHIT-28] 2u (V25) 108d | [COSH319001-WHIT-27] 2u (V25) 108d | [COSH319001-WHIT-29] 2u (V25) 108d | [COSH319001-WHIT-30] 2u (V25) 108d | [COSH319001-WHIT-31] 2u (V25) 108d | [COSH200002-NAVY-25] 7u (I25) 108d | [COSH200002-NAVY-26] 5u (I25) 108d | [COSH200002-NAVY-26] 1u (I25) 108d | [COSH200006-NAVY-35] 2u (I25) 108d | [COSH200006-NAVY-36] 1u (I25) 108d | [COSH200001-NAVY-26] 5u (I25) 108d | [COSH200001-NAVY-33] 1u (I25) 108d | [COSH200001-NAVY-25] 2u (I25) 108d | [COSH200002-NAVY-30] 6u (I25) 108d | [COSH200002-NAVY-31] 3u (I25) 108d | [COSH200002-NAVY-33] 10u (I25) 108d | [COSH200002-NAVY-32] 1u (I25) 108d | [COSH200002-NAVY-31] 1u (I25) 108d
CLAGD/Stock/StorageGD/CLA-044-03-01-02;GOLD;I25+I24;142;0.00;A+C;515;120;[COSH542020-NAVY-35] 10u (I25) 298d;;[OSSH127004-SILV-22] 1u (I24) 515d | [OSSH127004-SILV-23] 1u (I24) 515d | [OSSH127004-SILV-24] 1u (I24) 515d | [OSSH127004-SILV-25] 2u (I24) 515d | [OSSH127004-SILV-26] 2u (I24) 515d | [OSSH127004-SILV-27] 2u (I24) 515d | [OSSH127004-SILV-28] 2u (I24) 515d | [OSSH127004-SILV-29] 1u (I24) 515d | [OSSH127004-SILV-22] 1u (I24) 515d | [OSSH127004-SILV-23] 1u (I24) 515d | [OSSH127004-SILV-24] 1u (I24) 515d | [OSSH127004-SILV-25] 2u (I24) 515d | [OSSH127004-SILV-26] 2u (I24) 515d | [OSSH127004-SILV-27] 2u (I24) 515d | [OSSH127004-SILV-28] 2u (I24) 515d | [OSSH127004-SILV-29] 1u (I24) 515d | [OSSH127004-SILV-22] 1u (I24) 515d | [OSSH127004-SILV-23] 1u (I24) 515d | [OSSH127004-SILV-24] 1u (I24) 515d | [OSSH127004-SILV-25] 2u (I24) 515d | [OSSH127004-SILV-26] 2u (I24) 515d | [OSSH127004-SILV-27] 2u (I24) 515d | [OSSH127004-SILV-28] 2u (I24) 515d | [OSSH127004-SILV-29] 1u (I24) 515d | [OSSH127004-SILV-22] 1u (I24) 515d | [OSSH127004-SILV-23] 1u (I24) 515d | [OSSH127004-SILV-24] 1u (I24) 515d | [OSSH127004-SILV-25] 2u (I24) 515d | [OSSH127004-SILV-26] 2u (I24) 515d | [OSSH127004-SILV-27] 2u (I24) 515d | [OSSH127004-SILV-28] 2u (I24) 515d | [OSSH127004-SILV-29] 1u (I24) 515d | [OSSH127004-SILV-22] 1u (I24) 515d | [OSSH127004-SILV-23] 1u (I24) 515d | [OSSH127004-SILV-24] 1u (I24) 515d | [OSSH127004-SILV-25] 2u (I24) 515d | [OSSH127004-SILV-26] 2u (I24) 515d | [OSSH127004-SILV-27] 2u (I24) 515d | [OSSH127004-SILV-28] 2u (I24) 515d | [OSSH127004-SILV-29] 1u (I24) 515d | [OSSH127004-SILV-22] 1u (I24) 515d | [OSSH127004-SILV-23] 1u (I24) 515d | [OSSH127004-SILV-24] 1u (I24) 515d | [OSSH127004-SILV-25] 2u (I24) 515d | [OSSH127004-SILV-26] 2u (I24) 515d | [OSSH127004-SILV-27] 2u (I24) 515d | [OSSH127004-SILV-28] 2u (I24) 515d | [OSSH127004-SILV-29] 1u (I24) 515d | [OSSH127004-SILV-22] 1u (I24) 515d | [OSSH127004-SILV-23] 1u (I24) 515d | [OSSH127004-SILV-24] 1u (I24) 515d | [OSSH127004-SILV-25] 2u (I24) 515d | [OSSH127004-SILV-26] 2u (I24) 515d | [OSSH127004-SILV-27] 2u (I24) 515d | [OSSH127004-SILV-28] 2u (I24) 515d | [OSSH127004-SILV-29] 1u (I24) 515d | [OSSH127004-SILV-22] 1u (I24) 515d | [OSSH127004-SILV-23] 1u (I24) 515d | [OSSH127004-SILV-24] 1u (I24) 515d | [OSSH127004-SILV-25] 2u (I24) 515d | [OSSH127004-SILV-26] 2u (I24) 515d | [OSSH127004-SILV-27] 2u (I24) 515d | [OSSH127004-SILV-28] 2u (I24) 515d | [OSSH127004-SILV-29] 1u (I24) 515d | [OSSH127004-SILV-22] 1u (I24) 515d | [OSSH127004-SILV-23] 1u (I24) 515d | [OSSH127004-SILV-24] 1u (I24) 515d | [OSSH127004-SILV-25] 2u (I24) 515d | [OSSH127004-SILV-26] 2u (I24) 515d | [OSSH127004-SILV-27] 2u (I24) 515d | [OSSH127004-SILV-28] 2u (I24) 515d | [OSSH127004-SILV-29] 1u (I24) 515d | [OSSH127004-SILV-22] 1u (I24) 515d | [OSSH127004-SILV-23] 1u (I24) 515d | [OSSH127004-SILV-24] 1u (I24) 515d | [OSSH127004-SILV-25] 2u (I24) 515d | [OSSH127004-SILV-26] 2u (I24) 515d | [OSSH127004-SILV-27] 2u (I24) 515d | [OSSH127004-SILV-28] 2u (I24) 515d | [OSSH127004-SILV-29] 1u (I24) 515d | [OSSH127004-SILV-22] 1u (I24) 383d | [OSSH127004-SILV-23] 1u (I24) 383d | [OSSH127004-SILV-24] 1u (I24) 383d | [OSSH127004-SILV-25] 2u (I24) 383d | [OSSH127004-SILV-26] 2u (I24) 383d | [OSSH127004-SILV-27] 2u (I24) 383d | [OSSH127004-SILV-28] 2u (I24) 383d | [OSSH127004-SILV-29] 1u (I24) 383d;
CLAGD/Stock/StorageGD/CLA-009-06-02-02;GOLD;I25;140;0.00;C+D+A;138;140;[COSH542065-BEIG-33] 10u (I25) 109d;;[COSH542105-TAN-35] 10u (I25) 138d | [COSH542105-TAN-34] 10u (I25) 138d | [COSH542105-TAN-34] 10u (I25) 138d | [COSH542105-TAN-34] 10u (I25) 138d | [COSH542105-TAN-30] 10u (I25) 138d | [COSH542105-TAN-29] 10u (I25) 138d | [COSH542105-TAN-28] 10u (I25) 138d | [COSH542105-TAN-27] 10u (I25) 138d | [COSH542105-TAN-27] 10u (I25) 138d | [COSH542105-TAN-26] 10u (I25) 138d | [COSH542105-TAN-26] 10u (I25) 138d | [COSH542105-TAN-22] 10u (I25) 138d;[COSH542105-TAN-33] 10u (I25) 138d
CLAGD/Stock/StorageGD/CLA-031-08-02-02;GOLD;I25;140;0.00;D+C+B;158;140;;[COSH542083-TAUP-34] 10u (I25) 158d;[COSH542102-PINK-29] 10u (I25) 158d | [COSH542102-PINK-28] 10u (I25) 158d | [COSH542102-BEIG-35] 10u (I25) 158d | [COSH542102-BEIG-34] 10u (I25) 158d | [COSH542102-BEIG-31] 10u (I25) 158d | [COSH542102-BEIG-29] 10u (I25) 158d;[COSH542102-PINK-34] 10u (I25) 158d | [COSH542102-PINK-33] 10u (I25) 158d | [COSH542102-PINK-30] 10u (I25) 158d | [COSH542102-BEIG-33] 10u (I25) 158d | [COSH542102-BEIG-33] 10u (I25) 158d | [COSH542102-BEIG-30] 10u (I25) 158d | [COSH542102-BEIG-27] 10u (I25) 158d
CLAGD/Stock/StorageGD/CLA-031-09-01-01;GOLD;I25;140;0.00;C+B+D;138;140;;[COSH542107-PINK-33] 10u (I25) 138d | [COSH542107-PINK-32] 10u (I25) 138d;[COSH542107-PINK-36] 10u (I25) 138d | [COSH542107-PINK-35] 10u (I25) 138d | [COSH542104-GOLD-36] 10u (I25) 138d | [COSH542104-GOLD-36] 10u (I25) 138d | [COSH542104-GOLD-35] 10u (I25) 138d | [COSH542104-GOLD-35] 10u (I25) 138d | [COSH542104-GOLD-33] 10u (I25) 138d | [COSH542104-GOLD-33] 10u (I25) 138d | [COSH542104-GOLD-27] 10u (I25) 138d | [COSH542104-GOLD-27] 10u (I25) 138d | [COSH542104-GOLD-25] 10u (I25) 138d;[COSH542104-GOLD-34] 10u (I25) 138d
CLAGD/Stock/StorageGD/CLA-031-10-02-02;GOLD;I25;140;0.00;C+B;144;140;;[COSH264024-PEWT-32] 10u (I25) 144d;[COSH282107-BLAC-32] 10u (I25) 144d | [COSH264027-BLAC-34] 10u (I25) 144d | [COSH264027-BLAC-34] 10u (I25) 144d | [COSH264027-BLAC-33] 10u (I25) 144d | [COSH264027-BLAC-32] 10u (I25) 144d | [COSH264027-BLAC-32] 10u (I25) 144d | [COSH264027-BLAC-31] 10u (I25) 144d | [COSH264027-BLAC-30] 10u (I25) 144d | [COSH264027-BLAC-30] 10u (I25) 144d | [COSH264027-BLAC-28] 10u (I25) 144d | [COSH264027-BLAC-28] 10u (I25) 144d | [COSH264027-BLAC-28] 10u (I25) 144d | [COSH264024-PEWT-36] 10u (I25) 144d;
CLAGD/Stock/StorageGD/CLA-031-13-03-03;GOLD;I25;140;0.00;C;144;140;;;[COSH283118-PINK-30] 10u (I25) 144d | [COSH283115-BLAC-32] 10u (I25) 144d | [COSH283115-BLAC-32] 10u (I25) 144d | [COSH283115-BLAC-32] 10u (I25) 144d | [COSH283115-BLAC-32] 10u (I25) 144d | [COSH283115-BLAC-32] 10u (I25) 144d | [COSH283115-BLAC-31] 10u (I25) 144d | [COSH283115-BLAC-30] 10u (I25) 144d | [COSH283115-BLAC-30] 10u (I25) 144d | [COSH283115-BLAC-30] 10u (I25) 144d | [COSH283115-BLAC-30] 10u (I25) 144d | [COSH283115-BLAC-30] 10u (I25) 144d | [COSH283115-BLAC-27] 10u (I25) 144d | [COSH283115-BLAC-27] 10u (I25) 144d;
CLAGD/Stock/StorageGD/CLA-031-14-02-02;GOLD;I25;140;0.00;C;144;140;;;[COSH283118-PINK-33] 10u (I25) 144d | [COSH283118-PINK-31] 10u (I25) 144d | [COSH283118-PINK-30] 10u (I25) 144d | [COSH283118-PINK-30] 10u (I25) 144d | [COSH283118-PINK-30] 10u (I25) 144d | [COSH283118-PINK-29] 10u (I25) 144d | [COSH283118-PINK-29] 10u (I25) 144d | [COSH283118-PINK-28] 10u (I25) 144d | [COSH283118-PINK-26] 10u (I25) 144d | [COSH283118-PINK-25] 10u (I25) 144d | [COSH283118-BLAC-27] 10u (I25) 144d | [COSH283115-BLAC-32] 10u (I25) 144d | [COSH283115-BLAC-31] 10u (I25) 144d | [COSH283115-BLAC-31] 10u (I25) 144d;
CLAGD/Stock/StorageGD/CLA-041-02-02-02;GOLD;I25;140;0.00;A;195;140;[COSH542021-NAVY-35] 10u (I25) 195d | [COSH542021-NAVY-35] 10u (I25) 195d | [COSH542021-NAVY-34] 10u (I25) 195d | [COSH542021-NAVY-33] 10u (I25) 195d | [COSH542021-NAVY-33] 10u (I25) 195d | [COSH542021-NAVY-32] 10u (I25) 195d | [COSH542021-NAVY-32] 10u (I25) 195d | [COSH542021-NAVY-32] 10u (I25) 195d | [COSH542021-NAVY-31] 10u (I25) 195d | [COSH542021-NAVY-31] 10u (I25) 195d | [COSH542021-NAVY-29] 10u (I25) 195d | [COSH542021-NAVY-28] 10u (I25) 195d | [COSH542021-NAVY-27] 10u (I25) 195d | [COSH542021-NAVY-27] 10u (I25) 195d;;;
CLAGD/Stock/StorageGD/CLA-043-05-03-02;GOLD;I25;140;0.00;A;434;140;[COSH542020-TAN-31] 10u (I25) 434d | [COSH542020-TAN-30] 10u (I25) 434d | [COSH542020-TAN-30] 10u (I25) 434d | [COSH542020-TAN-29] 10u (I25) 434d | [COSH542020-TAN-29] 10u (I25) 434d | [COSH542020-TAN-29] 10u (I25) 434d | [COSH542020-TAN-28] 10u (I25) 434d | [COSH542020-TAN-28] 10u (I25) 434d | [COSH542020-TAN-28] 10u (I25) 434d | [COSH542020-TAN-28] 10u (I25) 434d | [COSH542020-TAN-27] 10u (I25) 434d | [COSH542020-TAN-27] 10u (I25) 434d | [COSH542020-TAN-27] 10u (I25) 434d | [COSH542020-TAN-27] 10u (I25) 434d;;;
CLAGD/Stock/StorageGD/CLA-044-01-02-03;GOLD;I25;140;0.00;C+B+A;109;140;[COSH542065-BEIG-33] 10u (I25) 109d | [COSH542065-BEIG-33] 10u (I25) 109d;[COSH542065-TAN-35] 10u (I25) 109d | [COSH542065-TAN-35] 10u (I25) 109d | [COSH542065-TAN-34] 10u (I25) 109d | [COSH542065-BEIG-36] 10u (I25) 109d | [COSH542065-BEIG-35] 10u (I25) 109d | [COSH542065-BEIG-34] 10u (I25) 109d | [COSH542065-BEIG-32] 10u (I25) 109d | [COSH542065-BEIG-29] 10u (I25) 109d;[COSH542065-TAN-36] 10u (I25) 109d | [COSH542065-TAN-36] 10u (I25) 109d | [COSH542065-TAN-30] 10u (I25) 109d | [COSH542065-TAN-30] 10u (I25) 109d;
CLAGD/Stock/StorageGD/CLA-044-04-02-03;GOLD;V25;140;844.20;D+B;343;140;;[COSH283108-MULT-31] 10u (V25) 343d | [COSH283108-MULT-31] 10u (V25) 343d | [COSH283108-MULT-31] 10u (V25) 343d | [COSH283108-MULT-31] 10u (V25) 343d | [COSH283108-MULT-30] 10u (V25) 343d | [COSH283108-MULT-30] 10u (V25) 343d | [COSH283108-MULT-27] 10u (V25) 343d | [COSH283108-MULT-30] 10u (V25) 343d | [COSH283108-MULT-30] 10u (V25) 343d | [COSH283108-MULT-30] 10u (V25) 343d;;[COSH283108-MULT-34] 10u (V25) 343d | [COSH283108-MULT-34] 10u (V25) 343d | [COSH283108-MULT-33] 10u (V25) 343d | [COSH283108-MULT-32] 10u (V25) 343d
CLAGD/Stock/StorageGD/CLA-045-02-03-01;GOLD;V25;140;0.00;B+D;301;140;;[COSH284097-MULT-34] 10u (V25) 301d | [COSH284097-MULT-27] 10u (V25) 301d;;[COSH284097-MULT-33] 10u (V25) 301d | [COSH284097-MULT-33] 10u (V25) 301d | [COSH284097-MULT-32] 10u (V25) 301d | [COSH284097-MULT-32] 10u (V25) 301d | [COSH284097-MULT-30] 10u (V25) 301d | [COSH284097-MULT-30] 10u (V25) 301d | [COSH284097-MULT-29] 10u (V25) 301d | [COSH284097-MULT-29] 10u (V25) 301d | [COSH284097-MULT-29] 10u (V25) 301d | [COSH284097-MULT-28] 10u (V25) 301d | [COSH284097-MULT-28] 10u (V25) 301d | [COSH284097-MULT-28] 10u (V25) 301d
CLAGD/Stock/StorageGD/CLA-045-09-01-01;GOLD;V25;140;844.20;D+B+C;343;140;;[COSH283108-MULT-27] 10u (V25) 343d | [COSH283108-MULT-27] 10u (V25) 343d | [COSH283108-MULT-27] 10u (V25) 343d | [COSH283108-MULT-23] 10u (V25) 343d;[COSH283108-MULT-26] 10u (V25) 343d | [COSH283108-MULT-26] 10u (V25) 343d | [COSH283108-MULT-26] 10u (V25) 343d | [COSH283108-MULT-26] 10u (V25) 343d;[COSH283108-MULT-29] 10u (V25) 343d | [COSH283108-MULT-29] 10u (V25) 343d | [COSH283108-MULT-29] 10u (V25) 343d | [COSH283108-MULT-29] 10u (V25) 343d | [COSH283108-MULT-28] 10u (V25) 343d | [COSH283108-MULT-28] 10u (V25) 343d
CLAGD/Stock/StorageGD/CLA-045-09-02-03;GOLD;I25;140;0.00;A;175;140;[COSH542021-TAUP-28] 10u (I25) 175d | [COSH542021-TAN-30] 10u (I25) 175d | [COSH542021-TAN-30] 10u (I25) 175d | [COSH542021-TAN-30] 10u (I25) 175d | [COSH542021-TAN-29] 10u (I25) 175d | [COSH542021-TAN-29] 10u (I25) 175d | [COSH542021-TAN-29] 10u (I25) 175d | [COSH542021-TAN-28] 10u (I25) 175d | [COSH542021-TAN-28] 10u (I25) 175d | [COSH542021-TAN-27] 10u (I25) 175d | [COSH542021-TAN-27] 10u (I25) 175d | [COSH542021-TAN-27] 10u (I25) 175d | [COSH542021-TAN-27] 10u (I25) 175d | [COSH542021-TAN-27] 10u (I25) 175d;;;
CLAGD/Stock/StorageGD/CLA-046-01-01-03;GOLD;V25;140;0.00;B+D;301;140;;[COSH283111-MULT-33] 10u (V25) 301d | [COSH283111-MULT-32] 10u (V25) 301d | [COSH283111-MULT-28] 10u (V25) 301d | [COSH283111-MULT-26] 10u (V25) 301d | [COSH283111-MULT-26] 10u (V25) 301d | [COSH283111-MULT-26] 10u (V25) 301d | [COSH283111-MULT-26] 10u (V25) 301d | [COSH283111-MULT-24] 10u (V25) 301d | [COSH283104-SILV-32] 10u (V25) 301d | [COSH283104-SILV-31] 10u (V25) 301d | [COSH283104-SILV-29] 10u (V25) 301d | [COSH283104-SILV-29] 10u (V25) 301d;;[COSH283111-MULT-31] 10u (V25) 301d | [COSH283111-MULT-29] 10u (V25) 301d
CLAGD/Stock/StorageGD/CLA-046-02-03-03;GOLD;I25;140;0.00;A;195;140;[COSH542021-TAUP-35] 10u (I25) 195d | [COSH542021-TAUP-35] 10u (I25) 195d | [COSH542021-TAUP-32] 10u (I25) 195d | [COSH542021-TAUP-32] 10u (I25) 195d | [COSH542021-TAUP-31] 10u (I25) 195d | [COSH542021-TAUP-31] 10u (I25) 195d | [COSH542021-TAUP-31] 10u (I25) 195d | [COSH542021-TAUP-30] 10u (I25) 195d | [COSH542021-TAUP-29] 10u (I25) 195d | [COSH542021-TAUP-29] 10u (I25) 195d | [COSH542021-TAUP-29] 10u (I25) 195d | [COSH542021-TAUP-29] 10u (I25) 195d | [COSH542021-TAUP-28] 10u (I25) 195d | [COSH542021-TAUP-26] 10u (I25) 195d;;;
CLAGD/Stock/StorageGD/CLA-046-06-01-01;GOLD;I25;140;0.00;A+B;195;140;[COSH542021-NAVY-36] 10u (I25) 195d | [COSH542021-NAVY-36] 10u (I25) 195d | [COSH542021-NAVY-34] 10u (I25) 195d | [COSH542021-NAVY-33] 10u (I25) 195d | [COSH542021-NAVY-32] 10u (I25) 195d | [COSH542021-NAVY-30] 10u (I25) 195d | [COSH542021-NAVY-29] 10u (I25) 195d | [COSH542021-NAVY-29] 10u (I25) 195d | [COSH542021-NAVY-28] 10u (I25) 195d | [COSH542021-NAVY-28] 10u (I25) 195d | [COSH542021-NAVY-28] 10u (I25) 195d | [COSH542021-NAVY-27] 10u (I25) 195d;[COSH542021-NAVY-24] 10u (I25) 195d | [COSH542021-NAVY-24] 10u (I25) 195d;;
CLAGD/Stock/StorageGD/CLA-047-01-01-02;GOLD;I24;140;0.00;B+C;305;140;;[COTXPUF002-PINK-10] 10u (I24) 305d | [COTXPUF002-PINK-8] 9u (I24) 305d | [COTXPUF002-PINK-8] 10u (I24) 305d | [COTXPUF002-BLAC-10] 11u (I24) 305d | [COTXPUF002-BLAC-12] 10u (I24) 305d | [COTXPUF002-BLAC-12] 10u (I24) 305d | [COTXPUF002-BLAC-12] 10u (I24) 305d | [COTXPUF002-BLAC-8] 9u (I24) 305d | [COTXPUF002-BLAC-8] 10u (I24) 305d | [COTXPUF002-BLAC-8] 10u (I24) 305d | [COTXPUF002-BLAC-6] 10u (I24) 305d | [COTXPUF002-BLAC-12] 3u (I24) 305d | [COTXPUF002-BLAC-6] 6u (I24) 305d;[COTXPUF002-BLAC-5] 2u (I24) 305d | [COTXPUF002-BLAC-5] 10u (I24) 305d | [COTXPUF002-BLAC-4] 10u (I24) 305d;
CLAGD/Stock/StorageGD/CLA-047-02-03-01;GOLD;I25;140;0.00;A;175;140;[COSH542021-TAN-35] 10u (I25) 175d | [COSH542021-TAN-33] 10u (I25) 175d | [COSH542021-TAN-32] 10u (I25) 175d | [COSH542021-TAN-32] 10u (I25) 175d | [COSH542021-TAN-32] 10u (I25) 175d | [COSH542021-TAN-32] 10u (I25) 175d | [COSH542021-TAN-31] 10u (I25) 175d | [COSH542021-TAN-30] 10u (I25) 175d | [COSH542021-TAN-30] 10u (I25) 175d | [COSH542021-TAN-28] 10u (I25) 175d | [COSH542021-TAN-28] 10u (I25) 175d | [COSH542021-TAN-27] 10u (I25) 175d | [COSH542021-TAN-25] 10u (I25) 175d | [COSH542021-TAN-30] 10u (I25) 175d;;;
CLAGD/Stock/StorageGD/CLA-047-06-03-03;GOLD;I25;140;0.00;B+A;175;140;[COSH542084-PEWT-33] 10u (I25) 175d | [COSH542084-PEWT-32] 10u (I25) 175d | [COSH542084-BRON-35] 10u (I25) 175d | [COSH542084-BRON-34] 10u (I25) 175d | [COSH542084-BRON-34] 10u (I25) 175d | [COSH542084-BRON-34] 10u (I25) 175d | [COSH542084-BRON-32] 10u (I25) 175d | [COSH542084-BRON-30] 10u (I25) 175d | [COSH542084-BRON-29] 10u (I25) 175d;[COSH542084-PEWT-36] 10u (I25) 175d | [COSH542084-PEWT-35] 10u (I25) 175d | [COSH542084-PEWT-34] 10u (I25) 175d | [COSH542084-PEWT-31] 10u (I25) 175d | [COSH542084-PEWT-25] 10u (I25) 175d;;
CLAGD/Stock/StorageGD/CLA-047-07-02-03;GOLD;I25;140;902.20;B+D;214;140;;[COSH249006-NAVY-32] 10u (I25) 214d | [COSH249005-PINK-36] 10u (I25) 214d | [COSH249005-PINK-31] 10u (I25) 214d | [COSH249005-PINK-31] 10u (I25) 214d;;[COSH249005-PINK-35] 10u (I25) 214d | [COSH249005-PINK-34] 10u (I25) 214d | [COSH249005-PINK-34] 10u (I25) 214d | [COSH249005-PINK-33] 10u (I25) 214d | [COSH249005-PINK-33] 10u (I25) 214d | [COSH249005-PINK-33] 10u (I25) 214d | [COSH249005-PINK-32] 10u (I25) 214d | [COSH249005-PINK-32] 10u (I25) 214d | [COSH249005-PINK-32] 10u (I25) 214d | [COSH249005-GREY-31] 10u (I25) 214d
CLAGD/Stock/StorageGD/CLA-072-16-03-01;GOLD;I25;140;1443.40;D;222;140;;;;[COSH280002-NAVY-32] 10u (I25) 222d | [COSH280002-NAVY-32] 10u (I25) 222d | [COSH280002-NAVY-32] 10u (I25) 222d | [COSH280002-NAVY-30] 10u (I25) 222d | [COSH280002-NAVY-30] 10u (I25) 222d | [COSH280002-NAVY-30] 10u (I25) 222d | [COSH280002-NAVY-29] 10u (I25) 222d | [COSH280002-NAVY-28] 10u (I25) 222d | [COSH280002-NAVY-28] 10u (I25) 222d | [COSH280002-NAVY-28] 10u (I25) 222d | [COSH280002-NAVY-27] 10u (I25) 222d | [COSH280002-NAVY-27] 10u (I25) 222d | [COSH280002-NAVY-27] 10u (I25) 222d | [COSH280002-NAVY-26] 10u (I25) 222d
CLAGD/Stock/StorageGD/CLA-072-18-01-03;GOLD;I25;140;0.00;A;434;140;[COSH542020-TAUP-32] 10u (I25) 434d | [COSH542020-TAUP-32] 10u (I25) 434d | [COSH542020-TAUP-32] 10u (I25) 434d | [COSH542020-TAUP-32] 10u (I25) 434d | [COSH542020-TAUP-32] 10u (I25) 434d | [COSH542020-TAUP-32] 10u (I25) 434d | [COSH542020-TAUP-32] 10u (I25) 434d | [COSH542020-TAUP-32] 10u (I25) 434d | [COSH542020-TAUP-32] 10u (I25) 434d | [COSH542020-TAUP-32] 10u (I25) 434d | [COSH542020-TAUP-32] 10u (I25) 434d | [COSH542020-TAUP-32] 10u (I25) 434d | [COSH542020-TAUP-32] 10u (I25) 434d | [COSH542020-TAUP-32] 10u (I25) 434d;;;
CLAGD/Stock/StorageGD/CLA-047-06-01-03;GENERIC;V24+V23+V22;139;956.04;C+B+D;906;140;;[BJSH527061-OFFW-34] 1u (V24) 581d | [BJSH527061-OFFW-36] 2u (V24) 581d | [NV230056-0020-36] 1u (V23) 581d | [NV230056-0020-40] 1u (V23) 581d | [NV230056-0020-41] 1u (V23) 581d | [NV230056-0020-36] 1u (V23) 581d | [NV230056-0020-40] 1u (V23) 581d | [NV230056-0020-41] 1u (V23) 581d | [NV230056-0020-36] 1u (V23) 581d | [NV230056-0020-40] 1u (V23) 581d | [NV230056-0020-41] 1u (V23) 581d | [NV230056-0020-36] 1u (V23) 581d | [NV230056-0020-40] 1u (V23) 581d | [NV230056-0020-41] 1u (V23) 581d | [NV558663-0043-34] 1u (V23) 906d | [NV230045-0020-39] 2u (V23) 581d | [NV230046-0020-36] 1u (V23) 581d | [NV230046-0020-37] 2u (V23) 581d | [NV230045-0020-39] 2u (V23) 581d;[BJSH527061-OFFW-32] 1u (V24) 581d | [BJSH527061-OFFW-33] 1u (V24) 581d | [BJSH527061-OFFW-35] 2u (V24) 581d | [BJSH527061-OFFW-37] 2u (V24) 581d | [BJSH527061-OFFW-38] 1u (V24) 581d | [BJSH527061-OFFW-39] 1u (V24) 581d | [BJSH527061-OFFW-40] 1u (V24) 581d;[NV230056-0020-37] 2u (V23) 581d | [NV230056-0020-38] 2u (V23) 581d | [NV230056-0020-39] 2u (V23) 581d | [NV230056-0020-37] 2u (V23) 581d | [NV230056-0020-38] 2u (V23) 581d | [NV230056-0020-39] 2u (V23) 581d | [NV230056-0020-37] 2u (V23) 581d | [NV230056-0020-38] 2u (V23) 581d | [NV230056-0020-39] 2u (V23) 581d | [NV230056-0020-37] 2u (V23) 581d | [NV230056-0020-38] 2u (V23) 581d | [NV230056-0020-39] 2u (V23) 581d | [MV551745-0399-28] 5u (V22) 581d | [MV551745-0399-29] 5u (V22) 581d | [MV551745-0399-30] 2u (V22) 581d | [MV231508-0160-36] 1u (V22) 581d | [MV231508-0160-37] 2u (V22) 581d | [MV231508-0160-38] 2u (V22) 581d | [MV231508-0160-39] 2u (V22) 581d | [MV231508-0160-40] 1u (V22) 581d | [MV231508-0160-41] 1u (V22) 581d | [NV558668-0043-27] 1u (V23) 588d | [NV558668-0043-28] 4u (V23) 588d | [NV558668-0043-32] 4u (V23) 588d | [NV558663-0011-29] 1u (V23) 684d | [NV558663-0011-32] 2u (V23) 906d | [NV558663-0011-31] 1u (V23) 906d | [NV558663-0043-32] 2u (V23) 906d | [NV558663-0043-31] 3u (V23) 906d | [NV558663-0043-37] 1u (V23) 906d | [NV558666-0043-38] 1u (V23) 906d | [NV558666-0043-39] 1u (V23) 686d | [NV558663-0043-30] 1u (V23) 906d | [NV558663-0043-26] 1u (V23) 588d | [NV558663-0011-30] 1u (V23) 906d | [NV230045-0020-36] 1u (V23) 581d | [NV230045-0020-37] 2u (V23) 581d | [NV230045-0020-38] 2u (V23) 581d | [NV230045-0020-40] 1u (V23) 581d | [NV230045-0020-41] 1u (V23) 581d | [NV234406-0020-36] 1u (V23) 581d | [NV234406-0020-37] 2u (V23) 581d | [NV234406-0020-38] 2u (V23) 581d | [NV234406-0020-39] 2u (V23) 581d | [NV234406-0020-40] 1u (V23) 581d | [NV234406-0020-41] 1u (V23) 581d | [NV230046-0020-38] 2u (V23) 581d | [NV230046-0020-39] 2u (V23) 581d | [NV230046-0020-40] 1u (V23) 581d | [NV230046-0020-41] 1u (V23) 581d | [NV230045-0020-36] 1u (V23) 581d | [NV230045-0020-37] 2u (V23) 581d | [NV230045-0020-38] 2u (V23) 581d | [NV230045-0020-40] 1u (V23) 581d | [NV230045-0020-41] 1u (V23) 581d | [NV230045-0001-36] 2u (V23) 581d | [NV230045-0001-37] 3u (V23) 581d | [NV230045-0001-38] 2u (V23) 581d | [NV230045-0001-39] 1u (V23) 581d | [NV230045-0001-40] 1u (V23) 581d
CLAGD/Stock/StorageGD/CLA-031-09-03-03;GOLD;I25;136;0.00;D+C+B;144;130;;[COSH264023-PINK-28] 10u (I25) 144d | [COSH264023-PINK-27] 10u (I25) 144d | [COSH264023-PINK-26] 10u (I25) 144d;[COSH283124-PINK-28] 1u (I25) 144d | [COSH283124-PINK-29] 1u (I25) 144d | [COSH283124-PINK-30] 2u (I25) 144d | [COSH283124-PINK-31] 2u (I25) 144d | [COSH283124-PINK-32] 1u (I25) 144d | [COSH283124-PINK-33] 1u (I25) 144d | [COSH283124-PINK-34] 1u (I25) 144d | [COSH283124-PINK-28] 1u (I25) 144d | [COSH283124-PINK-29] 1u (I25) 144d | [COSH283124-PINK-30] 2u (I25) 144d | [COSH283124-PINK-31] 2u (I25) 144d | [COSH283124-PINK-32] 1u (I25) 144d | [COSH283124-PINK-33] 1u (I25) 144d | [COSH283124-PINK-34] 1u (I25) 144d | [COSH283124-PINK-28] 1u (I25) 144d | [COSH283124-PINK-29] 1u (I25) 144d | [COSH283124-PINK-30] 2u (I25) 144d | [COSH283124-PINK-31] 2u (I25) 144d | [COSH283124-PINK-32] 1u (I25) 144d | [COSH283124-PINK-33] 1u (I25) 144d | [COSH283124-PINK-34] 1u (I25) 144d | [COSH264023-PINK-35] 10u (I25) 144d | [COSH264023-PINK-33] 10u (I25) 144d | [COSH264023-PINK-30] 10u (I25) 144d | [COSH264023-PINK-29] 10u (I25) 144d | [COSH264023-PINK-25] 10u (I25) 144d | [COSH264023-PINK-24] 10u (I25) 144d;[COSH283124-PINK-27] 1u (I25) 144d | [COSH283124-PINK-35] 1u (I25) 144d | [COSH283124-PINK-36] 1u (I25) 144d | [COSH283124-PINK-27] 1u (I25) 144d | [COSH283124-PINK-35] 1u (I25) 144d | [COSH283124-PINK-36] 1u (I25) 144d | [COSH283124-PINK-27] 1u (I25) 144d | [COSH283124-PINK-35] 1u (I25) 144d | [COSH283124-PINK-36] 1u (I25) 144d | [COSH264023-PINK-36] 10u (I25) 144d
CLAGD/Stock/StorageGD/CLA-045-03-01-01;GOLD;V25+V24+V23+I25;135;103.97;D+B+C;819;110;;[BJSH300115-BLAC-38] 1u (V25) 301d | [BJSH300115-BLAC-38] 1u (V25) 301d | [BJSH300115-BLAC-38] 1u (V25) 301d | [BJSH300115-BLAC-38] 1u (V25) 301d | [BJSH300115-BLAC-38] 1u (V25) 301d;[OSSH154012-WHIT-29] 1u (V24) 586d | [OSSH154012-WHIT-25] 2u (V24) 586d | [OSSH154012-WHIT-23] 2u (V24) 586d | [OSSH154012-WHIT-26] 2u (V24) 586d | [OSSH154012-WHIT-28] 1u (V24) 586d | [COSH285079-MULT-27] 1u (V25) 315d | [COSH285079-MULT-28] 1u (V25) 315d | [COSH285079-MULT-34] 1u (V25) 315d | [COSH285079-MULT-35] 1u (V25) 315d | [COSH330003-GREY-25] 1u (I25) 110d | [COSH330003-GREY-26] 1u (I25) 110d | [COSH330003-GREY-27] 1u (I25) 110d | [COSH330003-GREY-28] 1u (I25) 110d | [COSH330003-GREY-29] 1u (I25) 110d | [COSH330003-GREY-30] 1u (I25) 110d | [COSH330003-GREY-31] 1u (I25) 110d | [COSH330003-GREY-32] 1u (I25) 110d | [COSH330003-GREY-33] 1u (I25) 110d | [COSH330003-GREY-34] 1u (I25) 110d | [COSH330003-GREY-35] 1u (I25) 110d | [COSH330003-GREY-36] 1u (I25) 110d | [COSH330003-GREY-25] 1u (I25) 110d | [COSH330003-GREY-26] 1u (I25) 110d | [COSH330003-GREY-27] 1u (I25) 110d | [COSH330003-GREY-28] 1u (I25) 110d | [COSH330003-GREY-29] 1u (I25) 110d | [COSH330003-GREY-30] 1u (I25) 110d | [COSH330003-GREY-31] 1u (I25) 110d | [COSH330003-GREY-32] 1u (I25) 110d | [COSH330003-GREY-33] 1u (I25) 110d | [COSH330003-GREY-34] 1u (I25) 110d | [COSH330003-GREY-35] 1u (I25) 110d | [COSH330003-GREY-36] 1u (I25) 110d | [COSH330003-GREY-25] 1u (I25) 110d | [COSH330003-GREY-26] 1u (I25) 110d | [COSH330003-GREY-27] 1u (I25) 110d | [COSH330003-GREY-28] 1u (I25) 110d | [COSH330003-GREY-29] 1u (I25) 110d | [COSH330003-GREY-30] 1u (I25) 110d | [COSH330003-GREY-31] 1u (I25) 110d | [COSH330003-GREY-32] 1u (I25) 110d | [COSH330003-GREY-33] 1u (I25) 110d | [COSH330003-GREY-34] 1u (I25) 110d | [COSH330003-GREY-35] 1u (I25) 110d | [COSH330003-GREY-36] 1u (I25) 110d;[BJSH300115-BLAC-33] 1u (V25) 301d | [BJSH300115-BLAC-34] 2u (V25) 301d | [BJSH300115-BLAC-35] 2u (V25) 301d | [BJSH300115-BLAC-36] 2u (V25) 301d | [BJSH300115-BLAC-37] 2u (V25) 301d | [BJSH300115-BLAC-39] 1u (V25) 301d | [BJSH300115-BLAC-40] 1u (V25) 301d | [BJSH300115-BLAC-33] 1u (V25) 301d | [BJSH300115-BLAC-34] 2u (V25) 301d | [BJSH300115-BLAC-35] 2u (V25) 301d | [BJSH300115-BLAC-36] 2u (V25) 301d | [BJSH300115-BLAC-37] 2u (V25) 301d | [BJSH300115-BLAC-39] 1u (V25) 301d | [BJSH300115-BLAC-40] 1u (V25) 301d | [BJSH300115-BLAC-33] 1u (V25) 301d | [BJSH300115-BLAC-34] 2u (V25) 301d | [BJSH300115-BLAC-35] 2u (V25) 301d | [BJSH300115-BLAC-36] 2u (V25) 301d | [BJSH300115-BLAC-37] 2u (V25) 301d | [BJSH300115-BLAC-39] 1u (V25) 301d | [BJSH300115-BLAC-40] 1u (V25) 301d | [BJSH300115-BLAC-33] 1u (V25) 301d | [BJSH300115-BLAC-34] 2u (V25) 301d | [BJSH300115-BLAC-35] 2u (V25) 301d | [BJSH300115-BLAC-36] 2u (V25) 301d | [BJSH300115-BLAC-37] 2u (V25) 301d | [BJSH300115-BLAC-39] 1u (V25) 301d | [BJSH300115-BLAC-40] 1u (V25) 301d | [BJSH300115-BLAC-33] 1u (V25) 301d | [BJSH300115-BLAC-34] 2u (V25) 301d | [BJSH300115-BLAC-35] 2u (V25) 301d | [BJSH300115-BLAC-36] 2u (V25) 301d | [BJSH300115-BLAC-37] 2u (V25) 301d | [BJSH300115-BLAC-39] 1u (V25) 301d | [BJSH300115-BLAC-40] 1u (V25) 301d | [OSSH154012-WHIT-24] 2u (V24) 586d | [OSSH154012-WHIT-27] 1u (V24) 586d | [NV130086-0001-28] 1u (V23) 819d | [NV130086-0001-26] 2u (V23) 819d | [NV130086-0001-25] 1u (V23) 819d | [COSH285079-MULT-29] 1u (V25) 315d | [COSH285079-MULT-30] 2u (V25) 315d | [COSH285079-MULT-31] 2u (V25) 315d | [COSH285079-MULT-32] 2u (V25) 315d | [COSH285079-MULT-33] 1u (V25) 315d | [BJSH384005-OFFW-33] 1u (V25) 298d | [BJSH384005-OFFW-34] 2u (V25) 298d | [BJSH384005-OFFW-35] 2u (V25) 298d | [BJSH384005-OFFW-36] 2u (V25) 298d | [BJSH384005-OFFW-37] 2u (V25) 298d | [BJSH384005-OFFW-38] 1u (V25) 298d | [BJSH384005-OFFW-39] 1u (V25) 298d | [BJSH384005-OFFW-40] 1u (V25) 298d
CLAGD/Stock/StorageGD/CLA-031-18-01-01;GENERIC;I25;133;0.00;D;61;10;;;;[COMEPLV021] 133u (I25) 61d
CLAGD/Stock/StorageGD/CLA-031-09-03-01;GOLD;I25;132;0.00;D+C;144;120;;;[COSH283124-PINK-28] 1u (I25) 144d | [COSH283124-PINK-29] 1u (I25) 144d | [COSH283124-PINK-30] 2u (I25) 144d | [COSH283124-PINK-31] 2u (I25) 144d | [COSH283124-PINK-32] 1u (I25) 144d | [COSH283124-PINK-33] 1u (I25) 144d | [COSH283124-PINK-34] 1u (I25) 144d | [COSH283124-PINK-28] 1u (I25) 144d | [COSH283124-PINK-29] 1u (I25) 144d | [COSH283124-PINK-30] 2u (I25) 144d | [COSH283124-PINK-31] 2u (I25) 144d | [COSH283124-PINK-32] 1u (I25) 144d | [COSH283124-PINK-33] 1u (I25) 144d | [COSH283124-PINK-34] 1u (I25) 144d | [COSH283124-PINK-28] 1u (I25) 144d | [COSH283124-PINK-29] 1u (I25) 144d | [COSH283124-PINK-30] 2u (I25) 144d | [COSH283124-PINK-31] 2u (I25) 144d | [COSH283124-PINK-32] 1u (I25) 144d | [COSH283124-PINK-33] 1u (I25) 144d | [COSH283124-PINK-34] 1u (I25) 144d | [COSH283124-PINK-28] 1u (I25) 144d | [COSH283124-PINK-29] 1u (I25) 144d | [COSH283124-PINK-30] 2u (I25) 144d | [COSH283124-PINK-31] 2u (I25) 144d | [COSH283124-PINK-32] 1u (I25) 144d | [COSH283124-PINK-33] 1u (I25) 144d | [COSH283124-PINK-34] 1u (I25) 144d | [COSH283124-PINK-28] 1u (I25) 144d | [COSH283124-PINK-29] 1u (I25) 144d | [COSH283124-PINK-30] 2u (I25) 144d | [COSH283124-PINK-31] 2u (I25) 144d | [COSH283124-PINK-32] 1u (I25) 144d | [COSH283124-PINK-33] 1u (I25) 144d | [COSH283124-PINK-34] 1u (I25) 144d | [COSH283124-PINK-28] 1u (I25) 144d | [COSH283124-PINK-29] 1u (I25) 144d | [COSH283124-PINK-30] 2u (I25) 144d | [COSH283124-PINK-31] 2u (I25) 144d | [COSH283124-PINK-32] 1u (I25) 144d | [COSH283124-PINK-33] 1u (I25) 144d | [COSH283124-PINK-34] 1u (I25) 144d | [COSH264023-PINK-33] 10u (I25) 144d | [COSH264023-PINK-32] 10u (I25) 144d | [COSH264023-PINK-32] 10u (I25) 144d | [COSH264023-PINK-31] 10u (I25) 144d | [COSH264023-PINK-31] 10u (I25) 144d | [COSH264023-PINK-29] 10u (I25) 144d;[COSH283124-PINK-27] 1u (I25) 144d | [COSH283124-PINK-35] 1u (I25) 144d | [COSH283124-PINK-36] 1u (I25) 144d | [COSH283124-PINK-27] 1u (I25) 144d | [COSH283124-PINK-35] 1u (I25) 144d | [COSH283124-PINK-36] 1u (I25) 144d | [COSH283124-PINK-27] 1u (I25) 144d | [COSH283124-PINK-35] 1u (I25) 144d | [COSH283124-PINK-36] 1u (I25) 144d | [COSH283124-PINK-27] 1u (I25) 144d | [COSH283124-PINK-35] 1u (I25) 144d | [COSH283124-PINK-36] 1u (I25) 144d | [COSH283124-PINK-27] 1u (I25) 144d | [COSH283124-PINK-35] 1u (I25) 144d | [COSH283124-PINK-36] 1u (I25) 144d | [COSH283124-PINK-27] 1u (I25) 144d | [COSH283124-PINK-35] 1u (I25) 144d | [COSH283124-PINK-36] 1u (I25) 144d
CLAGD/Stock/StorageGD/CLA-041-03-03-02;GENERIC;V22;132;1416.48;C+B;727;110;;[MV231611-0020-37] 12u (V22) 727d | [MV231605-0020-36] 12u (V22) 727d;[MV231605-0020-40] 12u (V22) 727d | [MV231605-0020-39] 12u (V22) 727d | [MV231605-0020-39] 12u (V22) 727d | [MV231605-0020-38] 9u (V22) 727d | [MV231605-0020-39] 3u (V22) 727d | [MV231605-0020-38] 12u (V22) 727d | [MV231605-0020-37] 3u (V22) 727d | [MV231605-0020-38] 9u (V22) 727d | [MV231611-0020-40] 12u (V22) 727d | [MV231605-0020-38] 7u (V22) 727d | [MV231605-0020-40] 5u (V22) 727d | [MV231605-0020-37] 11u (V22) 727d | [MV231605-0020-39] 1u (V22) 727d;
CLAGD/Stock/StorageGD/CLA-072-17-01-01;GOLD;V25+I25+I24+I20;132;646.48;B+D+A;581;130;[COSH283092-MULT-33] 10u (I24) 515d | [COSH283092-MULT-33] 10u (I24) 515d | [COSH542020-TAN-23] 10u (I25) 301d;[BJSH387004-MULT-32] 1u (V25) 329d | [BJSH387004-MULT-33] 1u (V25) 329d | [BJSH387004-MULT-34] 1u (V25) 329d | [BJSH387004-MULT-38] 1u (V25) 329d | [BJSH387004-MULT-39] 1u (V25) 329d | [COSH200001-NAVY-36] 12u (I25) 522d | [COSH200001-NAVY-31] 12u (I25) 522d | [BJSH543001-TAUP-40] 10u (I25) 399d | [BJSH542090-BLAC-39] 10u (I24) 301d | [COSH283092-MULT-27] 10u (I24) 515d | [COSH283094-GOLD-24] 10u (I24) 300d | [KI229004-0022-36] 1u (I20) 581d | [KI229004-0022-37] 2u (I20) 581d | [KI229004-0022-38] 2u (I20) 581d | [KI229004-0022-39] 2u (I20) 581d | [KI229004-0022-40] 1u (I20) 581d | [KI229004-0022-41] 1u (I20) 581d | [KI229004-0022-36] 1u (I20) 581d | [KI229004-0022-37] 2u (I20) 581d | [KI229004-0022-38] 2u (I20) 581d | [KI229004-0022-39] 2u (I20) 581d | [KI229004-0022-40] 1u (I20) 581d | [KI229004-0022-41] 1u (I20) 581d | [KI229004-0022-36] 1u (I20) 581d | [KI229004-0022-37] 2u (I20) 581d | [KI229004-0022-38] 2u (I20) 581d | [KI229004-0022-39] 2u (I20) 581d | [KI229004-0022-40] 1u (I20) 581d | [KI229004-0022-41] 1u (I20) 581d;;[BJSH387004-MULT-35] 1u (V25) 329d | [BJSH387004-MULT-36] 2u (V25) 329d | [BJSH387004-MULT-37] 2u (V25) 329d | [BJSH387004-MULT-40] 1u (V25) 329d
CLAGD/Stock/StorageGD/CLA-072-19-01-03;GOLD;V22+I25+I24+V25;132;330.91;D+C+A+B;1075;130;[BJSH542083-TAN-38] 2u (I25) 144d | [BJSH542020-TAN-41] 1u (I25) 144d | [BJSH542083-TAUP-37] 1u (I25) 144d | [BJSH542083-TAN-37] 1u (I25) 144d | [COSH283092-MULT-33] 10u (I24) 515d | [COSH542021-TAUP-26] 10u (I25) 418d | [COSH542083-TAUP-31] 10u (I25) 187d;[BJSH543008-BLAC-38] 1u (I25) 144d | [BJSH542086-PEWT-41] 1u (I24) 144d | [COSH283092-MULT-32] 10u (I24) 515d | [COSH283092-MULT-36] 10u (I24) 515d | [COSH283092-MULT-25] 10u (I24) 515d | [COSH283092-MULT-25] 10u (I24) 515d | [COSH283092-MULT-25] 10u (I24) 515d | [BJSH377003-WHIT-38] 3u (V25) 229d | [MV231601-0020-39] 2u (V22) 1075d | [BJSH542021-TAN-24] 10u (I25) 703d;[MV231611-0020-38] 5u (V22) 727d | [MV231611-0020-38] 1u (V22) 727d;[MV231601-0020-41] 2u (V22) 1075d | [MV231601-0020-36] 1u (V22) 1075d | [MV231601-0020-38] 1u (V22) 1075d | [MV231601-0020-37] 2u (V22) 1075d | [MV231601-0020-40] 1u (V22) 1075d | [BJSH377003-WHIT-37] 2u (V25) 229d | [BJSH377003-WHIT-40] 1u (V25) 229d | [BJSH377003-WHIT-32] 1u (V25) 229d | [BJSH377003-WHIT-33] 1u (V25) 229d | [BJSH377003-WHIT-35] 2u (V25) 229d | [BJSH377003-WHIT-36] 2u (V25) 229d | [MV231601-0020-36] 1u (V22) 1075d | [MV231601-0020-40] 3u (V22) 1075d | [MV231601-0020-41] 2u (V22) 1075d | [MV231601-0020-37] 2u (V22) 1075d
CLAGD/Stock/StorageGD/CLAGD/Stock/EXTB2BGD/CLA-009-03-02-01;GOLD;I25;130;0.00;C+D;145;130;;;[COSH283121-PINK-35] 10u (I25) 145d | [COSH283121-PINK-34] 10u (I25) 145d | [COSH283121-PINK-31] 10u (I25) 145d | [COSH283119-PINK-28] 10u (I25) 145d | [COSH283119-BEIG-30] 10u (I25) 145d | [COSH283119-BEIG-28] 10u (I25) 145d | [COSH283119-BEIG-27] 10u (I25) 145d | [COSH283119-BEIG-26] 10u (I25) 145d | [COSH542104-GOLD-29] 10u (I25) 138d | [COSH542104-GOLD-29] 10u (I25) 138d | [COSH542103-TAN-34] 10u (I25) 138d;[COSH283119-PINK-30] 10u (I25) 145d | [COSH542102-BEIG-36] 10u (I25) 139d
CLAGD/Stock/StorageGD/CLAGD/Stock/EXTB2BGD/CLA-009-03-02-02;GOLD;I25;130;0.00;C+D;145;130;;;[COSH283121-PINK-32] 10u (I25) 145d | [COSH283121-PINK-31] 10u (I25) 145d | [COSH283121-PINK-27] 10u (I25) 145d | [COSH283121-PINK-26] 10u (I25) 145d | [COSH283121-PINK-26] 10u (I25) 145d | [COSH283120-SILV-31] 10u (I25) 145d | [COSH283120-SILV-30] 10u (I25) 145d | [COSH283120-SILV-27] 10u (I25) 145d | [COSH283120-SILV-25] 10u (I25) 145d | [COSH283120-SILV-25] 10u (I25) 145d | [COSH283119-PINK-31] 10u (I25) 145d | [COSH283119-PINK-26] 10u (I25) 145d;[COSH283119-PINK-30] 10u (I25) 145d
CLAGD/Stock/StorageGD/CLAGD/Stock/EXTB2BGD/CLA-009-05-03-02;GOLD;I25;130;0.00;C+D;138;130;;;[COSH542105-TAN-35] 10u (I25) 138d | [COSH542105-TAN-28] 10u (I25) 138d | [COSH542105-TAN-28] 10u (I25) 138d | [COSH542105-TAN-28] 10u (I25) 138d | [COSH542104-GOLD-36] 10u (I25) 138d | [COSH542104-GOLD-32] 10u (I25) 138d | [COSH542104-GOLD-31] 10u (I25) 138d | [COSH542104-GOLD-31] 10u (I25) 138d | [COSH542104-GOLD-30] 10u (I25) 138d | [COSH542104-GOLD-29] 10u (I25) 138d | [COSH542104-GOLD-27] 10u (I25) 138d | [COSH542104-GOLD-22] 10u (I25) 138d;[COSH542104-GOLD-34] 10u (I25) 138d
CLAGD/Stock/StorageGD/CLA-009-06-02-01;GOLD;I25;130;0.00;B+C;138;130;;[COSH542107-PINK-31] 10u (I25) 138d | [COSH542107-PINK-31] 10u (I25) 138d | [COSH542107-PINK-31] 10u (I25) 138d | [COSH542107-PINK-30] 10u (I25) 138d | [COSH542107-PINK-27] 10u (I25) 138d | [COSH542103-TAN-31] 10u (I25) 138d | [COSH542103-TAN-28] 10u (I25) 138d | [COSH542103-TAN-28] 10u (I25) 138d;[COSH542104-GOLD-32] 10u (I25) 138d | [COSH542104-GOLD-32] 10u (I25) 138d | [COSH542104-GOLD-31] 10u (I25) 138d | [COSH542104-GOLD-30] 10u (I25) 138d | [COSH542104-GOLD-26] 10u (I25) 138d;
CLAGD/Stock/StorageGD/CLAGD/Stock/EXTB2BGD/CLA-009-07-02-01;GOLD;I25;130;0.00;C+D;138;130;;;[COSH542105-TAN-35] 10u (I25) 138d | [COSH542105-TAN-34] 10u (I25) 138d | [COSH542105-TAN-34] 10u (I25) 138d | [COSH542105-TAN-34] 10u (I25) 138d | [COSH542105-TAN-30] 10u (I25) 138d | [COSH542105-TAN-29] 10u (I25) 138d | [COSH542105-TAN-28] 10u (I25) 138d | [COSH542105-TAN-26] 10u (I25) 138d | [COSH542105-TAN-26] 10u (I25) 138d | [COSH542105-TAN-26] 10u (I25) 138d | [COSH542105-TAN-25] 10u (I25) 138d | [COSH542105-TAN-22] 10u (I25) 138d;[COSH542105-TAN-33] 10u (I25) 138d
CLAGD/Stock/StorageGD/CLAGD/Stock/EXTB2BGD/CLA-009-07-03-03;GOLD;I25;130;0.00;C+D+B;146;130;;[COSH283119-BLAC-26] 10u (I25) 145d;[BJSH401007-PINK-35] 10u (I25) 146d | [COSH283119-WHIT-32] 10u (I25) 145d | [COSH283119-WHIT-28] 10u (I25) 145d | [COSH283119-BLAC-31] 10u (I25) 145d | [COSH283119-BLAC-31] 10u (I25) 145d | [COSH283119-BLAC-30] 10u (I25) 145d | [COSH283119-BLAC-30] 10u (I25) 145d | [COSH283119-BLAC-29] 10u (I25) 145d | [COSH283119-BLAC-29] 10u (I25) 145d | [COSH283119-BLAC-29] 10u (I25) 145d;[COSH283119-WHIT-34] 10u (I25) 145d | [COSH542105-TAN-33] 10u (I25) 138d
CLAGD/Stock/StorageGD/CLAGD/Stock/StorageGD/CLA-009-08-02-01;GOLD;I25;130;0.00;C+D+A+B;139;130;[COSH542065-TAUP-36] 10u (I25) 139d | [BJSH543008-TAUP-40] 10u (I25) 139d;[COSH542065-TAUP-34] 10u (I25) 139d | [COSH542065-TAUP-32] 10u (I25) 139d | [COSH542065-TAUP-31] 10u (I25) 139d | [COSH542065-TAUP-30] 10u (I25) 139d;[COSH542105-TAN-32] 10u (I25) 139d | [COSH542105-TAN-36] 10u (I25) 139d | [COSH542105-TAN-31] 10u (I25) 139d | [COSH542105-TAN-30] 10u (I25) 139d | [COSH542105-TAN-30] 10u (I25) 139d | [COSH542105-TAN-23] 10u (I25) 139d;[COSH542105-TAN-33] 10u (I25) 139d
CLAGD/Stock/StorageGD/CLA-031-09-01-02;GOLD;I25;130;0.00;C+B+D;146;130;;[BJSH401003-BEIG-39] 10u (I25) 146d;[BJSH401003-OFFW-36] 10u (I25) 146d | [BJSH401003-OFFW-36] 10u (I25) 146d | [BJSH401003-OFFW-33] 10u (I25) 146d | [BJSH401003-BEIG-37] 10u (I25) 146d | [BJSH401003-BEIG-36] 10u (I25) 146d | [BJSH401003-BEIG-36] 10u (I25) 146d | [BJSH401003-BEIG-35] 10u (I25) 146d | [BJSH401003-BEIG-35] 10u (I25) 146d | [COSH283119-BEIG-29] 10u (I25) 145d | [COSH283119-BEIG-23] 10u (I25) 145d;[BJSH401003-BEIG-34] 10u (I25) 146d | [BJSH401003-BEIG-34] 10u (I25) 146d
CLAGD/Stock/StorageGD/CLA-031-15-01-01;GOLD;I25;130;0.00;C;144;130;;;[COSH283115-WHIT-33] 10u (I25) 144d | [COSH283115-WHIT-32] 10u (I25) 144d | [COSH283115-WHIT-32] 10u (I25) 144d | [COSH283115-WHIT-32] 10u (I25) 144d | [COSH283115-WHIT-32] 10u (I25) 144d | [COSH283115-WHIT-32] 10u (I25) 144d | [COSH283115-WHIT-28] 10u (I25) 144d | [COSH283115-WHIT-28] 10u (I25) 144d | [COSH283115-WHIT-27] 10u (I25) 144d | [COSH283115-WHIT-27] 10u (I25) 144d | [COSH283115-WHIT-27] 10u (I25) 144d | [COSH283115-WHIT-27] 10u (I25) 144d | [COSH283115-WHIT-27] 10u (I25) 144d;
CLAGD/Stock/StorageGD/CLA-040-01-03-02;GOLD;I25;130;1321.50;D+B;222;130;;[COSH200001-NAVY-32] 10u (I25) 222d | [COSH200001-NAVY-32] 10u (I25) 222d | [COSH200001-NAVY-32] 10u (I25) 222d | [COSH200001-NAVY-31] 10u (I25) 222d | [COSH200001-NAVY-30] 10u (I25) 222d | [COSH200001-NAVY-30] 10u (I25) 222d | [COSH200001-NAVY-27] 10u (I25) 222d;;[COSH200001-NAVY-34] 10u (I25) 222d | [COSH200001-NAVY-33] 10u (I25) 222d | [COSH200001-NAVY-29] 10u (I25) 222d | [COSH200001-NAVY-29] 10u (I25) 222d | [COSH200001-NAVY-28] 10u (I25) 222d | [COSH200001-NAVY-26] 10u (I25) 222d
CLAGD/Stock/StorageGD/CLA-040-07-02-03;GOLD;I25;130;0.00;D+C+B;172;130;;[COSH261030-PINK-29] 10u (I25) 172d | [COSH261030-PINK-29] 10u (I25) 172d | [COSH261030-PINK-29] 10u (I25) 172d | [COSH261030-PINK-28] 10u (I25) 172d | [COSH261030-PINK-28] 10u (I25) 172d | [COSH261030-PINK-28] 10u (I25) 172d;[COSH261031-SILV-29] 10u (I25) 172d | [COSH261031-SILV-27] 10u (I25) 172d | [COSH261031-SILV-25] 10u (I25) 172d | [COSH261031-SILV-25] 10u (I25) 172d;[COSH261031-SILV-30] 10u (I25) 172d | [COSH261031-SILV-30] 10u (I25) 172d | [COSH261031-SILV-30] 10u (I25) 172d
CLAGD/Stock/StorageGD/CLA-040-08-02-02;GOLD;I25;130;0.00;D+C+B;172;130;;[COSH261030-PINK-29] 10u (I25) 172d | [COSH261030-PINK-28] 10u (I25) 172d | [COSH261030-PINK-27] 10u (I25) 172d | [COSH261030-PINK-25] 10u (I25) 172d;[COSH261031-SILV-29] 10u (I25) 172d | [COSH261031-SILV-29] 10u (I25) 172d | [COSH261031-SILV-28] 10u (I25) 172d | [COSH261031-SILV-26] 10u (I25) 172d | [COSH261030-PINK-33] 10u (I25) 172d | [COSH261030-PINK-32] 10u (I25) 172d | [COSH261030-PINK-31] 10u (I25) 172d | [COSH261030-PINK-31] 10u (I25) 172d;[COSH261031-SILV-31] 10u (I25) 172d
CLAGD/Stock/StorageGD/CLA-041-04-01-03;GOLD;V25+I20+I24+I23+I17;130;408.62;D+B+C+A;581;120;[COSH283007-WHIT-27] 1u (I23) 516d | [COSH283007-WHIT-28] 1u (I23) 516d | [COSH283007-WHIT-30] 2u (I23) 516d | [COSH283007-WHIT-32] 1u (I23) 516d | [COSH283007-WHIT-34] 1u (I23) 516d | [COSH283007-WHIT-30] 2u (I23) 383d | [COSH283007-WHIT-32] 2u (I23) 383d | [COSH283007-WHIT-34] 1u (I23) 383d | [COSH283007-WHIT-27] 1u (I23) 515d | [COSH283007-WHIT-28] 1u (I23) 515d | [COSH283007-WHIT-30] 2u (I23) 515d | [COSH283007-WHIT-32] 1u (I23) 515d | [COSH283007-WHIT-34] 1u (I23) 515d;[KI226829-0078-41] 7u (I20) 32d | [KI226829-0078-40] 2u (I20) 32d | [KI226829-0078-41] 2u (I20) 32d | [KI226831-0078-41] 1u (I20) 32d | [KI226829-0078-40] 3u (I20) 32d | [KI226826-0020-37] 2u (I20) 32d | [BJSH373001-GOLD-32] 1u (I24) 417d | [BJSH373001-GOLD-33] 1u (I24) 417d | [BJSH373001-GOLD-35] 2u (I24) 417d | [BJSH373001-GOLD-36] 2u (I24) 417d | [BJSH373001-GOLD-37] 2u (I24) 417d | [BJSH373001-GOLD-38] 1u (I24) 417d | [BJSH373001-GOLD-39] 1u (I24) 417d | [BJSH373001-GOLD-40] 1u (I24) 417d | [OSSH141064-PEWT-23] 1u (I24) 515d | [OSSH141064-PEWT-24] 1u (I24) 515d | [OSSH141064-PEWT-26] 2u (I24) 515d | [OSSH141064-PEWT-27] 2u (I24) 515d | [OSSH141064-PEWT-28] 2u (I24) 515d | [OSSH141064-PEWT-29] 1u (I24) 515d | [COSH283007-WHIT-29] 1u (I23) 516d | [COSH283007-WHIT-31] 2u (I23) 516d | [COSH283007-WHIT-33] 1u (I23) 516d | [COSH283007-WHIT-35] 1u (I23) 516d | [COSH283007-WHIT-36] 1u (I23) 516d | [COSH283007-WHIT-29] 1u (I23) 383d | [COSH283007-WHIT-31] 2u (I23) 383d | [COSH283007-WHIT-33] 2u (I23) 383d | [COSH283007-WHIT-35] 1u (I23) 383d | [COSH283007-WHIT-36] 1u (I23) 383d | [COSH283007-WHIT-29] 1u (I23) 515d | [COSH283007-WHIT-31] 2u (I23) 515d | [COSH283007-WHIT-33] 1u (I23) 515d | [COSH283007-WHIT-35] 1u (I23) 515d | [COSH283007-WHIT-36] 1u (I23) 515d | [HI222003-0020_-38] 2u (I17) 581d;[BJSH588022-LEOP-32] 1u (I24) 490d | [BJSH588022-LEOP-33] 1u (I24) 490d | [BJSH588022-LEOP-34] 2u (I24) 490d | [BJSH588022-LEOP-35] 2u (I24) 490d | [BJSH588022-LEOP-36] 2u (I24) 490d | [BJSH588022-LEOP-37] 2u (I24) 490d | [BJSH588022-LEOP-38] 1u (I24) 490d | [BJSH588022-LEOP-39] 1u (I24) 490d | [BJSH586092-PLOM-26] 1u (I24) 398d | [BJSH586092-PLOM-27] 1u (I24) 398d | [BJSH586092-PLOM-28] 1u (I24) 398d | [BJSH586092-PLOM-29] 1u (I24) 398d | [BJSH586092-PLOM-30] 1u (I24) 398d | [BJSH586092-PLOM-31] 1u (I24) 398d | [BJSH586092-PLOM-32] 1u (I24) 398d | [BJSH586092-PLOM-33] 1u (I24) 398d | [BJSH586092-PLOM-34] 1u (I24) 398d | [BJSH586092-PLOM-35] 1u (I24) 398d | [BJSH586092-PLOM-36] 1u (I24) 398d | [BJSH586092-PLOM-37] 1u (I24) 398d | [BJSH586092-PLOM-26] 1u (I24) 376d | [BJSH586092-PLOM-27] 1u (I24) 376d | [BJSH586092-PLOM-28] 1u (I24) 376d | [BJSH586092-PLOM-29] 1u (I24) 376d | [BJSH586092-PLOM-30] 1u (I24) 376d | [BJSH586092-PLOM-31] 1u (I24) 376d | [BJSH586092-PLOM-32] 1u (I24) 376d | [BJSH586092-PLOM-33] 1u (I24) 376d | [BJSH586092-PLOM-34] 1u (I24) 376d | [BJSH586092-PLOM-35] 1u (I24) 376d | [BJSH586092-PLOM-36] 1u (I24) 376d | [BJSH586092-PLOM-37] 1u (I24) 376d | [BJSH373001-GOLD-34] 1u (I24) 417d | [OSSH141064-PEWT-22] 1u (I24) 515d | [OSSH141064-PEWT-25] 2u (I24) 515d;[COTXTSH050-WHIT-6A] 8u (V25) 279d | [HI222003-0020_-36] 1u (I17) 581d | [HI222003-0020_-37] 2u (I17) 581d | [HI222003-0020_-39] 2u (I17) 581d | [HI222003-0020_-40] 1u (I17) 581d | [HI222003-0020_-41] 1u (I17) 581d
CLAGD/Stock/StorageGD/CLA-045-08-02-03;GOLD;I25;130;0.00;A;175;130;[COSH542021-TAN-35] 10u (I25) 175d | [COSH542021-TAN-35] 10u (I25) 175d | [COSH542021-TAN-34] 10u (I25) 175d | [COSH542021-TAN-34] 10u (I25) 175d | [COSH542021-TAN-34] 10u (I25) 175d | [COSH542021-TAN-30] 10u (I25) 175d | [COSH542021-TAN-30] 10u (I25) 175d | [COSH542021-TAN-29] 10u (I25) 175d | [COSH542021-TAN-29] 10u (I25) 175d | [COSH542021-TAN-29] 10u (I25) 175d | [COSH542021-TAN-29] 10u (I25) 175d | [COSH542021-TAN-28] 10u (I25) 175d | [COSH542021-TAN-28] 10u (I25) 175d;;;
CLAGD/Stock/StorageGD/CLA-046-01-03-02;GOLD;I25;130;0.00;A;195;130;[COSH542021-TAUP-34] 10u (I25) 195d | [COSH542021-TAUP-32] 10u (I25) 195d | [COSH542021-TAUP-32] 10u (I25) 195d | [COSH542021-TAUP-32] 10u (I25) 195d | [COSH542021-TAUP-32] 10u (I25) 195d | [COSH542021-TAUP-30] 10u (I25) 195d | [COSH542021-TAUP-30] 10u (I25) 195d | [COSH542021-TAUP-29] 10u (I25) 195d | [COSH542021-TAUP-28] 10u (I25) 195d | [COSH542021-TAUP-27] 10u (I25) 195d | [COSH542021-TAUP-27] 10u (I25) 195d | [COSH542021-TAUP-27] 10u (I25) 195d | [COSH542021-TAUP-24] 10u (I25) 195d;;;
CLAGD/Stock/StorageGD/CLA-046-02-02-01;GOLD;I25;130;0.00;A;195;130;[COSH542021-TAUP-34] 10u (I25) 195d | [COSH542021-TAUP-34] 10u (I25) 195d | [COSH542021-TAUP-32] 10u (I25) 195d | [COSH542021-TAUP-31] 10u (I25) 195d | [COSH542021-TAUP-31] 10u (I25) 195d | [COSH542021-TAUP-31] 10u (I25) 195d | [COSH542021-TAUP-31] 10u (I25) 195d | [COSH542021-TAUP-30] 10u (I25) 195d | [COSH542021-TAUP-30] 10u (I25) 195d | [COSH542021-TAUP-30] 10u (I25) 195d | [COSH542021-TAUP-28] 10u (I25) 195d | [COSH542021-TAUP-27] 10u (I25) 195d | [COSH542021-TAUP-27] 10u (I25) 195d;;;
CLAGD/Stock/StorageGD/CLA-046-06-01-03;GOLD;I25;130;0.00;A;195;130;[COSH542021-TAUP-32] 10u (I25) 195d | [COSH542021-TAUP-32] 10u (I25) 195d | [COSH542021-TAUP-32] 10u (I25) 195d | [COSH542021-TAUP-32] 10u (I25) 195d | [COSH542021-TAUP-31] 10u (I25) 195d | [COSH542021-TAUP-31] 10u (I25) 195d | [COSH542021-TAUP-31] 10u (I25) 195d | [COSH542021-TAUP-31] 10u (I25) 195d | [COSH542021-TAUP-30] 10u (I25) 195d | [COSH542021-TAUP-29] 10u (I25) 195d | [COSH542021-NAVY-30] 10u (I25) 195d | [COSH542021-NAVY-29] 10u (I25) 195d | [COSH542021-NAVY-27] 10u (I25) 195d;;;
CLAGD/Stock/StorageGD/CLA-041-09-01-01;GOLD;I24+V25+I25;128;0.00;B+D+C;482;150;;[COTXHOD015-BEIG-12A] 12u (I24) 482d | [COTXJOG015-BEIG-10A] 11u (I24) 482d | [COTXDRE023-BEIG-8A] 6u (I24) 482d | [COTXDRE023-BEIG-8A] 9u (I24) 482d | [COTXDRE023-BEIG-6A] 9u (I24) 482d | [COTXDRE023-BEIG-6A] 9u (I24) 482d | [COTXDRE023-BEIG-5A] 9u (I24) 482d | [COTXDRE023-BEIG-6A] 9u (I24) 482d;[COTXHOD019-BEIG-6A] 5u (I25) 110d | [COTXHOD019-BEIG-6A] 5u (I25) 110d | [COTXHOD019-BEIG-5A] 5u (I25) 110d;[COTXJOG018-BLUE-8A] 10u (V25) 279d | [COTXJOG018-BLUE-6A] 10u (V25) 279d | [COTXTSH046-PINK-6A] 9u (V25) 279d | [COTXTSH046-PINK-10A] 10u (V25) 279d
CLAGD/Stock/StorageGD/CLA-041-07-01-03;GOLD;I24+V25+I25;127;0.00;C+B+D;482;150;;[COTXHOD011-MULT-10A] 8u (I24) 482d | [COTXHOD011-MULT-10A] 8u (I24) 482d | [COTXHOD011-MULT-6A] 8u (I24) 482d | [COTXHOD011-MULT-5A] 8u (I24) 482d | [COTXHOD011-MULT-6A] 8u (I24) 482d | [COTXDRE020-BEIG-8A] 9u (I24) 482d | [COTXDRE020-BEIG-5A] 9u (I24) 482d | [COTXJOG015-PINK-8A] 8u (I24) 110d | [COTXJOG015-PINK-8A] 7u (I24) 110d;[COTXHOD014-PINK-6A] 15u (I24) 482d | [COTXHOD011-MULT-4A] 8u (I24) 482d | [COTXHOD017-BEIG-6A] 5u (I25) 110d | [COTXJOG015-PINK-5A] 8u (I24) 110d;[COTXSKI025-BEIG-8A] 9u (V25) 279d | [COTXSKI028-PINK-4A] 9u (I25) 110d
CLAGD/Stock/StorageGD/CLA-072-15-01-03;GENERIC;V22+I25+V25+I19+I18+I21;124;777.75;D+B+C+A;587;120;[COSH542021-TAUP-27] 10u (I25) 433d;[MV231601-0020-39] 1u (V22) 581d | [MV231601-0020-39] 1u (V22) 581d | [MV231601-0020-39] 1u (V22) 581d | [MV231601-0020-39] 1u (V22) 581d | [MV231601-0020-39] 1u (V22) 581d | [COSH282101-WHIT-31] 10u (V25) 363d | [COSH282101-WHIT-29] 10u (V25) 363d | [MV231601-0001-37] 1u (V22) 587d;[MV230026-0371-38] 7u (V22) 342d | [MV230026-0371-37] 8u (V22) 342d | [MV230026-0371-40] 2u (V22) 342d | [MV230026-0371-41] 1u (V22) 342d | [MV231605-0020-37] 1u (V22) 587d | [IIK10141-0020-37] 1u (I19) 370d | [HIK10104-0481-36] 1u (I18) 370d | [HIK10104-0399-39] 1u (I18) 370d | [HIK10104-0399-41] 1u (I18) 370d;[MV231601-0020-36] 2u (V22) 581d | [MV231601-0020-37] 3u (V22) 581d | [MV231601-0020-38] 2u (V22) 581d | [MV231601-0020-40] 1u (V22) 581d | [MV231601-0020-36] 2u (V22) 581d | [MV231601-0020-37] 3u (V22) 581d | [MV231601-0020-38] 2u (V22) 581d | [MV231601-0020-40] 1u (V22) 581d | [MV231601-0020-36] 2u (V22) 581d | [MV231601-0020-37] 3u (V22) 581d | [MV231601-0020-38] 2u (V22) 581d | [MV231601-0020-40] 1u (V22) 581d | [MV231601-0020-36] 2u (V22) 581d | [MV231601-0020-37] 3u (V22) 581d | [MV231601-0020-38] 2u (V22) 581d | [MV231601-0020-40] 1u (V22) 581d | [MV231601-0020-36] 2u (V22) 581d | [MV231601-0020-37] 3u (V22) 581d | [MV231601-0020-38] 2u (V22) 581d | [MV231601-0020-40] 1u (V22) 581d | [COSH282101-WHIT-33] 10u (V25) 363d | [COSH282101-WHIT-33] 10u (V25) 363d | [MV231601-0020-38] 2u (V22) 587d | [LI558635-0160-36] 2u (I21) 370d | [LI558636-0054-37] 1u (I21) 370d
CLAGD/Stock/StorageGD/CLA-041-06-01-01;GOLD;I24+V25+I25;123;0.00;B+D+C;482;150;;[COTXHOD014-PINK-10A] 15u (I24) 482d | [COTXDRE021-PINK-12A] 15u (I24) 482d | [COTXJOG015-PINK-12A] 7u (I24) 110d | [COTXJOG015-PINK-10A] 8u (I24) 110d | [COTXJOG015-PINK-10A] 7u (I24) 110d | [COTXHOD014-PINK-5A] 15u (I24) 482d;[COTXHOD017-BEIG-8A] 5u (I25) 110d | [COTXHOD017-BEIG-8A] 5u (I25) 110d | [COTXHOD017-BEIG-5A] 5u (I25) 110d | [COTXHOD017-BEIG-4A] 5u (I25) 110d | [COTXHOD017-BEIG-4A] 4u (I25) 110d | [COTXHOD017-BEIG-12A] 5u (I25) 110d | [COTXJOG015-BURG-12A] 9u (I25) 110d;[COTXSKI025-BEIG-6A] 9u (V25) 279d | [COTXSKI025-BEIG-5A] 9u (V25) 279d
CLAGD/Stock/StorageGD/CLA-042-06-01-02;GOLD;I25+I24+V24+V22;121;295.73;B+A+C;727;120;[COSH542020-TAUP-30] 10u (I25) 434d | [COSH542020-TAUP-30] 10u (I25) 434d | [BJSH542020-NAVY-41] 10u (I25) 434d | [BJSH542020-NAVY-33] 10u (I25) 434d;[COSH542065-TAUP-29] 10u (I25) 434d | [COSH542065-TAUP-29] 10u (I25) 434d | [COSH542065-TAUP-26] 10u (I25) 434d | [COSH542020-NAVY-27] 10u (I25) 434d | [BJSH527060-OFFW-36] 3u (V24) 635d;[COSH264005-BLAC-22] 10u (I24) 446d | [BJSH527060-OFFW-35] 2u (V24) 635d | [BJSH527060-OFFW-37] 2u (V24) 635d | [MVS14163-0001-24] 12u (V22) 727d | [MVS14163-0001-22] 12u (V22) 727d;
CLAGD/Stock/StorageGD/CLAGD/Stock/EXTB2BGD/CLA-009-05-02-01;GOLD;I25;120;0.00;B+C;138;120;;[COSH542107-PINK-33] 10u (I25) 138d;[COSH542104-GOLD-36] 10u (I25) 138d | [COSH542104-GOLD-33] 10u (I25) 138d | [COSH542104-GOLD-33] 10u (I25) 138d | [COSH542104-GOLD-29] 10u (I25) 138d | [COSH542104-GOLD-28] 10u (I25) 138d | [COSH542104-GOLD-28] 10u (I25) 138d | [COSH542104-GOLD-28] 10u (I25) 138d | [COSH542104-GOLD-25] 10u (I25) 138d | [COSH542104-GOLD-25] 10u (I25) 138d | [COSH542104-GOLD-24] 10u (I25) 138d | [COSH542103-TAN-34] 10u (I25) 138d;
CLAGD/Stock/StorageGD/CLAGD/Stock/EXTB2BGD/CLA-009-05-02-03;GOLD;I25;120;0.00;C+D;139;120;;;[COSH542105-TAN-36] 10u (I25) 139d | [COSH542105-TAN-32] 10u (I25) 139d | [COSH542105-TAN-32] 10u (I25) 139d | [COSH542105-TAN-31] 10u (I25) 139d | [COSH542105-TAN-30] 10u (I25) 139d | [COSH542105-TAN-29] 10u (I25) 139d | [COSH542105-TAN-29] 10u (I25) 139d | [COSH542105-TAN-27] 10u (I25) 139d | [COSH542105-TAN-24] 10u (I25) 139d | [COSH542105-TAN-28] 10u (I25) 139d | [COSH542105-TAN-25] 10u (I25) 139d;[COSH542105-TAN-33] 10u (I25) 139d
CLAGD/Stock/StorageGD/CLA-031-10-01-03;GOLD;I25;120;0.00;C+D+B;146;120;;[COSH542065-TAN-35] 10u (I25) 98d | [BJSH542096-BEIG-37] 10u (I25) 139d;[BJSH401007-PINK-37] 10u (I25) 146d | [BJSH401003-BEIG-38] 10u (I25) 146d | [BJSH542096-TAN-40] 10u (I25) 139d | [BJSH542096-TAN-38] 10u (I25) 139d | [BJSH542096-TAN-37] 10u (I25) 139d | [BJSH542096-TAN-36] 10u (I25) 139d | [BJSH542096-BEIG-39] 10u (I25) 139d | [BJSH542096-BEIG-38] 10u (I25) 139d | [BJSH542096-BEIG-36] 10u (I25) 139d;[COSH542102-BEIG-28] 10u (I25) 139d
CLAGD/Stock/StorageGD/CLA-040-06-03-02;GOLD;I25;120;0.00;C+B;123;120;;[OSSH112002-PINK-32] 10u (I25) 123d | [OSSH112002-PINK-31] 10u (I25) 123d | [OSSH112002-PINK-30] 10u (I25) 123d | [OSSH112002-PINK-29] 10u (I25) 123d | [OSSH112002-PINK-28] 10u (I25) 123d | [OSSH112002-PINK-25] 10u (I25) 123d;[OSSH112003-KHAK-32] 10u (I25) 123d | [OSSH112003-KHAK-31] 10u (I25) 123d | [OSSH112003-KHAK-31] 10u (I25) 123d | [OSSH112003-KHAK-24] 10u (I25) 123d | [OSSH112002-PINK-27] 10u (I25) 123d | [OSSH112002-PINK-22] 10u (I25) 123d;
CLAGD/Stock/StorageGD/CLA-042-06-02-01;GOLD;I25;120;734.40;A;209;120;[BJSH542021-BLAC-40] 10u (I25) 209d | [BJSH542021-BLAC-39] 10u (I25) 209d | [BJSH542021-BLAC-39] 10u (I25) 209d | [BJSH542021-BLAC-39] 10u (I25) 209d | [BJSH542021-BLAC-39] 10u (I25) 209d | [BJSH542021-BLAC-39] 10u (I25) 209d | [BJSH542021-BLAC-39] 10u (I25) 209d | [BJSH542021-BLAC-39] 10u (I25) 209d | [BJSH542021-BLAC-38] 10u (I25) 209d | [BJSH542021-BLAC-38] 10u (I25) 209d | [BJSH542021-BLAC-38] 10u (I25) 209d | [BJSH542021-BLAC-35] 10u (I25) 209d;;;
CLAGD/Stock/StorageGD/CLA-042-07-01-01;GOLD;I25;120;0.00;A;187;120;[BJSH542083-TAUP-40] 10u (I25) 187d | [BJSH542083-TAUP-38] 10u (I25) 187d | [BJSH542083-TAUP-38] 10u (I25) 187d | [BJSH542083-TAN-40] 10u (I25) 187d | [BJSH542083-TAN-38] 10u (I25) 187d | [BJSH542083-TAN-38] 10u (I25) 187d | [BJSH542083-TAN-38] 10u (I25) 187d | [BJSH542083-TAN-37] 10u (I25) 187d | [BJSH542083-TAN-37] 10u (I25) 187d | [BJSH542083-TAN-37] 10u (I25) 187d | [BJSH542083-TAN-37] 10u (I25) 187d | [BJSH542083-TAN-36] 10u (I25) 187d;;;
CLAGD/Stock/StorageGD/CLA-042-08-02-01;GOLD;I25;120;734.40;A;209;120;[BJSH542021-TAN-41] 10u (I25) 209d | [BJSH542021-TAN-39] 10u (I25) 209d | [BJSH542021-TAN-39] 10u (I25) 209d | [BJSH542021-TAN-39] 10u (I25) 209d | [BJSH542021-TAN-39] 10u (I25) 209d | [BJSH542021-TAN-39] 10u (I25) 209d | [BJSH542021-TAN-38] 10u (I25) 209d | [BJSH542021-TAN-38] 10u (I25) 209d | [BJSH542021-TAN-37] 10u (I25) 209d | [BJSH542021-TAN-37] 10u (I25) 209d | [BJSH542021-TAN-35] 10u (I25) 209d | [BJSH542021-TAN-35] 10u (I25) 209d;;;
CLAGD/Stock/StorageGD/CLA-042-08-02-02;GOLD;I25;120;734.40;A;209;120;[BJSH542021-BLAC-39] 10u (I25) 209d | [BJSH542021-BLAC-39] 10u (I25) 209d | [BJSH542021-BLAC-38] 10u (I25) 209d | [BJSH542021-BLAC-38] 10u (I25) 209d | [BJSH542021-BLAC-38] 10u (I25) 209d | [BJSH542021-BLAC-37] 10u (I25) 209d | [BJSH542021-BLAC-37] 10u (I25) 209d | [BJSH542021-BLAC-37] 10u (I25) 209d | [BJSH542021-BLAC-35] 10u (I25) 209d | [BJSH542021-BLAC-35] 10u (I25) 209d | [BJSH542021-BLAC-33] 10u (I25) 209d | [BJSH542021-BLAC-33] 10u (I25) 209d;;;
CLAGD/Stock/StorageGD/CLA-042-08-02-03;GOLD;I25;120;734.40;A;209;120;[BJSH542021-BLAC-39] 10u (I25) 209d | [BJSH542021-BLAC-39] 10u (I25) 209d | [BJSH542021-BLAC-39] 10u (I25) 209d | [BJSH542021-BLAC-38] 10u (I25) 209d | [BJSH542021-BLAC-38] 10u (I25) 209d | [BJSH542021-BLAC-37] 10u (I25) 209d | [BJSH542021-BLAC-37] 10u (I25) 209d | [BJSH542021-BLAC-36] 10u (I25) 209d | [BJSH542021-BLAC-36] 10u (I25) 209d | [BJSH542021-BLAC-35] 10u (I25) 209d | [BJSH542021-BLAC-35] 10u (I25) 209d | [BJSH542021-BLAC-35] 10u (I25) 209d;;;
CLAGD/Stock/StorageGD/CLA-043-01-03-01;GOLD;I25;120;734.40;A;209;120;[BJSH542021-TAN-41] 10u (I25) 209d | [BJSH542021-TAN-39] 10u (I25) 209d | [BJSH542021-TAN-39] 10u (I25) 209d | [BJSH542021-TAN-39] 10u (I25) 209d | [BJSH542021-TAN-38] 10u (I25) 209d | [BJSH542021-TAN-38] 10u (I25) 209d | [BJSH542021-TAN-37] 10u (I25) 209d | [BJSH542021-TAN-37] 10u (I25) 209d | [BJSH542021-TAN-36] 10u (I25) 209d | [BJSH542021-TAN-35] 10u (I25) 209d | [BJSH542021-TAN-35] 10u (I25) 209d | [BJSH542021-TAN-34] 10u (I25) 209d;;;
CLAGD/Stock/StorageGD/CLA-043-04-01-01;GOLD;I25;120;0.00;A;187;120;[COSH542083-TAN-35] 10u (I25) 187d | [COSH542083-TAN-35] 10u (I25) 187d | [COSH542083-TAN-35] 10u (I25) 187d | [COSH542083-TAN-35] 10u (I25) 187d | [COSH542083-TAN-32] 10u (I25) 187d | [COSH542083-TAN-32] 10u (I25) 187d | [COSH542083-TAN-32] 10u (I25) 187d | [COSH542083-TAN-31] 10u (I25) 187d | [COSH542083-TAN-31] 10u (I25) 187d | [COSH542083-TAN-29] 10u (I25) 187d | [COSH542083-TAN-28] 10u (I25) 187d | [COSH542083-TAN-28] 10u (I25) 187d;;;
CLAGD/Stock/StorageGD/CLA-043-06-03-01;GOLD;I25;120;734.40;A;209;120;[BJSH542021-TAN-40] 10u (I25) 209d | [BJSH542021-TAN-40] 10u (I25) 209d | [BJSH542021-TAN-39] 10u (I25) 209d | [BJSH542021-TAN-39] 10u (I25) 209d | [BJSH542021-TAN-38] 10u (I25) 209d | [BJSH542021-TAN-38] 10u (I25) 209d | [BJSH542021-TAN-36] 10u (I25) 209d | [BJSH542021-TAN-35] 10u (I25) 209d | [BJSH542021-TAN-35] 10u (I25) 209d | [BJSH542021-TAN-34] 10u (I25) 209d | [BJSH542021-TAN-34] 10u (I25) 209d | [BJSH542021-TAN-34] 10u (I25) 209d;;;
CLAGD/Stock/StorageGD/CLA-043-07-03-03;GOLD;I25;120;734.40;A;209;120;[BJSH542021-BLAC-40] 10u (I25) 209d | [BJSH542021-BLAC-39] 10u (I25) 209d | [BJSH542021-BLAC-39] 10u (I25) 209d | [BJSH542021-BLAC-38] 10u (I25) 209d | [BJSH542021-BLAC-38] 10u (I25) 209d | [BJSH542021-BLAC-38] 10u (I25) 209d | [BJSH542021-BLAC-38] 10u (I25) 209d | [BJSH542021-BLAC-38] 10u (I25) 209d | [BJSH542021-BLAC-37] 10u (I25) 209d | [BJSH542021-BLAC-37] 10u (I25) 209d | [BJSH542021-BLAC-36] 10u (I25) 209d | [BJSH542021-BLAC-36] 10u (I25) 209d;;;
CLAGD/Stock/StorageGD/CLA-044-06-02-01;GOLD;I25;120;734.40;A;209;120;[BJSH542021-TAN-40] 10u (I25) 209d | [BJSH542021-TAN-39] 10u (I25) 209d | [BJSH542021-TAN-38] 10u (I25) 209d | [BJSH542021-TAN-38] 10u (I25) 209d | [BJSH542021-TAN-37] 10u (I25) 209d | [BJSH542021-TAN-37] 10u (I25) 209d | [BJSH542021-TAN-36] 10u (I25) 209d | [BJSH542021-TAN-34] 10u (I25) 209d | [BJSH542021-TAN-33] 10u (I25) 209d | [BJSH542021-TAN-33] 10u (I25) 209d | [BJSH542021-TAN-33] 10u (I25) 209d | [BJSH542021-TAN-33] 10u (I25) 209d;;;
CLAGD/Stock/StorageGD/CLA-044-06-03-01;GOLD;I25;120;734.40;A;209;120;[BJSH542021-BLAC-40] 10u (I25) 209d | [BJSH542021-BLAC-40] 10u (I25) 209d | [BJSH542021-BLAC-39] 10u (I25) 209d | [BJSH542021-BLAC-39] 10u (I25) 209d | [BJSH542021-BLAC-39] 10u (I25) 209d | [BJSH542021-BLAC-38] 10u (I25) 209d | [BJSH542021-BLAC-38] 10u (I25) 209d | [BJSH542021-BLAC-37] 10u (I25) 209d | [BJSH542021-BLAC-37] 10u (I25) 209d | [BJSH542021-BLAC-37] 10u (I25) 209d | [BJSH542021-BLAC-37] 10u (I25) 209d | [BJSH542021-BLAC-37] 10u (I25) 209d;;;
CLAGD/Stock/StorageGD/CLA-044-07-02-02;GOLD;I25;120;734.40;A;209;120;[BJSH542021-TAN-40] 10u (I25) 209d | [BJSH542021-TAN-40] 10u (I25) 209d | [BJSH542021-TAN-40] 10u (I25) 209d | [BJSH542021-TAN-37] 10u (I25) 209d | [BJSH542021-TAN-37] 10u (I25) 209d | [BJSH542021-TAN-37] 10u (I25) 209d | [BJSH542021-TAN-37] 10u (I25) 209d | [BJSH542021-TAN-37] 10u (I25) 209d | [BJSH542021-TAN-37] 10u (I25) 209d | [BJSH542021-TAN-36] 10u (I25) 209d | [BJSH542021-TAN-35] 10u (I25) 209d | [BJSH542021-TAN-34] 10u (I25) 209d;;;
CLAGD/Stock/StorageGD/CLA-044-08-02-03;GOLD;I25;120;734.40;A;209;120;[BJSH542021-BLAC-41] 10u (I25) 209d | [BJSH542021-BLAC-41] 10u (I25) 209d | [BJSH542021-BLAC-41] 10u (I25) 209d | [BJSH542021-BLAC-41] 10u (I25) 209d | [BJSH542021-BLAC-40] 10u (I25) 209d | [BJSH542021-BLAC-40] 10u (I25) 209d | [BJSH542021-BLAC-38] 10u (I25) 209d | [BJSH542021-BLAC-37] 10u (I25) 209d | [BJSH542021-BLAC-37] 10u (I25) 209d | [BJSH542021-BLAC-37] 10u (I25) 209d | [BJSH542021-BLAC-36] 10u (I25) 209d | [BJSH542021-BLAC-35] 10u (I25) 209d;;;
CLAGD/Stock/StorageGD/CLA-045-04-02-03;GOLD;I25;120;734.40;A;209;120;[BJSH542021-TAN-41] 10u (I25) 209d | [BJSH542021-TAN-40] 10u (I25) 209d | [BJSH542021-TAN-39] 10u (I25) 209d | [BJSH542021-TAN-39] 10u (I25) 209d | [BJSH542021-TAN-38] 10u (I25) 209d | [BJSH542021-TAN-38] 10u (I25) 209d | [BJSH542021-TAN-38] 10u (I25) 209d | [BJSH542021-TAN-37] 10u (I25) 209d | [BJSH542021-TAN-36] 10u (I25) 209d | [BJSH542021-TAN-35] 10u (I25) 209d | [BJSH542021-TAN-34] 10u (I25) 209d | [BJSH542021-TAN-34] 10u (I25) 209d;;;
CLAGD/Stock/StorageGD/CLA-045-08-03-03;GOLD;V25;120;0.00;D+B;301;120;;[COSH283106-WHIT-31] 10u (V25) 301d | [COSH283104-SILV-32] 10u (V25) 301d | [COSH283104-SILV-32] 10u (V25) 301d | [COSH283104-SILV-31] 10u (V25) 301d | [COSH283103-PINK-32] 10u (V25) 301d | [COSH283106-WHIT-31] 10u (V25) 301d;;[COSH283110-MULT-30] 10u (V25) 301d | [COSH283106-WHIT-34] 10u (V25) 301d | [COSH283106-WHIT-33] 10u (V25) 301d | [COSH283106-WHIT-33] 10u (V25) 301d | [COSH284097-MULT-29] 10u (V25) 301d | [COSH283103-PINK-33] 10u (V25) 301d
CLAGD/Stock/StorageGD/CLA-046-06-02-03;GOLD;I25;120;0.00;A;202;120;[COSH542021-BLAC-36] 10u (I25) 202d | [COSH542021-BLAC-36] 10u (I25) 202d | [COSH542021-BLAC-35] 10u (I25) 202d | [COSH542021-BLAC-34] 10u (I25) 202d | [COSH542021-BLAC-33] 10u (I25) 202d | [COSH542021-BLAC-33] 10u (I25) 202d | [COSH542021-BLAC-32] 10u (I25) 202d | [COSH542021-BLAC-31] 10u (I25) 202d | [COSH542021-BLAC-30] 10u (I25) 202d | [COSH542021-BLAC-30] 10u (I25) 202d | [COSH542021-BLAC-30] 10u (I25) 202d | [COSH542021-BLAC-29] 10u (I25) 202d;;;
CLAGD/Stock/StorageGD/CLA-046-08-03-02;GOLD;I25;120;853.20;A;202;120;[BJSH543002-TAN-41] 10u (I25) 202d | [BJSH543002-TAN-40] 10u (I25) 202d | [BJSH543002-TAN-39] 10u (I25) 202d | [BJSH543002-TAN-39] 10u (I25) 202d | [BJSH543002-TAN-39] 10u (I25) 202d | [BJSH543002-TAN-39] 10u (I25) 202d | [BJSH543002-TAN-39] 10u (I25) 202d | [BJSH543002-TAN-37] 10u (I25) 202d | [BJSH543002-TAN-36] 10u (I25) 202d | [BJSH542021-NAVY-38] 10u (I25) 202d | [BJSH542021-NAVY-35] 10u (I25) 202d | [BJSH542021-NAVY-33] 10u (I25) 202d;;;
CLAGD/Stock/StorageGD/CLA-046-08-03-03;GOLD;I25;120;826.80;A+B;202;120;[BJSH543002-TAN-41] 10u (I25) 202d | [BJSH543002-TAN-39] 10u (I25) 202d | [BJSH543002-TAN-39] 10u (I25) 202d | [BJSH543002-TAN-39] 10u (I25) 202d | [BJSH543002-TAN-38] 10u (I25) 202d | [BJSH543002-TAN-35] 10u (I25) 202d | [BJSH543002-TAN-35] 10u (I25) 202d | [BJSH542021-NAVY-39] 10u (I25) 202d | [BJSH542021-NAVY-35] 10u (I25) 202d | [BJSH542021-NAVY-34] 10u (I25) 202d | [BJSH542021-NAVY-34] 10u (I25) 202d;[BJSH542021-NAVY-41] 10u (I25) 202d;;
CLAGD/Stock/StorageGD/CLA-047-01-01-01;GOLD;I24;120;0.00;B+C;305;120;;[COTXPUF002-PINK-10] 10u (I24) 305d | [COTXPUF002-PINK-10] 10u (I24) 305d | [COTXPUF002-PINK-10] 10u (I24) 305d | [COTXPUF002-BLAC-10] 10u (I24) 305d | [COTXPUF002-BLAC-10] 10u (I24) 305d | [COTXPUF002-BLAC-8] 10u (I24) 305d | [COTXPUF002-BLAC-8] 10u (I24) 305d | [COTXPUF002-BLAC-8] 10u (I24) 305d | [COTXPUF002-BLAC-8] 10u (I24) 305d | [COTXPUF002-BLAC-6] 10u (I24) 305d;[COTXPUF002-BLAC-5] 10u (I24) 305d | [COTXPUF002-BLAC-5] 10u (I24) 305d;
CLAGD/Stock/StorageGD/CLA-047-01-03-01;GOLD;I25;120;0.00;A+B;175;120;[COSH542084-PEWT-33] 10u (I25) 175d | [COSH542084-BRON-36] 10u (I25) 175d | [COSH542084-BRON-33] 10u (I25) 175d | [COSH542084-BRON-32] 10u (I25) 175d | [COSH542084-BRON-28] 10u (I25) 175d | [COSH542084-BRON-28] 10u (I25) 175d | [COSH542084-BRON-27] 10u (I25) 175d | [COSH542084-BRON-27] 10u (I25) 175d | [COSH542084-BRON-25] 10u (I25) 175d | [COSH542084-BRON-25] 10u (I25) 175d | [COSH542084-BRON-25] 10u (I25) 175d;[COSH542084-PEWT-27] 10u (I25) 175d;;
CLAGD/Stock/StorageGD/CLA-047-06-02-03;GOLD;I25;120;832.80;B+D;214;120;;[COSH249005-NAVY-34] 10u (I25) 214d | [COSH249005-NAVY-31] 10u (I25) 214d | [COSH249005-GREY-35] 10u (I25) 214d | [COSH249005-GREY-34] 10u (I25) 214d | [COSH249005-GREY-28] 10u (I25) 214d | [COSH249005-GREY-28] 10u (I25) 214d | [COSH249005-GREY-27] 10u (I25) 214d;;[COSH249005-NAVY-29] 10u (I25) 214d | [COSH249005-NAVY-29] 10u (I25) 214d | [COSH249005-GREY-32] 10u (I25) 214d | [COSH249005-GREY-32] 10u (I25) 214d | [COSH249005-GREY-26] 10u (I25) 214d
CLAGD/Stock/StorageGD/CLA-072-20-01-01;GOLD;I25;120;853.20;A;202;120;[BJSH543002-TAN-40] 10u (I25) 202d | [BJSH543002-TAN-40] 10u (I25) 202d | [BJSH543002-TAN-40] 10u (I25) 202d | [BJSH543002-TAN-39] 10u (I25) 202d | [BJSH543002-TAN-39] 10u (I25) 202d | [BJSH543002-TAN-38] 10u (I25) 202d | [BJSH543002-TAN-37] 10u (I25) 202d | [BJSH543002-TAN-37] 10u (I25) 202d | [BJSH543002-TAN-37] 10u (I25) 202d | [BJSH542021-NAVY-39] 10u (I25) 202d | [BJSH542021-NAVY-36] 10u (I25) 202d | [BJSH542021-NAVY-33] 10u (I25) 202d;;;
CLAGD/Stock/StorageGD/CLAGD/Stock/EXTB2BGD/CLA-009-02-03-01;BLACK;I25;119;55.33;B+A+C+D;151;120;[DFSH370021-BURG-38] 2u (I25) 151d | [DFSH370021-BURG-39] 2u (I25) 151d | [DFSH370021-BURG-40] 1u (I25) 151d;[DFSH370021-BURG-36] 1u (I25) 151d | [DFSH370021-BURG-37] 2u (I25) 151d | [DFSH370021-BURG-41] 1u (I25) 151d | [COSH542103-TAN-29] 10u (I25) 138d;[COSH283119-WHIT-29] 10u (I25) 145d | [COSH283119-BLAC-36] 10u (I25) 145d | [COSH283119-BEIG-32] 10u (I25) 145d | [COSH283119-BEIG-30] 10u (I25) 145d | [COSH283119-BEIG-28] 10u (I25) 145d | [COSH542104-GOLD-28] 10u (I25) 138d | [COSH542104-GOLD-25] 10u (I25) 138d;[COSH542104-GOLD-34] 10u (I25) 138d | [COSH542104-GOLD-34] 10u (I25) 138d | [COSH542104-GOLD-34] 10u (I25) 138d
CLAGD/Stock/StorageGD/CLA-042-02-03-01;GOLD;I25;119;0.00;B+C+D;510;120;;[TESH516004-BEIGE-20] 2u (I25) 144d | [TESH516004-BEIGE-21] 2u (I25) 144d | [TESH516004-BEIGE-22] 2u (I25) 144d | [TESH516004-BEIGE-24] 2u (I25) 144d | [TESH516004-BEIGE-25] 2u (I25) 144d | [TESH516004-BEIGE-20] 2u (I25) 144d | [TESH516004-BEIGE-21] 2u (I25) 144d | [TESH516004-BEIGE-22] 2u (I25) 144d | [TESH516004-BEIGE-24] 2u (I25) 144d | [TESH516004-BEIGE-25] 2u (I25) 144d | [TESH516004-BEIGE-20] 2u (I25) 144d | [TESH516004-BEIGE-21] 2u (I25) 144d | [TESH516004-BEIGE-22] 2u (I25) 144d | [TESH516004-BEIGE-24] 2u (I25) 144d | [TESH516004-BEIGE-25] 2u (I25) 144d | [TESH516004-BEIGE-20] 2u (I25) 144d | [TESH516004-BEIGE-21] 2u (I25) 144d | [TESH516004-BEIGE-22] 2u (I25) 144d | [TESH516004-BEIGE-24] 2u (I25) 144d | [TESH516004-BEIGE-25] 2u (I25) 144d | [TESH516001-BEIG-20] 2u (I25) 26d | [TESH516001-BEIG-23] 2u (I25) 26d | [TESH516010-PINK-23] 1u (I25) 139d | [TESH516010-PINK-20] 1u (I25) 139d | [BJSH362001-WHIT-34] 1u (I25) 510d | [BJSH362001-WHIT-35] 2u (I25) 510d | [BJSH362001-WHIT-36] 2u (I25) 510d | [BJSH362001-WHIT-37] 2u (I25) 510d | [BJSH362001-WHIT-38] 2u (I25) 510d | [BJSH362001-WHIT-39] 2u (I25) 510d | [BJSH362001-WHIT-40] 1u (I25) 510d | [BJSH362001-WHIT-34] 1u (I25) 510d | [BJSH362001-WHIT-35] 2u (I25) 510d | [BJSH362001-WHIT-36] 2u (I25) 510d | [BJSH362001-WHIT-37] 2u (I25) 510d | [BJSH362001-WHIT-38] 2u (I25) 510d | [BJSH362001-WHIT-39] 2u (I25) 510d | [BJSH362001-WHIT-40] 1u (I25) 510d;[TESH516004-BEIGE-23] 2u (I25) 144d | [TESH516004-BEIGE-23] 2u (I25) 144d | [TESH516004-BEIGE-23] 2u (I25) 144d | [TESH516004-BEIGE-23] 2u (I25) 144d | [TESH516001-BEIG-21] 2u (I25) 26d | [TESH516001-BEIG-22] 2u (I25) 26d | [TESH516001-BEIG-24] 2u (I25) 26d | [TESH516001-BEIG-25] 2u (I25) 26d | [TESH516010-PINK-24] 1u (I25) 139d | [TESH516010-PINK-22] 2u (I25) 139d | [TESH516010-PINK-21] 1u (I25) 139d | [BWSH362002-BLAC-36] 1u (I25) 510d | [BWSH362002-BLAC-37] 2u (I25) 510d | [BWSH362002-BLAC-38] 2u (I25) 510d | [BWSH362002-BLAC-39] 2u (I25) 510d | [BWSH362002-BLAC-40] 1u (I25) 510d | [BWSH362002-BLAC-41] 1u (I25) 510d;[TESH502010-MULT-21] 2u (I25) 139d | [TESH502010-MULT-23] 2u (I25) 139d | [TESH502010-MULT-24] 1u (I25) 139d | [TESH502010-MULT-20] 1u (I25) 139d | [TESH502010-MULT-22] 2u (I25) 139d | [TESH502010-MULT-24] 1u (I25) 139d | [TESH502010-MULT-20] 1u (I25) 139d | [TESH502010-MULT-22] 2u (I25) 139d | [TESH502010-MULT-23] 1u (I25) 139d | [TESH502010-MULT-21] 1u (I25) 139d | [TESH502010-MULT-22] 2u (I25) 139d | [TESH502010-MULT-24] 1u (I25) 139d | [TESH502010-MULT-21] 1u (I25) 139d | [TESH502010-MULT-20] 1u (I25) 139d | [TESH502010-MULT-23] 1u (I25) 139d
CLAGD/Stock/StorageGD/CLA-040-07-01-03;GENERIC;V22+I25;118;1304.26;D+B+A;727;100;[BJSH542020-TAUP-39] 10u (I25) 158d;[MV231601-0020-39] 12u (V22) 727d | [MV231601-0020-39] 12u (V22) 727d | [MV231601-0020-39] 2u (V22) 727d;;[MV231601-0020-40] 12u (V22) 727d | [MV231601-0020-38] 10u (V22) 727d | [MV231601-0020-38] 12u (V22) 727d | [MV231601-0020-38] 12u (V22) 727d | [MV231601-0020-38] 12u (V22) 727d | [MV231601-0020-37] 9u (V22) 727d | [MV231601-0020-38] 3u (V22) 727d | [MV231601-0020-37] 12u (V22) 727d
CLAGD/Stock/StorageGD/CLA-040-09-03-01;GENERIC;V22;118;1359.36;D+B;727;100;;[MV231601-0020-39] 2u (V22) 727d;;[MV231601-0020-41] 12u (V22) 727d | [MV231601-0020-40] 12u (V22) 727d | [MV231601-0020-38] 12u (V22) 727d | [MV231601-0020-38] 12u (V22) 727d | [MV231601-0020-38] 12u (V22) 727d | [MV231601-0020-37] 12u (V22) 727d | [MV231601-0020-37] 12u (V22) 727d | [MV231601-0020-36] 12u (V22) 727d | [MV231601-0020-36] 7u (V22) 727d | [MV231601-0020-38] 2u (V22) 727d | [MV231601-0020-41] 1u (V22) 727d | [MV231601-0020-38] 10u (V22) 727d
CLAGD/Stock/StorageGD/CLA-072-17-03-03;GENERIC;I25+V24;115;778.32;B+C;727;110;;[BJSH542020-TAUP-27] 10u (I25) 727d | [BJSH542020-TAUP-26] 10u (I25) 727d | [BJSH542021-NAVY-25] 10u (I25) 710d | [BJSH542021-TAUP-23] 10u (I25) 710d | [BJSH542021-TAUP-22] 9u (I25) 710d | [BJSH542021-TAUP-22] 10u (I25) 710d | [BJSH534002-FUCH-36] 10u (V24) 607d;[BJSH534002-FUCH-38] 10u (V24) 607d | [BJSH355001-OFFW-35] 12u (V24) 622d | [BJSH355001-BLAC-36] 12u (V24) 622d | [BJSH355001-BLAC-34] 12u (V24) 622d;
CLAGD/Stock/StorageGD/CLA-040-03-01-03;GOLD;V24+I23+I25;114;306.84;C+B+A;727;100;[COSH283005-BLAC-28] 10u (I23) 727d;[COSH311001-BLAC-33] 1u (V24) 581d | [COSH311001-BLAC-35] 1u (V24) 581d | [COSH283005-BLAC-29] 10u (I23) 727d | [COSH283005-BLAC-29] 10u (I23) 727d | [COSH261030-PINK-29] 10u (I25) 172d | [COSH261030-PINK-28] 10u (I25) 172d | [COSH261030-PINK-28] 10u (I25) 172d;[OSSH143075-PINK-26] 1u (V24) 158d | [OSSH143075-PINK-21] 2u (V24) 158d | [OSSH143075-PINK-25] 2u (V24) 158d | [OSSH143075-PINK-24] 2u (V24) 158d | [OSSH143075-PINK-20] 1u (V24) 158d | [OSSH143075-PINK-22] 2u (V24) 158d | [OSSH143075-PINK-23] 2u (V24) 158d | [COSH311001-BLAC-27] 1u (V24) 581d | [COSH311001-BLAC-28] 1u (V24) 581d | [COSH311001-BLAC-29] 1u (V24) 581d | [COSH311001-BLAC-30] 2u (V24) 581d | [COSH311001-BLAC-31] 2u (V24) 581d | [COSH311001-BLAC-32] 1u (V24) 581d | [COSH311001-BLAC-34] 1u (V24) 581d | [COSH311001-BLAC-36] 1u (V24) 581d | [COSH261031-SILV-29] 20u (I25) 172d | [COSH261031-SILV-29] 10u (I25) 172d;
CLAGD/Stock/StorageGD/CLA-044-05-02-02;GOLD;I24+I22+I21;114;504.80;A+B+D;1321;100;[OSSH501003-ROSE-20] 2u (I24) 419d | [OSSH501003-ROSE-21] 2u (I24) 419d | [OSSH501003-ROSE-22] 2u (I24) 419d | [OSSH501003-ROSE-23] 2u (I24) 419d | [OSSH501003-ROSE-24] 2u (I24) 419d | [OSSH501003-ROSE-25] 2u (I24) 419d | [OSSH501003-ROSE-20] 2u (I24) 419d | [OSSH501003-ROSE-21] 2u (I24) 419d | [OSSH501003-ROSE-22] 2u (I24) 419d | [OSSH501003-ROSE-23] 2u (I24) 419d | [OSSH501003-ROSE-24] 2u (I24) 419d | [OSSH501003-ROSE-25] 2u (I24) 419d | [OSSH501003-ROSE-20] 2u (I24) 419d | [OSSH501003-ROSE-21] 2u (I24) 419d | [OSSH501003-ROSE-22] 2u (I24) 419d | [OSSH501003-ROSE-23] 2u (I24) 419d | [OSSH501003-ROSE-24] 2u (I24) 419d | [OSSH501003-ROSE-25] 2u (I24) 419d | [OSSH501002-PINK-20] 2u (I24) 374d | [OSSH501002-PINK-21] 2u (I24) 374d | [OSSH501002-PINK-22] 2u (I24) 374d | [OSSH501002-PINK-23] 2u (I24) 374d | [OSSH501002-PINK-24] 2u (I24) 374d | [OSSH501002-PINK-25] 2u (I24) 374d | [OSSH501002-PINK-20] 2u (I24) 374d | [OSSH501002-PINK-21] 2u (I24) 374d | [OSSH501002-PINK-22] 2u (I24) 374d | [OSSH501002-PINK-23] 2u (I24) 374d | [OSSH501002-PINK-24] 2u (I24) 374d | [OSSH501002-PINK-25] 2u (I24) 374d;[LI231007-0022_-39] 4u (I22) 587d | [LI231007-0022_-40] 3u (I22) 1321d | [LI231007-0022_-37] 1u (I22) 1063d | [LI231007-0022_-38] 1u (I22) 587d | [LI231007-0022_-38] 5u (I22) 587d | [LI231007-0022_-40] 2u (I22) 1321d | [LI231007-0022_-39] 2u (I22) 587d;;[LI558635-0160-26] 1u (I21) 581d | [LI558635-0160-27] 1u (I21) 581d | [LI558635-0160-28] 1u (I21) 581d | [LI558635-0160-29] 1u (I21) 581d | [LI558635-0160-30] 1u (I21) 581d | [LI558635-0160-31] 1u (I21) 581d | [LI558635-0160-32] 1u (I21) 581d | [LI558635-0160-33] 1u (I21) 581d | [LI558635-0160-34] 1u (I21) 581d | [LI558635-0160-35] 1u (I21) 581d | [LI558635-0160-36] 1u (I21) 581d | [LI558636-0054-28] 1u (I21) 581d | [LI558636-0054-29] 1u (I21) 581d | [LI558636-0054-30] 1u (I21) 581d | [LI558636-0054-31] 1u (I21) 581d | [LI558636-0054-32] 1u (I21) 581d | [LI558636-0054-33] 1u (I21) 581d | [LI558636-0054-34] 2u (I21) 581d | [LI558636-0054-35] 2u (I21) 581d | [LI558636-0054-36] 1u (I21) 581d | [LI558636-0054-37] 1u (I21) 581d | [LI553902-0207-28] 1u (I21) 581d | [LI553902-0207-29] 1u (I21) 581d | [LI553902-0207-30] 1u (I21) 581d | [LI553902-0207-31] 1u (I21) 581d | [LI553902-0207-32] 1u (I21) 581d | [LI553902-0207-33] 1u (I21) 581d | [LI553902-0207-34] 2u (I21) 581d | [LI553902-0207-35] 2u (I21) 581d | [LI553902-0207-36] 1u (I21) 581d | [LI553902-0207-37] 1u (I21) 581d | [LI553902-0207-38] 1u (I21) 581d
CLAGD/Stock/StorageGD/CLA-047-03-01-02;GOLD;V25;114;0.00;C;130;110;;;[BWSH360003-BEIG-41] 1u (V25) 130d | [BWSH360003-BEIG-40] 1u (V25) 130d | [BWSH360003-BEIG-39] 2u (V25) 130d | [BWSH360003-BEIG-38] 2u (V25) 130d | [BWSH360003-BEIG-37] 2u (V25) 130d | [BWSH360003-BEIG-36] 1u (V25) 130d | [BWSH360003-BEIG-41] 1u (V25) 130d | [BWSH360003-BEIG-39] 2u (V25) 130d | [BWSH360003-BEIG-38] 2u (V25) 130d | [BWSH360003-BEIG-36] 1u (V25) 130d | [BWSH360003-BEIG-37] 2u (V25) 130d | [BWSH360003-BEIG-40] 1u (V25) 130d | [BWSH360003-BEIG-41] 1u (V25) 130d | [BWSH360003-BEIG-39] 2u (V25) 130d | [BWSH360003-BEIG-38] 2u (V25) 130d | [BWSH360003-BEIG-36] 1u (V25) 130d | [BWSH360003-BEIG-37] 2u (V25) 130d | [BWSH360003-BEIG-40] 1u (V25) 130d | [BWSH360003-BEIG-37] 2u (V25) 130d | [BWSH360003-BEIG-40] 1u (V25) 130d | [BWSH360003-BEIG-38] 2u (V25) 130d | [BWSH360003-BEIG-36] 1u (V25) 130d | [BWSH360003-BEIG-41] 1u (V25) 130d | [BWSH360003-BEIG-39] 2u (V25) 130d | [BWSH360003-BEIG-39] 3u (V25) 130d | [BWSH360003-BEIG-40] 2u (V25) 130d | [BWSH360003-BEIG-41] 1u (V25) 130d | [BWSH360003-BEIG-38] 3u (V25) 130d | [BWSH360003-BEIG-36] 1u (V25) 130d | [BWSH360003-BEIG-37] 2u (V25) 130d | [BWSH360003-BEIG-36] 1u (V25) 130d | [BWSH360003-BEIG-37] 2u (V25) 130d | [BWSH360003-BEIG-38] 3u (V25) 130d | [BWSH360003-BEIG-39] 3u (V25) 130d | [BWSH360003-BEIG-41] 1u (V25) 130d | [BWSH360003-BEIG-40] 2u (V25) 130d | [BWSH360003-BEIG-39] 3u (V25) 130d | [BWSH360003-BEIG-40] 2u (V25) 130d | [BWSH360003-BEIG-41] 1u (V25) 130d | [BWSH360003-BEIG-38] 3u (V25) 130d | [BWSH360003-BEIG-36] 1u (V25) 130d | [BWSH360003-BEIG-37] 2u (V25) 130d | [BWSH360003-BEIG-39] 2u (V25) 130d | [BWSH360003-BEIG-40] 1u (V25) 130d | [BWSH360003-BEIG-41] 1u (V25) 130d | [BWSH360003-BEIG-38] 2u (V25) 130d | [BWSH360003-BEIG-36] 1u (V25) 130d | [BWSH360003-BEIG-37] 2u (V25) 130d | [BWSH360003-BEIG-36] 1u (V25) 130d | [BWSH360003-BEIG-37] 2u (V25) 130d | [BWSH360003-BEIG-39] 2u (V25) 130d | [BWSH360003-BEIG-38] 2u (V25) 130d | [BWSH360003-BEIG-40] 1u (V25) 130d | [BWSH360003-BEIG-41] 1u (V25) 130d | [BWSH360003-BEIG-41] 1u (V25) 130d | [BWSH360003-BEIG-40] 2u (V25) 130d | [BWSH360003-BEIG-39] 3u (V25) 130d | [BWSH360003-BEIG-38] 3u (V25) 130d | [BWSH360003-BEIG-37] 2u (V25) 130d | [BWSH360003-BEIG-36] 1u (V25) 130d | [BWSH360003-BEIG-41] 1u (V25) 130d | [BWSH360003-BEIG-40] 2u (V25) 130d | [BWSH360003-BEIG-39] 3u (V25) 130d | [BWSH360003-BEIG-38] 3u (V25) 130d | [BWSH360003-BEIG-37] 2u (V25) 130d | [BWSH360003-BEIG-36] 1u (V25) 130d;
CLAGD/Stock/StorageGD/CLA-040-06-03-03;GOLD;I25+V23;112;106.56;A+D+B+C;581;110;[COSH542020-TAUP-28] 10u (I25) 434d | [COSH542020-TAUP-28] 10u (I25) 434d | [COSH542020-TAUP-28] 10u (I25) 434d | [COSH542020-TAUP-28] 10u (I25) 434d | [COSH542020-TAUP-28] 10u (I25) 434d | [COSH542020-TAUP-28] 10u (I25) 434d | [COSH542020-TAUP-28] 10u (I25) 434d | [COSH542020-TAUP-28] 10u (I25) 434d | [COSH542020-TAUP-28] 10u (I25) 434d | [COSH542020-TAUP-28] 10u (I25) 434d;[NV126520-0011-32] 1u (V23) 581d;[NV126520-0011-35] 1u (V23) 581d;[NV126520-0011-24] 1u (V23) 581d | [NV126520-0011-25] 1u (V23) 581d | [NV126520-0011-26] 1u (V23) 581d | [NV126520-0011-27] 1u (V23) 581d | [NV126520-0011-28] 1u (V23) 581d | [NV126520-0011-29] 1u (V23) 581d | [NV126520-0011-30] 1u (V23) 581d | [NV126520-0011-31] 1u (V23) 581d | [NV126520-0011-33] 1u (V23) 581d | [NV126520-0011-34] 1u (V23) 581d
CLAGD/Stock/StorageGD/CLA-040-08-01-01;GENERIC;V22+V23+I25+V25+I22+V24;111;877.98;C+D+B+A;727;110;[LI231010-0020-38] 3u (I22) 581d;[BJSH542083-TAUP-33] 10u (I25) 399d | [COSH200002-NAVY-27] 10u (I25) 125d | [LI231010-0020-36] 1u (I22) 581d | [LI231010-0020-37] 2u (I22) 581d | [LI231010-0020-39] 3u (I22) 581d | [LI231010-0020-40] 2u (I22) 581d | [LI231010-0020-41] 1u (I22) 581d;[MV128301-0001-38] 10u (V22) 727d | [COSH300104-GOLD-32] 1u (V25) 278d | [COSH300104-GOLD-33] 1u (V25) 278d | [COSH300104-GOLD-34] 1u (V25) 278d | [COSH300104-GOLD-35] 1u (V25) 278d | [COSH300104-GOLD-36] 1u (V25) 278d;[NV128524-0040-24] 1u (V23) 581d | [NV128524-0040-25] 1u (V23) 581d | [NV128524-0040-26] 1u (V23) 581d | [NV128524-0040-27] 1u (V23) 581d | [NV128524-0040-28] 1u (V23) 581d | [NV128524-0040-29] 1u (V23) 581d | [NV128524-0040-30] 1u (V23) 581d | [NV128524-0040-31] 1u (V23) 581d | [NV128524-0040-32] 1u (V23) 581d | [NV128524-0040-33] 1u (V23) 581d | [NV128524-0040-34] 1u (V23) 581d | [NV128524-0040-35] 1u (V23) 581d | [NV553401-0011-33-34] 3u (V23) 125d | [NV553401-0011-37-38] 1u (V23) 125d | [NV553401-0269-35-36] 2u (V23) 125d | [NV553401-0269-39-40] 2u (V23) 125d | [NV553401-0010-33-34] 1u (V23) 125d | [NV553401-0058-33-34] 1u (V23) 125d | [NV553401-0011-31-32] 2u (V23) 125d | [COSH200002-NAVY-26] 10u (I25) 125d | [COSH200002-NAVY-31] 10u (I25) 125d | [COSH300104-GOLD-25] 1u (V25) 278d | [COSH300104-GOLD-26] 1u (V25) 278d | [COSH300104-GOLD-27] 1u (V25) 278d | [COSH300104-GOLD-28] 1u (V25) 278d | [COSH300104-GOLD-29] 1u (V25) 278d | [COSH300104-GOLD-30] 1u (V25) 278d | [COSH300104-GOLD-31] 1u (V25) 278d | [COSH300101-GOLD-25] 1u (V25) 278d | [COSH300101-GOLD-26] 1u (V25) 278d | [COSH300101-GOLD-27] 1u (V25) 278d | [COSH300101-GOLD-28] 1u (V25) 278d | [COSH300101-GOLD-29] 1u (V25) 278d | [COSH300101-GOLD-30] 1u (V25) 278d | [COSH300101-GOLD-31] 1u (V25) 278d | [COSH300101-GOLD-32] 1u (V25) 278d | [COSH300101-GOLD-33] 1u (V25) 278d | [COSH300101-GOLD-34] 1u (V25) 278d | [COSH300101-GOLD-35] 1u (V25) 278d | [COSH300101-GOLD-36] 1u (V25) 278d | [COSH265039-SILV_C_24_35_12] 1u (V24) 26d
CLAGD/Stock/StorageGD/CLAGD/Stock/StorageGD/CLA-009-09-01-03;GOLD;I25;110;0.00;B+C+D;146;110;;[BJSH401003-OFFW-37] 10u (I25) 146d;[COSH283121-PINK-28] 10u (I25) 145d | [COSH283121-PINK-27] 10u (I25) 145d | [COSH283121-PINK-24] 10u (I25) 145d | [COSH283120-SILV-31] 10u (I25) 145d | [COSH283120-SILV-27] 10u (I25) 145d | [COSH283120-SILV-27] 10u (I25) 145d | [COSH283120-SILV-26] 10u (I25) 145d | [COSH283120-SILV-25] 10u (I25) 145d | [COSH283119-WHIT-33] 10u (I25) 145d;[COSH283119-PINK-27] 10u (I25) 145d
CLAGD/Stock/StorageGD/CLA-031-10-03-02;GOLD;I25;110;0.00;C+B;144;110;;[COSH264024-PEWT-33] 10u (I25) 144d | [COSH264024-PEWT-33] 10u (I25) 144d;[COSH282107-BLAC-34] 10u (I25) 144d | [COSH282107-BLAC-33] 10u (I25) 144d | [COSH282107-BLAC-33] 10u (I25) 144d | [COSH282107-BLAC-32] 10u (I25) 144d | [COSH282107-BLAC-31] 10u (I25) 144d | [COSH282107-BLAC-30] 10u (I25) 144d | [COSH282107-BLAC-30] 10u (I25) 144d | [COSH282107-BLAC-30] 10u (I25) 144d | [COSH282107-BLAC-29] 10u (I25) 144d;
CLAGD/Stock/StorageGD/CLA-040-06-02-03;GOLD;I25;110;1253.60;D+B;222;110;;[COSH200006-NAVY-27] 10u (I25) 222d | [COSH200006-NAVY-27] 10u (I25) 222d | [COSH200002-NAVY-29] 10u (I25) 222d;;[COSH200006-NAVY-29] 10u (I25) 222d | [COSH200006-NAVY-29] 10u (I25) 222d | [COSH200006-NAVY-28] 10u (I25) 222d | [COSH200006-NAVY-28] 10u (I25) 222d | [COSH200002-NAVY-33] 10u (I25) 222d | [COSH200002-NAVY-33] 10u (I25) 222d | [COSH200002-NAVY-32] 10u (I25) 222d | [COSH200002-NAVY-32] 10u (I25) 222d
CLAGD/Stock/StorageGD/CLA-042-06-03-01;GOLD;I25;110;673.20;A;209;110;[BJSH542021-TAN-41] 10u (I25) 209d | [BJSH542021-TAN-38] 10u (I25) 209d | [BJSH542021-TAN-38] 10u (I25) 209d | [BJSH542021-TAN-38] 10u (I25) 209d | [BJSH542021-TAN-35] 10u (I25) 209d | [BJSH542021-TAN-34] 10u (I25) 209d | [BJSH542021-TAN-34] 10u (I25) 209d | [BJSH542021-TAN-33] 10u (I25) 209d | [BJSH542021-TAN-33] 10u (I25) 209d | [BJSH542021-TAN-33] 10u (I25) 209d | [BJSH542021-TAN-33] 10u (I25) 209d;;;
CLAGD/Stock/StorageGD/CLA-042-07-02-03;GOLD;I25;110;673.20;A;209;110;[BJSH542021-TAN-38] 10u (I25) 209d | [BJSH542021-TAN-38] 10u (I25) 209d | [BJSH542021-TAN-38] 10u (I25) 209d | [BJSH542021-TAN-38] 10u (I25) 209d | [BJSH542021-TAN-37] 10u (I25) 209d | [BJSH542021-TAN-37] 10u (I25) 209d | [BJSH542021-TAN-37] 10u (I25) 209d | [BJSH542021-TAN-37] 10u (I25) 209d | [BJSH542021-TAN-35] 10u (I25) 209d | [BJSH542021-TAN-33] 10u (I25) 209d | [BJSH542021-TAN-33] 10u (I25) 209d;;;
CLAGD/Stock/StorageGD/CLA-042-08-03-02;GOLD;I25;110;673.20;A;209;110;[BJSH542021-TAN-41] 10u (I25) 209d | [BJSH542021-TAN-40] 10u (I25) 209d | [BJSH542021-TAN-39] 10u (I25) 209d | [BJSH542021-TAN-39] 10u (I25) 209d | [BJSH542021-TAN-38] 10u (I25) 209d | [BJSH542021-TAN-38] 10u (I25) 209d | [BJSH542021-TAN-37] 10u (I25) 209d | [BJSH542021-TAN-36] 10u (I25) 209d | [BJSH542021-TAN-36] 10u (I25) 209d | [BJSH542021-TAN-33] 10u (I25) 209d | [BJSH542021-TAN-33] 10u (I25) 209d;;;
CLAGD/Stock/StorageGD/CLA-043-03-02-03;GOLD;I25;110;673.20;A;209;110;[BJSH542021-TAN-37] 10u (I25) 209d | [BJSH542021-TAN-36] 10u (I25) 209d | [BJSH542021-TAN-36] 10u (I25) 209d | [BJSH542021-TAN-36] 10u (I25) 209d | [BJSH542021-TAN-36] 10u (I25) 209d | [BJSH542021-TAN-36] 10u (I25) 209d | [BJSH542021-TAN-36] 10u (I25) 209d | [BJSH542021-TAN-35] 10u (I25) 209d | [BJSH542021-TAN-34] 10u (I25) 209d | [BJSH542021-TAN-33] 10u (I25) 209d | [BJSH542021-TAN-33] 10u (I25) 209d;;;
CLAGD/Stock/StorageGD/CLA-044-06-03-02;GOLD;I25;110;0.00;C+D;172;110;;;[COSH224054-PINK-30] 10u (I25) 172d | [COSH224054-PINK-29] 10u (I25) 172d | [COSH224054-PINK-29] 10u (I25) 172d | [COSH224054-PINK-27] 10u (I25) 172d | [COSH224054-PINK-27] 10u (I25) 172d | [COSH224054-PINK-27] 10u (I25) 172d | [COSH224054-PINK-26] 10u (I25) 172d | [COSH224054-PINK-25] 10u (I25) 172d | [COSH224054-PINK-25] 10u (I25) 172d;[COSH224054-PINK-28] 10u (I25) 172d | [COSH224054-PINK-28] 10u (I25) 172d
CLAGD/Stock/StorageGD/CLA-044-08-03-02;GOLD;I25;110;673.20;A;209;110;[BJSH542021-TAN-41] 10u (I25) 209d | [BJSH542021-TAN-39] 10u (I25) 209d | [BJSH542021-TAN-38] 10u (I25) 209d | [BJSH542021-TAN-38] 10u (I25) 209d | [BJSH542021-TAN-38] 10u (I25) 209d | [BJSH542021-TAN-38] 10u (I25) 209d | [BJSH542021-TAN-37] 10u (I25) 209d | [BJSH542021-TAN-37] 10u (I25) 209d | [BJSH542021-TAN-36] 10u (I25) 209d | [BJSH542021-TAN-34] 10u (I25) 209d | [BJSH542021-TAN-34] 10u (I25) 209d;;;
CLAGD/Stock/StorageGD/CLA-045-02-01-02;GOLD;V25+V22;110;182.60;B+D+C;727;110;;[COSH284097-MULT-34] 10u (V25) 301d | [COSH284097-MULT-27] 10u (V25) 301d;[MV232305-0020-40] 10u (V22) 727d | [MV232305-0020-38] 10u (V22) 727d;[COSH284097-MULT-33] 10u (V25) 301d | [COSH284097-MULT-32] 10u (V25) 301d | [COSH284097-MULT-31] 10u (V25) 301d | [COSH284097-MULT-31] 10u (V25) 301d | [COSH284097-MULT-31] 10u (V25) 301d | [COSH284097-MULT-31] 10u (V25) 301d | [COSH284097-MULT-30] 10u (V25) 301d
CLAGD/Stock/StorageGD/CLA-045-05-03-01;GOLD;I25;110;1107.70;D+B;222;110;;[COSH200001-NAVY-36] 10u (I25) 222d | [COSH200001-NAVY-32] 10u (I25) 222d | [COSH200001-NAVY-30] 10u (I25) 222d | [COSH200001-NAVY-27] 10u (I25) 222d;;[COSH280001-NAVY-25] 10u (I25) 222d | [COSH200001-NAVY-34] 10u (I25) 222d | [COSH200001-NAVY-33] 10u (I25) 222d | [COSH200001-NAVY-29] 10u (I25) 222d | [COSH200001-NAVY-28] 10u (I25) 222d | [COSH200001-NAVY-26] 10u (I25) 222d | [COSH200001-NAVY-25] 10u (I25) 222d
CLAGD/Stock/StorageGD/CLA-045-06-03-03;GOLD;I25;110;673.20;A;209;110;[BJSH542021-TAUP-36] 10u (I25) 209d | [BJSH542021-TAUP-36] 10u (I25) 209d | [BJSH542021-TAUP-36] 10u (I25) 209d | [BJSH542021-TAUP-36] 10u (I25) 209d | [BJSH542021-TAUP-36] 10u (I25) 209d | [BJSH542021-TAUP-36] 10u (I25) 209d | [BJSH542021-TAUP-35] 10u (I25) 209d | [BJSH542021-TAUP-34] 10u (I25) 209d | [BJSH542021-TAUP-33] 10u (I25) 209d | [BJSH542021-TAUP-33] 10u (I25) 209d | [BJSH542021-TAUP-33] 10u (I25) 209d;;;
CLAGD/Stock/StorageGD/CLA-045-08-02-01;GOLD;I25;110;0.00;A;175;110;[COSH542021-TAN-34] 10u (I25) 175d | [COSH542021-TAN-33] 10u (I25) 175d | [COSH542021-TAN-31] 10u (I25) 175d | [COSH542021-TAN-31] 10u (I25) 175d | [COSH542021-TAN-30] 10u (I25) 175d | [COSH542021-TAN-30] 10u (I25) 175d | [COSH542021-TAN-30] 10u (I25) 175d | [COSH542021-TAN-29] 10u (I25) 175d | [COSH542021-TAN-29] 10u (I25) 175d | [COSH542021-TAN-28] 10u (I25) 175d | [COSH542021-TAN-28] 10u (I25) 175d;;;
CLAGD/Stock/StorageGD/CLA-045-09-01-02;GOLD;V25;110;0.00;B+D;343;110;;[COSH283109-LEOP-34] 10u (V25) 343d | [COSH283109-LEOP-33] 10u (V25) 343d | [COSH283109-LEOP-33] 10u (V25) 343d | [COSH283109-LEOP-31] 10u (V25) 343d | [COSH283109-LEOP-31] 10u (V25) 343d | [COSH283109-LEOP-31] 10u (V25) 343d | [COSH283100-MULT-29] 10u (V25) 343d | [COSH261029-NAVY-27] 10u (V25) 329d;;[COSH283109-LEOP-32] 10u (V25) 343d | [COSH283100-MULT-32] 10u (V25) 343d | [COSH283100-MULT-31] 10u (V25) 343d
CLAGD/Stock/StorageGD/CLA-046-05-03-03;GOLD;I25;110;0.00;A;202;110;[COSH542021-BLAC-36] 10u (I25) 202d | [COSH542021-BLAC-36] 10u (I25) 202d | [COSH542021-BLAC-36] 10u (I25) 202d | [COSH542021-BLAC-36] 10u (I25) 202d | [COSH542021-BLAC-35] 10u (I25) 202d | [COSH542021-BLAC-34] 10u (I25) 202d | [COSH542021-BLAC-33] 10u (I25) 202d | [COSH542021-BLAC-32] 10u (I25) 202d | [COSH542021-BLAC-31] 10u (I25) 202d | [COSH542021-BLAC-30] 10u (I25) 202d | [COSH542021-BLAC-29] 10u (I25) 202d;;;
CLAGD/Stock/StorageGD/CLA-046-07-02-01;GOLD;I25;110;1101.30;B+D;222;110;;[COSH280002-NAVY-36] 10u (I25) 222d | [COSH280001-NAVY-29] 10u (I25) 222d | [COSH280001-NAVY-29] 10u (I25) 222d | [COSH280001-NAVY-29] 10u (I25) 222d | [COSH280001-NAVY-29] 10u (I25) 222d | [COSH280001-NAVY-29] 10u (I25) 222d | [COSH280001-NAVY-29] 10u (I25) 222d | [COSH280002-NAVY-36] 10u (I25) 222d;;[COSH280001-NAVY-27] 10u (I25) 222d | [COSH280001-NAVY-27] 10u (I25) 222d | [COSH280001-NAVY-25] 10u (I25) 222d
CLAGD/Stock/StorageGD/CLA-046-08-02-01;GOLD;I25;110;818.40;A;202;110;[BJSH543002-TAN-40] 10u (I25) 202d | [BJSH543002-TAN-40] 10u (I25) 202d | [BJSH543002-TAN-38] 10u (I25) 202d | [BJSH543002-TAN-38] 10u (I25) 202d | [BJSH543002-TAN-38] 10u (I25) 202d | [BJSH543002-TAN-37] 10u (I25) 202d | [BJSH543002-TAN-37] 10u (I25) 202d | [BJSH543002-TAN-37] 10u (I25) 202d | [BJSH543002-TAN-36] 10u (I25) 202d | [BJSH543002-TAN-36] 10u (I25) 202d | [BJSH543002-TAN-35] 10u (I25) 202d;;;
CLAGD/Stock/StorageGD/CLA-046-09-02-03;GOLD;I25;110;778.80;A;202;110;[BJSH543002-TAN-41] 10u (I25) 202d | [BJSH543002-TAN-40] 10u (I25) 202d | [BJSH543002-TAN-40] 10u (I25) 202d | [BJSH543002-TAN-37] 10u (I25) 202d | [BJSH543002-TAN-36] 10u (I25) 202d | [BJSH543002-TAN-35] 10u (I25) 202d | [BJSH543002-TAN-35] 10u (I25) 202d | [BJSH543002-TAN-33] 10u (I25) 202d | [BJSH542021-NAVY-37] 10u (I25) 202d | [BJSH542021-NAVY-35] 10u (I25) 202d | [BJSH542021-NAVY-33] 10u (I25) 202d;;;
CLAGD/Stock/StorageGD/CLA-046-09-03-03;GOLD;I25;110;818.40;A;202;110;[BJSH543002-TAN-39] 10u (I25) 202d | [BJSH543002-TAN-38] 10u (I25) 202d | [BJSH543002-TAN-38] 10u (I25) 202d | [BJSH543002-TAN-38] 10u (I25) 202d | [BJSH543002-TAN-38] 10u (I25) 202d | [BJSH543002-TAN-35] 10u (I25) 202d | [BJSH543002-TAN-35] 10u (I25) 202d | [BJSH543002-TAN-34] 10u (I25) 202d | [BJSH543002-TAN-34] 10u (I25) 202d | [BJSH543002-TAN-33] 10u (I25) 202d | [BJSH543002-TAN-33] 10u (I25) 202d;;;
CLAGD/Stock/StorageGD/CLA-047-04-03-03;GOLD;I25;110;0.00;C+B;172;110;;[COSH248002-PINK-29] 10u (I25) 172d | [COSH248002-PINK-29] 10u (I25) 172d | [COSH248002-PINK-29] 10u (I25) 172d | [COSH248002-PINK-29] 10u (I25) 172d | [COSH248002-PINK-28] 10u (I25) 172d | [COSH248002-PINK-28] 10u (I25) 172d | [COSH248002-PINK-27] 10u (I25) 172d;[COSH224053-BLAC-25] 0u (I25) 172d | [COSH224053-BLAC-26] 0u (I25) 172d | [COSH248002-PINK-34] 10u (I25) 172d | [COSH248002-PINK-31] 20u (I25) 172d | [COSH248002-PINK-31] 10u (I25) 172d;
CLAGD/Stock/StorageGD/CLA-047-09-03-01;GOLD;I25;110;0.00;A+B;187;110;[BJSH542083-TAUP-38] 10u (I25) 187d | [BJSH542083-TAUP-37] 10u (I25) 187d | [BJSH542083-TAUP-37] 10u (I25) 187d | [BJSH542083-TAUP-36] 10u (I25) 187d | [BJSH542083-TAUP-36] 10u (I25) 187d | [BJSH542083-TAUP-35] 10u (I25) 187d | [BJSH542083-TAUP-35] 10u (I25) 187d | [BJSH542083-TAN-38] 10u (I25) 187d | [BJSH542083-TAN-37] 10u (I25) 187d | [BJSH542083-TAN-36] 10u (I25) 187d;[BJSH542083-TAUP-33] 10u (I25) 187d;;
CLAGD/Stock/StorageGD/CLA-072-20-03-02;GOLD;I25;110;726.00;A;202;110;[BJSH543002-TAN-40] 10u (I25) 202d | [BJSH543002-TAN-36] 10u (I25) 202d | [BJSH543002-TAN-36] 10u (I25) 202d | [BJSH543002-TAN-36] 10u (I25) 202d | [BJSH542021-NAVY-39] 10u (I25) 202d | [BJSH542021-NAVY-38] 10u (I25) 202d | [BJSH542021-NAVY-37] 10u (I25) 202d | [BJSH542021-NAVY-37] 10u (I25) 202d | [BJSH542021-NAVY-37] 10u (I25) 202d | [BJSH542021-NAVY-36] 10u (I25) 202d | [BJSH542021-NAVY-36] 10u (I25) 202d;;;
CLAGD/Stock/StorageGD/CLA-031-14-03-02;GOLD;I25;108;0.00;C+B;144;90;;[TESH516009-NAVY-23] 2u (I25) 144d | [TESH516009-NAVY-23] 2u (I25) 144d | [TESH516009-NAVY-23] 2u (I25) 144d | [TESH516009-NAVY-23] 2u (I25) 144d | [TESH516009-NAVY-23] 2u (I25) 144d | [TESH516009-NAVY-23] 2u (I25) 144d;[TESH516009-NAVY-20] 2u (I25) 144d | [TESH516009-NAVY-21] 2u (I25) 144d | [TESH516009-NAVY-22] 2u (I25) 144d | [TESH516009-NAVY-24] 2u (I25) 144d | [TESH516009-NAVY-25] 2u (I25) 144d | [TESH516009-NAVY-20] 2u (I25) 144d | [TESH516009-NAVY-21] 2u (I25) 144d | [TESH516009-NAVY-22] 2u (I25) 144d | [TESH516009-NAVY-24] 2u (I25) 144d | [TESH516009-NAVY-25] 2u (I25) 144d | [TESH516009-NAVY-20] 2u (I25) 144d | [TESH516009-NAVY-21] 2u (I25) 144d | [TESH516009-NAVY-22] 2u (I25) 144d | [TESH516009-NAVY-24] 2u (I25) 144d | [TESH516009-NAVY-25] 2u (I25) 144d | [TESH516009-NAVY-20] 2u (I25) 144d | [TESH516009-NAVY-21] 2u (I25) 144d | [TESH516009-NAVY-22] 2u (I25) 144d | [TESH516009-NAVY-24] 2u (I25) 144d | [TESH516009-NAVY-25] 2u (I25) 144d | [TESH516009-NAVY-20] 2u (I25) 144d | [TESH516009-NAVY-21] 2u (I25) 144d | [TESH516009-NAVY-22] 2u (I25) 144d | [TESH516009-NAVY-24] 2u (I25) 144d | [TESH516009-NAVY-25] 2u (I25) 144d | [TESH516009-NAVY-20] 2u (I25) 144d | [TESH516009-NAVY-21] 2u (I25) 144d | [TESH516009-NAVY-22] 2u (I25) 144d | [TESH516009-NAVY-24] 2u (I25) 144d | [TESH516009-NAVY-25] 2u (I25) 144d | [TESH516003-GOLD-20] 2u (I25) 144d | [TESH516003-GOLD-21] 2u (I25) 144d | [TESH516003-GOLD-22] 2u (I25) 144d | [TESH516003-GOLD-23] 2u (I25) 144d | [TESH516003-GOLD-24] 2u (I25) 144d | [TESH516003-GOLD-25] 2u (I25) 144d | [TESH516003-GOLD-20] 2u (I25) 144d | [TESH516003-GOLD-21] 2u (I25) 144d | [TESH516003-GOLD-22] 2u (I25) 144d | [TESH516003-GOLD-23] 2u (I25) 144d | [TESH516003-GOLD-24] 2u (I25) 144d | [TESH516003-GOLD-25] 2u (I25) 144d | [TESH516003-GOLD-20] 2u (I25) 144d | [TESH516003-GOLD-21] 2u (I25) 144d | [TESH516003-GOLD-22] 2u (I25) 144d | [TESH516003-GOLD-23] 2u (I25) 144d | [TESH516003-GOLD-24] 2u (I25) 144d | [TESH516003-GOLD-25] 2u (I25) 144d;
CLAGD/Stock/StorageGD/CLA-040-07-03-01;GENERIC;V22;108;1244.16;D+B;727;90;;[MV231601-0020-39] 12u (V22) 727d | [MV231601-0020-39] 12u (V22) 727d | [MV231601-0020-39] 2u (V22) 727d;;[MV231601-0020-40] 1u (V22) 727d | [MV231601-0020-41] 11u (V22) 727d | [MV231601-0020-40] 12u (V22) 727d | [MV231601-0020-38] 12u (V22) 727d | [MV231601-0020-38] 12u (V22) 727d | [MV231601-0020-37] 12u (V22) 727d | [MV231601-0020-36] 12u (V22) 727d | [MV231601-0020-36] 1u (V22) 727d | [MV231601-0020-37] 4u (V22) 727d | [MV231601-0020-38] 3u (V22) 727d | [MV231601-0020-40] 2u (V22) 727d
CLAGD/Stock/StorageGD/CLA-041-05-03-01;GENERIC;V22;108;1197.36;C+B+D;727;90;;[MV231605-0020-36] 2u (V22) 727d | [MV231605-0020-36] 2u (V22) 727d;[MV231605-0020-40] 11u (V22) 727d | [MV231605-0020-41] 1u (V22) 727d | [MV231605-0020-37] 10u (V22) 727d | [MV231605-0020-39] 12u (V22) 727d | [MV231605-0020-37] 10u (V22) 727d | [MV231605-0020-37] 12u (V22) 727d | [MV231605-0020-37] 12u (V22) 727d | [MV231605-0020-40] 11u (V22) 727d | [MV231605-0020-41] 1u (V22) 727d | [MV231603-0053-38] 12u (V22) 727d;[MV231601-0020-38] 12u (V22) 727d
CLAGD/Stock/StorageGD/CLA-047-02-01-01;GOLD;I24;108;0.00;B+C;305;110;;[COTXPUF002-PINK-12] 10u (I24) 305d | [COTXPUF002-PINK-12] 10u (I24) 305d | [COTXPUF002-PINK-12] 10u (I24) 305d | [COTXPUF002-PINK-10] 10u (I24) 305d | [COTXPUF002-PINK-10] 10u (I24) 305d | [COTXPUF002-PINK-5] 10u (I24) 305d | [COTXPUF002-PINK-5] 10u (I24) 305d | [COTXPUF002-BLAC-10] 10u (I24) 305d | [COTXPUF002-BLAC-10] 10u (I24) 305d | [COTXPUF002-BLAC-12] 10u (I24) 305d;[COTXPUF002-BLAC-4] 8u (I24) 305d;
CLAGD/Stock/StorageGD/CLA-072-20-02-01;GENERIC;V22;106;750.82;C+D;727;90;;;[MV232305-0020-40] 10u (V22) 727d | [MV230029-0160-36] 1u (V22) 727d | [MV230029-0160-37] 2u (V22) 727d | [MV230029-0160-39] 3u (V22) 727d | [MV230029-0160-40] 2u (V22) 727d | [MV230029-0160-41] 1u (V22) 727d | [MV230029-0160-36] 1u (V22) 727d | [MV230029-0160-37] 2u (V22) 727d | [MV230029-0160-39] 3u (V22) 727d | [MV230029-0160-40] 2u (V22) 727d | [MV230029-0160-41] 1u (V22) 727d | [MV230029-0160-36] 1u (V22) 727d | [MV230029-0160-37] 2u (V22) 727d | [MV230029-0160-39] 3u (V22) 727d | [MV230029-0160-40] 2u (V22) 727d | [MV230029-0160-41] 1u (V22) 727d | [MV230029-0160-36] 1u (V22) 727d | [MV230029-0160-37] 2u (V22) 727d | [MV230029-0160-39] 3u (V22) 727d | [MV230029-0160-40] 2u (V22) 727d | [MV230029-0160-41] 1u (V22) 727d | [MV230029-0160-36] 1u (V22) 727d | [MV230029-0160-37] 2u (V22) 727d | [MV230029-0160-39] 3u (V22) 727d | [MV230029-0160-40] 2u (V22) 727d | [MV230029-0160-41] 1u (V22) 727d | [MV230029-0160-36] 1u (V22) 727d | [MV230029-0160-37] 2u (V22) 727d | [MV230029-0160-39] 3u (V22) 727d | [MV230029-0160-40] 2u (V22) 727d | [MV230029-0160-41] 1u (V22) 727d | [MV230029-0160-36] 1u (V22) 727d | [MV230029-0160-37] 2u (V22) 727d | [MV230029-0160-39] 3u (V22) 727d | [MV230029-0160-40] 2u (V22) 727d | [MV230029-0160-41] 1u (V22) 727d | [MV230029-0160-36] 1u (V22) 727d | [MV230029-0160-37] 2u (V22) 727d | [MV230029-0160-39] 3u (V22) 727d | [MV230029-0160-40] 2u (V22) 727d | [MV230029-0160-41] 1u (V22) 727d;[MV230029-0160-38] 3u (V22) 727d | [MV230029-0160-38] 3u (V22) 727d | [MV230029-0160-38] 3u (V22) 727d | [MV230029-0160-38] 3u (V22) 727d | [MV230029-0160-38] 3u (V22) 727d | [MV230029-0160-38] 3u (V22) 727d | [MV230029-0160-38] 3u (V22) 727d | [MV230029-0160-38] 3u (V22) 727d
CLAGD/Stock/StorageGD/CLA-047-05-01-01;GENERIC;V23+V22+V25;105;454.29;D+B;581;90;;[NV558663-0043-34] 2u (V23) 581d | [NV558663-0043-36] 1u (V23) 581d | [COSH586006-PINK-34] 1u (V25) 315d;;[NV558663-0043-28] 1u (V23) 581d | [NV558663-0043-29] 1u (V23) 581d | [NV558663-0043-30] 1u (V23) 581d | [NV558663-0043-31] 1u (V23) 581d | [NV558663-0043-32] 1u (V23) 581d | [NV558663-0043-33] 1u (V23) 581d | [NV558663-0043-35] 2u (V23) 581d | [NV558663-0043-37] 1u (V23) 581d | [NV234401-0001-36] 2u (V23) 581d | [NV234401-0001-37] 3u (V23) 581d | [NV234401-0001-38] 2u (V23) 581d | [NV234401-0001-39] 1u (V23) 581d | [NV234401-0001-40] 1u (V23) 581d | [MV551748-0040-28] 1u (V22) 581d | [MV551748-0040-29] 1u (V22) 581d | [MV551748-0040-30] 1u (V22) 581d | [MV551748-0040-31] 1u (V22) 581d | [MV551748-0040-32] 1u (V22) 581d | [MV551748-0040-33] 1u (V22) 581d | [MV551748-0040-34] 1u (V22) 581d | [MV551748-0040-35] 1u (V22) 581d | [MV551748-0040-36] 1u (V22) 581d | [MV551748-0040-37] 1u (V22) 581d | [MV551748-0040-38] 1u (V22) 581d | [MV551748-0040-39] 1u (V22) 581d | [MV551748-0040-28] 1u (V22) 581d | [MV551748-0040-29] 1u (V22) 581d | [MV551748-0040-30] 1u (V22) 581d | [MV551748-0040-31] 1u (V22) 581d | [MV551748-0040-32] 1u (V22) 581d | [MV551748-0040-33] 1u (V22) 581d | [MV551748-0040-34] 1u (V22) 581d | [MV551748-0040-35] 1u (V22) 581d | [MV551748-0040-36] 1u (V22) 581d | [MV551748-0040-37] 1u (V22) 581d | [MV551748-0040-38] 1u (V22) 581d | [MV551748-0040-39] 1u (V22) 581d | [MV551748-0040-28] 1u (V22) 581d | [MV551748-0040-29] 1u (V22) 581d | [MV551748-0040-30] 1u (V22) 581d | [MV551748-0040-31] 1u (V22) 581d | [MV551748-0040-32] 1u (V22) 581d | [MV551748-0040-33] 1u (V22) 581d | [MV551748-0040-34] 1u (V22) 581d | [MV551748-0040-35] 1u (V22) 581d | [MV551748-0040-36] 1u (V22) 581d | [MV551748-0040-37] 1u (V22) 581d | [MV551748-0040-38] 1u (V22) 581d | [MV551748-0040-39] 1u (V22) 581d | [COSH586006-PINK-26] 1u (V25) 315d | [COSH586006-PINK-27] 1u (V25) 315d | [COSH586006-PINK-28] 1u (V25) 315d | [COSH586006-PINK-29] 2u (V25) 315d | [COSH586006-PINK-30] 2u (V25) 315d | [COSH586006-PINK-31] 1u (V25) 315d | [COSH586006-PINK-32] 1u (V25) 315d | [COSH586006-PINK-33] 1u (V25) 315d | [COSH586006-PINK-35] 1u (V25) 315d | [COSH586006-BEIG-26] 1u (V25) 315d | [COSH586006-BEIG-27] 1u (V25) 315d | [COSH586006-BEIG-28] 1u (V25) 315d | [COSH586006-BEIG-29] 2u (V25) 315d | [COSH586006-BEIG-30] 2u (V25) 315d | [COSH586006-BEIG-31] 1u (V25) 315d | [COSH586006-BEIG-32] 1u (V25) 315d | [COSH586006-BEIG-33] 1u (V25) 315d | [COSH586006-BEIG-34] 1u (V25) 315d | [COSH586006-BEIG-35] 1u (V25) 315d | [COSH215039-PINK-24] 1u (V25) 315d | [COSH215039-PINK-25] 1u (V25) 315d | [COSH215039-PINK-26] 1u (V25) 315d | [COSH215039-PINK-27] 1u (V25) 315d | [COSH215039-PINK-28] 1u (V25) 315d | [COSH215039-PINK-29] 2u (V25) 315d | [COSH215039-PINK-30] 1u (V25) 315d | [COSH215039-PINK-31] 1u (V25) 315d | [COSH215039-PINK-32] 1u (V25) 315d | [COSH215039-PINK-33] 1u (V25) 315d | [COSH215039-PINK-34] 1u (V25) 315d | [OSSH104002-KHAK-22] 1u (V25) 299d | [OSSH104002-KHAK-23] 2u (V25) 299d | [OSSH104002-KHAK-24] 2u (V25) 299d | [OSSH104002-KHAK-25] 2u (V25) 299d | [OSSH104002-KHAK-26] 2u (V25) 299d | [OSSH104002-KHAK-27] 1u (V25) 299d | [OSSH104002-KHAK-28] 1u (V25) 299d | [OSSH104002-KHAK-29] 1u (V25) 299d
CLAGD/Stock/StorageGD/CLA-031-17-01-02;GENERIC;V26+I24+I25;104;0.00;D+B;304;10;;[COMEPLV016-WHITE] 2u (I24) 304d;;[COMEPLV030] 63u (V26) 119d | [COMEPLV018] 5u (I25) 130d | [COMEPLV023] 4u (I25) 130d | [COMEPLV020] 1u (I25) 130d | [COMEPLV021] 2u (I25) 61d | [TEMEPLV011] 2u (I25) 130d | [BWMEPLV009] 25u (V26) 7d
CLAGD/Stock/StorageGD/CLA-045-01-01-03;GOLD;V24+I25;104;879.55;C+B+A;581;80;[BJSH542020-TAN-37] 10u (I25) 301d;[COSH285049-WHIT-34] 1u (V24) 556d | [COSH285049-WHIT-35] 1u (V24) 556d | [COSH265050-WHIT-31] 2u (V24) 581d | [COSH265050-WHIT-32] 2u (V24) 581d | [COSH265050-WHIT-33] 1u (V24) 581d | [COSH265050-WHIT-34] 1u (V24) 581d | [COSH265050-WHIT-35] 1u (V24) 581d | [COSH265050-WHIT-31] 1u (V24) 581d | [COSH265050-WHIT-32] 1u (V24) 581d | [COSH265050-WHIT-33] 1u (V24) 581d | [COSH265050-WHIT-34] 1u (V24) 581d | [COSH265050-WHIT-35] 1u (V24) 581d | [COSH265050-WHIT-31] 1u (V24) 581d | [COSH265050-WHIT-32] 1u (V24) 581d | [COSH265050-WHIT-33] 1u (V24) 581d | [COSH265050-WHIT-34] 1u (V24) 581d | [COSH265050-WHIT-35] 1u (V24) 581d | [COSH285049-WHIT-34] 1u (V24) 581d | [COSH285049-WHIT-35] 1u (V24) 581d | [BJSH543008-BLAC-40] 10u (I25) 452d;[COSH285049-WHIT-27] 1u (V24) 556d | [COSH285049-WHIT-28] 1u (V24) 556d | [COSH285049-WHIT-29] 1u (V24) 556d | [COSH285049-WHIT-30] 2u (V24) 556d | [COSH285049-WHIT-31] 2u (V24) 556d | [COSH285049-WHIT-32] 2u (V24) 556d | [COSH285049-WHIT-33] 1u (V24) 556d | [COSH265050-WHIT-27] 1u (V24) 581d | [COSH265050-WHIT-28] 1u (V24) 581d | [COSH265050-WHIT-29] 1u (V24) 581d | [COSH265050-WHIT-30] 2u (V24) 581d | [COSH265050-WHIT-27] 2u (V24) 581d | [COSH265050-WHIT-28] 2u (V24) 581d | [COSH265050-WHIT-29] 2u (V24) 581d | [COSH265050-WHIT-30] 1u (V24) 581d | [COSH265050-WHIT-27] 2u (V24) 581d | [COSH265050-WHIT-28] 2u (V24) 581d | [COSH265050-WHIT-29] 2u (V24) 581d | [COSH265050-WHIT-30] 1u (V24) 581d | [COSH285049-WHIT-27] 1u (V24) 581d | [COSH285049-WHIT-28] 1u (V24) 581d | [COSH285049-WHIT-29] 1u (V24) 581d | [COSH285049-WHIT-30] 2u (V24) 581d | [COSH285049-WHIT-31] 2u (V24) 581d | [COSH285049-WHIT-32] 2u (V24) 581d | [COSH285049-WHIT-33] 1u (V24) 581d | [BJSH586086-PINK-26] 2u (V24) 581d | [BJSH586086-PINK-27] 2u (V24) 581d | [BJSH586086-PINK-28] 2u (V24) 581d | [BJSH586086-PINK-29] 2u (V24) 581d | [BJSH586086-PINK-30] 2u (V24) 581d | [BJSH586086-PINK-31] 2u (V24) 581d | [BJSH586086-PINK-32] 2u (V24) 581d | [BJSH586086-PINK-33] 2u (V24) 581d | [BJSH586086-PINK-34] 2u (V24) 581d | [BJSH586086-PINK-35] 2u (V24) 581d | [BJSH586086-PINK-36] 2u (V24) 581d | [BJSH586086-PINK-37] 2u (V24) 581d;
CLAGD/Stock/StorageGD/CLA-043-01-01-01;GENERIC;I25+I20+V24;102;655.64;B+C;727;100;;[BJSH542020-TAN-25] 10u (I25) 727d | [BJSH542020-TAN-24] 10u (I25) 727d | [BJSH542020-TAN-24] 10u (I25) 727d | [BJSH542020-TAN-22] 10u (I25) 727d | [BJSH542020-TAN-22] 10u (I25) 727d | [BJSH543001-BLAC-33] 10u (I25) 692d | [BJSH543001-BLAC-33] 10u (I25) 692d | [KI226831-0078-41] 10u (I20) 727d | [BJSH534001-FUCH-39-40] 10u (V24) 607d;[BJSH505006-WHIT-32] 1u (V24) 581d | [BJSH505006-WHIT-33] 1u (V24) 581d | [BJSH505006-WHIT-34] 2u (V24) 581d | [BJSH505006-WHIT-35] 2u (V24) 581d | [BJSH505006-WHIT-36] 2u (V24) 581d | [BJSH505006-WHIT-37] 2u (V24) 581d | [BJSH505006-WHIT-38] 1u (V24) 581d | [BJSH505006-WHIT-39] 1u (V24) 581d;
CLAGD/Stock/StorageGD/CLA-045-04-01-02;GOLD;V25+V22+I25+V24;102;249.64;D+C+B;727;100;;[COSH284096-WHIT-27] 10u (V25) 301d | [BJSH401007-BEIGE-36] 10u (I25) 146d | [BJSH401007-BEIGE-36] 10u (I25) 146d;[COSH284096-WHIT-33] 10u (V25) 301d | [COSH284096-WHIT-31] 10u (V25) 301d | [MV232304-0020-39] 10u (V22) 727d | [MV232304-0020-39] 10u (V22) 727d | [BJSH401007-PINK-36] 10u (I25) 146d | [BJSH527066-MULT-38] 7u (V24) 661d | [BJSH527066-MULT-39] 5u (V24) 661d;[COSH284096-WHIT-34] 10u (V25) 301d
CLAGD/Stock/StorageGD/CLAGD/Stock/EXTB2BGD/CLA-009-01-03-02;GOLD;I25;100;0.00;B+C;95;100;;[BJSH402006-TAN-41] 10u (I25) 95d | [BJSH402006-TAN-40] 10u (I25) 95d | [BJSH402006-TAN-40] 10u (I25) 95d | [BJSH402006-TAN-40] 10u (I25) 95d | [BJSH402006-TAN-39] 10u (I25) 95d | [BJSH402006-TAN-37] 10u (I25) 95d | [BJSH402006-TAN-36] 10u (I25) 95d | [BJSH402001-TAN-40] 10u (I25) 95d;[BJSH402006-TAN-35] 10u (I25) 95d | [BJSH402006-TAN-33] 10u (I25) 95d;
CLAGD/Stock/StorageGD/CLAGD/Stock/EXTB2BGD/CLA-009-03-01-01;GOLD;I25;100;0.00;C+D;145;100;;;[COSH283121-PINK-32] 10u (I25) 145d | [COSH283121-PINK-32] 10u (I25) 145d | [COSH283121-PINK-31] 10u (I25) 145d | [COSH283121-PINK-30] 10u (I25) 145d | [COSH283121-PINK-25] 10u (I25) 145d | [COSH283120-SILV-27] 10u (I25) 145d | [COSH283120-SILV-26] 10u (I25) 145d | [COSH542104-GOLD-36] 10u (I25) 138d | [COSH542104-GOLD-28] 10u (I25) 138d;[COSH283119-PINK-24] 10u (I25) 145d
CLAGD/Stock/StorageGD/CLAGD/Stock/EXTB2BGD/CLA-009-03-03-02;GOLD;I25;100;701.00;B+A;151;100;[BJSH543001-TAUP-39] 10u (I25) 151d | [BJSH543001-TAUP-39] 10u (I25) 151d | [BJSH543001-TAUP-39] 10u (I25) 151d | [BJSH543001-TAUP-37] 10u (I25) 151d | [BJSH543001-TAUP-37] 10u (I25) 151d | [BJSH543001-TAUP-37] 10u (I25) 151d | [BJSH543001-TAUP-37] 10u (I25) 151d | [BJSH543001-TAUP-36] 10u (I25) 151d;[BJSH543001-TAUP-40] 10u (I25) 151d | [BJSH543001-TAUP-40] 10u (I25) 151d;;
CLAGD/Stock/StorageGD/CLAGD/Stock/EXTB2BGD/CLA-009-03-03-03;GOLD;I25;100;560.80;B+A;151;100;[BJSH543001-TAUP-38] 10u (I25) 151d | [BJSH543001-TAUP-37] 10u (I25) 151d | [BJSH543001-TAUP-37] 10u (I25) 151d | [BJSH543001-TAUP-36] 10u (I25) 151d | [BJSH543001-TAUP-36] 10u (I25) 151d | [BJSH543001-TAUP-36] 10u (I25) 151d;[BJSH543008-BLAC-38] 10u (I25) 151d | [BJSH543008-BLAC-36] 10u (I25) 151d | [BJSH543001-TAUP-40] 10u (I25) 151d | [BJSH543001-TAUP-35] 10u (I25) 151d;;
CLAGD/Stock/StorageGD/CLAGD/Stock/EXTB2BGD/CLA-009-04-01-02;GOLD;I25;100;630.90;A+B;151;100;[BJSH543008-BLAC-37] 10u (I25) 151d | [BJSH543001-TAUP-39] 10u (I25) 151d | [BJSH543001-TAUP-39] 10u (I25) 151d | [BJSH543001-TAUP-38] 10u (I25) 151d | [BJSH543001-TAUP-38] 10u (I25) 151d | [BJSH543001-TAUP-38] 10u (I25) 151d | [BJSH543001-TAUP-37] 10u (I25) 151d | [BJSH543001-TAUP-34] 10u (I25) 151d;[BJSH543001-TAUP-35] 10u (I25) 151d | [BJSH543001-TAUP-33] 10u (I25) 151d;;
CLAGD/Stock/StorageGD/CLAGD/Stock/StorageGD/CLA-009-09-03-02;GOLD;I25;100;0.00;A+B;139;100;[COSH542065-TAUP-36] 10u (I25) 139d | [COSH542065-TAUP-36] 10u (I25) 139d;[COSH542065-TAUP-35] 10u (I25) 139d | [COSH542065-TAUP-35] 10u (I25) 139d | [COSH542065-TAUP-35] 10u (I25) 139d | [COSH542065-TAUP-34] 10u (I25) 139d | [COSH542065-TAUP-32] 10u (I25) 139d | [COSH542065-TAUP-32] 10u (I25) 139d | [COSH542065-TAUP-28] 10u (I25) 139d | [COSH542065-TAUP-27] 10u (I25) 139d;;
CLAGD/Stock/StorageGD/CLA-031-08-03-03;GOLD;I25;100;0.00;C+B;158;100;;[BJSH542096-BEIG-37] 10u (I25) 158d | [BJSH542096-BEIG-37] 10u (I25) 158d;[BJSH542096-TAN-38] 10u (I25) 158d | [BJSH542096-TAN-38] 10u (I25) 158d | [BJSH542096-TAN-38] 10u (I25) 158d | [BJSH542096-TAN-37] 10u (I25) 158d | [BJSH542096-TAN-37] 10u (I25) 158d | [BJSH542096-BEIG-40] 10u (I25) 158d | [BJSH542096-BEIG-39] 10u (I25) 158d | [BJSH542096-BEIG-38] 10u (I25) 158d;
CLAGD/Stock/StorageGD/CLA-031-11-02-03;GOLD;I25;100;0.00;C+B;144;100;;[TESH500015-BLAC-24] 10u (I25) 144d;[TESH500019-NAVY-25] 10u (I25) 144d | [TESH500019-NAVY-25] 10u (I25) 144d | [TESH500019-NAVY-22] 10u (I25) 144d | [TESH500019-NAVY-22] 10u (I25) 144d | [TESH500019-NAVY-21] 10u (I25) 144d | [TESH500015-BLAC-21] 10u (I25) 144d | [TESH500015-BLAC-21] 10u (I25) 144d | [TESH500015-BLAC-20] 10u (I25) 144d | [TESH500015-BLAC-20] 10u (I25) 144d;
CLAGD/Stock/StorageGD/CLA-040-01-03-03;GOLD;I25;100;663.80;B+D;434;100;;[COSH200006-NAVY-33] 10u (I25) 222d | [COSH200006-NAVY-31] 10u (I25) 222d | [COSH542020-TAUP-26] 10u (I25) 434d | [COSH542020-TAUP-26] 10u (I25) 434d | [COSH542020-TAUP-26] 10u (I25) 434d | [COSH542020-TAUP-22] 10u (I25) 434d;;[COSH200001-NAVY-35] 10u (I25) 222d | [COSH200001-NAVY-35] 10u (I25) 222d | [COSH200001-NAVY-35] 10u (I25) 222d | [COSH200001-NAVY-34] 10u (I25) 222d
CLAGD/Stock/StorageGD/CLA-040-02-03-01;GOLD;I25;100;701.00;B+A;158;100;[BJSH543001-TAN-39] 10u (I25) 158d | [BJSH543001-BLAC-39] 10u (I25) 158d | [BJSH543001-BLAC-39] 10u (I25) 158d | [BJSH543001-BLAC-38] 10u (I25) 158d | [BJSH543001-BLAC-38] 10u (I25) 158d | [BJSH543001-BLAC-38] 10u (I25) 158d;[BJSH543001-TAN-40] 10u (I25) 158d | [BJSH543001-TAN-40] 10u (I25) 158d | [BJSH543001-TAN-34] 10u (I25) 158d | [BJSH543001-BLAC-41] 10u (I25) 158d;;
CLAGD/Stock/StorageGD/CLA-040-04-02-01;GOLD;V25+I25+I24;100;0.00;B;434;100;;[COSH224050-MULT-29] 10u (V25) 369d | [COSH224050-MULT-29] 10u (V25) 369d | [COSH542020-TAUP-26] 10u (I25) 434d | [COSH542020-TAUP-23] 10u (I25) 434d | [COSH542020-TAUP-23] 10u (I25) 434d | [COSH542020-TAUP-22] 10u (I25) 434d | [COSH542090-GOLD-27] 10u (I24) 434d | [COSH542090-GOLD-26] 10u (I24) 434d | [COSH542090-GOLD-25] 10u (I24) 434d | [COSH542090-GOLD-24] 10u (I24) 434d;;
CLAGD/Stock/StorageGD/CLA-040-04-03-02;GOLD;I25+V25;100;0.00;A+D;434;100;[COSH542020-TAUP-35] 10u (I25) 434d | [COSH542020-TAUP-35] 10u (I25) 434d | [COSH542020-TAUP-35] 10u (I25) 434d | [COSH542020-TAUP-35] 10u (I25) 434d | [COSH542020-TAUP-35] 10u (I25) 434d | [COSH542020-TAUP-35] 10u (I25) 434d | [COSH542020-TAUP-35] 10u (I25) 434d | [COSH542020-TAUP-33] 10u (I25) 434d | [COSH542020-TAUP-33] 10u (I25) 434d;;;[COSH224050-MULT-31] 10u (V25) 369d
CLAGD/Stock/StorageGD/CLA-040-05-01-02;GOLD;I25;100;701.00;B+A;158;100;[BJSH543001-BLAC-39] 10u (I25) 158d | [BJSH543001-BLAC-38] 10u (I25) 158d | [BJSH543001-BLAC-38] 10u (I25) 158d | [BJSH543001-BLAC-37] 10u (I25) 158d | [BJSH543001-BLAC-37] 10u (I25) 158d;[BJSH543001-TAN-34] 10u (I25) 158d | [BJSH543001-BLAC-41] 10u (I25) 158d | [BJSH543001-BLAC-36] 10u (I25) 158d | [BJSH543001-BLAC-36] 10u (I25) 158d | [BJSH543001-BLAC-34] 10u (I25) 158d;;
CLAGD/Stock/StorageGD/CLA-040-05-02-02;GOLD;I25;100;701.00;B+A;158;100;[BJSH543001-BLAC-39] 10u (I25) 158d | [BJSH543001-BLAC-39] 10u (I25) 158d | [BJSH543001-BLAC-39] 10u (I25) 158d | [BJSH543001-BLAC-38] 10u (I25) 158d | [BJSH543001-BLAC-37] 10u (I25) 158d;[BJSH543001-BLAC-40] 10u (I25) 158d | [BJSH543001-BLAC-40] 10u (I25) 158d | [BJSH543001-BLAC-40] 10u (I25) 158d | [BJSH543001-BLAC-35] 10u (I25) 158d | [BJSH543001-BLAC-33] 10u (I25) 158d;;
CLAGD/Stock/StorageGD/CLA-040-05-03-01;GOLD;I25;100;701.00;A+B;158;100;[BJSH543001-TAN-39] 10u (I25) 158d | [BJSH543001-TAN-39] 10u (I25) 158d | [BJSH543001-TAN-38] 10u (I25) 158d | [BJSH543001-TAN-37] 10u (I25) 158d | [BJSH543001-TAN-37] 10u (I25) 158d | [BJSH543001-TAN-36] 10u (I25) 158d;[BJSH543001-TAN-35] 10u (I25) 158d | [BJSH543001-TAN-34] 10u (I25) 158d | [BJSH543001-TAN-34] 10u (I25) 158d | [BJSH543001-TAN-34] 10u (I25) 158d;;
CLAGD/Stock/StorageGD/CLA-040-05-03-03;GOLD;I25;100;701.00;A+B;158;100;[BJSH543001-TAN-38] 10u (I25) 158d | [BJSH543001-TAN-38] 10u (I25) 158d | [BJSH543001-TAN-37] 10u (I25) 158d | [BJSH543001-TAN-37] 10u (I25) 158d | [BJSH543001-TAN-36] 10u (I25) 158d | [BJSH543001-TAN-36] 10u (I25) 158d | [BJSH543001-TAN-36] 10u (I25) 158d;[BJSH543001-TAN-35] 10u (I25) 158d | [BJSH543001-TAN-35] 10u (I25) 158d | [BJSH543001-TAN-34] 10u (I25) 158d;;
CLAGD/Stock/StorageGD/CLA-040-06-01-03;GOLD;I25;100;0.00;A;187;100;[BJSH542083-TAN-41] 10u (I25) 187d | [BJSH542083-TAN-40] 10u (I25) 187d | [BJSH542083-TAN-40] 10u (I25) 187d | [BJSH542083-TAN-40] 10u (I25) 187d | [BJSH542083-TAN-39] 10u (I25) 187d | [BJSH542083-TAN-39] 10u (I25) 187d | [BJSH542083-TAN-39] 10u (I25) 187d | [BJSH542083-TAN-39] 10u (I25) 187d | [BJSH542083-TAN-38] 10u (I25) 187d | [BJSH542083-TAN-36] 10u (I25) 187d;;;
CLAGD/Stock/StorageGD/CLA-040-09-01-02;GOLD;I25;100;701.00;B+A;158;100;[BJSH543001-TAN-39] 10u (I25) 158d | [BJSH543001-TAN-39] 10u (I25) 158d | [BJSH543001-TAN-37] 10u (I25) 158d | [BJSH543001-TAN-37] 10u (I25) 158d | [BJSH543001-TAN-36] 10u (I25) 158d | [BJSH543001-TAN-36] 10u (I25) 158d | [BJSH543001-TAN-36] 10u (I25) 158d | [BJSH543001-TAN-36] 10u (I25) 158d | [BJSH543001-TAN-36] 10u (I25) 158d;[BJSH543001-TAN-41] 10u (I25) 158d;;
CLAGD/Stock/StorageGD/CLA-040-09-03-03;GOLD;I25;100;560.80;A+B;151;100;[BJSH543008-BLAC-39] 10u (I25) 151d | [BJSH543008-BLAC-37] 10u (I25) 151d | [BJSH543001-TAUP-39] 10u (I25) 151d | [BJSH543001-TAUP-39] 10u (I25) 151d | [BJSH543001-TAUP-39] 10u (I25) 151d | [BJSH543001-TAUP-39] 10u (I25) 151d | [BJSH543001-TAUP-38] 10u (I25) 151d | [BJSH543001-TAUP-38] 10u (I25) 151d | [BJSH543001-TAUP-36] 10u (I25) 151d;[BJSH543001-TAUP-41] 10u (I25) 151d;;
CLAGD/Stock/StorageGD/CLA-041-08-03-01;GOLD;I25;100;0.00;C+B;109;100;;[COSH542065-TAN-35] 10u (I25) 109d | [COSH542065-TAN-34] 10u (I25) 109d | [COSH542065-TAN-34] 10u (I25) 109d | [COSH542065-TAN-33] 10u (I25) 109d | [COSH542065-BEIG-34] 10u (I25) 109d | [COSH542065-BEIG-31] 10u (I25) 109d | [COSH542065-BEIG-30] 10u (I25) 109d | [COSH542065-BEIG-29] 10u (I25) 109d;[COSH542065-TAN-36] 10u (I25) 109d | [COSH542065-TAN-36] 10u (I25) 109d;
CLAGD/Stock/StorageGD/CLA-041-09-03-03;GOLD;I24+V25+I25;100;0.00;B+D;515;100;;[COSH283092-MULT-28] 10u (I24) 515d | [COSH224050-MULT-33] 10u (V25) 369d | [COSH224050-MULT-33] 10u (V25) 369d | [COSH224050-MULT-30] 10u (V25) 369d | [COSH224050-MULT-30] 10u (V25) 369d | [COSH224050-MULT-29] 10u (V25) 369d | [COSH542020-TAUP-26] 10u (I25) 434d | [COSH542020-TAUP-23] 10u (I25) 434d | [COSH542020-TAUP-22] 10u (I25) 434d;;[COSH224050-MULT-32] 10u (V25) 369d
CLAGD/Stock/StorageGD/CLA-042-01-03-03;GOLD;I25;100;612.00;A;209;100;[BJSH542021-BLAC-40] 10u (I25) 209d | [BJSH542021-BLAC-40] 10u (I25) 209d | [BJSH542021-BLAC-40] 10u (I25) 209d | [BJSH542021-BLAC-39] 10u (I25) 209d | [BJSH542021-BLAC-39] 10u (I25) 209d | [BJSH542021-BLAC-39] 10u (I25) 209d | [BJSH542021-BLAC-39] 10u (I25) 209d | [BJSH542021-BLAC-39] 10u (I25) 209d | [BJSH542021-BLAC-36] 10u (I25) 209d | [BJSH542021-BLAC-36] 10u (I25) 209d;;;
CLAGD/Stock/StorageGD/CLA-042-02-03-03;GOLD;I25;100;140.20;A+B;151;100;[BJSH543008-TAUP-38] 10u (I25) 151d | [BJSH543008-BLAC-39] 10u (I25) 151d | [BJSH543008-BLAC-39] 10u (I25) 151d | [BJSH543008-BLAC-37] 10u (I25) 151d | [BJSH543008-BLAC-37] 10u (I25) 151d | [BJSH543001-TAUP-39] 10u (I25) 151d | [BJSH543001-TAUP-37] 10u (I25) 151d;[BJSH543008-BLAC-40] 10u (I25) 151d | [BJSH543008-BLAC-40] 10u (I25) 151d | [BJSH543008-BLAC-36] 10u (I25) 151d;;
CLAGD/Stock/StorageGD/CLA-042-04-01-03;GOLD;I25+I24+V22+V23+V25;100;266.44;B+C+D;13;100;;[BJSH542021-BEIG-40] 10u (I25) 13d | [BWSH190016-BRON-41] 1u (I24) 13d | [BWSH190016-BRON-36] 1u (I24) 13d | [BWSH190016-BRON-37] 2u (I24) 13d | [COSH280001-NAVY-33] 12u (I25) 13d | [BJSH586090-BLAC-36] 2u (I24) 13d | [BJSH586090-BLAC-38] 2u (I24) 13d | [BJSH586090-BLAC-37] 2u (I24) 13d | [BJSH586090-BLAC-33] 1u (I24) 13d | [BJSH542090-GOLD-39] 9u (I24) 13d | [BJSH586090-BLAC-29] 1u (I24) 13d | [BJSH586090-BLAC-36] 1u (I24) 13d | [BJSH586090-BLAC-37] 1u (I24) 13d | [BJSH586090-BLAC-33] 1u (I24) 13d | [BJSH586090-BLAC-30] 1u (I24) 13d | [TESH510003-PINK-20] 2u (V25) 13d | [TESH510003-PINK-22] 2u (V25) 13d;[BWSH190016-BRON-39] 2u (I24) 13d | [BWSH190016-BRON-40] 1u (I24) 13d | [BWSH190016-BRON-38] 2u (I24) 13d | [MV231605-0020-41] 1u (V22) 13d | [MV231611-0020-40] 1u (V22) 13d | [BJSH586090-BLAC-39] 1u (I24) 13d | [BJSH586090-BLAC-35] 2u (I24) 13d | [BJSH586090-BLAC-34] 2u (I24) 13d | [BJSH586090-BLAC-35] 2u (I24) 13d | [BJSH586090-BLAC-34] 2u (I24) 13d | [BJSH586090-BLAC-32] 1u (I24) 13d | [BJSH586090-BLAC-28] 1u (I24) 13d | [BJSH586090-BLAC-31] 1u (I24) 13d | [TESH510003-PINK-21] 2u (V25) 13d | [TESH510003-PINK-23] 2u (V25) 13d | [TESH510003-PINK-25] 2u (V25) 13d | [TESH510003-PINK-24] 2u (V25) 13d;[MV231611-0001-39] 1u (V22) 13d | [MV231611-0001-38] 1u (V22) 13d | [NV552715-0001-34] 8u (V23) 13d | [TESH510003-WHIT-24] 2u (V25) 13d | [TESH510003-WHIT-25] 2u (V25) 13d | [TESH510003-WHIT-23] 2u (V25) 13d | [TESH510003-WHIT-22] 2u (V25) 13d | [TESH510003-WHIT-21] 2u (V25) 13d | [TESH510003-WHIT-20] 2u (V25) 13d
CLAGD/Stock/StorageGD/CLA-042-05-03-03;GOLD;I25;100;612.00;A;209;100;[BJSH542021-TAN-41] 10u (I25) 209d | [BJSH542021-TAN-40] 10u (I25) 209d | [BJSH542021-TAN-38] 10u (I25) 209d | [BJSH542021-TAN-38] 10u (I25) 209d | [BJSH542021-TAN-35] 10u (I25) 209d | [BJSH542021-TAN-35] 10u (I25) 209d | [BJSH542021-TAN-35] 10u (I25) 209d | [BJSH542021-TAN-34] 10u (I25) 209d | [BJSH542021-TAN-34] 10u (I25) 209d | [BJSH542021-TAN-33] 10u (I25) 209d;;;
CLAGD/Stock/StorageGD/CLA-042-07-02-02;GOLD;I25;100;612.00;A;209;100;[BJSH542021-BLAC-41] 10u (I25) 209d | [BJSH542021-BLAC-41] 10u (I25) 209d | [BJSH542021-BLAC-40] 10u (I25) 209d | [BJSH542021-BLAC-40] 10u (I25) 209d | [BJSH542021-BLAC-40] 10u (I25) 209d | [BJSH542021-BLAC-40] 10u (I25) 209d | [BJSH542021-BLAC-38] 10u (I25) 209d | [BJSH542021-BLAC-38] 10u (I25) 209d | [BJSH542021-BLAC-36] 10u (I25) 209d | [BJSH542021-BLAC-36] 10u (I25) 209d;;;
CLAGD/Stock/StorageGD/CLA-042-07-03-03;GOLD;I25;100;612.00;A;209;100;[BJSH542021-TAN-41] 10u (I25) 209d | [BJSH542021-TAN-41] 10u (I25) 209d | [BJSH542021-TAN-41] 10u (I25) 209d | [BJSH542021-TAN-40] 10u (I25) 209d | [BJSH542021-TAN-40] 10u (I25) 209d | [BJSH542021-TAN-39] 10u (I25) 209d | [BJSH542021-TAN-38] 10u (I25) 209d | [BJSH542021-TAN-38] 10u (I25) 209d | [BJSH542021-TAN-37] 10u (I25) 209d | [BJSH542021-TAN-37] 10u (I25) 209d;;;
CLAGD/Stock/StorageGD/CLA-042-08-01-03;GENERIC;V23+I25+V24;100;480.30;D+B+A;727;100;[COSH542083-TAUP-32] 10u (I25) 187d | [COSH542083-TAUP-29] 10u (I25) 187d | [BJSH542020-TAUP-41] 10u (I25) 158d | [BJSH542020-TAUP-35] 10u (I25) 158d;[BJSH542021-TAN-23] 10u (I25) 727d | [BJSH542021-TAN-23] 10u (I25) 727d | [BJSH542021-TAN-23] 10u (I25) 727d;;[NV556205-0043-34] 10u (V23) 727d | [NV556205-0043-33] 10u (V23) 727d | [BJSH534002-BLAC-35] 10u (V24) 607d
CLAGD/Stock/StorageGD/CLA-042-09-02-01;GOLD;I25;100;612.00;A;209;100;[BJSH542021-TAN-39] 10u (I25) 209d | [BJSH542021-TAN-39] 10u (I25) 209d | [BJSH542021-TAN-39] 10u (I25) 209d | [BJSH542021-TAN-38] 10u (I25) 209d | [BJSH542021-TAN-37] 10u (I25) 209d | [BJSH542021-TAN-36] 10u (I25) 209d | [BJSH542021-TAN-35] 10u (I25) 209d | [BJSH542021-TAN-35] 10u (I25) 209d | [BJSH542021-TAN-33] 10u (I25) 209d | [BJSH542021-BLAC-38] 10u (I25) 209d;;;
CLAGD/Stock/StorageGD/CLA-043-01-01-02;GOLD;I25;100;601.00;A;158;100;[BJSH542020-TAN-40] 10u (I25) 158d | [BJSH542020-TAN-38] 10u (I25) 158d | [BJSH542020-TAN-38] 10u (I25) 158d | [BJSH542020-TAN-38] 10u (I25) 158d | [BJSH542020-TAN-37] 10u (I25) 158d | [BJSH542020-TAN-37] 10u (I25) 158d | [BJSH542020-BLAC-41] 10u (I25) 158d | [BJSH542020-BLAC-38] 10u (I25) 158d | [BJSH542020-BLAC-38] 10u (I25) 158d | [BJSH542020-BLAC-38] 10u (I25) 158d;;;
CLAGD/Stock/StorageGD/CLA-043-03-03-01;GOLD;I25;100;0.00;A;434;100;[COSH542020-TAN-29] 10u (I25) 434d | [COSH542020-TAN-26] 10u (I25) 434d | [COSH542020-TAN-26] 10u (I25) 434d | [COSH542020-TAN-26] 10u (I25) 434d | [COSH542020-TAN-25] 10u (I25) 434d | [COSH542020-TAN-24] 10u (I25) 434d | [COSH542020-TAN-24] 10u (I25) 434d | [COSH542020-TAN-24] 10u (I25) 434d | [COSH542020-TAN-24] 10u (I25) 434d | [COSH542020-TAN-24] 10u (I25) 434d;;;
CLAGD/Stock/StorageGD/CLA-043-04-02-03;GOLD;I25;100;601.00;A;158;100;[BJSH542020-TAUP-40] 10u (I25) 158d | [BJSH542020-TAUP-40] 10u (I25) 158d | [BJSH542020-TAUP-39] 10u (I25) 158d | [BJSH542020-TAUP-39] 10u (I25) 158d | [BJSH542020-TAUP-37] 10u (I25) 158d | [BJSH542020-TAUP-33] 10u (I25) 158d | [BJSH542020-TAN-37] 10u (I25) 158d | [BJSH542020-TAN-36] 10u (I25) 158d | [BJSH542020-TAN-36] 10u (I25) 158d | [BJSH542020-TAN-33] 10u (I25) 158d;;;
CLAGD/Stock/StorageGD/CLA-043-06-01-02;GOLD;I25;100;601.00;A;158;100;[BJSH542020-TAUP-40] 10u (I25) 158d | [BJSH542020-TAN-39] 10u (I25) 158d | [BJSH542020-TAN-38] 10u (I25) 158d | [BJSH542020-TAN-38] 10u (I25) 158d | [BJSH542020-TAN-37] 10u (I25) 158d | [BJSH542020-TAN-36] 10u (I25) 158d | [BJSH542020-TAN-36] 10u (I25) 158d | [BJSH542020-TAN-36] 10u (I25) 158d | [BJSH542020-TAN-36] 10u (I25) 158d | [BJSH542020-TAN-36] 10u (I25) 158d;;;
CLAGD/Stock/StorageGD/CLA-043-06-02-03;GOLD;I25;100;601.00;A+B;158;100;[BJSH542020-TAN-36] 10u (I25) 158d | [BJSH542020-TAN-35] 10u (I25) 158d | [BJSH542020-TAN-35] 10u (I25) 158d | [BJSH542020-TAN-34] 10u (I25) 158d | [BJSH542020-TAN-34] 10u (I25) 158d | [BJSH542020-TAN-34] 10u (I25) 158d | [BJSH542020-NAVY-34] 10u (I25) 158d | [BJSH542020-NAVY-34] 10u (I25) 158d;[BJSH542020-NAVY-35] 10u (I25) 158d | [BJSH542020-NAVY-35] 10u (I25) 158d;;
CLAGD/Stock/StorageGD/CLA-043-07-01-01;GOLD;I25;100;601.00;A;158;100;[BJSH542020-TAN-39] 10u (I25) 158d | [BJSH542020-TAN-39] 10u (I25) 158d | [BJSH542020-TAN-36] 10u (I25) 158d | [BJSH542020-TAN-36] 10u (I25) 158d | [BJSH542020-TAN-36] 10u (I25) 158d | [BJSH542020-TAN-36] 10u (I25) 158d | [BJSH542020-TAN-36] 10u (I25) 158d | [BJSH542020-TAN-35] 10u (I25) 158d | [BJSH542020-TAN-33] 10u (I25) 158d | [BJSH542020-TAN-33] 10u (I25) 158d;;;
CLAGD/Stock/StorageGD/CLA-043-07-03-01;GOLD;I25;100;1125.50;D+B;222;100;;[COSH200006-NAVY-34] 10u (I25) 222d | [COSH200006-NAVY-33] 10u (I25) 222d | [COSH200006-NAVY-32] 10u (I25) 222d | [COSH200006-NAVY-31] 10u (I25) 222d | [COSH200006-NAVY-30] 10u (I25) 222d | [COSH200006-NAVY-27] 10u (I25) 222d;;[COSH200006-NAVY-35] 10u (I25) 222d | [COSH200006-NAVY-28] 10u (I25) 222d | [COSH200006-NAVY-26] 10u (I25) 222d | [COSH200006-NAVY-25] 10u (I25) 222d
CLAGD/Stock/StorageGD/CLA-043-08-02-03;GOLD;I25;100;601.00;A;158;100;[BJSH542020-TAN-39] 10u (I25) 158d | [BJSH542020-TAN-39] 10u (I25) 158d | [BJSH542020-TAN-38] 10u (I25) 158d | [BJSH542020-TAN-38] 10u (I25) 158d | [BJSH542020-TAN-38] 10u (I25) 158d | [BJSH542020-TAN-38] 10u (I25) 158d | [BJSH542020-TAN-38] 10u (I25) 158d | [BJSH542020-TAN-37] 10u (I25) 158d | [BJSH542020-TAN-37] 10u (I25) 158d | [BJSH542020-TAN-36] 10u (I25) 158d;;;
CLAGD/Stock/StorageGD/CLA-043-08-03-01;GOLD;I25;100;601.00;A+B;158;100;[BJSH542020-TAN-37] 10u (I25) 158d | [BJSH542020-TAN-37] 10u (I25) 158d | [BJSH542020-TAN-37] 10u (I25) 158d | [BJSH542020-TAN-37] 10u (I25) 158d | [BJSH542020-NAVY-38] 10u (I25) 158d | [BJSH542020-NAVY-34] 10u (I25) 158d | [BJSH542020-NAVY-34] 10u (I25) 158d | [BJSH542020-NAVY-33] 10u (I25) 158d;[BJSH542020-NAVY-35] 10u (I25) 158d | [BJSH542020-NAVY-35] 10u (I25) 158d;;
CLAGD/Stock/StorageGD/CLA-043-08-03-02;GOLD;I25;100;420.60;B+A;151;100;[BJSH543008-BLAC-37] 10u (I25) 151d | [BJSH543008-BLAC-35] 10u (I25) 151d | [BJSH543001-TAUP-39] 10u (I25) 151d | [BJSH543001-TAUP-39] 10u (I25) 151d | [BJSH543001-TAUP-36] 10u (I25) 151d | [BJSH543001-TAUP-36] 10u (I25) 151d;[BJSH543008-BLAC-40] 10u (I25) 151d | [BJSH543008-BLAC-38] 10u (I25) 151d | [BJSH543001-TAUP-35] 10u (I25) 151d | [BJSH543001-TAUP-33] 10u (I25) 151d;;
CLAGD/Stock/StorageGD/CLA-043-08-03-03;GOLD;I25;100;601.00;A;158;100;[BJSH542020-TAN-38] 10u (I25) 158d | [BJSH542020-TAN-38] 10u (I25) 158d | [BJSH542020-TAN-37] 10u (I25) 158d | [BJSH542020-TAN-37] 10u (I25) 158d | [BJSH542020-TAN-37] 10u (I25) 158d | [BJSH542020-TAN-36] 10u (I25) 158d | [BJSH542020-TAN-34] 10u (I25) 158d | [BJSH542020-TAN-34] 10u (I25) 158d | [BJSH542020-TAN-34] 10u (I25) 158d | [BJSH542020-TAN-34] 10u (I25) 158d;;;
CLAGD/Stock/StorageGD/CLA-044-02-02-01;GOLD;I25;100;612.00;A;209;100;[BJSH542021-BLAC-41] 10u (I25) 209d | [BJSH542021-BLAC-41] 10u (I25) 209d | [BJSH542021-BLAC-40] 10u (I25) 209d | [BJSH542021-BLAC-40] 10u (I25) 209d | [BJSH542021-BLAC-39] 10u (I25) 209d | [BJSH542021-BLAC-38] 10u (I25) 209d | [BJSH542021-BLAC-38] 10u (I25) 209d | [BJSH542021-BLAC-37] 10u (I25) 209d | [BJSH542021-BLAC-37] 10u (I25) 209d | [BJSH542021-BLAC-34] 10u (I25) 209d;;;
CLAGD/Stock/StorageGD/CLA-044-03-02-01;GOLD;I25;100;601.00;A;158;100;[BJSH542020-TAUP-40] 10u (I25) 158d | [BJSH542020-TAUP-39] 10u (I25) 158d | [BJSH542020-TAUP-38] 10u (I25) 158d | [BJSH542020-TAUP-38] 10u (I25) 158d | [BJSH542020-TAUP-38] 10u (I25) 158d | [BJSH542020-TAUP-37] 10u (I25) 158d | [BJSH542020-TAUP-35] 10u (I25) 158d | [BJSH542020-TAUP-34] 10u (I25) 158d | [BJSH542020-TAN-38] 10u (I25) 158d | [BJSH542020-TAN-33] 10u (I25) 158d;;;
CLAGD/Stock/StorageGD/CLA-044-04-02-01;GOLD;I25;100;601.00;A;158;100;[BJSH542020-BLAC-40] 10u (I25) 158d | [BJSH542020-BLAC-39] 10u (I25) 158d | [BJSH542020-BLAC-38] 10u (I25) 158d | [BJSH542020-BLAC-38] 10u (I25) 158d | [BJSH542020-BLAC-38] 10u (I25) 158d | [BJSH542020-BLAC-38] 10u (I25) 158d | [BJSH542020-BLAC-38] 10u (I25) 158d | [BJSH542020-BLAC-37] 10u (I25) 158d | [BJSH542020-BLAC-37] 10u (I25) 158d | [BJSH542020-BLAC-33] 10u (I25) 158d;;;
CLAGD/Stock/StorageGD/CLA-044-05-01-02;GOLD;I25;100;601.00;A;158;100;[BJSH542020-TAUP-41] 10u (I25) 158d | [BJSH542020-TAUP-41] 10u (I25) 158d | [BJSH542020-TAUP-39] 10u (I25) 158d | [BJSH542020-TAUP-39] 10u (I25) 158d | [BJSH542020-TAUP-38] 10u (I25) 158d | [BJSH542020-TAUP-38] 10u (I25) 158d | [BJSH542020-TAUP-35] 10u (I25) 158d | [BJSH542020-TAUP-34] 10u (I25) 158d | [BJSH542020-TAUP-33] 10u (I25) 158d | [BJSH542020-TAN-36] 10u (I25) 158d;;;
CLAGD/Stock/StorageGD/CLA-044-05-02-01;GOLD;I25;100;611.00;B+A;158;100;[BJSH542020-TAUP-40] 10u (I25) 139d | [BJSH542020-TAUP-40] 10u (I25) 139d | [BJSH542020-TAUP-39] 10u (I25) 139d | [BJSH542020-TAUP-38] 10u (I25) 139d | [BJSH542020-TAUP-38] 10u (I25) 139d | [BJSH542020-TAUP-38] 10u (I25) 139d | [BJSH542020-TAUP-37] 10u (I25) 139d | [BJSH542020-TAUP-35] 10u (I25) 139d | [BJSH542020-TAUP-34] 10u (I25) 139d;[BJSH543001-TAN-35] 10u (I25) 158d;;
CLAGD/Stock/StorageGD/CLA-044-05-03-03;GOLD;I25;100;601.00;A;158;100;[BJSH542020-BLAC-41] 10u (I25) 158d | [BJSH542020-BLAC-39] 10u (I25) 158d | [BJSH542020-BLAC-39] 10u (I25) 158d | [BJSH542020-BLAC-38] 10u (I25) 158d | [BJSH542020-BLAC-38] 10u (I25) 158d | [BJSH542020-BLAC-37] 10u (I25) 158d | [BJSH542020-BLAC-36] 10u (I25) 158d | [BJSH542020-BLAC-34] 10u (I25) 158d | [BJSH542020-BLAC-34] 10u (I25) 158d | [BJSH542020-BLAC-34] 10u (I25) 158d;;;
CLAGD/Stock/StorageGD/CLA-044-06-03-03;GOLD;I25;100;601.00;A;158;100;[BJSH542020-BLAC-41] 10u (I25) 158d | [BJSH542020-BLAC-41] 10u (I25) 158d | [BJSH542020-BLAC-39] 10u (I25) 158d | [BJSH542020-BLAC-39] 10u (I25) 158d | [BJSH542020-BLAC-38] 10u (I25) 158d | [BJSH542020-BLAC-38] 10u (I25) 158d | [BJSH542020-BLAC-38] 10u (I25) 158d | [BJSH542020-BLAC-36] 10u (I25) 158d | [BJSH542020-BLAC-36] 10u (I25) 158d | [BJSH542020-BLAC-35] 10u (I25) 158d;;;
CLAGD/Stock/StorageGD/CLA-044-07-02-01;GOLD;I25;100;70.10;A+B;158;100;[BJSH543008-TAN-40] 10u (I25) 158d | [BJSH543008-TAN-40] 10u (I25) 158d | [BJSH543008-TAN-39] 10u (I25) 158d | [BJSH543008-TAN-38] 10u (I25) 158d | [BJSH543008-TAN-38] 10u (I25) 158d | [BJSH543008-TAN-37] 10u (I25) 158d | [BJSH543008-TAN-36] 10u (I25) 158d | [BJSH543008-TAN-34] 10u (I25) 158d | [BJSH543008-TAN-33] 10u (I25) 158d;[BJSH543001-BLAC-36] 10u (I25) 158d;;
CLAGD/Stock/StorageGD/CLA-044-07-02-03;GOLD;I25;100;601.00;A;158;100;[BJSH542020-BLAC-41] 10u (I25) 158d | [BJSH542020-BLAC-41] 10u (I25) 158d | [BJSH542020-BLAC-38] 10u (I25) 158d | [BJSH542020-BLAC-37] 10u (I25) 158d | [BJSH542020-BLAC-37] 10u (I25) 158d | [BJSH542020-BLAC-37] 10u (I25) 158d | [BJSH542020-BLAC-37] 10u (I25) 158d | [BJSH542020-BLAC-37] 10u (I25) 158d | [BJSH542020-BLAC-37] 10u (I25) 158d | [BJSH542020-BLAC-36] 10u (I25) 158d;;;
CLAGD/Stock/StorageGD/CLA-044-07-03-01;GOLD;I25;100;0.00;A;158;100;[BJSH543008-TAN-40] 10u (I25) 158d | [BJSH543008-TAN-40] 10u (I25) 158d | [BJSH543008-TAN-39] 10u (I25) 158d | [BJSH543008-TAN-38] 10u (I25) 158d | [BJSH543008-TAN-37] 10u (I25) 158d | [BJSH543008-TAN-37] 10u (I25) 158d | [BJSH543008-TAN-37] 10u (I25) 158d | [BJSH543008-TAN-36] 10u (I25) 158d | [BJSH543008-TAN-36] 10u (I25) 158d | [BJSH543008-TAN-36] 10u (I25) 158d;;;
CLAGD/Stock/StorageGD/CLA-044-07-03-02;GOLD;I25;100;0.00;A;158;100;[BJSH543008-TAN-40] 10u (I25) 158d | [BJSH543008-TAN-40] 10u (I25) 158d | [BJSH543008-TAN-40] 10u (I25) 158d | [BJSH543008-TAN-39] 10u (I25) 158d | [BJSH543008-TAN-39] 10u (I25) 158d | [BJSH543008-TAN-38] 10u (I25) 158d | [BJSH543008-TAN-38] 10u (I25) 158d | [BJSH543008-TAN-37] 10u (I25) 158d | [BJSH543008-TAN-36] 10u (I25) 158d | [BJSH543008-TAN-36] 10u (I25) 158d;;;
CLAGD/Stock/StorageGD/CLA-044-08-01-03;GOLD;I25;100;612.00;A;209;100;[BJSH542021-TAUP-41] 10u (I25) 209d | [BJSH542021-TAUP-41] 10u (I25) 209d | [BJSH542021-TAUP-41] 10u (I25) 209d | [BJSH542021-TAUP-38] 10u (I25) 209d | [BJSH542021-TAUP-38] 10u (I25) 209d | [BJSH542021-TAUP-38] 10u (I25) 209d | [BJSH542021-TAUP-37] 10u (I25) 209d | [BJSH542021-TAUP-37] 10u (I25) 209d | [BJSH542021-TAUP-35] 10u (I25) 209d | [BJSH542021-TAUP-34] 10u (I25) 209d;;;
CLAGD/Stock/StorageGD/CLA-044-08-02-01;GOLD;I25;100;601.00;A;158;100;[BJSH542020-BLAC-40] 10u (I25) 158d | [BJSH542020-BLAC-40] 10u (I25) 158d | [BJSH542020-BLAC-39] 10u (I25) 158d | [BJSH542020-BLAC-39] 10u (I25) 158d | [BJSH542020-BLAC-38] 10u (I25) 158d | [BJSH542020-BLAC-38] 10u (I25) 158d | [BJSH542020-BLAC-37] 10u (I25) 158d | [BJSH542020-BLAC-36] 10u (I25) 158d | [BJSH542020-BLAC-36] 10u (I25) 158d | [BJSH542020-BLAC-33] 10u (I25) 158d;;;
CLAGD/Stock/StorageGD/CLA-044-08-03-01;GOLD;I25;100;701.00;B+A;158;100;[BJSH543001-BLAC-39] 10u (I25) 158d | [BJSH543001-BLAC-39] 10u (I25) 158d | [BJSH543001-BLAC-37] 10u (I25) 158d | [BJSH543001-BLAC-37] 10u (I25) 158d | [BJSH543001-BLAC-37] 10u (I25) 158d | [BJSH543001-BLAC-37] 10u (I25) 158d;[BJSH543001-TAN-40] 10u (I25) 158d | [BJSH543001-BLAC-41] 10u (I25) 158d | [BJSH543001-BLAC-40] 10u (I25) 158d | [BJSH543001-BLAC-34] 10u (I25) 158d;;
CLAGD/Stock/StorageGD/CLA-044-08-03-03;GOLD;I25;100;0.00;A;158;100;[BJSH543008-TAN-38] 10u (I25) 158d | [BJSH543008-TAN-38] 10u (I25) 158d | [BJSH543008-TAN-38] 10u (I25) 158d | [BJSH543008-TAN-38] 10u (I25) 158d | [BJSH543008-TAN-38] 10u (I25) 158d | [BJSH543008-TAN-35] 10u (I25) 158d | [BJSH543008-TAN-34] 10u (I25) 158d | [BJSH543008-TAN-34] 10u (I25) 158d | [BJSH543008-TAN-33] 10u (I25) 158d | [BJSH543008-TAN-33] 10u (I25) 158d;;;
CLAGD/Stock/StorageGD/CLA-044-09-02-02;GOLD;I25;100;210.30;A+B;158;100;[BJSH543008-TAN-40] 10u (I25) 158d | [BJSH543008-TAN-39] 10u (I25) 158d | [BJSH543008-TAN-39] 10u (I25) 158d | [BJSH543008-TAN-38] 10u (I25) 158d | [BJSH543008-TAN-35] 10u (I25) 158d | [BJSH543008-TAN-34] 10u (I25) 158d | [BJSH543008-TAN-33] 10u (I25) 158d | [BJSH543001-BLAC-38] 10u (I25) 158d;[BJSH543001-BLAC-40] 10u (I25) 158d | [BJSH543001-BLAC-36] 10u (I25) 158d;;
CLAGD/Stock/StorageGD/CLA-044-09-02-03;GOLD;I25;100;210.30;A+B;158;100;[BJSH543008-TAN-40] 10u (I25) 158d | [BJSH543008-TAN-38] 10u (I25) 158d | [BJSH543008-TAN-38] 10u (I25) 158d | [BJSH543008-TAN-38] 10u (I25) 158d | [BJSH543008-TAN-37] 10u (I25) 158d | [BJSH543008-TAN-35] 10u (I25) 158d | [BJSH543008-TAN-35] 10u (I25) 158d | [BJSH543001-BLAC-38] 10u (I25) 158d;[BJSH543001-BLAC-40] 10u (I25) 158d | [BJSH543001-BLAC-35] 10u (I25) 158d;;
CLAGD/Stock/StorageGD/CLA-045-02-02-03;GOLD;I25;100;612.00;A;209;100;[BJSH542021-TAN-40] 10u (I25) 209d | [BJSH542021-TAN-38] 10u (I25) 209d | [BJSH542021-TAN-36] 10u (I25) 209d | [BJSH542021-TAN-36] 10u (I25) 209d | [BJSH542021-TAN-35] 10u (I25) 209d | [BJSH542021-TAN-35] 10u (I25) 209d | [BJSH542021-TAN-34] 10u (I25) 209d | [BJSH542021-TAN-34] 10u (I25) 209d | [BJSH542021-TAN-34] 10u (I25) 209d | [BJSH542021-TAN-33] 10u (I25) 209d;;;
CLAGD/Stock/StorageGD/CLA-045-03-02-01;GOLD;I25;100;612.00;A;209;100;[BJSH542021-TAUP-36] 10u (I25) 209d | [BJSH542021-TAUP-36] 10u (I25) 209d | [BJSH542021-TAUP-35] 10u (I25) 209d | [BJSH542021-TAUP-35] 10u (I25) 209d | [BJSH542021-TAUP-35] 10u (I25) 209d | [BJSH542021-TAUP-34] 10u (I25) 209d | [BJSH542021-TAUP-34] 10u (I25) 209d | [BJSH542021-TAUP-33] 10u (I25) 209d | [BJSH542021-TAUP-33] 10u (I25) 209d | [BJSH542021-TAUP-33] 10u (I25) 209d;;;
CLAGD/Stock/StorageGD/CLA-045-03-02-02;GOLD;I25;100;601.00;A;158;100;[BJSH542020-TAUP-40] 10u (I25) 158d | [BJSH542020-TAUP-38] 10u (I25) 158d | [BJSH542020-TAUP-38] 10u (I25) 158d | [BJSH542020-TAUP-38] 10u (I25) 158d | [BJSH542020-TAUP-38] 10u (I25) 158d | [BJSH542020-TAUP-37] 10u (I25) 158d | [BJSH542020-TAUP-37] 10u (I25) 158d | [BJSH542020-TAUP-37] 10u (I25) 158d | [BJSH542020-TAUP-35] 10u (I25) 158d | [BJSH542020-TAUP-34] 10u (I25) 158d;;;
CLAGD/Stock/StorageGD/CLA-045-03-03-01;GOLD;I25;100;0.00;A+B;187;100;[COSH542083-TAUP-27] 10u (I25) 187d | [COSH542083-TAUP-26] 10u (I25) 187d | [COSH542083-TAUP-25] 10u (I25) 187d | [COSH542083-TAUP-25] 10u (I25) 187d | [COSH542083-TAN-27] 10u (I25) 187d | [COSH542083-TAN-27] 10u (I25) 187d | [COSH542083-TAN-24] 10u (I25) 187d | [COSH542083-TAN-24] 10u (I25) 187d;[COSH542083-TAUP-24] 10u (I25) 187d | [COSH542083-TAUP-24] 10u (I25) 187d;;
CLAGD/Stock/StorageGD/CLA-045-04-01-01;GOLD;I25;100;601.00;A;158;100;[BJSH542020-TAN-39] 10u (I25) 158d | [BJSH542020-TAN-39] 10u (I25) 158d | [BJSH542020-TAN-39] 10u (I25) 158d | [BJSH542020-TAN-39] 10u (I25) 158d | [BJSH542020-TAN-38] 10u (I25) 158d | [BJSH542020-TAN-36] 10u (I25) 158d | [BJSH542020-TAN-34] 10u (I25) 158d | [BJSH542020-TAN-34] 10u (I25) 158d | [BJSH542020-TAN-33] 10u (I25) 158d | [BJSH542020-TAN-33] 10u (I25) 158d;;;
CLAGD/Stock/StorageGD/CLA-045-04-02-01;GOLD;I25;100;601.00;A;158;100;[BJSH542020-BLAC-41] 10u (I25) 158d | [BJSH542020-BLAC-40] 10u (I25) 158d | [BJSH542020-BLAC-40] 10u (I25) 158d | [BJSH542020-BLAC-40] 10u (I25) 158d | [BJSH542020-BLAC-39] 10u (I25) 158d | [BJSH542020-BLAC-37] 10u (I25) 158d | [BJSH542020-BLAC-37] 10u (I25) 158d | [BJSH542020-BLAC-36] 10u (I25) 158d | [BJSH542020-BLAC-33] 10u (I25) 158d | [BJSH542020-BLAC-33] 10u (I25) 158d;;;
CLAGD/Stock/StorageGD/CLA-045-05-02-01;GOLD;I25;100;601.00;A;158;100;[BJSH542020-BLAC-41] 10u (I25) 158d | [BJSH542020-BLAC-40] 10u (I25) 158d | [BJSH542020-BLAC-40] 10u (I25) 158d | [BJSH542020-BLAC-39] 10u (I25) 158d | [BJSH542020-BLAC-39] 10u (I25) 158d | [BJSH542020-BLAC-37] 10u (I25) 158d | [BJSH542020-BLAC-37] 10u (I25) 158d | [BJSH542020-BLAC-37] 10u (I25) 158d | [BJSH542020-BLAC-35] 10u (I25) 158d | [BJSH542020-BLAC-33] 10u (I25) 158d;;;
CLAGD/Stock/StorageGD/CLA-045-05-03-03;GOLD;I25;100;601.00;A;158;100;[BJSH542020-BLAC-41] 10u (I25) 158d | [BJSH542020-BLAC-39] 10u (I25) 158d | [BJSH542020-BLAC-39] 10u (I25) 158d | [BJSH542020-BLAC-39] 10u (I25) 158d | [BJSH542020-BLAC-38] 10u (I25) 158d | [BJSH542020-BLAC-37] 10u (I25) 158d | [BJSH542020-BLAC-36] 10u (I25) 158d | [BJSH542020-BLAC-36] 10u (I25) 158d | [BJSH542020-BLAC-35] 10u (I25) 158d | [BJSH542020-BLAC-35] 10u (I25) 158d;;;
CLAGD/Stock/StorageGD/CLA-045-06-01-01;GOLD;I25;100;601.00;A;158;100;[BJSH542020-TAUP-38] 10u (I25) 158d | [BJSH542020-TAUP-38] 10u (I25) 158d | [BJSH542020-TAUP-38] 10u (I25) 158d | [BJSH542020-TAUP-38] 10u (I25) 158d | [BJSH542020-TAUP-38] 10u (I25) 158d | [BJSH542020-TAUP-33] 10u (I25) 158d | [BJSH542020-TAN-41] 10u (I25) 158d | [BJSH542020-TAN-39] 10u (I25) 158d | [BJSH542020-TAN-38] 10u (I25) 158d | [BJSH542020-TAN-35] 10u (I25) 158d;;;
CLAGD/Stock/StorageGD/CLA-045-06-02-02;GOLD;I25;100;601.00;A;158;100;[BJSH542020-TAUP-41] 10u (I25) 158d | [BJSH542020-TAUP-40] 10u (I25) 158d | [BJSH542020-TAUP-39] 10u (I25) 158d | [BJSH542020-TAUP-39] 10u (I25) 158d | [BJSH542020-TAUP-38] 10u (I25) 158d | [BJSH542020-TAUP-38] 10u (I25) 158d | [BJSH542020-TAUP-38] 10u (I25) 158d | [BJSH542020-TAUP-38] 10u (I25) 158d | [BJSH542020-TAN-39] 10u (I25) 158d | [BJSH542020-TAN-35] 10u (I25) 158d;;;
CLAGD/Stock/StorageGD/CLA-045-07-01-01;GOLD;I25;100;601.00;A;158;100;[BJSH542020-TAUP-40] 10u (I25) 158d | [BJSH542020-TAUP-39] 10u (I25) 158d | [BJSH542020-TAUP-38] 10u (I25) 158d | [BJSH542020-TAUP-38] 10u (I25) 158d | [BJSH542020-TAUP-38] 10u (I25) 158d | [BJSH542020-TAUP-37] 10u (I25) 158d | [BJSH542020-TAUP-36] 10u (I25) 158d | [BJSH542020-TAN-41] 10u (I25) 158d | [BJSH542020-TAN-38] 10u (I25) 158d | [BJSH542020-TAN-38] 10u (I25) 158d;;;
CLAGD/Stock/StorageGD/CLA-045-07-03-02;GOLD;I25;100;601.00;A;158;100;[BJSH542020-TAUP-41] 10u (I25) 158d | [BJSH542020-TAUP-41] 10u (I25) 158d | [BJSH542020-TAUP-39] 10u (I25) 158d | [BJSH542020-TAUP-39] 10u (I25) 158d | [BJSH542020-TAUP-37] 10u (I25) 158d | [BJSH542020-TAUP-37] 10u (I25) 158d | [BJSH542020-TAUP-36] 10u (I25) 158d | [BJSH542020-TAUP-34] 10u (I25) 158d | [BJSH542020-TAUP-33] 10u (I25) 158d | [BJSH542020-TAN-40] 10u (I25) 158d;;;
CLAGD/Stock/StorageGD/CLA-045-07-03-03;GOLD;I25;100;601.00;A;158;100;[BJSH542020-TAUP-40] 10u (I25) 158d | [BJSH542020-TAUP-40] 10u (I25) 158d | [BJSH542020-TAUP-39] 10u (I25) 158d | [BJSH542020-TAUP-37] 10u (I25) 158d | [BJSH542020-TAUP-37] 10u (I25) 158d | [BJSH542020-TAUP-36] 10u (I25) 158d | [BJSH542020-TAUP-36] 10u (I25) 158d | [BJSH542020-TAUP-35] 10u (I25) 158d | [BJSH542020-TAUP-34] 10u (I25) 158d | [BJSH542020-TAN-40] 10u (I25) 158d;;;
CLAGD/Stock/StorageGD/CLA-045-08-03-02;GOLD;V25+I25;100;0.00;D+B+A;301;100;[COSH542021-TAN-25] 10u (I25) 175d | [COSH542021-TAN-25] 10u (I25) 175d;[COSH283104-SILV-31] 10u (V25) 301d;;[COSH283110-MULT-33] 10u (V25) 301d | [COSH283110-MULT-31] 10u (V25) 301d | [COSH283110-MULT-29] 10u (V25) 301d | [COSH283110-MULT-31] 10u (V25) 301d | [COSH283106-WHIT-29] 10u (V25) 301d | [COSH283106-WHIT-30] 10u (V25) 301d | [COSH283106-WHIT-28] 10u (V25) 301d
CLAGD/Stock/StorageGD/CLA-045-09-03-01;GOLD;V25;100;0.00;C+D;301;100;;;[COSH264020-WHIT-32] 10u (V25) 301d | [COSH264020-WHIT-31] 10u (V25) 301d | [COSH264020-WHIT-31] 10u (V25) 301d | [COSH264020-WHIT-30] 10u (V25) 301d | [COSH264020-WHIT-29] 10u (V25) 301d | [COSH264020-WHIT-28] 10u (V25) 301d | [COSH264020-WHIT-28] 10u (V25) 301d | [COSH264012-WHIT-28] 10u (V25) 301d;[COSH264012-WHIT-32] 10u (V25) 301d | [COSH264012-WHIT-32] 10u (V25) 301d
CLAGD/Stock/StorageGD/CLA-046-01-02-01;GOLD;I25;100;601.00;A;158;100;[BJSH542020-TAN-38] 10u (I25) 158d | [BJSH542020-TAN-38] 10u (I25) 158d | [BJSH542020-TAN-37] 10u (I25) 158d | [BJSH542020-TAN-37] 10u (I25) 158d | [BJSH542020-TAN-37] 10u (I25) 158d | [BJSH542020-TAN-36] 10u (I25) 158d | [BJSH542020-TAN-36] 10u (I25) 158d | [BJSH542020-TAN-36] 10u (I25) 158d | [BJSH542020-TAN-33] 10u (I25) 158d | [BJSH542020-BLAC-38] 10u (I25) 158d;;;
CLAGD/Stock/StorageGD/CLA-046-02-02-02;GOLD;I25;100;601.00;A;158;100;[BJSH542020-TAN-39] 10u (I25) 158d | [BJSH542020-TAN-39] 10u (I25) 158d | [BJSH542020-TAN-38] 10u (I25) 158d | [BJSH542020-TAN-36] 10u (I25) 158d | [BJSH542020-TAN-36] 10u (I25) 158d | [BJSH542020-TAN-36] 10u (I25) 158d | [BJSH542020-TAN-36] 10u (I25) 158d | [BJSH542020-TAN-36] 10u (I25) 158d | [BJSH542020-TAN-36] 10u (I25) 158d | [BJSH542020-TAN-33] 10u (I25) 158d;;;
CLAGD/Stock/StorageGD/CLA-046-03-01-02;GOLD;I25+I20;100;61.58;A+B;175;100;[COSH542084-BRON-36] 10u (I25) 175d | [COSH542084-BRON-35] 10u (I25) 175d | [COSH542084-BRON-35] 10u (I25) 175d | [COSH542084-BRON-35] 10u (I25) 175d | [COSH542084-BRON-35] 10u (I25) 175d | [COSH542084-BRON-33] 10u (I25) 175d | [COSH542084-BRON-33] 10u (I25) 175d | [COSH542084-BRON-33] 10u (I25) 175d | [COSH542084-BRON-26] 10u (I25) 175d;[KI226831-0078-39] 1u (I20) 54d | [KI226831-0078-37] 1u (I20) 54d | [KI226826-0020-41] 8u (I20) 54d;;
CLAGD/Stock/StorageGD/CLA-046-07-01-03;GOLD;I25;100;601.00;A;158;100;[BJSH542020-BLAC-40] 10u (I25) 158d | [BJSH542020-BLAC-39] 10u (I25) 158d | [BJSH542020-BLAC-39] 10u (I25) 158d | [BJSH542020-BLAC-39] 10u (I25) 158d | [BJSH542020-BLAC-39] 10u (I25) 158d | [BJSH542020-BLAC-39] 10u (I25) 158d | [BJSH542020-BLAC-39] 10u (I25) 158d | [BJSH542020-BLAC-39] 10u (I25) 158d | [BJSH542020-BLAC-38] 10u (I25) 158d | [BJSH542020-BLAC-36] 10u (I25) 158d;;;
CLAGD/Stock/StorageGD/CLA-046-07-03-01;GOLD;I25;100;612.00;B+A;202;100;[BJSH542021-NAVY-40] 10u (I25) 202d | [BJSH542021-NAVY-40] 10u (I25) 202d | [BJSH542021-NAVY-39] 10u (I25) 202d | [BJSH542021-NAVY-39] 10u (I25) 202d | [BJSH542021-NAVY-39] 10u (I25) 202d | [BJSH542021-NAVY-37] 10u (I25) 202d | [BJSH542021-NAVY-37] 10u (I25) 202d;[BJSH542021-NAVY-41] 10u (I25) 202d | [BJSH542021-NAVY-41] 10u (I25) 202d | [BJSH542021-NAVY-41] 10u (I25) 202d;;
CLAGD/Stock/StorageGD/CLA-046-07-03-02;GOLD;I25;100;1052.70;B;222;100;;[COSH280001-NAVY-36] 10u (I25) 222d | [COSH280001-NAVY-35] 10u (I25) 222d | [COSH280001-NAVY-33] 10u (I25) 222d | [COSH280001-NAVY-32] 10u (I25) 222d | [COSH280001-NAVY-32] 10u (I25) 222d | [COSH280001-NAVY-31] 10u (I25) 222d | [COSH280001-NAVY-31] 10u (I25) 222d | [COSH280001-NAVY-30] 10u (I25) 222d | [COSH280001-NAVY-30] 10u (I25) 222d | [COSH280001-NAVY-30] 10u (I25) 222d;;
CLAGD/Stock/StorageGD/CLA-046-07-03-03;GOLD;I25;100;1096.60;B+D;222;100;;[COSH280002-NAVY-34] 10u (I25) 222d | [COSH280002-NAVY-34] 10u (I25) 222d | [COSH280002-NAVY-34] 10u (I25) 222d | [COSH280002-NAVY-34] 10u (I25) 222d | [COSH280002-NAVY-33] 10u (I25) 222d | [COSH280002-NAVY-33] 10u (I25) 222d | [COSH280002-NAVY-33] 10u (I25) 222d | [COSH280002-NAVY-33] 10u (I25) 222d;;[COSH280002-NAVY-29] 10u (I25) 222d | [COSH280002-NAVY-29] 10u (I25) 222d
CLAGD/Stock/StorageGD/CLA-046-08-02-02;GOLD;I25;100;664.80;A;202;100;[BJSH543002-TAN-40] 10u (I25) 202d | [BJSH543002-TAN-39] 10u (I25) 202d | [BJSH543002-TAN-38] 10u (I25) 202d | [BJSH543002-TAN-36] 10u (I25) 202d | [BJSH542021-NAVY-38] 10u (I25) 202d | [BJSH542021-NAVY-37] 10u (I25) 202d | [BJSH542021-NAVY-37] 10u (I25) 202d | [BJSH542021-NAVY-37] 10u (I25) 202d | [BJSH542021-NAVY-37] 10u (I25) 202d | [BJSH542021-NAVY-34] 10u (I25) 202d;;;
CLAGD/Stock/StorageGD/CLA-047-02-02-01;GOLD;I25;100;601.00;A;187;100;[BJSH542020-TAN-41] 10u (I25) 187d | [BJSH542020-TAN-41] 10u (I25) 187d | [BJSH542020-TAN-41] 10u (I25) 187d | [BJSH542020-TAN-38] 10u (I25) 187d | [BJSH542020-TAN-34] 10u (I25) 187d | [BJSH542020-TAN-34] 10u (I25) 187d | [BJSH542020-TAN-34] 10u (I25) 187d | [BJSH542020-TAN-34] 10u (I25) 187d | [BJSH542020-TAN-34] 10u (I25) 187d | [BJSH542020-TAN-33] 10u (I25) 187d;;;
CLAGD/Stock/StorageGD/CLA-047-02-02-02;GOLD;I25;100;601.00;A;187;100;[BJSH542020-TAN-40] 10u (I25) 187d | [BJSH542020-TAN-40] 10u (I25) 187d | [BJSH542020-TAN-39] 10u (I25) 187d | [BJSH542020-TAN-38] 10u (I25) 187d | [BJSH542020-TAN-35] 10u (I25) 187d | [BJSH542020-TAN-35] 10u (I25) 187d | [BJSH542020-TAN-35] 10u (I25) 187d | [BJSH542020-TAN-35] 10u (I25) 187d | [BJSH542020-TAN-35] 10u (I25) 187d | [BJSH542020-TAN-35] 10u (I25) 187d;;;
CLAGD/Stock/StorageGD/CLA-047-03-02-02;GOLD;I25;100;601.00;A;187;100;[BJSH542020-TAN-41] 10u (I25) 187d | [BJSH542020-TAN-41] 10u (I25) 187d | [BJSH542020-TAN-41] 10u (I25) 187d | [BJSH542020-TAN-41] 10u (I25) 187d | [BJSH542020-TAN-41] 10u (I25) 187d | [BJSH542020-TAN-39] 10u (I25) 187d | [BJSH542020-TAN-38] 10u (I25) 187d | [BJSH542020-TAN-36] 10u (I25) 187d | [BJSH542020-TAN-34] 10u (I25) 187d | [BJSH542020-TAN-33] 10u (I25) 187d;;;
CLAGD/Stock/StorageGD/CLA-047-05-02-01;GOLD;I25;100;744.00;A;195;100;[BJSH543002-TAUP-38] 10u (I25) 195d | [BJSH543002-TAUP-36] 10u (I25) 195d | [BJSH543002-TAUP-35] 10u (I25) 195d | [BJSH543002-TAUP-35] 10u (I25) 195d | [BJSH543002-TAUP-35] 10u (I25) 195d | [BJSH543002-TAUP-34] 10u (I25) 195d | [BJSH543002-BLAC-40] 10u (I25) 195d | [BJSH543002-BLAC-40] 10u (I25) 195d | [BJSH543002-BLAC-38] 10u (I25) 195d | [BJSH543002-BLAC-36] 10u (I25) 195d;;;
CLAGD/Stock/StorageGD/CLA-047-05-03-02;GOLD;I25;100;601.00;A+B;187;100;[BJSH542020-NAVY-41] 10u (I25) 187d | [BJSH542020-NAVY-39] 10u (I25) 187d | [BJSH542020-NAVY-39] 10u (I25) 187d | [BJSH542020-NAVY-38] 10u (I25) 187d | [BJSH542020-NAVY-37] 10u (I25) 187d | [BJSH542020-NAVY-37] 10u (I25) 187d | [BJSH542020-NAVY-37] 10u (I25) 187d | [BJSH542020-NAVY-36] 10u (I25) 187d;[BJSH542020-NAVY-40] 10u (I25) 187d | [BJSH542020-NAVY-40] 10u (I25) 187d;;
CLAGD/Stock/StorageGD/CLA-047-06-03-01;GOLD;I25;100;601.00;A+B;187;100;[BJSH542020-NAVY-41] 10u (I25) 187d | [BJSH542020-NAVY-39] 10u (I25) 187d | [BJSH542020-NAVY-39] 10u (I25) 187d | [BJSH542020-NAVY-38] 10u (I25) 187d | [BJSH542020-NAVY-38] 10u (I25) 187d | [BJSH542020-NAVY-38] 10u (I25) 187d | [BJSH542020-NAVY-37] 10u (I25) 187d | [BJSH542020-NAVY-36] 10u (I25) 187d;[BJSH542020-NAVY-40] 10u (I25) 187d | [BJSH542020-NAVY-40] 10u (I25) 187d;;
CLAGD/Stock/StorageGD/CLA-047-07-03-01;GOLD;I25;100;601.00;A;187;100;[BJSH542020-TAN-40] 10u (I25) 187d | [BJSH542020-TAN-40] 10u (I25) 187d | [BJSH542020-TAN-40] 10u (I25) 187d | [BJSH542020-TAN-40] 10u (I25) 187d | [BJSH542020-TAN-40] 10u (I25) 187d | [BJSH542020-TAN-40] 10u (I25) 187d | [BJSH542020-TAN-40] 10u (I25) 187d | [BJSH542020-TAN-39] 10u (I25) 187d | [BJSH542020-TAN-39] 10u (I25) 187d | [BJSH542020-TAN-39] 10u (I25) 187d;;;
CLAGD/Stock/StorageGD/CLA-047-07-03-03;GOLD;I25;100;601.00;A;187;100;[BJSH542020-TAN-40] 10u (I25) 187d | [BJSH542020-TAN-40] 10u (I25) 187d | [BJSH542020-TAN-40] 10u (I25) 187d | [BJSH542020-TAN-40] 10u (I25) 187d | [BJSH542020-TAN-40] 10u (I25) 187d | [BJSH542020-TAN-39] 10u (I25) 187d | [BJSH542020-TAN-39] 10u (I25) 187d | [BJSH542020-TAN-39] 10u (I25) 187d | [BJSH542020-TAN-39] 10u (I25) 187d | [BJSH542020-TAN-39] 10u (I25) 187d;;;
CLAGD/Stock/StorageGD/CLA-047-09-01-01;GOLD;I25;100;0.00;A+B;175;100;[COSH542084-PEWT-33] 10u (I25) 175d | [COSH542084-PEWT-33] 10u (I25) 175d | [COSH542084-PEWT-30] 10u (I25) 175d | [COSH542084-PEWT-28] 10u (I25) 175d;[COSH542084-PEWT-31] 10u (I25) 175d | [COSH542084-PEWT-31] 10u (I25) 175d | [COSH542084-PEWT-29] 10u (I25) 175d | [COSH542084-PEWT-29] 10u (I25) 175d | [COSH542084-PEWT-29] 10u (I25) 175d | [COSH542084-PEWT-27] 10u (I25) 175d;;
CLAGD/Stock/StorageGD/CLA-047-09-01-03;GOLD;I25;100;601.00;A;139;100;[BJSH542020-TAUP-40] 10u (I25) 139d | [BJSH542020-TAUP-39] 10u (I25) 139d | [BJSH542020-TAUP-39] 10u (I25) 139d | [BJSH542020-TAUP-39] 10u (I25) 139d | [BJSH542020-TAUP-39] 10u (I25) 139d | [BJSH542020-TAUP-37] 10u (I25) 139d | [BJSH542020-TAUP-37] 10u (I25) 139d | [BJSH542020-TAUP-36] 10u (I25) 139d | [BJSH542020-TAUP-36] 10u (I25) 139d | [BJSH542020-TAUP-34] 10u (I25) 139d;;;
CLAGD/Stock/StorageGD/CLA-047-09-02-01;GOLD;I25;100;485.80;D+C+B;214;100;;[COSH249005-PINK-25] 10u (I25) 214d | [COSH249005-NAVY-32] 10u (I25) 214d | [COSH249005-NAVY-31] 10u (I25) 214d | [COSH249005-NAVY-30] 10u (I25) 214d | [COSH249005-NAVY-27] 10u (I25) 214d;[COSH328001-FWHI-32] 10u (I25) 214d | [COSH249006-NAVY-25] 10u (I25) 214d;[COSH328001-FWHI-36] 10u (I25) 214d | [COSH249005-GREY-36] 10u (I25) 214d | [COSH249005-GREY-26] 10u (I25) 214d
CLAGD/Stock/StorageGD/CLA-072-13-01-01;GOLD;I25;100;0.00;A+B;439;100;[COSH542021-NAVY-27] 10u (I25) 433d | [COSH542021-NAVY-26] 10u (I25) 433d | [COSH542021-NAVY-26] 10u (I25) 433d | [COSH542021-TAUP-25] 10u (I25) 433d | [COSH542021-TAUP-24] 10u (I25) 433d | [COSH542021-TAUP-22] 10u (I25) 433d | [COSH542021-TAN-26] 10u (I25) 439d;[COSH542021-NAVY-25] 10u (I25) 433d | [COSH542021-NAVY-25] 10u (I25) 433d | [COSH542021-NAVY-23] 10u (I25) 433d;;
CLAGD/Stock/StorageGD/CLA-072-16-02-03;GOLD;I25;100;601.00;A;139;100;[BJSH542020-TAUP-41] 10u (I25) 139d | [BJSH542020-TAUP-41] 10u (I25) 139d | [BJSH542020-TAUP-41] 10u (I25) 139d | [BJSH542020-TAUP-38] 10u (I25) 139d | [BJSH542020-TAUP-38] 10u (I25) 139d | [BJSH542020-TAUP-38] 10u (I25) 139d | [BJSH542020-TAUP-38] 10u (I25) 139d | [BJSH542020-TAUP-37] 10u (I25) 139d | [BJSH542020-TAUP-36] 10u (I25) 139d | [BJSH542020-TAUP-35] 10u (I25) 139d;;;
CLAGD/Stock/StorageGD/CLA-072-16-03-03;GENERIC;V22;100;929.00;C;727;100;;;[MV232301-0020-40] 5u (V22) 727d | [MV232301-0020-41] 5u (V22) 727d | [MV232301-0020-39] 10u (V22) 727d | [MV232301-0020-39] 10u (V22) 727d | [MV232301-0020-38] 10u (V22) 727d | [MV232301-0020-38] 10u (V22) 727d | [MV232301-0020-38] 10u (V22) 727d | [MV232301-0020-37] 5u (V22) 727d | [MV232301-0020-38] 5u (V22) 727d | [MV232301-0020-37] 10u (V22) 727d | [MV232301-0020-37] 10u (V22) 727d | [MV232301-0020-36] 5u (V22) 727d | [MV232301-0020-37] 5u (V22) 727d;
CLAGD/Stock/StorageGD/CLA-072-17-02-01;GOLD;I25;100;601.00;A;158;100;[BJSH542020-TAUP-39] 10u (I25) 158d | [BJSH542020-TAUP-38] 10u (I25) 158d | [BJSH542020-TAUP-38] 10u (I25) 158d | [BJSH542020-TAUP-38] 10u (I25) 158d | [BJSH542020-TAUP-38] 10u (I25) 158d | [BJSH542020-TAUP-37] 10u (I25) 158d | [BJSH542020-TAUP-37] 10u (I25) 158d | [BJSH542020-TAUP-37] 10u (I25) 158d | [BJSH542020-TAUP-37] 10u (I25) 158d | [BJSH542020-TAUP-37] 10u (I25) 158d;;;
CLAGD/Stock/StorageGD/CLA-072-17-02-03;GOLD;I25;100;0.00;A;434;100;[COSH542020-TAUP-33] 10u (I25) 434d | [COSH542020-TAUP-33] 10u (I25) 434d | [COSH542020-TAUP-33] 10u (I25) 434d | [COSH542020-TAUP-33] 10u (I25) 434d | [COSH542020-TAUP-33] 10u (I25) 434d | [COSH542020-TAUP-33] 10u (I25) 434d | [COSH542020-TAUP-33] 10u (I25) 434d | [COSH542020-TAUP-33] 10u (I25) 434d | [COSH542020-TAUP-33] 10u (I25) 434d | [COSH542020-TAUP-33] 10u (I25) 434d;;;
CLAGD/Stock/StorageGD/CLA-072-18-03-01;GOLD;I25;100;601.00;A;158;100;[BJSH542020-TAUP-40] 10u (I25) 158d | [BJSH542020-TAUP-38] 10u (I25) 158d | [BJSH542020-TAUP-38] 10u (I25) 158d | [BJSH542020-TAUP-38] 10u (I25) 158d | [BJSH542020-TAUP-37] 10u (I25) 139d | [BJSH542020-TAUP-37] 10u (I25) 139d | [BJSH542020-TAUP-36] 10u (I25) 158d | [BJSH542020-TAUP-36] 10u (I25) 158d | [BJSH542020-TAUP-35] 10u (I25) 158d | [BJSH542020-TAUP-34] 10u (I25) 158d;;;
CLAGD/Stock/StorageGD/CLA-072-19-02-02;GOLD;I25;100;601.00;A;158;100;[BJSH542020-TAUP-39] 10u (I25) 158d | [BJSH542020-TAUP-39] 10u (I25) 158d | [BJSH542020-TAUP-39] 10u (I25) 158d | [BJSH542020-TAUP-38] 10u (I25) 158d | [BJSH542020-TAUP-38] 10u (I25) 158d | [BJSH542020-TAUP-38] 10u (I25) 158d | [BJSH542020-TAUP-37] 10u (I25) 158d | [BJSH542020-TAUP-37] 10u (I25) 158d | [BJSH542020-TAUP-37] 10u (I25) 139d | [BJSH542020-TAUP-36] 10u (I25) 158d;;;
CLAGD/Stock/StorageGD/CLA-072-19-02-03;GOLD;I25;100;601.00;A;158;100;[BJSH542020-TAUP-39] 10u (I25) 158d | [BJSH542020-TAUP-39] 10u (I25) 158d | [BJSH542020-TAUP-39] 10u (I25) 158d | [BJSH542020-TAUP-39] 10u (I25) 158d | [BJSH542020-TAUP-39] 10u (I25) 158d | [BJSH542020-TAUP-39] 10u (I25) 158d | [BJSH542020-TAUP-38] 10u (I25) 158d | [BJSH542020-TAUP-37] 10u (I25) 158d | [BJSH542020-TAUP-37] 10u (I25) 158d | [BJSH542020-TAUP-37] 10u (I25) 158d;;;
CLAGD/Stock/StorageGD/CLA-072-20-02-02;GOLD;I25;100;601.00;A;158;100;[BJSH542020-TAUP-40] 10u (I25) 158d | [BJSH542020-TAUP-39] 10u (I25) 158d | [BJSH542020-TAUP-39] 10u (I25) 158d | [BJSH542020-TAUP-38] 10u (I25) 158d | [BJSH542020-TAUP-38] 10u (I25) 158d | [BJSH542020-TAUP-38] 10u (I25) 158d | [BJSH542020-TAUP-37] 10u (I25) 158d | [BJSH542020-TAUP-37] 10u (I25) 158d | [BJSH542020-TAUP-37] 10u (I25) 158d | [BJSH542020-TAUP-37] 10u (I25) 158d;;;
CLAGD/Stock/StorageGD/CLA-072-20-02-03;GOLD;I25;100;0.00;A;434;100;[COSH542020-NAVY-32] 10u (I25) 434d | [COSH542020-NAVY-32] 10u (I25) 434d | [COSH542020-NAVY-32] 10u (I25) 434d | [COSH542020-NAVY-32] 10u (I25) 434d | [COSH542020-NAVY-31] 10u (I25) 434d | [COSH542020-NAVY-31] 10u (I25) 434d | [COSH542020-NAVY-30] 10u (I25) 434d | [COSH542020-NAVY-30] 10u (I25) 434d | [COSH542020-NAVY-30] 10u (I25) 434d | [COSH542020-NAVY-30] 10u (I25) 434d;;;
CLAGD/Stock/StorageGD/CLA-040-07-03-03;GENERIC;V22;96;1044.48;C+B;727;80;;[MV231605-0020-36] 11u (V22) 727d | [MV231605-0020-36] 2u (V22) 727d | [MV231605-0020-36] 11u (V22) 727d;[MV231605-0020-39] 9u (V22) 727d | [MV231605-0020-40] 3u (V22) 727d | [MV231605-0020-39] 12u (V22) 727d | [MV231605-0020-38] 12u (V22) 727d | [MV231605-0020-38] 9u (V22) 727d | [MV231605-0020-39] 3u (V22) 727d | [MV231605-0020-38] 12u (V22) 727d | [MV231605-0020-38] 1u (V22) 727d | [MV231605-0020-37] 10u (V22) 727d | [MV231605-0020-38] 1u (V22) 727d;
CLAGD/Stock/StorageGD/CLA-040-08-03-01;GENERIC;V22;96;1105.92;C+B;727;80;;[MV231601-0001-37] 10u (V22) 727d;[MV231601-0001-39] 12u (V22) 727d | [MV231601-0001-39] 12u (V22) 727d | [MV231601-0001-38] 12u (V22) 727d | [MV231601-0001-38] 12u (V22) 727d | [MV231601-0001-38] 12u (V22) 727d | [MV231601-0001-36] 12u (V22) 727d | [MV231601-0001-39] 2u (V22) 727d | [MV231601-0001-40] 10u (V22) 727d | [MV231601-0001-41] 2u (V22) 727d;
CLAGD/Stock/StorageGD/CLA-040-08-03-03;GENERIC;V22;96;1133.76;C+B;727;80;;[MV231603-0053-39] 12u (V22) 727d | [MV231601-0001-37] 11u (V22) 727d;[MV231603-0053-40] 12u (V22) 727d | [MV231603-0053-38] 12u (V22) 727d | [MV231603-0053-37] 12u (V22) 727d | [MV231601-0001-40] 12u (V22) 727d | [MV231601-0001-40] 12u (V22) 727d | [MV231601-0001-38] 6u (V22) 727d | [MV231601-0001-39] 6u (V22) 727d | [MV231601-0001-36] 1u (V22) 727d;
CLAGD/Stock/StorageGD/CLA-041-04-03-01;GENERIC;V22;96;1105.92;D+B;727;80;;[MV231601-0020-39] 12u (V22) 727d;;[MV231601-0020-40] 12u (V22) 727d | [MV231601-0020-40] 12u (V22) 727d | [MV231601-0020-38] 12u (V22) 727d | [MV231601-0020-38] 12u (V22) 727d | [MV231601-0020-38] 12u (V22) 727d | [MV231601-0020-37] 12u (V22) 727d | [MV231601-0020-36] 12u (V22) 727d
CLAGD/Stock/StorageGD/CLA-041-04-03-03;GENERIC;V22;96;1105.92;D+B;727;80;;[MV231601-0020-39] 3u (V22) 727d | [MV231601-0020-39] 12u (V22) 727d | [MV231601-0020-39] 12u (V22) 727d;;[MV231601-0020-40] 12u (V22) 727d | [MV231601-0020-40] 12u (V22) 727d | [MV231601-0020-40] 9u (V22) 727d | [MV231601-0020-38] 12u (V22) 727d | [MV231601-0020-37] 12u (V22) 727d | [MV231601-0020-40] 4u (V22) 727d | [MV231601-0020-37] 6u (V22) 727d | [MV231601-0020-41] 2u (V22) 727d
CLAGD/Stock/StorageGD/CLA-045-03-01-03;GENERIC;V24+V22;96;644.40;C+B;661;80;;[BJSH527066-MULT-35] 12u (V24) 661d | [BJSH527066-MULT-35] 12u (V24) 661d | [MV128410-0002-25] 1u (V22) 581d | [MV128410-0002-31] 1u (V22) 581d | [MV128410-0002-34] 1u (V22) 581d | [MV128410-0002-36] 1u (V22) 581d;[BJSH527066-MULT-41] 12u (V24) 661d | [BJSH527066-MULT-40] 12u (V24) 661d | [BJSH527066-MULT-38] 12u (V24) 661d | [BJSH527066-MULT-37] 12u (V24) 661d | [BJSH527066-MULT-36] 12u (V24) 661d | [MV128410-0002-26] 1u (V22) 581d | [MV128410-0002-27] 1u (V22) 581d | [MV128410-0002-28] 1u (V22) 581d | [MV128410-0002-29] 1u (V22) 581d | [MV128410-0002-30] 1u (V22) 581d | [MV128410-0002-32] 1u (V22) 581d | [MV128410-0002-33] 1u (V22) 581d | [MV128410-0002-35] 1u (V22) 581d;
CLAGD/Stock/StorageGD/CLA-047-02-01-02;GOLD;I25;96;0.00;C;172;80;;;[TESH502008-PINK-20] 2u (I25) 172d | [TESH502008-PINK-21] 2u (I25) 172d | [TESH502008-PINK-22] 2u (I25) 172d | [TESH502008-PINK-23] 2u (I25) 172d | [TESH502008-PINK-24] 2u (I25) 172d | [TESH502008-PINK-25] 2u (I25) 172d | [TESH502008-PINK-20] 2u (I25) 172d | [TESH502008-PINK-21] 2u (I25) 172d | [TESH502008-PINK-22] 2u (I25) 172d | [TESH502008-PINK-23] 2u (I25) 172d | [TESH502008-PINK-24] 2u (I25) 172d | [TESH502008-PINK-25] 2u (I25) 172d | [TESH502008-PINK-20] 2u (I25) 172d | [TESH502008-PINK-21] 2u (I25) 172d | [TESH502008-PINK-22] 2u (I25) 172d | [TESH502008-PINK-23] 2u (I25) 172d | [TESH502008-PINK-24] 2u (I25) 172d | [TESH502008-PINK-25] 2u (I25) 172d | [TESH502008-PINK-20] 2u (I25) 172d | [TESH502008-PINK-21] 2u (I25) 172d | [TESH502008-PINK-22] 2u (I25) 172d | [TESH502008-PINK-23] 2u (I25) 172d | [TESH502008-PINK-24] 2u (I25) 172d | [TESH502008-PINK-25] 2u (I25) 172d | [TESH502008-PINK-20] 2u (I25) 172d | [TESH502008-PINK-21] 2u (I25) 172d | [TESH502008-PINK-22] 2u (I25) 172d | [TESH502008-PINK-23] 2u (I25) 172d | [TESH502008-PINK-24] 2u (I25) 172d | [TESH502008-PINK-25] 2u (I25) 172d | [TESH502008-PINK-20] 2u (I25) 172d | [TESH502008-PINK-21] 2u (I25) 172d | [TESH502008-PINK-22] 2u (I25) 172d | [TESH502008-PINK-23] 2u (I25) 172d | [TESH502008-PINK-24] 2u (I25) 172d | [TESH502008-PINK-25] 2u (I25) 172d | [TESH502008-PINK-20] 2u (I25) 172d | [TESH502008-PINK-21] 2u (I25) 172d | [TESH502008-PINK-22] 2u (I25) 172d | [TESH502008-PINK-23] 2u (I25) 172d | [TESH502008-PINK-24] 2u (I25) 172d | [TESH502008-PINK-25] 2u (I25) 172d | [TESH502008-PINK-20] 2u (I25) 172d | [TESH502008-PINK-21] 2u (I25) 172d | [TESH502008-PINK-22] 2u (I25) 172d | [TESH502008-PINK-23] 2u (I25) 172d | [TESH502008-PINK-24] 2u (I25) 172d | [TESH502008-PINK-25] 2u (I25) 172d;
CLAGD/Stock/StorageGD/CLA-040-01-01-01;BLACK;I21+I22+I25+V23+V22;95;690.23;C+B+A+D;1301;70;[COSH542020-NAVY-33] 10u (I25) 434d;[BJSH543001-BLAC-41] 10u (I25) 391d | [MV231601-0020-39] 1u (V22) 1075d | [MV231605-0020-36] 1u (V22) 1063d;[LI230610-0011-33] 1u (I21) 1301d | [LI230610-0011-31] 1u (I21) 1301d | [LI230610-0207-30] 1u (I22) 1062d | [LI230609-0043-32] 1u (I21) 1301d | [LI230614-0043-31] 1u (I22) 1293d | [LI230609-0043-31] 1u (I21) 1301d | [LI230609-0011-28] 1u (I22) 1063d | [LI230610-0207-31] 1u (I22) 1062d | [LI230610-0207-29] 1u (I22) 1062d | [LI230611-0064-33] 1u (I22) 1293d | [LI230609-0043-28] 2u (I21) 1301d | [LI230609-0043-33] 1u (I21) 1301d | [LI230614-0043-28] 1u (I22) 1293d | [LI230613-0054-33] 1u (I21) 1063d | [MV231611-0020-36] 1u (V22) 763d;[NV128325-0001-36] 30u (V23) 727d | [MV231601-0020-37] 3u (V22) 1075d | [MV231601-0020-36] 4u (V22) 1075d | [MV231601-0020-38] 1u (V22) 1075d | [MV231601-0020-41] 1u (V22) 1075d | [MV231601-0020-38] 1u (V22) 1075d | [MV231601-0020-37] 2u (V22) 1075d | [MV231601-0020-41] 2u (V22) 1075d | [MV231601-0020-36] 1u (V22) 1075d | [COSH200001-NAVY-25] 12u (I25) 522d
CLAGD/Stock/StorageGD/CLA-040-05-01-01;GOLD;I20+I17+I22+V22+V25+I25+V24;95;595.25;B+C+D;13;80;;[KI226831-0078-36] 2u (I20) 13d | [KV226811-0020-38] 1u (I17) 13d | [KI226826-0020-37] 2u (I20) 13d | [KI226831-0078-40] 2u (I20) 13d | [KI226831-0078-38] 3u (I20) 13d | [KI226831-0078-39] 3u (I20) 13d | [KI226826-0020-36] 2u (I20) 13d | [KI226831-0078-37] 3u (I20) 13d | [MV232106-0160-38] 5u (V22) 13d | [MV232104-0021-38] 1u (V22) 13d | [BJSH387001-BLAC-34] 2u (V25) 13d | [COSH113040-TAN-36] 1u (I25) 13d | [COSH113040-TAN-34] 1u (I25) 13d | [COSH113040-TAN-35] 1u (I25) 13d | [COSH113040-TAN-33] 1u (I25) 13d | [COSH113040-TAN-26] 1u (I25) 13d | [COSH113040-TAN-30] 1u (I25) 13d | [COSH113040-TAN-28] 1u (I25) 13d;[MI124905-0021-35] 2u (I22) 13d | [MI124905-0021-36] 1u (I22) 13d | [MV232105-0021-37] 1u (V22) 13d | [MV232105-0021-38] 1u (V22) 13d | [MV232106-0160-39] 1u (V22) 13d | [MV232106-0160-40] 1u (V22) 13d | [BWSH387004-MULT-38] 1u (V25) 13d | [COSH113040-TAN-32] 1u (I25) 13d | [COSH113040-TAN-31] 1u (I25) 13d | [COSH113040-TAN-25] 1u (I25) 13d | [COSH113040-TAN-29] 1u (I25) 13d | [COSH113040-TAN-27] 1u (I25) 13d | [LI231007-0020-36] 1u (I22) 13d | [LI231007-0020-37] 1u (I22) 13d | [LI228708-0020-37] 1u (I22) 13d | [LI231007-0020-40] 1u (I22) 13d | [COSH285040-MULT-32] 6u (V24) 13d | [COSH285040-MULT-30] 1u (V24) 13d | [COSH285040-MULT-33] 5u (V24) 13d | [LI230612-0053-30] 3u (I22) 13d | [LI230612-0053-29] 2u (I22) 13d | [LI230612-0053-33] 3u (I22) 13d | [LI230612-0053-31] 5u (I22) 13d | [LI230612-0053-28] 1u (I22) 13d | [LI230612-0053-32] 1u (I22) 13d;[MI124905-0021-34] 4u (I22) 13d | [MI124905-0021-33] 2u (I22) 13d | [MI124905-0021-32] 2u (I22) 13d | [MI124905-0021-31] 1u (I22) 13d | [BJSH387001-BLAC-37] 1u (V25) 13d | [BJSH387001-BLAC-35] 3u (V25) 13d | [BJSH387001-BLAC-36] 2u (V25) 13d | [BJSH387001-BLAC-40] 1u (V25) 13d | [BJSH387001-BLAC-39] 1u (V25) 13d | [BJSH387001-BLAC-38] 1u (V25) 13d
CLAGD/Stock/StorageGD/CLA-044-02-01-03;GENERIC;V23+V22+V25+I17;95;693.69;D+B+C;581;100;;[NV234402-0020-39] 2u (V23) 581d | [NV234402-0020-39] 2u (V23) 581d | [HI222003-0399-36] 1u (I17) 581d | [HI222003-0399-37] 2u (I17) 581d | [HI222003-0399-38] 3u (I17) 581d | [HI222003-0399-39] 3u (I17) 581d | [HI222003-0399-41] 1u (I17) 581d;[MV232310-0026-36] 2u (V22) 581d | [MV232310-0026-37] 2u (V22) 581d | [MV232310-0026-38] 2u (V22) 581d | [MV232310-0026-39] 2u (V22) 581d | [MV232310-0026-40] 1u (V22) 581d | [COSH264020-WHIT-27] 10u (V25) 301d;[NV234401-0020-36] 2u (V23) 581d | [NV234401-0020-37] 3u (V23) 581d | [NV234401-0020-38] 2u (V23) 581d | [NV234401-0020-39] 1u (V23) 581d | [NV234401-0020-40] 1u (V23) 581d | [NV234401-0020-36] 2u (V23) 581d | [NV234401-0020-37] 3u (V23) 581d | [NV234401-0020-38] 2u (V23) 581d | [NV234401-0020-39] 1u (V23) 581d | [NV234401-0020-40] 1u (V23) 581d | [NV234402-0207-36] 1u (V23) 581d | [NV234402-0207-37] 2u (V23) 581d | [NV234402-0207-38] 2u (V23) 581d | [NV234402-0207-39] 2u (V23) 581d | [NV234402-0207-40] 1u (V23) 581d | [NV234402-0207-41] 1u (V23) 581d | [NV234402-0207-36] 1u (V23) 581d | [NV234402-0207-37] 2u (V23) 581d | [NV234402-0207-38] 2u (V23) 581d | [NV234402-0207-39] 2u (V23) 581d | [NV234402-0207-40] 1u (V23) 581d | [NV234402-0207-41] 1u (V23) 581d | [NV234402-0020-36] 1u (V23) 581d | [NV234402-0020-37] 2u (V23) 581d | [NV234402-0020-38] 2u (V23) 581d | [NV234402-0020-40] 1u (V23) 581d | [NV234402-0020-41] 1u (V23) 581d | [NV234402-0020-36] 1u (V23) 581d | [NV234402-0020-37] 2u (V23) 581d | [NV234402-0020-38] 2u (V23) 581d | [NV234402-0020-40] 1u (V23) 581d | [NV234402-0020-41] 1u (V23) 581d | [COSH264013-MULT-29] 10u (V25) 301d | [HI222003-0399-40] 2u (I17) 581d
CLAGD/Stock/StorageGD/CLA-044-04-01-01;GENERIC;V22+I25+V25+V24;95;629.74;C+A+B+D;727;90;[BJSH542020-TAUP-40] 10u (I25) 158d | [BJSH542020-TAUP-39] 10u (I25) 158d | [BJSH542020-TAUP-38] 10u (I25) 158d | [COSH542020-TAN-23] 10u (I25) 297d;[MV232104-0021-38] 3u (V22) 297d | [MV232104-0021-39] 3u (V22) 297d | [MV232104-0021-37] 1u (V22) 62d | [BJSH387001-BLAC-34] 1u (V25) 329d;[MV231605-0001-39] 12u (V22) 727d | [MV231605-0001-40] 12u (V22) 727d | [BJSH355001-OFFW-34] 12u (V24) 622d;[BJSH387001-BLAC-32] 1u (V25) 329d | [BJSH387001-BLAC-33] 1u (V25) 329d | [BJSH387001-BLAC-35] 2u (V25) 329d | [BJSH387001-BLAC-36] 2u (V25) 329d | [BJSH387001-BLAC-37] 2u (V25) 329d | [BJSH387001-BLAC-38] 1u (V25) 329d | [BJSH387001-BLAC-39] 1u (V25) 329d | [BJSH387001-BLAC-40] 1u (V25) 329d
CLAGD/Stock/StorageGD/CLA-040-06-01-01;GOLD;V22+I25+V23+I24;94;478.12;C+B+D;1265;90;;[MV231601-0001-37] 3u (V22) 1252d | [MV231601-0001-37] 2u (V22) 1252d | [COSH542020-TAUP-26] 10u (I25) 434d | [COSH542020-TAUP-26] 10u (I25) 434d | [COSH200002-NAVY-28] 10u (I25) 222d | [BWSH368001-BLAC-36] 1u (I24) 384d | [BWSH368001-BLAC-37] 2u (I24) 384d | [BWSH368001-BLAC-38] 3u (I24) 384d | [BWSH368001-BLAC-39] 3u (I24) 384d | [BWSH368001-BLAC-40] 2u (I24) 384d | [BWSH368001-BLAC-41] 1u (I24) 384d;[MV231601-0001-38] 2u (V22) 1265d | [MV231601-0001-41] 2u (V22) 1265d | [MV231601-0001-36] 1u (V22) 1252d | [MV231601-0001-40] 1u (V22) 1265d | [MV231601-0001-41] 3u (V22) 1265d | [MV231601-0001-36] 2u (V22) 1252d | [MV231601-0001-38] 2u (V22) 1265d | [COSH542065-TAN-31] 10u (I25) 434d | [NV121504-0043-24] 1u (V23) 581d | [NV121504-0043-25] 1u (V23) 581d | [NV121504-0043-26] 1u (V23) 581d | [NV121504-0043-27] 1u (V23) 581d | [NV121504-0043-28] 1u (V23) 581d | [NV121504-0043-29] 2u (V23) 581d | [NV121504-0043-30] 1u (V23) 581d | [NV121504-0043-31] 1u (V23) 581d | [NV121504-0043-32] 1u (V23) 581d | [NV121504-0043-33] 1u (V23) 581d | [NV121504-0043-34] 1u (V23) 581d;[NV128333-0001-36] 12u (V23) 727d
CLAGD/Stock/StorageGD/CLA-042-05-02-03;GOLD;I25+I24+V24;94;227.74;A+C+B;566;90;[BJSH542020-NAVY-33] 10u (I25) 434d | [COSH542020-TAUP-25] 10u (I25) 434d | [COSH542020-TAUP-25] 10u (I25) 434d | [COSH542020-TAUP-25] 10u (I25) 434d;[COSH542020-TAUP-24] 10u (I25) 434d | [BJSH527060-OFFW-36] 2u (V24) 423d | [BJSH527060-OFFW-38] 1u (V24) 423d;[COSH283092-MULT-24] 10u (I24) 423d | [COSH283092-MULT-23] 10u (I24) 423d | [OSSH143073-BLUE-20] 1u (V24) 566d | [OSSH143073-BLUE-21] 1u (V24) 566d | [OSSH143073-BLUE-22] 2u (V24) 566d | [OSSH143073-BLUE-23] 2u (V24) 566d | [OSSH143073-BLUE-24] 2u (V24) 566d | [OSSH143073-BLUE-25] 2u (V24) 566d | [OSSH143073-BLUE-26] 2u (V24) 566d | [BJSH527060-OFFW-32] 1u (V24) 423d | [BJSH527060-OFFW-33] 1u (V24) 423d | [BJSH527060-OFFW-34] 1u (V24) 423d | [BJSH527060-OFFW-35] 2u (V24) 423d | [BJSH527060-OFFW-37] 2u (V24) 423d | [BJSH527060-OFFW-39] 1u (V24) 423d | [BJSH527060-OFFW-40] 1u (V24) 423d;
CLAGD/Stock/StorageGD/CLA-044-09-01-03;GOLD;I25+V23+V25;94;427.80;A+D+B;727;90;[BJSH542021-TAUP-38] 10u (I25) 209d | [BJSH542021-TAUP-38] 10u (I25) 209d | [BJSH542021-TAUP-38] 10u (I25) 209d | [BJSH542021-TAUP-38] 10u (I25) 209d | [BJSH542021-TAUP-38] 10u (I25) 209d | [BJSH542021-TAUP-37] 10u (I25) 209d | [COSH542020-TAUP-27] 10u (I25) 434d;[BJSH300113-MULT-35] 2u (V25) 301d;;[NV128317-0011-36] 12u (V23) 727d | [BJSH300113-MULT-33] 1u (V25) 301d | [BJSH300113-MULT-34] 2u (V25) 301d | [BJSH300113-MULT-36] 2u (V25) 301d | [BJSH300113-MULT-37] 2u (V25) 301d | [BJSH300113-MULT-38] 1u (V25) 301d | [BJSH300113-MULT-39] 1u (V25) 301d | [BJSH300113-MULT-40] 1u (V25) 301d
CLAGD/Stock/StorageGD/CLA-045-02-01-03;GOLD;V25+I25;94;60.10;B+D+A;418;90;[COSH542021-TAN-29] 10u (I25) 418d | [BJSH542020-NAVY-33] 10u (I25) 158d | [COSH542083-TAN-22] 10u (I25) 187d | [COSH542083-TAN-27] 10u (I25) 187d;[OSSH127011-WHIT-22] 1u (V25) 301d | [OSSH127011-WHIT-23] 2u (V25) 301d | [OSSH127011-WHIT-26] 2u (V25) 301d | [OSSH127011-WHIT-22] 1u (V25) 301d | [OSSH127011-WHIT-23] 2u (V25) 301d | [OSSH127011-WHIT-26] 2u (V25) 301d | [COSH224050-MULT-33] 10u (V25) 369d | [TESH500009-PINK-25] 10u (V25) 301d | [TESH500009-PINK-23] 10u (V25) 301d;;[OSSH127011-WHIT-24] 2u (V25) 301d | [OSSH127011-WHIT-25] 2u (V25) 301d | [OSSH127011-WHIT-27] 1u (V25) 301d | [OSSH127011-WHIT-28] 1u (V25) 301d | [OSSH127011-WHIT-29] 1u (V25) 301d | [OSSH127011-WHIT-24] 2u (V25) 301d | [OSSH127011-WHIT-25] 2u (V25) 301d | [OSSH127011-WHIT-27] 1u (V25) 301d | [OSSH127011-WHIT-28] 1u (V25) 301d | [OSSH127011-WHIT-29] 1u (V25) 301d
CLAGD/Stock/StorageGD/CLA-045-08-01-01;GOLD;V25+V24;94;673.20;C+B+D;343;80;;[COSH284070-NAVY-30] 2u (V25) 301d | [COSH284070-NAVY-31] 2u (V25) 301d | [COSH284070-NAVY-32] 1u (V25) 301d | [COSH284070-NAVY-33] 1u (V25) 301d | [COSH284070-NAVY-30] 2u (V25) 301d | [COSH284070-NAVY-31] 2u (V25) 301d | [COSH284070-NAVY-32] 1u (V25) 301d | [COSH284070-NAVY-33] 1u (V25) 301d | [COSH285049-WHIT-35] 1u (V24) 231d | [COSH285049-WHIT-34] 1u (V24) 231d | [COSH285049-WHIT-35] 1u (V24) 231d | [COSH285049-WHIT-34] 1u (V24) 231d | [COSH285049-WHIT-34] 1u (V24) 231d | [COSH285049-WHIT-35] 1u (V24) 231d | [COSH285049-WHIT-34] 1u (V24) 231d | [COSH285049-WHIT-35] 1u (V24) 231d;[COSH283083-NAVY-27] 1u (V25) 343d | [COSH283083-NAVY-28] 1u (V25) 343d | [COSH283083-NAVY-29] 2u (V25) 343d | [COSH283083-NAVY-30] 2u (V25) 343d | [COSH283083-NAVY-31] 2u (V25) 343d | [COSH283083-NAVY-32] 2u (V25) 343d | [COSH283083-NAVY-33] 1u (V25) 343d | [COSH283083-NAVY-34] 1u (V25) 343d | [COSH284070-NAVY-27] 1u (V25) 301d | [COSH284070-NAVY-28] 1u (V25) 301d | [COSH284070-NAVY-29] 1u (V25) 301d | [COSH284070-NAVY-34] 1u (V25) 301d | [COSH284070-NAVY-35] 1u (V25) 301d | [COSH284070-NAVY-36] 1u (V25) 301d | [COSH284070-NAVY-27] 1u (V25) 301d | [COSH284070-NAVY-28] 1u (V25) 301d | [COSH284070-NAVY-29] 1u (V25) 301d | [COSH284070-NAVY-34] 1u (V25) 301d | [COSH284070-NAVY-35] 1u (V25) 301d | [COSH284070-NAVY-36] 1u (V25) 301d | [COSH285049-WHIT-33] 1u (V24) 231d | [COSH285049-WHIT-32] 2u (V24) 231d | [COSH285049-WHIT-30] 2u (V24) 231d | [COSH285049-WHIT-31] 2u (V24) 231d | [COSH285049-WHIT-29] 1u (V24) 231d | [COSH285049-WHIT-28] 1u (V24) 231d | [COSH285049-WHIT-27] 1u (V24) 231d | [COSH285049-WHIT-33] 1u (V24) 231d | [COSH285049-WHIT-32] 2u (V24) 231d | [COSH285049-WHIT-30] 2u (V24) 231d | [COSH285049-WHIT-31] 2u (V24) 231d | [COSH285049-WHIT-29] 1u (V24) 231d | [COSH285049-WHIT-28] 1u (V24) 231d | [COSH285049-WHIT-27] 1u (V24) 231d | [COSH285049-WHIT-32] 2u (V24) 231d | [COSH285049-WHIT-33] 1u (V24) 231d | [COSH285049-WHIT-31] 2u (V24) 231d | [COSH285049-WHIT-30] 2u (V24) 231d | [COSH285049-WHIT-27] 1u (V24) 231d | [COSH285049-WHIT-28] 1u (V24) 231d | [COSH285049-WHIT-29] 1u (V24) 231d | [COSH285049-WHIT-32] 2u (V24) 231d | [COSH285049-WHIT-33] 1u (V24) 231d | [COSH285049-WHIT-31] 2u (V24) 231d | [COSH285049-WHIT-30] 2u (V24) 231d | [COSH285049-WHIT-27] 1u (V24) 231d | [COSH285049-WHIT-28] 1u (V24) 231d | [COSH285049-WHIT-29] 1u (V24) 231d;[COSH283106-WHIT-29] 10u (V25) 301d
CLAGD/Stock/StorageGD/CLA-045-05-01-02;GENERIC;V23+I25+I24+V25;92;363.48;D+B+C;581;80;;[NV128322-0020-27] 1u (V23) 581d | [NV128322-0020-30] 2u (V23) 581d | [NV128322-0020-34] 1u (V23) 581d | [NV128322-0020-35] 1u (V23) 581d | [NV128322-0020-36] 1u (V23) 581d | [NV128322-0020-27] 1u (V23) 581d | [NV128322-0020-30] 2u (V23) 581d | [NV128322-0020-34] 1u (V23) 581d | [NV128322-0020-35] 1u (V23) 581d | [NV128322-0020-36] 1u (V23) 581d | [NV128322-0020-27] 1u (V23) 581d | [NV128322-0020-30] 2u (V23) 581d | [NV128322-0020-34] 1u (V23) 581d | [NV128322-0020-35] 1u (V23) 581d | [NV128322-0020-36] 1u (V23) 581d | [NV128322-0020-27] 1u (V23) 581d | [NV128322-0020-30] 2u (V23) 581d | [NV128322-0020-34] 1u (V23) 581d | [NV128322-0020-35] 1u (V23) 581d | [NV128322-0020-36] 1u (V23) 581d | [COSH261030-PINK-25] 10u (I25) 172d | [COSH283092-MULT-29] 10u (I24) 515d | [BJSH377003-WHIT-34] 1u (V25) 272d | [BJSH377003-WHIT-38] 1u (V25) 272d | [BJSH377003-WHIT-39] 1u (V25) 272d;[NV128322-0020-28] 1u (V23) 581d | [NV128322-0020-28] 1u (V23) 581d | [NV128322-0020-28] 1u (V23) 581d | [NV128322-0020-28] 1u (V23) 581d;[NV551759-0040-28] 1u (V23) 581d | [NV551759-0040-29] 1u (V23) 581d | [NV551759-0040-30] 1u (V23) 581d | [NV551759-0040-31] 1u (V23) 581d | [NV551759-0040-32] 1u (V23) 581d | [NV551759-0040-33] 1u (V23) 581d | [NV551759-0040-34] 1u (V23) 581d | [NV551759-0040-35] 1u (V23) 581d | [NV551759-0040-36] 1u (V23) 581d | [NV551759-0040-37] 1u (V23) 581d | [NV551759-0040-38] 1u (V23) 581d | [NV551759-0040-39] 1u (V23) 581d | [NV128322-0020-29] 1u (V23) 581d | [NV128322-0020-31] 2u (V23) 581d | [NV128322-0020-32] 1u (V23) 581d | [NV128322-0020-33] 1u (V23) 581d | [NV128322-0020-29] 1u (V23) 581d | [NV128322-0020-31] 2u (V23) 581d | [NV128322-0020-32] 1u (V23) 581d | [NV128322-0020-33] 1u (V23) 581d | [NV128322-0020-29] 1u (V23) 581d | [NV128322-0020-31] 2u (V23) 581d | [NV128322-0020-32] 1u (V23) 581d | [NV128322-0020-33] 1u (V23) 581d | [NV128322-0020-29] 1u (V23) 581d | [NV128322-0020-31] 2u (V23) 581d | [NV128322-0020-32] 1u (V23) 581d | [NV128322-0020-33] 1u (V23) 581d | [BJSH377003-WHIT-32] 1u (V25) 272d | [BJSH377003-WHIT-33] 1u (V25) 272d | [BJSH377003-WHIT-35] 2u (V25) 272d | [BJSH377003-WHIT-36] 2u (V25) 272d | [BJSH377003-WHIT-37] 2u (V25) 272d | [BJSH377003-WHIT-40] 1u (V25) 272d
CLAGD/Stock/StorageGD/CLA-072-18-01-01;GOLD;I25+V24;92;469.68;A+B+C;724;90;[BJSH542083-BLAC-37] 10u (I25) 495d | [BJSH542020-TAUP-34] 10u (I25) 399d | [BJSH542020-TAUP-34] 10u (I25) 399d | [BJSH542020-TAN-35] 10u (I25) 724d | [BJSH542020-TAN-34] 10u (I25) 724d | [BJSH542020-TAN-34] 10u (I25) 724d | [BJSH542020-TAN-34] 10u (I25) 724d;[BJSH542083-BLAC-36] 10u (I25) 495d;[BJSH355001-OFFW-37] 12u (V24) 622d;
CLAGD/Stock/StorageGD/CLA-009-04-02-01;GOLD;I25;90;560.80;A;151;90;[BJSH543008-TAUP-38] 10u (I25) 151d | [BJSH543001-TAUP-39] 10u (I25) 151d | [BJSH543001-TAUP-39] 10u (I25) 151d | [BJSH543001-TAUP-39] 10u (I25) 151d | [BJSH543001-TAUP-38] 10u (I25) 151d | [BJSH543001-TAUP-38] 10u (I25) 151d | [BJSH543001-TAUP-38] 10u (I25) 151d | [BJSH543001-TAUP-38] 10u (I25) 151d | [BJSH543001-TAUP-37] 10u (I25) 151d;;;
CLAGD/Stock/StorageGD/CLAGD/Stock/EXTB2BGD/CLA-009-05-01-02;GOLD;I25;90;0.00;A+B;139;90;[COSH542065-TAUP-36] 10u (I25) 139d;[COSH542065-TAUP-34] 10u (I25) 139d | [COSH542065-TAUP-34] 10u (I25) 139d | [COSH542065-TAUP-33] 10u (I25) 139d | [COSH542065-TAUP-33] 10u (I25) 139d | [COSH542065-TAUP-31] 10u (I25) 139d | [COSH542065-TAUP-31] 10u (I25) 139d | [COSH542065-TAUP-27] 10u (I25) 139d | [COSH542065-TAUP-27] 10u (I25) 139d;;
CLAGD/Stock/StorageGD/CLAGD/Stock/StorageGD/CLA-009-08-01-03;GOLD;I25;90;0.00;B+C;95;90;;[BJSH402002-TAUP-36] 10u (I25) 95d | [BJSH402001-TAN-38] 10u (I25) 95d | [BJSH402001-TAN-37] 10u (I25) 95d | [BJSH402001-TAN-37] 10u (I25) 95d | [BJSH402001-TAN-35] 10u (I25) 95d | [BJSH402001-TAN-35] 10u (I25) 95d | [BJSH402001-TAN-35] 10u (I25) 95d | [BJSH402001-TAN-33] 10u (I25) 95d;[BJSH402001-TAN-36] 10u (I25) 95d;
CLAGD/Stock/StorageGD/CLAGD/Stock/StorageGD/CLA-009-08-02-02;GOLD;I25;90;250.40;B+A;139;90;[BJSH543008-TAUP-40] 10u (I25) 139d | [BJSH543008-TAUP-40] 10u (I25) 139d | [BJSH543008-TAUP-40] 10u (I25) 139d | [BJSH542020-TAN-39] 10u (I25) 139d | [BJSH542020-TAN-39] 10u (I25) 139d | [BJSH542020-NAVY-38] 10u (I25) 139d;[BJSH543008-TAUP-41] 10u (I25) 139d | [BJSH543008-TAUP-41] 10u (I25) 139d | [BJSH543001-TAUP-40] 10u (I25) 139d;;
CLAGD/Stock/StorageGD/CLA-031-08-03-01;GOLD;I25;90;0.00;C;158;90;;;[BJSH542096-TAN-39] 10u (I25) 158d | [BJSH542096-TAN-39] 10u (I25) 158d | [BJSH542096-BEIG-40] 10u (I25) 158d | [BJSH542096-BEIG-39] 10u (I25) 158d | [BJSH542096-BEIG-38] 10u (I25) 158d | [BJSH542096-BEIG-38] 10u (I25) 158d | [BJSH542096-BEIG-38] 10u (I25) 158d | [BJSH542096-BEIG-38] 10u (I25) 158d | [BJSH542096-BEIG-36] 10u (I25) 158d;
CLAGD/Stock/StorageGD/CLA-040-05-02-01;GOLD;I25;90;630.90;A+B;158;90;[BJSH543001-TAN-39] 10u (I25) 158d | [BJSH543001-TAN-37] 10u (I25) 158d | [BJSH543001-BLAC-39] 10u (I25) 158d | [BJSH543001-BLAC-38] 10u (I25) 158d;[BJSH543001-TAN-35] 10u (I25) 158d | [BJSH543001-TAN-33] 10u (I25) 158d | [BJSH543001-BLAC-35] 10u (I25) 158d | [BJSH543001-BLAC-35] 10u (I25) 158d | [BJSH543001-BLAC-35] 10u (I25) 158d;;
CLAGD/Stock/StorageGD/CLA-041-02-03-03;GOLD;I25;90;0.00;A;195;90;[COSH542021-TAUP-32] 10u (I25) 195d | [COSH542021-TAUP-31] 10u (I25) 195d | [COSH542021-TAUP-30] 10u (I25) 195d | [COSH542021-TAUP-29] 10u (I25) 195d | [COSH542021-TAUP-29] 10u (I25) 195d | [COSH542021-TAUP-28] 10u (I25) 195d | [COSH542021-TAUP-28] 10u (I25) 195d | [COSH542021-TAUP-28] 10u (I25) 195d | [COSH542021-TAUP-28] 10u (I25) 195d;;;
CLAGD/Stock/StorageGD/CLA-041-03-02-01;GOLD;I25;90;630.90;B+A;158;90;[BJSH543001-TAN-39] 10u (I25) 158d | [BJSH543001-TAN-39] 10u (I25) 158d | [BJSH543001-TAN-38] 10u (I25) 158d;[BJSH543001-TAN-40] 10u (I25) 158d | [BJSH543001-TAN-40] 10u (I25) 158d | [BJSH543001-TAN-34] 10u (I25) 158d | [BJSH543001-TAN-34] 10u (I25) 158d | [BJSH543001-TAN-33] 10u (I25) 158d | [BJSH543001-TAN-33] 10u (I25) 158d;;
CLAGD/Stock/StorageGD/CLA-041-04-02-01;GOLD;I25;90;630.90;B+A;158;90;[BJSH543001-TAN-37] 10u (I25) 158d | [BJSH543001-TAN-37] 10u (I25) 158d | [BJSH543001-TAN-37] 10u (I25) 158d | [BJSH543001-TAN-36] 10u (I25) 158d;[BJSH543001-TAN-40] 10u (I25) 158d | [BJSH543001-TAN-35] 10u (I25) 158d | [BJSH543001-TAN-35] 10u (I25) 158d | [BJSH543001-TAN-35] 10u (I25) 158d | [BJSH543001-TAN-34] 10u (I25) 158d;;
CLAGD/Stock/StorageGD/CLA-041-06-03-03;GOLD;I25;90;210.30;B+A;151;90;[BJSH543008-TAUP-38] 10u (I25) 151d | [BJSH543008-TAUP-38] 10u (I25) 151d | [BJSH543008-TAUP-38] 10u (I25) 151d | [BJSH543008-TAUP-38] 10u (I25) 151d | [BJSH543008-TAUP-36] 10u (I25) 151d | [BJSH543001-TAN-38] 10u (I25) 151d | [BJSH543001-TAN-37] 10u (I25) 151d | [BJSH543001-TAN-37] 10u (I25) 151d;[BJSH543008-TAUP-41] 10u (I25) 151d;;
CLAGD/Stock/StorageGD/CLA-041-09-03-02;GOLD;I25;90;0.00;A;434;90;[COSH542020-TAUP-31] 10u (I25) 434d | [COSH542020-TAUP-31] 10u (I25) 434d | [COSH542020-TAUP-31] 10u (I25) 434d | [COSH542020-TAUP-31] 10u (I25) 434d | [COSH542020-TAUP-31] 10u (I25) 434d | [COSH542020-TAUP-31] 10u (I25) 434d | [COSH542020-TAUP-31] 10u (I25) 434d | [COSH542020-TAUP-31] 10u (I25) 434d | [COSH542020-TAUP-31] 10u (I25) 434d;;;
CLAGD/Stock/StorageGD/CLA-042-03-02-01;GOLD;I25;90;0.00;B;452;90;;[COSH542020-BLAC-36] 10u (I25) 452d | [COSH542020-BLAC-36] 10u (I25) 452d | [COSH542020-BLAC-36] 10u (I25) 452d | [COSH542020-BLAC-36] 10u (I25) 452d | [COSH542020-BLAC-35] 10u (I25) 452d | [COSH542020-BLAC-35] 10u (I25) 452d | [COSH542020-BLAC-35] 10u (I25) 452d | [COSH542020-BLAC-35] 10u (I25) 452d | [COSH542020-BLAC-34] 10u (I25) 452d;;
CLAGD/Stock/StorageGD/CLA-042-04-02-01;GOLD;I25+I22+I24;90;528.50;A+B;727;90;[BJSH542020-TAUP-33] 10u (I25) 356d | [BJSH542020-TAUP-33] 10u (I25) 356d | [BJSH542020-TAUP-33] 10u (I25) 356d | [COSH542020-TAUP-36] 10u (I25) 434d | [MI111008-0011-27] 10u (I22) 727d | [BJSH542090-GOLD-38] 10u (I24) 356d;[MI111008-0011-24] 10u (I22) 727d | [BJSH542090-GOLD-39] 10u (I24) 356d | [BJSH542090-GOLD-36] 10u (I24) 356d;;
CLAGD/Stock/StorageGD/CLA-042-04-02-03;GOLD;I24+I25;90;0.00;B+A;452;90;[COSH542020-TAN-29] 10u (I25) 434d;[COSH542090-GOLD-32] 10u (I24) 434d | [COSH542090-GOLD-31] 10u (I24) 434d | [COSH542090-GOLD-30] 10u (I24) 434d | [COSH542090-GOLD-30] 10u (I24) 434d | [COSH542090-GOLD-29] 10u (I24) 434d | [COSH542090-GOLD-29] 10u (I24) 434d | [COSH542090-GOLD-27] 10u (I24) 434d | [COSH542020-BLAC-31] 10u (I25) 452d;;
CLAGD/Stock/StorageGD/CLA-042-06-02-03;GOLD;I25;90;550.80;A;209;90;[BJSH542021-BLAC-37] 10u (I25) 209d | [BJSH542021-BLAC-37] 10u (I25) 209d | [BJSH542021-BLAC-37] 10u (I25) 209d | [BJSH542021-BLAC-37] 10u (I25) 209d | [BJSH542021-BLAC-37] 10u (I25) 209d | [BJSH542021-BLAC-37] 10u (I25) 209d | [BJSH542021-BLAC-35] 10u (I25) 209d | [BJSH542021-BLAC-35] 10u (I25) 209d | [BJSH542021-BLAC-35] 10u (I25) 209d;;;
CLAGD/Stock/StorageGD/CLA-042-06-03-03;GOLD;I25;90;550.80;A;209;90;[BJSH542021-TAN-41] 10u (I25) 209d | [BJSH542021-TAN-41] 10u (I25) 209d | [BJSH542021-TAN-39] 10u (I25) 209d | [BJSH542021-TAN-39] 10u (I25) 209d | [BJSH542021-TAN-39] 10u (I25) 209d | [BJSH542021-TAN-39] 10u (I25) 209d | [BJSH542021-TAN-37] 10u (I25) 209d | [BJSH542021-TAN-37] 10u (I25) 209d | [BJSH542021-TAN-35] 10u (I25) 209d;;;
CLAGD/Stock/StorageGD/CLA-042-07-03-02;GOLD;I25;90;540.90;A;158;90;[BJSH542020-TAUP-40] 10u (I25) 158d | [BJSH542020-TAUP-35] 10u (I25) 158d | [BJSH542020-TAN-39] 10u (I25) 158d | [BJSH542020-TAN-39] 10u (I25) 158d | [BJSH542020-TAN-39] 10u (I25) 158d | [BJSH542020-TAN-38] 10u (I25) 158d | [BJSH542020-TAN-35] 10u (I25) 158d | [BJSH542020-TAN-35] 10u (I25) 158d | [BJSH542020-TAN-33] 10u (I25) 158d;;;
CLAGD/Stock/StorageGD/CLA-042-08-03-03;GOLD;I25;90;550.80;A;209;90;[BJSH542021-TAN-41] 10u (I25) 209d | [BJSH542021-TAN-40] 10u (I25) 209d | [BJSH542021-TAN-38] 10u (I25) 209d | [BJSH542021-TAN-38] 10u (I25) 209d | [BJSH542021-TAN-37] 10u (I25) 209d | [BJSH542021-TAN-37] 10u (I25) 209d | [BJSH542021-TAN-36] 10u (I25) 209d | [BJSH542021-TAN-36] 10u (I25) 209d | [BJSH542021-TAN-34] 10u (I25) 209d;;;
CLAGD/Stock/StorageGD/CLA-042-09-01-01;GOLD;I25;90;540.90;A;158;90;[BJSH542020-TAN-39] 10u (I25) 158d | [BJSH542020-TAN-38] 10u (I25) 158d | [BJSH542020-TAN-37] 10u (I25) 158d | [BJSH542020-TAN-37] 10u (I25) 158d | [BJSH542020-TAN-37] 10u (I25) 158d | [BJSH542020-TAN-37] 10u (I25) 158d | [BJSH542020-TAN-33] 10u (I25) 158d | [BJSH542020-BLAC-41] 10u (I25) 158d | [BJSH542020-BLAC-38] 10u (I25) 158d;;;
CLAGD/Stock/StorageGD/CLA-043-01-01-03;GOLD;I25;90;540.90;A+B;158;90;[BJSH542020-TAN-38] 10u (I25) 158d | [BJSH542020-TAN-37] 10u (I25) 158d | [BJSH542020-TAN-37] 10u (I25) 158d | [BJSH542020-NAVY-38] 10u (I25) 158d | [BJSH542020-BLAC-39] 10u (I25) 158d | [BJSH542020-BLAC-39] 10u (I25) 158d | [BJSH542020-BLAC-37] 10u (I25) 158d;[BJSH542020-NAVY-35] 10u (I25) 158d | [BJSH542020-NAVY-35] 10u (I25) 158d;;
CLAGD/Stock/StorageGD/CLA-043-02-01-02;GOLD;I25+I24;90;360.60;A+B+C;516;90;[BJSH542020-BLAC-34] 10u (I25) 446d | [BJSH542020-BLAC-34] 10u (I25) 446d | [BJSH542020-TAUP-41] 10u (I25) 347d | [BJSH542020-TAUP-40] 10u (I25) 158d | [BJSH542020-TAUP-39] 10u (I25) 158d | [BJSH542020-TAUP-36] 10u (I25) 158d;[COSH283094-GOLD-23] 10u (I24) 508d | [COSH283094-SILV-22] 10u (I24) 508d;[COSH283094-GOLD-25] 10u (I24) 516d;
CLAGD/Stock/StorageGD/CLA-043-02-01-03;GOLD;I25;90;0.00;A;187;90;[BJSH542083-TAUP-40] 10u (I25) 187d | [BJSH542083-TAUP-38] 10u (I25) 187d | [BJSH542083-TAUP-38] 10u (I25) 187d | [BJSH542083-TAUP-37] 10u (I25) 187d | [BJSH542083-TAUP-37] 10u (I25) 187d | [BJSH542083-TAUP-37] 10u (I25) 187d | [BJSH542083-TAUP-34] 10u (I25) 187d | [BJSH542083-TAN-39] 10u (I25) 187d | [BJSH542083-TAN-37] 10u (I25) 187d;;;
CLAGD/Stock/StorageGD/CLA-043-03-02-02;GOLD;I25;90;540.90;A;158;90;[BJSH542020-TAN-35] 10u (I25) 158d | [BJSH542020-TAN-35] 10u (I25) 158d | [BJSH542020-TAN-35] 10u (I25) 158d | [BJSH542020-TAN-35] 10u (I25) 158d | [BJSH542020-TAN-35] 10u (I25) 158d | [BJSH542020-BLAC-40] 10u (I25) 158d | [BJSH542020-BLAC-40] 10u (I25) 158d | [BJSH542020-BLAC-39] 10u (I25) 158d | [BJSH542020-BLAC-39] 10u (I25) 158d;;;
CLAGD/Stock/StorageGD/CLA-043-08-01-03;GOLD;I25;90;540.90;A;158;90;[BJSH542020-TAUP-34] 10u (I25) 158d | [BJSH542020-TAUP-33] 10u (I25) 158d | [BJSH542020-TAN-38] 10u (I25) 158d | [BJSH542020-TAN-38] 10u (I25) 158d | [BJSH542020-TAN-38] 10u (I25) 158d | [BJSH542020-TAN-37] 10u (I25) 158d | [BJSH542020-TAN-36] 10u (I25) 158d | [BJSH542020-TAN-36] 10u (I25) 158d | [BJSH542020-TAN-36] 10u (I25) 158d;;;
CLAGD/Stock/StorageGD/CLA-043-09-01-01;GOLD;I25;90;540.90;A;158;90;[BJSH542020-TAN-38] 10u (I25) 158d | [BJSH542020-TAN-38] 10u (I25) 158d | [BJSH542020-TAN-37] 10u (I25) 158d | [BJSH542020-TAN-37] 10u (I25) 158d | [BJSH542020-TAN-37] 10u (I25) 158d | [BJSH542020-TAN-37] 10u (I25) 158d | [BJSH542020-TAN-37] 10u (I25) 158d | [BJSH542020-TAN-35] 10u (I25) 158d | [BJSH542020-TAN-34] 10u (I25) 158d;;;
CLAGD/Stock/StorageGD/CLA-043-09-01-02;GOLD;I25;90;480.80;A;195;90;[BJSH542020-TAUP-40] 10u (I25) 158d | [BJSH542020-TAUP-40] 10u (I25) 158d | [BJSH542020-TAUP-40] 10u (I25) 158d | [BJSH542020-TAUP-39] 10u (I25) 158d | [BJSH542020-TAUP-33] 10u (I25) 158d | [BJSH542020-TAN-38] 10u (I25) 158d | [BJSH542020-TAN-38] 10u (I25) 158d | [BJSH542020-TAN-38] 10u (I25) 158d | [COSH542021-NAVY-33] 10u (I25) 195d;;;
CLAGD/Stock/StorageGD/CLA-044-01-02-01;GOLD;I25;90;550.80;A;209;90;[BJSH542021-BLAC-41] 10u (I25) 209d | [BJSH542021-BLAC-41] 10u (I25) 209d | [BJSH542021-BLAC-41] 10u (I25) 209d | [BJSH542021-BLAC-41] 10u (I25) 209d | [BJSH542021-BLAC-39] 10u (I25) 209d | [BJSH542021-BLAC-39] 10u (I25) 209d | [BJSH542021-BLAC-38] 10u (I25) 209d | [BJSH542021-BLAC-37] 10u (I25) 209d | [BJSH542021-BLAC-36] 10u (I25) 209d;;;
CLAGD/Stock/StorageGD/CLA-044-05-03-02;GOLD;I25;90;540.90;A;158;90;[BJSH542020-BLAC-38] 10u (I25) 158d | [BJSH542020-BLAC-38] 10u (I25) 158d | [BJSH542020-BLAC-38] 10u (I25) 158d | [BJSH542020-BLAC-38] 10u (I25) 158d | [BJSH542020-BLAC-37] 10u (I25) 158d | [BJSH542020-BLAC-37] 10u (I25) 158d | [BJSH542020-BLAC-37] 10u (I25) 158d | [BJSH542020-BLAC-33] 10u (I25) 158d | [BJSH542020-BLAC-33] 10u (I25) 158d;;;
CLAGD/Stock/StorageGD/CLA-044-06-01-02;GOLD;I25;90;540.90;A;158;90;[BJSH542020-BLAC-39] 10u (I25) 158d | [BJSH542020-BLAC-39] 10u (I25) 158d | [BJSH542020-BLAC-39] 10u (I25) 158d | [BJSH542020-BLAC-38] 10u (I25) 158d | [BJSH542020-BLAC-38] 10u (I25) 158d | [BJSH542020-BLAC-36] 10u (I25) 158d | [BJSH542020-BLAC-35] 10u (I25) 158d | [BJSH542020-BLAC-34] 10u (I25) 158d | [BJSH542020-BLAC-33] 10u (I25) 158d;;;
CLAGD/Stock/StorageGD/CLA-044-06-02-02;GOLD;I25;90;0.00;A;158;90;[BJSH543008-TAN-39] 10u (I25) 158d | [BJSH543008-TAN-39] 10u (I25) 158d | [BJSH543008-TAN-38] 10u (I25) 158d | [BJSH543008-TAN-37] 10u (I25) 158d | [BJSH543008-TAN-36] 10u (I25) 158d | [BJSH543008-TAN-36] 10u (I25) 158d | [BJSH543008-TAN-35] 10u (I25) 158d | [BJSH543008-TAN-35] 10u (I25) 158d | [BJSH543008-TAN-33] 10u (I25) 158d;;;
CLAGD/Stock/StorageGD/CLA-044-08-01-02;GOLD;I25;90;550.80;A;209;90;[BJSH542021-TAUP-38] 10u (I25) 209d | [BJSH542021-TAUP-37] 10u (I25) 209d | [BJSH542021-TAUP-37] 10u (I25) 209d | [BJSH542021-TAUP-37] 10u (I25) 209d | [BJSH542021-TAUP-35] 10u (I25) 209d | [BJSH542021-TAUP-35] 10u (I25) 209d | [BJSH542021-TAUP-34] 10u (I25) 209d | [BJSH542021-TAUP-34] 10u (I25) 209d | [BJSH542021-TAUP-33] 10u (I25) 209d;;;
CLAGD/Stock/StorageGD/CLA-045-01-02-02;GOLD;I25;90;550.80;A;209;90;[BJSH542021-TAUP-38] 10u (I25) 209d | [BJSH542021-TAUP-38] 10u (I25) 209d | [BJSH542021-TAUP-37] 10u (I25) 209d | [BJSH542021-TAUP-37] 10u (I25) 209d | [BJSH542021-TAUP-37] 10u (I25) 209d | [BJSH542021-TAUP-37] 10u (I25) 209d | [BJSH542021-TAUP-37] 10u (I25) 209d | [BJSH542021-TAUP-37] 10u (I25) 209d | [BJSH542021-TAUP-33] 10u (I25) 209d;;;
CLAGD/Stock/StorageGD/CLA-045-03-02-03;GOLD;I25;90;550.80;A;209;90;[BJSH542021-TAUP-38] 10u (I25) 209d | [BJSH542021-TAUP-38] 10u (I25) 209d | [BJSH542021-TAUP-36] 10u (I25) 209d | [BJSH542021-TAUP-36] 10u (I25) 209d | [BJSH542021-TAUP-36] 10u (I25) 209d | [BJSH542021-TAUP-34] 10u (I25) 209d | [BJSH542021-TAUP-34] 10u (I25) 209d | [BJSH542021-TAUP-33] 10u (I25) 209d | [BJSH542021-TAUP-33] 10u (I25) 209d;;;
CLAGD/Stock/StorageGD/CLA-045-04-02-02;GOLD;I25;90;630.90;B+A;158;90;[BJSH543001-BLAC-39] 10u (I25) 158d | [BJSH543001-BLAC-38] 10u (I25) 158d | [BJSH543001-BLAC-37] 10u (I25) 158d;[BJSH543001-TAN-40] 10u (I25) 158d | [BJSH543001-TAN-40] 10u (I25) 158d | [BJSH543001-TAN-40] 10u (I25) 158d | [BJSH543001-TAN-40] 10u (I25) 158d | [BJSH543001-TAN-35] 10u (I25) 158d | [BJSH543001-BLAC-33] 10u (I25) 158d;;
CLAGD/Stock/StorageGD/CLA-045-05-01-01;GOLD;I25;90;540.90;A;158;90;[BJSH542020-TAUP-41] 10u (I25) 158d | [BJSH542020-TAUP-40] 10u (I25) 158d | [BJSH542020-TAUP-40] 10u (I25) 158d | [BJSH542020-TAUP-40] 10u (I25) 158d | [BJSH542020-TAUP-39] 10u (I25) 158d | [BJSH542020-TAUP-39] 10u (I25) 158d | [BJSH542020-TAUP-38] 10u (I25) 158d | [BJSH542020-TAUP-38] 10u (I25) 158d | [BJSH542020-TAUP-38] 10u (I25) 158d;;;
CLAGD/Stock/StorageGD/CLA-045-05-02-02;GOLD;I25;90;540.90;A;158;90;[BJSH542020-BLAC-41] 10u (I25) 158d | [BJSH542020-BLAC-40] 10u (I25) 158d | [BJSH542020-BLAC-38] 10u (I25) 158d | [BJSH542020-BLAC-38] 10u (I25) 158d | [BJSH542020-BLAC-37] 10u (I25) 158d | [BJSH542020-BLAC-35] 10u (I25) 158d | [BJSH542020-BLAC-34] 10u (I25) 158d | [BJSH542020-BLAC-34] 10u (I25) 158d | [BJSH542020-BLAC-33] 10u (I25) 158d;;;
CLAGD/Stock/StorageGD/CLA-045-05-03-02;GOLD;I25;90;540.90;A;158;90;[BJSH542020-BLAC-40] 10u (I25) 158d | [BJSH542020-BLAC-39] 10u (I25) 158d | [BJSH542020-BLAC-39] 10u (I25) 158d | [BJSH542020-BLAC-38] 10u (I25) 158d | [BJSH542020-BLAC-37] 10u (I25) 158d | [BJSH542020-BLAC-37] 10u (I25) 158d | [BJSH542020-BLAC-37] 10u (I25) 158d | [BJSH542020-BLAC-37] 10u (I25) 158d | [BJSH542020-BLAC-36] 10u (I25) 158d;;;
CLAGD/Stock/StorageGD/CLA-045-06-03-02;GOLD;I25;90;540.90;A;158;80;[BJSH542020-TAN-38] 20u (I25) 158d | [BJSH542020-TAN-38] 10u (I25) 158d | [BJSH542020-TAN-38] 10u (I25) 158d | [BJSH542020-TAN-36] 10u (I25) 158d | [BJSH542020-TAN-36] 10u (I25) 158d | [BJSH542020-TAN-36] 10u (I25) 158d | [BJSH542020-TAN-34] 10u (I25) 158d | [BJSH542020-TAN-33] 10u (I25) 158d;;;
CLAGD/Stock/StorageGD/CLA-045-07-02-02;GOLD;I25;90;61.20;B;175;90;;[BJSH542021-NAVY-41] 10u (I25) 175d | [BJSH542021-BEIG-41] 10u (I25) 175d | [BJSH542021-BEIG-38] 10u (I25) 175d | [BJSH542021-BEIG-38] 10u (I25) 175d | [BJSH542021-BEIG-37] 10u (I25) 175d | [BJSH542021-BEIG-37] 10u (I25) 175d | [BJSH542021-BEIG-36] 10u (I25) 175d | [BJSH542021-BEIG-35] 10u (I25) 175d | [BJSH542021-BEIG-33] 10u (I25) 175d;;
CLAGD/Stock/StorageGD/CLA-046-08-02-03;GOLD;I25;90;564.00;A+B;202;90;[BJSH543002-TAN-37] 10u (I25) 202d | [BJSH542021-NAVY-40] 10u (I25) 202d | [BJSH542021-NAVY-40] 10u (I25) 202d | [BJSH542021-NAVY-39] 10u (I25) 202d | [BJSH542021-NAVY-38] 10u (I25) 202d | [BJSH542021-NAVY-38] 10u (I25) 202d | [BJSH542021-NAVY-34] 10u (I25) 202d;[BJSH542021-NAVY-41] 10u (I25) 202d | [BJSH542021-NAVY-41] 10u (I25) 202d;;
CLAGD/Stock/StorageGD/CLA-047-02-02-03;GOLD;I25;90;540.90;A;187;90;[BJSH542020-TAN-40] 10u (I25) 187d | [BJSH542020-TAN-40] 10u (I25) 187d | [BJSH542020-TAN-40] 10u (I25) 187d | [BJSH542020-TAN-39] 10u (I25) 187d | [BJSH542020-TAN-39] 10u (I25) 187d | [BJSH542020-TAN-38] 10u (I25) 187d | [BJSH542020-TAN-38] 10u (I25) 187d | [BJSH542020-TAN-38] 10u (I25) 187d | [BJSH542020-TAN-38] 10u (I25) 187d;;;
CLAGD/Stock/StorageGD/CLA-047-03-02-03;GOLD;I25;90;540.90;A;187;90;[BJSH542020-TAN-39] 10u (I25) 187d | [BJSH542020-TAN-39] 10u (I25) 187d | [BJSH542020-TAN-39] 10u (I25) 187d | [BJSH542020-TAN-39] 10u (I25) 187d | [BJSH542020-TAN-39] 10u (I25) 187d | [BJSH542020-TAN-39] 10u (I25) 187d | [BJSH542020-TAN-39] 10u (I25) 187d | [BJSH542020-TAN-37] 10u (I25) 187d | [BJSH542020-TAN-35] 10u (I25) 187d;;;
CLAGD/Stock/StorageGD/CLA-047-04-02-01;GOLD;I25;90;0.00;B+C;172;90;;[COSH248002-PINK-30] 10u (I25) 172d | [COSH248002-PINK-30] 10u (I25) 172d | [COSH248002-PINK-29] 10u (I25) 172d | [COSH248002-PINK-29] 10u (I25) 172d | [COSH248002-PINK-29] 10u (I25) 172d | [COSH248002-PINK-28] 10u (I25) 172d | [COSH248002-PINK-28] 10u (I25) 172d | [COSH248002-PINK-28] 10u (I25) 172d;[COSH248002-PINK-31] 10u (I25) 172d;
CLAGD/Stock/StorageGD/CLA-047-05-03-01;GOLD;I25;90;540.90;A+B;187;90;[BJSH542020-NAVY-41] 10u (I25) 187d | [BJSH542020-NAVY-39] 10u (I25) 187d | [BJSH542020-NAVY-38] 10u (I25) 187d | [BJSH542020-NAVY-38] 10u (I25) 187d | [BJSH542020-NAVY-37] 10u (I25) 187d | [BJSH542020-NAVY-37] 10u (I25) 187d | [BJSH542020-NAVY-37] 10u (I25) 187d | [BJSH542020-NAVY-36] 10u (I25) 187d;[BJSH542020-NAVY-40] 10u (I25) 187d;;
CLAGD/Stock/StorageGD/CLA-047-05-03-03;GOLD;I25;90;540.90;A+B;187;90;[BJSH542020-NAVY-41] 10u (I25) 187d | [BJSH542020-NAVY-39] 10u (I25) 187d | [BJSH542020-NAVY-39] 10u (I25) 187d | [BJSH542020-NAVY-39] 10u (I25) 187d | [BJSH542020-NAVY-38] 10u (I25) 187d | [BJSH542020-NAVY-38] 10u (I25) 187d | [BJSH542020-NAVY-37] 10u (I25) 187d | [BJSH542020-NAVY-36] 10u (I25) 187d;[BJSH542020-NAVY-40] 10u (I25) 187d;;
CLAGD/Stock/StorageGD/CLA-047-06-03-02;GOLD;I25;90;540.90;A;187;90;[BJSH542020-TAN-39] 10u (I25) 187d | [BJSH542020-TAN-39] 10u (I25) 187d | [BJSH542020-TAN-39] 10u (I25) 187d | [BJSH542020-TAN-39] 10u (I25) 187d | [BJSH542020-TAN-39] 10u (I25) 187d | [BJSH542020-TAN-39] 10u (I25) 187d | [BJSH542020-TAN-39] 10u (I25) 187d | [BJSH542020-TAN-39] 10u (I25) 187d | [BJSH542020-TAN-39] 10u (I25) 187d;;;
CLAGD/Stock/StorageGD/CLA-047-07-03-02;GOLD;I25;90;540.90;A;187;90;[BJSH542020-TAN-41] 10u (I25) 187d | [BJSH542020-TAN-40] 10u (I25) 187d | [BJSH542020-TAN-40] 10u (I25) 187d | [BJSH542020-TAN-40] 10u (I25) 187d | [BJSH542020-TAN-40] 10u (I25) 187d | [BJSH542020-TAN-40] 10u (I25) 187d | [BJSH542020-TAN-39] 10u (I25) 187d | [BJSH542020-TAN-39] 10u (I25) 187d | [BJSH542020-TAN-38] 10u (I25) 187d;;;
CLAGD/Stock/StorageGD/CLA-072-14-03-02;GOLD;I25;90;420.60;B+A;151;90;[BJSH543008-BLAC-35] 10u (I25) 151d | [BJSH543008-BLAC-35] 10u (I25) 151d | [BJSH543001-TAUP-38] 10u (I25) 151d | [BJSH543001-TAUP-37] 10u (I25) 151d | [BJSH543001-TAUP-36] 10u (I25) 151d;[BJSH543008-BLAC-36] 10u (I25) 151d | [BJSH543001-TAUP-41] 10u (I25) 151d | [BJSH543001-TAUP-35] 10u (I25) 151d | [BJSH543001-TAUP-33] 10u (I25) 151d;;
CLAGD/Stock/StorageGD/CLA-072-19-02-01;GOLD;I25;90;580.90;A+B;385;90;[BJSH542020-TAUP-33] 10u (I25) 384d | [BJSH542020-TAUP-35] 10u (I25) 384d | [BJSH542020-TAUP-35] 10u (I25) 384d | [BJSH542020-TAUP-35] 10u (I25) 384d | [BJSH542020-TAUP-35] 10u (I25) 384d;[BJSH543001-TAUP-35] 10u (I25) 385d | [BJSH543001-TAUP-33] 10u (I25) 385d | [BJSH543001-TAUP-33] 10u (I25) 385d | [BJSH543001-TAUP-33] 10u (I25) 385d;;
CLAGD/Stock/StorageGD/CLA-072-19-03-02;GOLD;I25;90;540.90;A;158;90;[BJSH542020-TAUP-40] 10u (I25) 158d | [BJSH542020-TAUP-38] 10u (I25) 158d | [BJSH542020-TAUP-38] 10u (I25) 158d | [BJSH542020-TAUP-38] 10u (I25) 158d | [BJSH542020-TAUP-38] 10u (I25) 158d | [BJSH542020-TAUP-38] 10u (I25) 158d | [BJSH542020-TAUP-37] 10u (I25) 158d | [BJSH542020-TAUP-37] 10u (I25) 158d | [BJSH542020-TAUP-36] 10u (I25) 158d;;;
CLAGD/Stock/StorageGD/CLA-042-07-01-03;GENERIC;V23+I25;89;302.43;D+A+B;727;90;[COSH542083-TAUP-28] 10u (I25) 187d | [BJSH542020-BLAC-35] 10u (I25) 446d | [BJSH542020-TAUP-36] 10u (I25) 397d | [COSH542020-TAUP-30] 10u (I25) 434d | [COSH542020-NAVY-35] 10u (I25) 434d | [COSH542020-NAVY-26] 10u (I25) 434d;[BJSH542020-NAVY-25] 10u (I25) 727d | [BJSH542021-NAVY-23] 10u (I25) 727d;;[NV230069-0160-36] 1u (V23) 581d | [NV230069-0160-37] 2u (V23) 581d | [NV230069-0160-38] 2u (V23) 581d | [NV230069-0160-39] 2u (V23) 581d | [NV230069-0160-40] 1u (V23) 581d | [NV230069-0160-41] 1u (V23) 581d
CLAGD/Stock/StorageGD/CLA-045-07-02-01;GOLD;V25;89;0.00;D+B;329;80;;[COSH319001-PINK-31] 11u (V25) 329d | [COSH319001-PINK-28] 12u (V25) 329d | [COSH319001-PINK-28] 12u (V25) 329d;;[COSH319001-WHIT-29] 6u (V25) 329d | [COSH319001-WHIT-29] 12u (V25) 329d | [COSH319001-WHIT-28] 12u (V25) 329d | [COSH319001-WHIT-28] 12u (V25) 329d | [COSH319001-PINK-29] 12u (V25) 329d
CLAGD/Stock/StorageGD/CLA-040-02-01-02;GENERIC;I20;87;826.50;B;1321;100;;[KI229004-0022-36] 1u (I20) 581d | [KI229004-0022-37] 2u (I20) 581d | [KI229004-0022-38] 2u (I20) 581d | [KI229004-0022-39] 2u (I20) 581d | [KI229004-0022-40] 1u (I20) 581d | [KI229004-0022-41] 1u (I20) 581d | [KI229004-0022-36] 1u (I20) 581d | [KI229004-0022-37] 2u (I20) 581d | [KI229004-0022-38] 2u (I20) 581d | [KI229004-0022-39] 2u (I20) 581d | [KI229004-0022-40] 1u (I20) 581d | [KI229004-0022-41] 1u (I20) 581d | [KI229004-0020-36] 1u (I20) 581d | [KI229004-0020-37] 2u (I20) 581d | [KI229004-0020-38] 2u (I20) 581d | [KI229004-0020-39] 2u (I20) 581d | [KI229004-0020-40] 1u (I20) 581d | [KI229004-0020-41] 1u (I20) 581d | [KI229004-0022-36] 1u (I20) 581d | [KI229004-0022-37] 2u (I20) 581d | [KI229004-0022-38] 2u (I20) 581d | [KI229004-0022-39] 2u (I20) 581d | [KI229004-0022-40] 1u (I20) 581d | [KI229004-0022-41] 1u (I20) 581d | [KI229004-0022-36] 1u (I20) 581d | [KI229004-0022-37] 2u (I20) 581d | [KI229004-0022-38] 2u (I20) 581d | [KI229004-0022-39] 2u (I20) 581d | [KI229004-0022-40] 1u (I20) 581d | [KI229004-0022-41] 1u (I20) 581d | [KI229004-0022-36] 1u (I20) 363d | [KI229004-0022-37] 2u (I20) 363d | [KI229004-0022-38] 2u (I20) 363d | [KI229004-0022-39] 2u (I20) 363d | [KI229004-0022-40] 1u (I20) 363d | [KI229004-0022-41] 1u (I20) 363d | [KI229004-0020-36] 1u (I20) 581d | [KI229004-0020-37] 2u (I20) 581d | [KI229004-0020-38] 2u (I20) 581d | [KI229004-0020-39] 2u (I20) 581d | [KI229004-0020-40] 1u (I20) 581d | [KI229004-0020-41] 1u (I20) 581d | [KI229004-0020-36] 1u (I20) 363d | [KI229004-0020-37] 2u (I20) 363d | [KI229004-0020-38] 2u (I20) 363d | [KI229004-0020-39] 2u (I20) 363d | [KI229004-0020-40] 1u (I20) 363d | [KI229004-0020-41] 1u (I20) 363d | [KI229004-0020-36] 1u (I20) 581d | [KI229004-0020-37] 2u (I20) 581d | [KI229004-0020-38] 2u (I20) 581d | [KI229004-0020-39] 2u (I20) 581d | [KI229004-0020-40] 1u (I20) 581d | [KI229004-0020-41] 1u (I20) 581d | [KI229004-0022-38] 3u (I20) 917d | [KI229004-0022-37] 2u (I20) 1321d | [KI229004-0022-36] 1u (I20) 917d;;
CLAGD/Stock/StorageGD/CLA-045-09-01-03;GOLD;V25+V24+I25;86;635.92;C+B+A;343;80;[BJSH542020-TAN-40] 10u (I25) 139d;[OSSH141082-NAVY-24] 2u (V25) 343d | [COSH285049-WHIT-34] 1u (V24) 231d | [COSH285049-WHIT-35] 1u (V24) 231d | [COSH285049-WHIT-34] 1u (V24) 231d | [COSH285049-WHIT-35] 1u (V24) 231d | [COSH285049-WHIT-35] 1u (V24) 231d | [COSH285049-WHIT-34] 1u (V24) 231d | [COSH285049-WHIT-34] 1u (V24) 231d | [COSH285049-WHIT-35] 1u (V24) 231d | [COSH285049-WHIT-35] 1u (V24) 231d | [COSH285049-WHIT-34] 1u (V24) 231d | [COSH261029-NAVY-27] 4u (V25) 329d;[OSSH141082-NAVY-22] 1u (V25) 343d | [OSSH141082-NAVY-23] 2u (V25) 343d | [OSSH141082-NAVY-25] 2u (V25) 343d | [OSSH141082-NAVY-26] 2u (V25) 343d | [OSSH141082-NAVY-27] 1u (V25) 343d | [OSSH141082-NAVY-28] 1u (V25) 343d | [OSSH141082-NAVY-29] 1u (V25) 343d | [COSH285049-WHIT-32] 2u (V24) 231d | [COSH285049-WHIT-33] 1u (V24) 231d | [COSH285049-WHIT-31] 2u (V24) 231d | [COSH285049-WHIT-30] 2u (V24) 231d | [COSH285049-WHIT-27] 1u (V24) 231d | [COSH285049-WHIT-28] 1u (V24) 231d | [COSH285049-WHIT-29] 1u (V24) 231d | [COSH285049-WHIT-32] 2u (V24) 231d | [COSH285049-WHIT-33] 1u (V24) 231d | [COSH285049-WHIT-31] 2u (V24) 231d | [COSH285049-WHIT-30] 2u (V24) 231d | [COSH285049-WHIT-27] 1u (V24) 231d | [COSH285049-WHIT-28] 1u (V24) 231d | [COSH285049-WHIT-29] 1u (V24) 231d | [COSH285049-WHIT-30] 2u (V24) 231d | [COSH285049-WHIT-29] 1u (V24) 231d | [COSH285049-WHIT-28] 1u (V24) 231d | [COSH285049-WHIT-27] 1u (V24) 231d | [COSH285049-WHIT-31] 2u (V24) 231d | [COSH285049-WHIT-32] 2u (V24) 231d | [COSH285049-WHIT-33] 1u (V24) 231d | [COSH285049-WHIT-33] 1u (V24) 231d | [COSH285049-WHIT-32] 2u (V24) 231d | [COSH285049-WHIT-30] 2u (V24) 231d | [COSH285049-WHIT-31] 2u (V24) 231d | [COSH285049-WHIT-29] 1u (V24) 231d | [COSH285049-WHIT-28] 1u (V24) 231d | [COSH285049-WHIT-27] 1u (V24) 231d | [COSH285049-WHIT-33] 1u (V24) 231d | [COSH285049-WHIT-32] 2u (V24) 231d | [COSH285049-WHIT-30] 2u (V24) 231d | [COSH285049-WHIT-31] 2u (V24) 231d | [COSH285049-WHIT-29] 1u (V24) 231d | [COSH285049-WHIT-28] 1u (V24) 231d | [COSH285049-WHIT-27] 1u (V24) 231d;
CLAGD/Stock/StorageGD/CLA-031-13-02-03;GOLD;I25;84;0.00;B+C;144;70;;[TESH516004-PINK-20] 2u (I25) 144d | [TESH516004-PINK-20] 2u (I25) 144d | [TESH516004-PINK-20] 2u (I25) 144d | [TESH516004-PINK-20] 2u (I25) 144d | [TESH516004-PINK-20] 2u (I25) 144d | [TESH516004-PINK-20] 2u (I25) 144d | [TESH516004-PINK-20] 2u (I25) 144d;[TESH516004-PINK-21] 2u (I25) 144d | [TESH516004-PINK-22] 2u (I25) 144d | [TESH516004-PINK-23] 2u (I25) 144d | [TESH516004-PINK-24] 2u (I25) 144d | [TESH516004-PINK-25] 2u (I25) 144d | [TESH516004-PINK-21] 2u (I25) 144d | [TESH516004-PINK-22] 2u (I25) 144d | [TESH516004-PINK-23] 2u (I25) 144d | [TESH516004-PINK-24] 2u (I25) 144d | [TESH516004-PINK-25] 2u (I25) 144d | [TESH516004-PINK-21] 2u (I25) 144d | [TESH516004-PINK-22] 2u (I25) 144d | [TESH516004-PINK-23] 2u (I25) 144d | [TESH516004-PINK-24] 2u (I25) 144d | [TESH516004-PINK-25] 2u (I25) 144d | [TESH516004-PINK-21] 2u (I25) 144d | [TESH516004-PINK-22] 2u (I25) 144d | [TESH516004-PINK-23] 2u (I25) 144d | [TESH516004-PINK-24] 2u (I25) 144d | [TESH516004-PINK-25] 2u (I25) 144d | [TESH516004-PINK-21] 2u (I25) 144d | [TESH516004-PINK-22] 2u (I25) 144d | [TESH516004-PINK-23] 2u (I25) 144d | [TESH516004-PINK-24] 2u (I25) 144d | [TESH516004-PINK-25] 2u (I25) 144d | [TESH516004-PINK-21] 2u (I25) 144d | [TESH516004-PINK-22] 2u (I25) 144d | [TESH516004-PINK-23] 2u (I25) 144d | [TESH516004-PINK-24] 2u (I25) 144d | [TESH516004-PINK-25] 2u (I25) 144d | [TESH516004-PINK-21] 2u (I25) 144d | [TESH516004-PINK-22] 2u (I25) 144d | [TESH516004-PINK-23] 2u (I25) 144d | [TESH516004-PINK-24] 2u (I25) 144d | [TESH516004-PINK-25] 2u (I25) 144d;
CLAGD/Stock/StorageGD/CLA-040-08-02-03;GENERIC;V22;84;967.68;D+B;727;70;;[MV231601-0020-39] 12u (V22) 727d | [MV231601-0020-39] 12u (V22) 727d;;[MV231601-0020-41] 12u (V22) 727d | [MV231601-0020-41] 12u (V22) 727d | [MV231601-0020-40] 12u (V22) 727d | [MV231601-0020-40] 12u (V22) 727d | [MV231601-0020-37] 12u (V22) 727d
CLAGD/Stock/StorageGD/CLA-041-05-03-03;GENERIC;V22;84;913.92;C+B;727;70;;[MV231605-0001-37] 12u (V22) 727d | [MV231605-0001-36] 5u (V22) 727d | [MV231605-0001-37] 7u (V22) 727d | [MV231605-0001-37] 1u (V22) 727d | [MV231605-0001-36] 12u (V22) 727d | [MV231605-0001-37] 12u (V22) 727d;[MV231605-0001-40] 3u (V22) 727d | [MV231605-0001-41] 9u (V22) 727d | [MV231605-0001-38] 2u (V22) 727d | [MV231605-0001-39] 6u (V22) 727d | [MV231605-0001-40] 3u (V22) 727d | [MV231605-0001-40] 3u (V22) 727d | [MV231605-0001-41] 9u (V22) 727d;
CLAGD/Stock/StorageGD/CLA-041-07-03-02;GENERIC;V22+I25;84;261.12;C+A;727;80;[BJSH543008-TAN-39] 10u (I25) 158d | [BJSH543008-TAN-39] 10u (I25) 158d | [BJSH543008-TAN-39] 10u (I25) 158d | [BJSH543008-TAN-37] 10u (I25) 158d | [BJSH543008-TAN-37] 10u (I25) 158d | [BJSH543008-TAN-36] 10u (I25) 158d;;[MV231605-0001-38] 12u (V22) 727d | [MV231605-0001-38] 12u (V22) 727d;
CLAGD/Stock/StorageGD/CLA-043-06-01-03;GOLD;I24+V25+V22;84;372.71;B+A+C+D;524;80;[OSSH129008-TAN-24] 2u (I24) 514d | [OSSH129008-TAN-25] 2u (I24) 514d | [OSSH129008-TAN-26] 2u (I24) 514d | [OSSH129008-TAN-27] 2u (I24) 514d;[COSH283092-MULT-31] 10u (I24) 515d | [OSSH129008-TAN-22] 2u (I24) 514d | [OSSH129008-TAN-23] 2u (I24) 514d | [MV232104-0021-39] 2u (V22) 417d | [MV232104-0021-37] 2u (V22) 417d | [COSH283108-MULT-31] 10u (V25) 343d;[COSH264004-NAVY-32] 10u (I24) 524d | [COSH264004-NAVY-26] 10u (I24) 524d | [MV232105-0021-40] 1u (V22) 417d | [MV232105-0021-41] 1u (V22) 417d | [MV232105-0021-38] 2u (V22) 417d | [MV232104-0021-40] 1u (V22) 417d;[COSH300105-WHIT-34] 1u (V25) 179d | [COSH300105-WHIT-33] 1u (V25) 179d | [COSH300105-WHIT-32] 1u (V25) 179d | [COSH300105-WHIT-31] 1u (V25) 179d | [COSH300105-WHIT-25] 1u (V25) 179d | [COSH300105-WHIT-29] 1u (V25) 179d | [COSH300105-WHIT-35] 1u (V25) 179d | [COSH300105-WHIT-36] 1u (V25) 179d | [COSH300105-WHIT-28] 1u (V25) 179d | [COSH300105-WHIT-27] 1u (V25) 179d | [COSH300105-WHIT-26] 1u (V25) 179d | [MV231508-0160-38] 5u (V22) 417d | [MV231508-0160-36] 1u (V22) 417d | [MV231508-0160-40] 2u (V22) 417d | [MV231508-0160-37] 2u (V22) 417d | [MV231508-0160-41] 1u (V22) 417d | [MV231508-0160-39] 1u (V22) 417d
CLAGD/Stock/StorageGD/CLA-044-04-03-03;GOLD;V25;84;71.28;C+B;343;70;;[COSH283083-BLAC-28] 1u (V25) 343d | [COSH283083-BLAC-30] 2u (V25) 343d | [COSH283083-BLAC-28] 1u (V25) 343d | [COSH283083-BLAC-30] 2u (V25) 343d | [COSH283083-BLAC-28] 1u (V25) 343d | [COSH283083-BLAC-30] 2u (V25) 343d | [COSH283083-BLAC-28] 1u (V25) 343d | [COSH283083-BLAC-30] 2u (V25) 343d | [COSH283083-BLAC-28] 1u (V25) 343d | [COSH283083-BLAC-30] 2u (V25) 343d | [COSH283083-BLAC-28] 1u (V25) 343d | [COSH283083-BLAC-30] 2u (V25) 343d | [COSH284070-NAVY-30] 2u (V25) 343d | [COSH284070-NAVY-31] 2u (V25) 343d | [COSH284070-NAVY-32] 1u (V25) 343d | [COSH284070-NAVY-33] 1u (V25) 343d;[COSH283083-BLAC-27] 1u (V25) 343d | [COSH283083-BLAC-29] 2u (V25) 343d | [COSH283083-BLAC-31] 2u (V25) 343d | [COSH283083-BLAC-32] 2u (V25) 343d | [COSH283083-BLAC-33] 1u (V25) 343d | [COSH283083-BLAC-34] 1u (V25) 343d | [COSH283083-BLAC-27] 1u (V25) 343d | [COSH283083-BLAC-29] 2u (V25) 343d | [COSH283083-BLAC-31] 2u (V25) 343d | [COSH283083-BLAC-32] 2u (V25) 343d | [COSH283083-BLAC-33] 1u (V25) 343d | [COSH283083-BLAC-34] 1u (V25) 343d | [COSH283083-BLAC-27] 1u (V25) 343d | [COSH283083-BLAC-29] 2u (V25) 343d | [COSH283083-BLAC-31] 2u (V25) 343d | [COSH283083-BLAC-32] 2u (V25) 343d | [COSH283083-BLAC-33] 1u (V25) 343d | [COSH283083-BLAC-34] 1u (V25) 343d | [COSH283083-BLAC-27] 1u (V25) 343d | [COSH283083-BLAC-29] 2u (V25) 343d | [COSH283083-BLAC-31] 2u (V25) 343d | [COSH283083-BLAC-32] 2u (V25) 343d | [COSH283083-BLAC-33] 1u (V25) 343d | [COSH283083-BLAC-34] 1u (V25) 343d | [COSH283083-BLAC-27] 1u (V25) 343d | [COSH283083-BLAC-29] 2u (V25) 343d | [COSH283083-BLAC-31] 2u (V25) 343d | [COSH283083-BLAC-32] 2u (V25) 343d | [COSH283083-BLAC-33] 1u (V25) 343d | [COSH283083-BLAC-34] 1u (V25) 343d | [COSH283083-BLAC-27] 1u (V25) 343d | [COSH283083-BLAC-29] 2u (V25) 343d | [COSH283083-BLAC-31] 2u (V25) 343d | [COSH283083-BLAC-32] 2u (V25) 343d | [COSH283083-BLAC-33] 1u (V25) 343d | [COSH283083-BLAC-34] 1u (V25) 343d | [COSH284070-NAVY-27] 1u (V25) 343d | [COSH284070-NAVY-28] 1u (V25) 343d | [COSH284070-NAVY-29] 1u (V25) 343d | [COSH284070-NAVY-34] 1u (V25) 343d | [COSH284070-NAVY-35] 1u (V25) 343d | [COSH284070-NAVY-36] 1u (V25) 343d;
CLAGD/Stock/StorageGD/CLA-045-01-01-02;GOLD;I25+V25;84;320.50;A+B+D;301;80;[BJSH543001-TAN-37] 10u (I25) 151d | [BJSH542020-TAUP-39] 10u (I25) 139d | [BJSH542020-TAUP-39] 10u (I25) 139d | [BJSH542020-TAUP-33] 10u (I25) 139d;[BJSH543001-TAN-35] 10u (I25) 158d;;[COSH284097-MULT-30] 10u (V25) 301d | [COSH300101-GOLD-25] 1u (V25) 278d | [COSH300101-GOLD-26] 1u (V25) 278d | [COSH300101-GOLD-27] 1u (V25) 278d | [COSH300101-GOLD-28] 1u (V25) 278d | [COSH300101-GOLD-29] 1u (V25) 278d | [COSH300101-GOLD-30] 1u (V25) 278d | [COSH300101-GOLD-31] 1u (V25) 278d | [COSH300101-GOLD-32] 1u (V25) 278d | [COSH300101-GOLD-33] 1u (V25) 278d | [COSH300101-GOLD-34] 1u (V25) 278d | [COSH300101-GOLD-35] 1u (V25) 278d | [COSH300101-GOLD-36] 1u (V25) 278d | [COSH300101-GOLD-25] 1u (V25) 278d | [COSH300101-GOLD-26] 1u (V25) 278d | [COSH300101-GOLD-27] 1u (V25) 278d | [COSH300101-GOLD-28] 1u (V25) 278d | [COSH300101-GOLD-29] 1u (V25) 278d | [COSH300101-GOLD-30] 1u (V25) 278d | [COSH300101-GOLD-31] 1u (V25) 278d | [COSH300101-GOLD-32] 1u (V25) 278d | [COSH300101-GOLD-33] 1u (V25) 278d | [COSH300101-GOLD-34] 1u (V25) 278d | [COSH300101-GOLD-35] 1u (V25) 278d | [COSH300101-GOLD-36] 1u (V25) 278d
CLAGD/Stock/StorageGD/CLA-045-02-02-01;GOLD;V25;84;285.12;D+B+C;301;50;;[BJSH300113-MULT-35] 2u (V25) 301d | [BJSH300113-MULT-35] 4u (V25) 301d | [COSH284070-WHIT-33] 2u (V25) 301d | [COSH284070-WHIT-33] 1u (V25) 301d | [COSH284070-WHIT-33] 1u (V25) 301d;[COSH284070-WHIT-27] 2u (V25) 301d | [COSH284070-WHIT-28] 2u (V25) 301d | [COSH284070-WHIT-29] 2u (V25) 301d | [COSH284070-WHIT-30] 4u (V25) 301d | [COSH284070-WHIT-31] 4u (V25) 301d | [COSH284070-WHIT-32] 2u (V25) 301d | [COSH284070-WHIT-34] 2u (V25) 301d | [COSH284070-WHIT-35] 2u (V25) 301d | [COSH284070-WHIT-36] 2u (V25) 301d | [COSH284070-WHIT-27] 1u (V25) 301d | [COSH284070-WHIT-28] 1u (V25) 301d | [COSH284070-WHIT-29] 1u (V25) 301d | [COSH284070-WHIT-30] 2u (V25) 301d | [COSH284070-WHIT-31] 2u (V25) 301d | [COSH284070-WHIT-32] 1u (V25) 301d | [COSH284070-WHIT-34] 1u (V25) 301d | [COSH284070-WHIT-35] 1u (V25) 301d | [COSH284070-WHIT-36] 1u (V25) 301d | [COSH284070-WHIT-27] 1u (V25) 301d | [COSH284070-WHIT-28] 1u (V25) 301d | [COSH284070-WHIT-29] 1u (V25) 301d | [COSH284070-WHIT-30] 2u (V25) 301d | [COSH284070-WHIT-31] 2u (V25) 301d | [COSH284070-WHIT-32] 1u (V25) 301d | [COSH284070-WHIT-34] 1u (V25) 301d | [COSH284070-WHIT-35] 1u (V25) 301d | [COSH284070-WHIT-36] 1u (V25) 301d;[BJSH300113-MULT-33] 1u (V25) 301d | [BJSH300113-MULT-34] 2u (V25) 301d | [BJSH300113-MULT-36] 2u (V25) 301d | [BJSH300113-MULT-37] 2u (V25) 301d | [BJSH300113-MULT-38] 1u (V25) 301d | [BJSH300113-MULT-39] 1u (V25) 301d | [BJSH300113-MULT-40] 1u (V25) 301d | [BJSH300113-MULT-33] 2u (V25) 301d | [BJSH300113-MULT-34] 4u (V25) 301d | [BJSH300113-MULT-36] 4u (V25) 301d | [BJSH300113-MULT-37] 4u (V25) 301d | [BJSH300113-MULT-38] 2u (V25) 301d | [BJSH300113-MULT-39] 2u (V25) 301d | [BJSH300113-MULT-40] 2u (V25) 301d
CLAGD/Stock/StorageGD/CLA-045-04-03-01;GOLD;V25;84;0.00;D+B;298;70;;[BJSH384004-LEOP-40] 1u (V25) 298d | [BJSH384004-LEOP-40] 1u (V25) 298d | [BJSH384004-LEOP-40] 1u (V25) 298d | [BJSH384004-LEOP-40] 1u (V25) 298d | [BJSH384004-LEOP-40] 1u (V25) 298d | [BJSH384003-SILV-37] 2u (V25) 298d;;[BJSH384005-OFFW-33] 1u (V25) 298d | [BJSH384005-OFFW-34] 2u (V25) 298d | [BJSH384005-OFFW-35] 2u (V25) 298d | [BJSH384005-OFFW-36] 2u (V25) 298d | [BJSH384005-OFFW-37] 2u (V25) 298d | [BJSH384005-OFFW-38] 1u (V25) 298d | [BJSH384005-OFFW-39] 1u (V25) 298d | [BJSH384005-OFFW-40] 1u (V25) 298d | [BJSH384004-LEOP-33] 1u (V25) 298d | [BJSH384004-LEOP-34] 2u (V25) 298d | [BJSH384004-LEOP-35] 2u (V25) 298d | [BJSH384004-LEOP-36] 2u (V25) 298d | [BJSH384004-LEOP-37] 2u (V25) 298d | [BJSH384004-LEOP-38] 1u (V25) 298d | [BJSH384004-LEOP-39] 1u (V25) 298d | [BJSH384004-LEOP-33] 1u (V25) 298d | [BJSH384004-LEOP-34] 2u (V25) 298d | [BJSH384004-LEOP-35] 2u (V25) 298d | [BJSH384004-LEOP-36] 2u (V25) 298d | [BJSH384004-LEOP-37] 2u (V25) 298d | [BJSH384004-LEOP-38] 1u (V25) 298d | [BJSH384004-LEOP-39] 1u (V25) 298d | [BJSH384004-LEOP-33] 1u (V25) 298d | [BJSH384004-LEOP-34] 2u (V25) 298d | [BJSH384004-LEOP-35] 2u (V25) 298d | [BJSH384004-LEOP-36] 2u (V25) 298d | [BJSH384004-LEOP-37] 2u (V25) 298d | [BJSH384004-LEOP-38] 1u (V25) 298d | [BJSH384004-LEOP-39] 1u (V25) 298d | [BJSH384004-LEOP-33] 1u (V25) 298d | [BJSH384004-LEOP-34] 2u (V25) 298d | [BJSH384004-LEOP-35] 2u (V25) 298d | [BJSH384004-LEOP-36] 2u (V25) 298d | [BJSH384004-LEOP-37] 2u (V25) 298d | [BJSH384004-LEOP-38] 1u (V25) 298d | [BJSH384004-LEOP-39] 1u (V25) 298d | [BJSH384004-LEOP-33] 1u (V25) 298d | [BJSH384004-LEOP-34] 2u (V25) 298d | [BJSH384004-LEOP-35] 2u (V25) 298d | [BJSH384004-LEOP-36] 2u (V25) 298d | [BJSH384004-LEOP-37] 2u (V25) 298d | [BJSH384004-LEOP-38] 1u (V25) 298d | [BJSH384004-LEOP-39] 1u (V25) 298d | [BJSH384003-SILV-33] 1u (V25) 298d | [BJSH384003-SILV-34] 2u (V25) 298d | [BJSH384003-SILV-35] 2u (V25) 298d | [BJSH384003-SILV-36] 2u (V25) 298d | [BJSH384003-SILV-38] 1u (V25) 298d | [BJSH384003-SILV-39] 1u (V25) 298d | [BJSH384003-SILV-40] 1u (V25) 298d
CLAGD/Stock/StorageGD/CLA-046-02-01-02;GOLD;I25+I24;84;0.00;B+C+A;374;70;[OSSH501002-PINK-20] 2u (I24) 374d | [OSSH501002-PINK-21] 2u (I24) 374d | [OSSH501002-PINK-22] 2u (I24) 374d | [OSSH501002-PINK-23] 2u (I24) 374d | [OSSH501002-PINK-24] 2u (I24) 374d | [OSSH501002-PINK-25] 2u (I24) 374d;[TESH515019-TAN-20] 2u (I25) 173d | [TESH515019-TAN-23] 2u (I25) 173d | [TESH515019-TAN-20] 2u (I25) 173d | [TESH515019-TAN-23] 2u (I25) 173d | [TESH515019-TAN-20] 2u (I25) 173d | [TESH515019-TAN-23] 2u (I25) 173d | [TESH515019-TAN-20] 2u (I25) 173d | [TESH515019-TAN-23] 2u (I25) 173d | [TESH515019-TAN-20] 2u (I25) 173d | [TESH515019-TAN-23] 2u (I25) 173d | [TESH515019-TAN-20] 2u (I25) 173d | [TESH515019-TAN-23] 2u (I25) 173d;[TESH515019-TAN-21] 2u (I25) 173d | [TESH515019-TAN-22] 2u (I25) 173d | [TESH515019-TAN-24] 2u (I25) 173d | [TESH515019-TAN-25] 2u (I25) 173d | [TESH515019-TAN-21] 2u (I25) 173d | [TESH515019-TAN-22] 2u (I25) 173d | [TESH515019-TAN-24] 2u (I25) 173d | [TESH515019-TAN-25] 2u (I25) 173d | [TESH515019-TAN-21] 2u (I25) 173d | [TESH515019-TAN-22] 2u (I25) 173d | [TESH515019-TAN-24] 2u (I25) 173d | [TESH515019-TAN-25] 2u (I25) 173d | [TESH515019-TAN-21] 2u (I25) 173d | [TESH515019-TAN-22] 2u (I25) 173d | [TESH515019-TAN-24] 2u (I25) 173d | [TESH515019-TAN-25] 2u (I25) 173d | [TESH515019-TAN-21] 2u (I25) 173d | [TESH515019-TAN-22] 2u (I25) 173d | [TESH515019-TAN-24] 2u (I25) 173d | [TESH515019-TAN-25] 2u (I25) 173d | [TESH515019-TAN-21] 2u (I25) 173d | [TESH515019-TAN-22] 2u (I25) 173d | [TESH515019-TAN-24] 2u (I25) 173d | [TESH515019-TAN-25] 2u (I25) 173d;
CLAGD/Stock/StorageGD/CLA-047-09-01-02;GOLD;V25+I25+I24+V23;84;679.18;D+C+A;581;80;[BJSH542020-TAN-39] 10u (I25) 187d;;[BJSH582012-BLAC-40] 1u (I24) 144d | [NV121504-0043-24] 1u (V23) 581d | [NV121504-0043-25] 1u (V23) 581d | [NV121504-0043-26] 1u (V23) 581d | [NV121504-0043-27] 1u (V23) 581d | [NV121504-0043-28] 1u (V23) 581d | [NV121504-0043-29] 2u (V23) 581d | [NV121504-0043-30] 1u (V23) 581d | [NV121504-0043-31] 1u (V23) 581d | [NV121504-0043-32] 1u (V23) 581d | [NV121504-0043-33] 1u (V23) 581d | [NV121504-0043-34] 1u (V23) 581d | [NV121504-0043-24] 1u (V23) 581d | [NV121504-0043-25] 1u (V23) 581d | [NV121504-0043-26] 1u (V23) 581d | [NV121504-0043-27] 1u (V23) 581d | [NV121504-0043-28] 1u (V23) 581d | [NV121504-0043-29] 2u (V23) 581d | [NV121504-0043-30] 1u (V23) 581d | [NV121504-0043-31] 1u (V23) 581d | [NV121504-0043-32] 1u (V23) 581d | [NV121504-0043-33] 1u (V23) 581d | [NV121504-0043-34] 1u (V23) 581d | [NV121504-0043-24] 1u (V23) 581d | [NV121504-0043-25] 1u (V23) 581d | [NV121504-0043-26] 1u (V23) 581d | [NV121504-0043-27] 1u (V23) 581d | [NV121504-0043-28] 1u (V23) 581d | [NV121504-0043-29] 2u (V23) 581d | [NV121504-0043-30] 1u (V23) 581d | [NV121504-0043-31] 1u (V23) 581d | [NV121504-0043-32] 1u (V23) 581d | [NV121504-0043-33] 1u (V23) 581d | [NV121504-0043-34] 1u (V23) 581d | [NV121504-0043-24] 1u (V23) 581d | [NV121504-0043-25] 1u (V23) 581d | [NV121504-0043-26] 1u (V23) 581d | [NV121504-0043-27] 1u (V23) 581d | [NV121504-0043-28] 1u (V23) 581d | [NV121504-0043-29] 2u (V23) 581d | [NV121504-0043-30] 1u (V23) 581d | [NV121504-0043-31] 1u (V23) 581d | [NV121504-0043-32] 1u (V23) 581d | [NV121504-0043-33] 1u (V23) 581d | [NV121504-0043-34] 1u (V23) 581d;[BJSH377003-WHIT-33] 1u (V25) 144d | [COSH280001-NAVY-34] 12u (I25) 144d | [NV551769-0207-28] 1u (V23) 581d | [NV551769-0207-29] 1u (V23) 581d | [NV551769-0207-30] 1u (V23) 581d | [NV551769-0207-31] 1u (V23) 581d | [NV551769-0207-32] 1u (V23) 581d | [NV551769-0207-33] 1u (V23) 581d | [NV551769-0207-34] 1u (V23) 581d | [NV551769-0207-35] 1u (V23) 581d | [NV551769-0207-36] 1u (V23) 581d | [NV551769-0207-37] 1u (V23) 581d | [NV551769-0207-38] 1u (V23) 581d | [NV551769-0207-39] 1u (V23) 581d
CLAGD/Stock/StorageGD/CLA-044-02-03-01;GOLD;V25;82;0.00;D+B+C;343;80;;[COSH283109-LEOP-29] 10u (V25) 343d | [COSH283109-LEOP-29] 10u (V25) 343d | [COSH283109-LEOP-28] 10u (V25) 343d | [COSH283109-LEOP-28] 10u (V25) 343d | [BJSH376006-SILV-34] 1u (V25) 315d | [BJSH376006-SILV-40] 1u (V25) 315d;[BJSH376006-SILV-30] 1u (V25) 315d | [BJSH376006-SILV-31] 1u (V25) 315d | [BJSH376006-SILV-32] 1u (V25) 315d | [BJSH376006-SILV-33] 1u (V25) 315d | [BJSH376006-SILV-35] 1u (V25) 315d | [BJSH376006-SILV-36] 1u (V25) 315d | [BJSH376006-SILV-37] 1u (V25) 315d | [BJSH376006-SILV-38] 1u (V25) 315d | [BJSH376006-SILV-39] 1u (V25) 315d | [BJSH376006-SILV-41] 1u (V25) 315d;[COSH283109-LEOP-30] 10u (V25) 343d | [COSH283109-LEOP-30] 10u (V25) 343d | [COSH283109-LEOP-27] 10u (V25) 343d
CLAGD/Stock/StorageGD/CLA-045-01-01-01;GOLD;I25+I24;82;367.20;A+B;510;80;[BJSH542021-TAUP-41] 10u (I25) 209d | [BJSH542021-TAUP-41] 10u (I25) 209d | [BJSH542021-TAUP-38] 10u (I25) 209d | [BJSH542021-TAUP-38] 10u (I25) 209d | [BJSH542021-TAUP-37] 10u (I25) 209d | [BJSH542021-TAUP-35] 10u (I25) 209d;[BJSH362003-PEWT-34] 1u (I25) 510d | [BJSH362003-PEWT-35] 2u (I25) 510d | [BJSH362003-PEWT-36] 2u (I25) 510d | [BJSH362003-PEWT-37] 2u (I25) 510d | [BJSH362003-PEWT-38] 2u (I25) 510d | [BJSH362003-PEWT-39] 2u (I25) 510d | [BJSH362003-PEWT-40] 1u (I25) 510d | [COSH542090-GOLD-28] 10u (I24) 434d;;
CLAGD/Stock/StorageGD/CLA-046-03-01-03;GOLD;V24+V25;81;213.78;C+B+D;581;70;;[COSH285049-WHIT-34] 1u (V24) 370d | [COSH285049-WHIT-35] 1u (V24) 370d | [COSH285058-MULT-25] 1u (V24) 566d | [COSH285058-MULT-25] 1u (V24) 566d;[COSH285049-WHIT-32] 2u (V24) 370d | [COSH285049-WHIT-33] 1u (V24) 370d | [COSH285049-WHIT-31] 2u (V24) 370d | [COSH285049-WHIT-30] 2u (V24) 370d | [COSH285049-WHIT-27] 1u (V24) 370d | [COSH285049-WHIT-28] 1u (V24) 370d | [COSH285049-WHIT-29] 1u (V24) 370d | [OSSH122062-BEIG-19] 1u (V24) 581d | [OSSH122062-BEIG-20] 1u (V24) 581d | [OSSH122062-BEIG-21] 2u (V24) 581d | [OSSH122062-BEIG-22] 2u (V24) 581d | [OSSH122062-BEIG-23] 2u (V24) 581d | [OSSH122062-BEIG-24] 2u (V24) 581d | [OSSH122062-BEIG-25] 1u (V24) 581d | [BWSH360003-BEIG-41] 1u (V25) 130d | [BWSH360003-BEIG-40] 1u (V25) 130d | [BWSH360003-BEIG-39] 2u (V25) 130d | [BWSH360003-BEIG-38] 2u (V25) 130d | [BWSH360003-BEIG-37] 2u (V25) 130d | [BWSH360003-BEIG-36] 1u (V25) 130d | [BWSH360003-BEIG-39] 3u (V25) 130d | [BWSH360003-BEIG-40] 2u (V25) 130d | [BWSH360003-BEIG-41] 1u (V25) 130d | [BWSH360003-BEIG-38] 3u (V25) 130d | [BWSH360003-BEIG-36] 1u (V25) 130d | [BWSH360003-BEIG-37] 2u (V25) 130d | [BWSH360003-BEIG-36] 1u (V25) 130d | [BWSH360003-BEIG-37] 2u (V25) 130d | [BWSH360003-BEIG-38] 3u (V25) 130d | [BWSH360003-BEIG-39] 3u (V25) 130d | [BWSH360003-BEIG-40] 2u (V25) 130d | [BWSH360003-BEIG-41] 1u (V25) 130d | [COSH285058-MULT-24] 1u (V24) 566d | [COSH285058-MULT-26] 1u (V24) 566d | [COSH285058-MULT-27] 1u (V24) 566d | [COSH285058-MULT-28] 1u (V24) 566d | [COSH285058-MULT-29] 1u (V24) 566d | [COSH285058-MULT-30] 1u (V24) 566d | [COSH285058-MULT-31] 1u (V24) 566d | [COSH285058-MULT-32] 1u (V24) 566d | [COSH285058-MULT-33] 1u (V24) 566d | [COSH285058-MULT-34] 1u (V24) 566d | [COSH285058-MULT-35] 1u (V24) 566d | [COSH285058-MULT-24] 1u (V24) 566d | [COSH285058-MULT-26] 1u (V24) 566d | [COSH285058-MULT-27] 1u (V24) 566d | [COSH285058-MULT-28] 1u (V24) 566d | [COSH285058-MULT-29] 1u (V24) 566d | [COSH285058-MULT-30] 1u (V24) 566d | [COSH285058-MULT-31] 1u (V24) 566d | [COSH285058-MULT-32] 1u (V24) 566d | [COSH285058-MULT-33] 1u (V24) 566d | [COSH285058-MULT-34] 1u (V24) 566d | [COSH285058-MULT-35] 1u (V24) 566d;[OSSH122062-BEIG-26] 1u (V24) 581d
CLAGD/Stock/StorageGD/CLA-047-08-01-01;GOLD;I25+V25+V24+I20+I23+I17;81;255.41;B+D+C+A;581;80;[BJSH543002-TAUP-37] 1u (I25) 54d;[COSH249005-PINK-25] 10u (I25) 214d | [KI226826-0020-37] 2u (I20) 54d | [KI226826-0020-39] 2u (I20) 54d | [KI226826-0020-36] 1u (I20) 54d | [KI226826-0020-38] 2u (I20) 54d | [KI226826-0020-41] 1u (I20) 54d | [KIX102025-BLAC-26] 1u (I23) 54d | [KIX102025-BLAC-24] 1u (I23) 54d | [KIX102025-BLAC-26] 1u (I23) 54d | [KI226826-0020-37] 2u (I20) 54d | [KI226826-0020-38] 2u (I20) 54d | [KI226826-0020-39] 3u (I20) 54d | [KV226811-0020-41] 1u (I17) 54d | [KI226826-0020-36] 1u (I20) 54d | [KI226826-0020-38] 2u (I20) 54d | [KI226826-0020-39] 2u (I20) 54d | [KI226826-0020-36] 2u (I20) 54d | [KI226831-0078-40] 1u (I20) 54d | [KI226831-0078-41] 1u (I20) 54d | [KI226826-0020-37] 1u (I20) 54d | [COSH327001-TAN-33] 1u (I25) 54d | [COSH327001-TAUP-33] 1u (I25) 54d | [COSH327003-TAN-32] 1u (I25) 54d | [COSH327003-TAUP-32] 1u (I25) 54d | [COSH327001-NAVY-33] 1u (I25) 54d;[COSH300093-GOLD-25] 1u (V24) 581d | [COSH300093-GOLD-26] 1u (V24) 581d | [COSH300093-GOLD-27] 1u (V24) 581d | [COSH300093-GOLD-28] 1u (V24) 581d | [COSH300093-GOLD-29] 1u (V24) 581d | [COSH300093-GOLD-30] 1u (V24) 581d | [COSH300093-GOLD-31] 1u (V24) 581d | [COSH300093-GOLD-32] 1u (V24) 581d | [COSH300093-GOLD-33] 1u (V24) 581d | [COSH300093-GOLD-34] 1u (V24) 581d | [COSH300093-GOLD-35] 1u (V24) 581d | [COSH300093-GOLD-36] 1u (V24) 581d;[COSH215043-SILV-24] 1u (V25) 315d | [COSH215043-SILV-25] 1u (V25) 315d | [COSH215043-SILV-26] 1u (V25) 315d | [COSH215043-SILV-27] 1u (V25) 315d | [COSH215043-SILV-28] 1u (V25) 315d | [COSH215043-SILV-29] 2u (V25) 315d | [COSH215043-SILV-30] 1u (V25) 315d | [COSH215043-SILV-31] 1u (V25) 315d | [COSH215043-SILV-32] 1u (V25) 315d | [COSH215043-SILV-33] 1u (V25) 315d | [COSH215043-SILV-34] 1u (V25) 315d | [COSH215043-SILV-24] 1u (V25) 315d | [COSH215043-SILV-25] 1u (V25) 315d | [COSH215043-SILV-26] 1u (V25) 315d | [COSH215043-SILV-27] 1u (V25) 315d | [COSH215043-SILV-28] 1u (V25) 315d | [COSH215043-SILV-29] 2u (V25) 315d | [COSH215043-SILV-30] 1u (V25) 315d | [COSH215043-SILV-31] 1u (V25) 315d | [COSH215043-SILV-32] 1u (V25) 315d | [COSH215043-SILV-33] 1u (V25) 315d | [COSH215043-SILV-34] 1u (V25) 315d
CLAGD/Stock/StorageGD/CLA-009-02-02-03;GOLD;I25;80;490.70;B+A;151;80;[BJSH543001-TAUP-36] 10u (I25) 151d | [BJSH543001-TAUP-36] 10u (I25) 151d | [BJSH543001-TAUP-34] 10u (I25) 151d | [BJSH543001-TAN-38] 10u (I25) 151d;[BJSH543008-BLAC-38] 10u (I25) 151d | [BJSH543001-TAUP-41] 10u (I25) 151d | [BJSH543001-TAUP-41] 10u (I25) 151d | [BJSH543001-TAUP-35] 10u (I25) 151d;;
CLAGD/Stock/StorageGD/CLA-009-02-03-02;GOLD;I25;80;490.70;B+A;151;80;[BJSH543001-TAUP-39] 10u (I25) 151d | [BJSH543001-TAUP-38] 10u (I25) 151d | [BJSH543001-TAN-38] 10u (I25) 151d;[BJSH543008-BLAC-41] 10u (I25) 151d | [BJSH543001-TAUP-41] 10u (I25) 151d | [BJSH543001-TAUP-41] 10u (I25) 151d | [BJSH543001-TAUP-41] 10u (I25) 151d | [BJSH543001-TAN-41] 10u (I25) 151d;;
CLAGD/Stock/StorageGD/CLA-009-03-03-01;GOLD;I25;80;70.10;B+A;151;80;[BJSH543008-BLAC-39] 10u (I25) 151d | [BJSH543008-BLAC-39] 10u (I25) 151d | [BJSH543008-BLAC-37] 10u (I25) 151d | [BJSH543001-TAN-38] 10u (I25) 151d;[BJSH543008-BLAC-40] 10u (I25) 151d | [BJSH543008-BLAC-38] 10u (I25) 151d | [BJSH543008-BLAC-38] 10u (I25) 151d | [BJSH543008-BLAC-36] 10u (I25) 151d;;
CLAGD/Stock/StorageGD/CLA-009-04-01-01;GOLD;I25;80;420.60;A+B;151;70;[BJSH543008-BLAC-39] 10u (I25) 151d | [BJSH543001-TAUP-36] 10u (I25) 151d | [BJSH543001-TAUP-39] 10u (I25) 151d | [BJSH543001-TAUP-38] 10u (I25) 151d | [BJSH543001-TAUP-36] 10u (I25) 151d | [BJSH543008-BLAC-37] 10u (I25) 151d | [BJSH543001-TAUP-34] 10u (I25) 151d;[BJSH543001-TAN-41] 10u (I25) 151d;;
CLAGD/Stock/StorageGD/CLA-009-04-02-03;GOLD;I25;80;420.60;A;151;80;[BJSH543008-TAUP-37] 10u (I25) 151d | [BJSH543008-TAUP-37] 10u (I25) 151d | [BJSH543001-TAN-39] 10u (I25) 151d | [BJSH543001-TAN-38] 10u (I25) 151d | [BJSH543001-TAN-38] 10u (I25) 151d | [BJSH543001-TAN-37] 10u (I25) 151d | [BJSH543001-TAN-37] 10u (I25) 151d | [BJSH543001-TAN-36] 10u (I25) 151d;;;
CLAGD/Stock/StorageGD/CLAGD/Stock/EXTB2BGD/CLA-009-05-01-01;GOLD;I25;80;0.00;B;139;80;;[COSH542065-TAUP-34] 10u (I25) 139d | [COSH542065-TAUP-33] 10u (I25) 139d | [COSH542065-TAUP-33] 10u (I25) 139d | [COSH542065-TAUP-33] 10u (I25) 139d | [COSH542065-TAUP-32] 10u (I25) 139d | [COSH542065-TAUP-32] 10u (I25) 139d | [COSH542065-TAUP-30] 10u (I25) 139d | [COSH542065-TAUP-30] 10u (I25) 139d;;
CLAGD/Stock/StorageGD/CLA-031-10-01-01;GOLD;I25;80;0.00;C;144;80;;;[COSH264027-BLAC-35] 10u (I25) 144d | [COSH264027-BLAC-29] 10u (I25) 144d | [COSH264027-BLAC-29] 10u (I25) 144d | [COSH264027-BLAC-29] 10u (I25) 144d | [COSH264027-BLAC-27] 10u (I25) 144d | [COSH282107-BLAC-26] 10u (I25) 144d | [COSH264027-BLAC-31] 10u (I25) 144d | [COSH264027-BLAC-27] 10u (I25) 144d;
CLAGD/Stock/StorageGD/CLA-031-10-02-01;GOLD;I25;80;0.00;C;144;80;;;[COSH282107-BLAC-35] 10u (I25) 144d | [COSH282107-BLAC-32] 10u (I25) 144d | [COSH282107-BLAC-31] 10u (I25) 144d | [COSH264027-BLAC-31] 10u (I25) 144d | [COSH264027-BLAC-31] 10u (I25) 144d | [COSH264027-BLAC-30] 10u (I25) 144d | [COSH264027-BLAC-29] 10u (I25) 144d | [COSH264024-PEWT-35] 10u (I25) 144d;
CLAGD/Stock/StorageGD/CLA-031-10-03-03;GOLD;I25;80;0.00;C+D;158;80;;;[COSH542102-BEIG-35] 10u (I25) 158d | [COSH542102-BEIG-34] 10u (I25) 158d | [COSH542102-BEIG-29] 10u (I25) 158d;[COSH542102-BEIG-33] 10u (I25) 158d | [COSH542102-BEIG-32] 10u (I25) 158d | [COSH542102-BEIG-32] 10u (I25) 158d | [COSH542102-BEIG-30] 10u (I25) 158d | [COSH542102-BEIG-28] 10u (I25) 158d
CLAGD/Stock/StorageGD/CLA-031-11-01-03;GOLD;I25;80;0.00;C+B;146;80;;[COSH282107-SILV-30] 10u (I25) 144d;[COSH282107-SILV-34] 10u (I25) 144d | [COSH282107-SILV-31] 10u (I25) 144d | [COSH282107-SILV-25] 10u (I25) 144d | [COSH264026-GOLD-25] 10u (I25) 144d | [COSH264027-BLAC-33] 10u (I25) 144d | [COSH264027-BLAC-33] 10u (I25) 144d | [BJSH401007-PINK-35] 10u (I25) 146d;
CLAGD/Stock/StorageGD/CLA-040-01-02-03;GOLD;I25;80;560.80;B+A;158;80;[BJSH543001-TAN-38] 10u (I25) 158d | [BJSH543001-TAN-38] 10u (I25) 158d | [BJSH543001-TAN-37] 10u (I25) 158d | [BJSH543001-TAN-37] 10u (I25) 158d | [BJSH543001-TAN-36] 10u (I25) 158d;[BJSH543001-TAN-41] 10u (I25) 158d | [BJSH543001-TAN-35] 10u (I25) 158d | [BJSH543001-TAN-35] 10u (I25) 158d;;
CLAGD/Stock/StorageGD/CLA-040-03-03-01;GOLD;I25;80;0.00;B+A;434;80;[COSH542020-NAVY-33] 10u (I25) 434d;[COSH542020-NAVY-36] 10u (I25) 434d | [COSH542020-NAVY-36] 10u (I25) 434d | [COSH542020-NAVY-36] 10u (I25) 434d | [COSH542020-NAVY-36] 10u (I25) 434d | [COSH542020-NAVY-34] 10u (I25) 434d | [COSH542020-NAVY-34] 10u (I25) 434d | [COSH542020-NAVY-34] 10u (I25) 434d;;
CLAGD/Stock/StorageGD/CLA-040-03-03-02;GOLD;I25;80;0.00;A;434;80;[COSH542020-TAUP-36] 10u (I25) 434d | [COSH542020-TAUP-36] 10u (I25) 434d | [COSH542020-TAUP-36] 10u (I25) 434d | [COSH542020-TAUP-36] 10u (I25) 434d | [COSH542020-TAUP-36] 10u (I25) 434d | [COSH542020-TAUP-36] 10u (I25) 434d | [COSH542020-TAUP-36] 10u (I25) 434d | [COSH542020-TAUP-36] 10u (I25) 434d;;;
CLAGD/Stock/StorageGD/CLA-040-04-01-01;GOLD;I25;80;560.80;B+A;158;80;[BJSH543001-BLAC-39] 10u (I25) 158d | [BJSH543001-BLAC-39] 10u (I25) 158d | [BJSH543001-BLAC-38] 10u (I25) 158d | [BJSH543001-BLAC-37] 10u (I25) 158d | [BJSH543001-BLAC-37] 10u (I25) 158d;[BJSH543001-BLAC-40] 10u (I25) 158d | [BJSH543001-BLAC-40] 10u (I25) 158d | [BJSH543001-BLAC-34] 10u (I25) 158d;;
CLAGD/Stock/StorageGD/CLA-040-04-03-01;GOLD;I25;80;0.00;C;123;80;;;[OSSH112003-KHAK-30] 10u (I25) 123d | [OSSH112003-KHAK-30] 10u (I25) 123d | [OSSH112003-KHAK-29] 10u (I25) 123d | [OSSH112003-KHAK-28] 10u (I25) 123d | [OSSH112003-KHAK-27] 10u (I25) 123d | [OSSH112003-KHAK-26] 10u (I25) 123d | [OSSH112003-KHAK-22] 10u (I25) 123d | [OSSH112002-PINK-22] 10u (I25) 123d;
CLAGD/Stock/StorageGD/CLA-040-07-01-01;GOLD;I25+V23+V24+V25;80;565.54;A+B+D+C;581;80;[COSH542020-TAUP-35] 10u (I25) 434d;[BJSH543001-BLAC-35] 10u (I25) 392d | [NV128527-0160-24] 1u (V23) 581d;[OSSH143073-BLUE-20] 1u (V24) 566d | [OSSH143073-BLUE-21] 1u (V24) 566d | [OSSH143073-BLUE-22] 2u (V24) 566d | [OSSH143073-BLUE-23] 2u (V24) 566d | [OSSH143073-BLUE-24] 2u (V24) 566d | [OSSH143073-BLUE-25] 2u (V24) 566d | [OSSH143073-BLUE-26] 2u (V24) 566d;[NV128524-0040_C_24_35_12] 1u (V23) 26d | [NV128527-0160-25] 1u (V23) 581d | [NV128527-0160-26] 1u (V23) 581d | [NV128527-0160-27] 1u (V23) 581d | [NV128527-0160-28] 1u (V23) 581d | [NV128527-0160-29] 1u (V23) 581d | [NV128527-0160-30] 1u (V23) 581d | [NV128527-0160-31] 1u (V23) 581d | [NV128527-0160-32] 1u (V23) 581d | [NV128527-0160-33] 1u (V23) 581d | [NV128527-0160-34] 1u (V23) 581d | [NV128527-0160-35] 1u (V23) 581d | [NV128527-0160-27] 1u (V23) 581d | [NV128527-0160-28] 1u (V23) 581d | [NV128527-0160-29] 1u (V23) 581d | [NV128527-0160-30] 2u (V23) 581d | [NV128527-0160-31] 2u (V23) 581d | [NV128527-0160-32] 2u (V23) 581d | [NV128527-0160-33] 1u (V23) 581d | [NV128527-0160-34] 1u (V23) 581d | [NV126507-0043-27] 2u (V23) 581d | [NV126507-0043-28] 2u (V23) 581d | [NV126507-0043-29] 2u (V23) 581d | [NV126507-0043-30] 1u (V23) 581d | [NV126507-0043-31] 1u (V23) 581d | [NV126507-0043-32] 1u (V23) 581d | [NV126507-0043-33] 1u (V23) 581d | [NV126507-0043-34] 1u (V23) 581d | [NV126507-0043-35] 1u (V23) 581d | [BJSH360003-BEIG-35] 2u (V25) 13d | [BJSH360003-BEIG-36] 2u (V25) 13d | [BJSH360003-BEIG-37] 2u (V25) 13d | [BJSH360003-BEIG-38] 1u (V25) 13d | [BJSH360003-BEIG-39] 1u (V25) 13d | [BJSH360003-BEIG-33] 1u (V25) 13d | [BJSH360003-BEIG-34] 2u (V25) 13d | [BJSH360003-BEIG-40] 1u (V25) 13d
CLAGD/Stock/StorageGD/CLA-041-03-02-02;GOLD;I25;80;0.00;A+B;434;80;[COSH542020-TAUP-30] 10u (I25) 434d | [COSH542020-TAUP-30] 10u (I25) 434d | [COSH542020-TAUP-30] 10u (I25) 434d | [COSH542020-TAUP-30] 10u (I25) 434d | [COSH542020-TAUP-30] 10u (I25) 434d | [COSH542020-TAUP-25] 10u (I25) 434d;[COSH542020-TAUP-26] 10u (I25) 434d | [COSH542020-TAUP-23] 10u (I25) 434d;;
CLAGD/Stock/StorageGD/CLA-041-04-03-02;GOLD;I25;80;560.80;B+A;158;80;[BJSH543001-TAN-38] 10u (I25) 158d | [BJSH543001-TAN-38] 10u (I25) 158d | [BJSH543001-TAN-36] 10u (I25) 158d | [BJSH543001-TAN-36] 10u (I25) 158d;[BJSH543001-TAN-41] 10u (I25) 158d | [BJSH543001-TAN-35] 10u (I25) 158d | [BJSH543001-TAN-35] 10u (I25) 158d | [BJSH543001-TAN-34] 10u (I25) 158d;;
CLAGD/Stock/StorageGD/CLA-041-06-03-01;GOLD;I25;80;560.80;B+A;158;80;[BJSH543001-TAN-38] 10u (I25) 158d | [BJSH543001-TAN-36] 10u (I25) 158d | [BJSH543001-TAN-36] 10u (I25) 158d;[BJSH543001-TAN-40] 10u (I25) 158d | [BJSH543001-TAN-35] 10u (I25) 158d | [BJSH543001-TAN-35] 10u (I25) 158d | [BJSH543001-TAN-34] 10u (I25) 158d | [BJSH543001-TAN-33] 10u (I25) 158d;;
CLAGD/Stock/StorageGD/CLA-041-08-02-01;GOLD;I25;80;0.00;A;434;80;[COSH542020-NAVY-35] 10u (I25) 434d | [COSH542020-NAVY-35] 10u (I25) 434d | [COSH542020-NAVY-35] 10u (I25) 434d | [COSH542020-NAVY-35] 10u (I25) 434d | [COSH542020-NAVY-33] 10u (I25) 434d | [COSH542020-NAVY-33] 10u (I25) 434d | [COSH542020-NAVY-33] 10u (I25) 434d | [COSH542020-NAVY-33] 10u (I25) 434d;;;
CLAGD/Stock/StorageGD/CLA-042-01-01-01;GOLD;I25;80;480.80;A;158;80;[BJSH542020-TAUP-38] 10u (I25) 158d | [BJSH542020-TAN-41] 10u (I25) 158d | [BJSH542020-TAN-41] 10u (I25) 158d | [BJSH542020-TAN-39] 10u (I25) 158d | [BJSH542020-TAN-37] 10u (I25) 158d | [BJSH542020-TAN-36] 10u (I25) 158d | [BJSH542020-TAN-34] 10u (I25) 158d | [BJSH542020-TAN-34] 10u (I25) 158d;;;
CLAGD/Stock/StorageGD/CLA-042-06-01-01;GOLD;I25;80;0.00;A;187;80;[BJSH542083-TAUP-41] 10u (I25) 187d | [BJSH542083-TAUP-38] 10u (I25) 187d | [BJSH542083-TAN-40] 10u (I25) 187d | [BJSH542083-TAN-38] 10u (I25) 187d | [BJSH542083-TAN-38] 10u (I25) 187d | [BJSH542083-TAN-38] 10u (I25) 187d | [BJSH542083-TAN-37] 10u (I25) 187d | [BJSH542083-TAN-35] 10u (I25) 187d;;;
CLAGD/Stock/StorageGD/CLA-042-07-03-01;GOLD;I25;80;250.40;B+C+A;434;80;[BJSH542020-NAVY-34] 10u (I25) 434d | [BJSH542020-NAVY-34] 10u (I25) 434d;[COSH542065-TAN-32] 10u (I25) 434d | [COSH542065-TAN-32] 10u (I25) 434d | [BJSH543001-TAN-33] 10u (I25) 399d | [BJSH542020-NAVY-35] 10u (I25) 434d;[COSH542065-TAN-31] 10u (I25) 434d | [COSH542065-TAN-27] 10u (I25) 434d;
CLAGD/Stock/StorageGD/CLA-042-08-01-01;GENERIC;I25+I20;80;486.00;B+A;727;80;[BJSH542020-TAUP-37] 10u (I25) 158d | [BJSH542020-TAUP-36] 10u (I25) 158d | [BJSH542020-TAUP-36] 10u (I25) 158d;[BJSH542020-TAN-24] 10u (I25) 727d | [BJSH542020-TAN-24] 10u (I25) 727d | [KI226831-0078-41] 10u (I20) 727d | [KI226831-0078-41] 10u (I20) 727d | [BJSH542020-NAVY-35] 10u (I25) 446d;;
CLAGD/Stock/StorageGD/CLA-042-09-02-02;GOLD;I25;80;480.80;A;158;80;[BJSH542020-TAUP-40] 10u (I25) 158d | [BJSH542020-TAUP-40] 10u (I25) 158d | [BJSH542020-TAUP-40] 10u (I25) 158d | [BJSH542020-TAUP-39] 10u (I25) 158d | [BJSH542020-TAUP-38] 10u (I25) 158d | [BJSH542020-TAUP-37] 10u (I25) 158d | [BJSH542020-TAUP-36] 10u (I25) 158d | [BJSH542020-TAUP-34] 10u (I25) 158d;;;
CLAGD/Stock/StorageGD/CLA-043-02-02-03;GOLD;I25;80;0.00;A;434;80;[COSH542020-TAN-30] 10u (I25) 434d | [COSH542020-TAN-29] 10u (I25) 434d | [COSH542020-TAN-29] 10u (I25) 434d | [COSH542020-TAN-29] 10u (I25) 434d | [COSH542020-TAN-29] 10u (I25) 434d | [COSH542020-TAN-29] 10u (I25) 434d | [COSH542020-TAN-28] 10u (I25) 434d | [COSH542020-TAN-28] 10u (I25) 434d;;;
CLAGD/Stock/StorageGD/CLA-043-02-03-03;GOLD;I25;80;0.00;A;434;80;[COSH542020-TAUP-30] 10u (I25) 434d | [COSH542020-TAUP-30] 10u (I25) 434d | [COSH542020-TAUP-30] 10u (I25) 434d | [COSH542020-TAUP-29] 10u (I25) 434d | [COSH542020-TAUP-29] 10u (I25) 434d | [COSH542020-TAUP-25] 10u (I25) 434d | [COSH542020-TAUP-25] 10u (I25) 434d | [COSH542020-TAUP-25] 10u (I25) 434d;;;
CLAGD/Stock/StorageGD/CLA-043-04-02-01;GOLD;I25;80;210.30;B+A;434;80;[COSH542020-TAUP-27] 10u (I25) 434d | [COSH542020-TAUP-27] 10u (I25) 434d | [COSH542020-TAUP-27] 10u (I25) 434d | [COSH542020-TAUP-27] 10u (I25) 434d | [COSH542020-TAUP-27] 10u (I25) 434d;[BJSH543001-BLAC-36] 10u (I25) 385d | [BJSH543001-BLAC-36] 10u (I25) 385d | [BJSH543001-BLAC-36] 10u (I25) 385d;;
CLAGD/Stock/StorageGD/CLA-043-04-03-02;GOLD;I24;80;500.80;C+B;356;80;;[BJSH542090-BLAC-38] 10u (I24) 356d | [BJSH542090-BLAC-38] 10u (I24) 356d | [BJSH542090-BLAC-38] 10u (I24) 356d | [BJSH542090-BLAC-37] 10u (I24) 356d | [BJSH542090-BLAC-37] 10u (I24) 356d | [BJSH542090-BLAC-37] 10u (I24) 356d;[BJSH542090-BLAC-40] 10u (I24) 356d | [BJSH542090-BLAC-40] 10u (I24) 356d;
CLAGD/Stock/StorageGD/CLA-044-04-02-02;GOLD;I25;80;480.80;A;158;80;[BJSH542020-TAN-41] 10u (I25) 158d | [BJSH542020-TAN-39] 10u (I25) 158d | [BJSH542020-TAN-38] 10u (I25) 158d | [BJSH542020-TAN-37] 10u (I25) 158d | [BJSH542020-TAN-36] 10u (I25) 158d | [BJSH542020-TAN-35] 10u (I25) 158d | [BJSH542020-TAN-34] 10u (I25) 158d | [BJSH542020-TAN-33] 10u (I25) 158d;;;
CLAGD/Stock/StorageGD/CLA-044-07-01-02;GOLD;I25;80;489.60;A;209;80;[BJSH542021-TAUP-41] 10u (I25) 209d | [BJSH542021-TAUP-41] 10u (I25) 209d | [BJSH542021-TAUP-41] 10u (I25) 209d | [BJSH542021-TAUP-41] 10u (I25) 209d | [BJSH542021-TAUP-38] 10u (I25) 209d | [BJSH542021-TAUP-37] 10u (I25) 209d | [BJSH542021-TAUP-37] 10u (I25) 209d | [BJSH542021-TAUP-33] 10u (I25) 209d;;;
CLAGD/Stock/StorageGD/CLA-044-08-02-02;GOLD;I25;80;489.60;A;209;80;[BJSH542021-TAUP-38] 10u (I25) 209d | [BJSH542021-TAUP-38] 10u (I25) 209d | [BJSH542021-TAUP-38] 10u (I25) 209d | [BJSH542021-TAUP-38] 10u (I25) 209d | [BJSH542021-TAUP-37] 10u (I25) 209d | [BJSH542021-TAUP-37] 10u (I25) 209d | [BJSH542021-TAUP-35] 10u (I25) 209d | [BJSH542021-TAUP-34] 10u (I25) 209d;;;
CLAGD/Stock/StorageGD/CLA-044-09-02-01;GOLD;I25;80;0.00;B+A;158;80;[BJSH543008-TAN-38] 10u (I25) 158d | [BJSH543008-TAN-37] 10u (I25) 158d | [BJSH543008-TAN-36] 10u (I25) 158d | [BJSH543008-TAN-36] 10u (I25) 158d | [BJSH543008-TAN-36] 10u (I25) 158d | [BJSH543008-TAN-36] 10u (I25) 158d | [BJSH543008-TAN-34] 10u (I25) 158d;[BJSH543008-TAN-41] 10u (I25) 158d;;
CLAGD/Stock/StorageGD/CLA-045-01-02-01;GOLD;I25;80;839.20;B+D;222;80;;[COSH280002-NAVY-33] 10u (I25) 222d | [COSH280002-NAVY-31] 10u (I25) 222d;;[COSH280002-NAVY-32] 10u (I25) 222d | [COSH280002-NAVY-30] 10u (I25) 222d | [COSH280002-NAVY-29] 10u (I25) 222d | [COSH280002-NAVY-28] 10u (I25) 222d | [COSH280002-NAVY-27] 10u (I25) 222d | [COSH280002-NAVY-25] 10u (I25) 222d
CLAGD/Stock/StorageGD/CLA-045-04-01-03;GOLD;V25+V22;80;503.40;D+C;727;80;;;[MV232304-0020-40] 10u (V22) 727d | [MV232304-0020-39] 10u (V22) 727d | [MV232304-0020-39] 10u (V22) 727d | [MV232304-0020-38] 10u (V22) 727d | [MV232304-0020-38] 10u (V22) 727d | [MV232304-0020-37] 5u (V22) 727d | [MV232304-0020-38] 5u (V22) 727d;[COSH264013-MULT-30] 10u (V25) 301d | [COSH284096-WHIT-28] 10u (V25) 301d
CLAGD/Stock/StorageGD/CLA-045-04-03-02;GOLD;I25;80;560.80;B+A;158;80;[BJSH543001-TAN-39] 10u (I25) 158d | [BJSH543001-TAN-36] 10u (I25) 158d | [BJSH543001-TAN-36] 10u (I25) 158d;[BJSH543001-TAN-40] 10u (I25) 158d | [BJSH543001-TAN-35] 10u (I25) 158d | [BJSH543001-TAN-34] 10u (I25) 158d | [BJSH543001-TAN-33] 10u (I25) 158d | [BJSH543001-TAN-33] 10u (I25) 158d;;
CLAGD/Stock/StorageGD/CLA-045-05-02-03;GOLD;I25;80;480.80;A;158;80;[BJSH542020-BLAC-41] 10u (I25) 158d | [BJSH542020-BLAC-38] 10u (I25) 158d | [BJSH542020-BLAC-38] 10u (I25) 158d | [BJSH542020-BLAC-38] 10u (I25) 158d | [BJSH542020-BLAC-38] 10u (I25) 158d | [BJSH542020-BLAC-34] 10u (I25) 158d | [BJSH542020-BLAC-34] 10u (I25) 158d | [BJSH542020-BLAC-33] 10u (I25) 158d;;;
CLAGD/Stock/StorageGD/CLA-046-01-03-01;GOLD;I25;80;0.00;A;195;80;[COSH542021-TAUP-31] 10u (I25) 195d | [COSH542021-TAUP-31] 10u (I25) 195d | [COSH542021-TAUP-31] 10u (I25) 195d | [COSH542021-TAUP-29] 10u (I25) 195d | [COSH542021-TAUP-29] 10u (I25) 195d | [COSH542021-TAUP-29] 10u (I25) 195d | [COSH542021-TAUP-29] 10u (I25) 195d | [COSH542021-TAUP-22] 10u (I25) 195d;;;
CLAGD/Stock/StorageGD/CLA-046-06-01-02;GOLD;V23+V25+I25+I24+I17+I23;80;405.82;D+B;917;80;;[NV230046-0020-36] 1u (V23) 581d | [NV230046-0020-37] 2u (V23) 581d | [BWSH368001-BLAC-36] 1u (I24) 489d | [BWSH368001-BLAC-37] 2u (I24) 489d | [BWSH368001-BLAC-38] 2u (I24) 489d | [BWSH368001-BLAC-39] 2u (I24) 489d | [BWSH368001-BLAC-40] 1u (I24) 489d | [BWSH368001-BLAC-41] 1u (I24) 489d | [HI222003-0399-38] 2u (I17) 917d | [HI222003-0399-39] 1u (I17) 917d | [HI222003-0399-36] 1u (I17) 917d | [HI222003-0399-41] 1u (I17) 917d | [HI222003-0020_-38] 3u (I17) 581d;;[NV230069-0160-39] 2u (V23) 879d | [NV230069-0160-41] 1u (V23) 879d | [NV230069-0160-36] 1u (V23) 588d | [NV230069-0160-37] 2u (V23) 588d | [NV230069-0160-38] 2u (V23) 588d | [NV230069-0160-40] 1u (V23) 588d | [NV230046-0020-38] 2u (V23) 581d | [NV230046-0020-39] 2u (V23) 581d | [NV230046-0020-40] 1u (V23) 581d | [NV230046-0020-41] 1u (V23) 581d | [OSSH143086-NAVY-20] 1u (V25) 315d | [OSSH143086-NAVY-21] 1u (V25) 315d | [OSSH143086-NAVY-22] 2u (V25) 315d | [OSSH143086-NAVY-23] 2u (V25) 315d | [OSSH143086-NAVY-24] 2u (V25) 315d | [OSSH143086-NAVY-25] 2u (V25) 315d | [OSSH143086-NAVY-26] 2u (V25) 315d | [BJSH542095-BEIG-31] 1u (I25) 95d | [BJSH542095-BEIG-32] 2u (I25) 95d | [BJSH542095-BEIG-33] 2u (I25) 95d | [BJSH542095-BEIG-34] 2u (I25) 95d | [BJSH542095-BEIG-35] 2u (I25) 95d | [BJSH542095-BEIG-36] 1u (I25) 95d | [BJSH542095-BEIG-37] 1u (I25) 95d | [BJSH542095-BEIG-38] 1u (I25) 95d | [COSH265031-PINK-27] 2u (I23) 581d | [COSH265031-PINK-28] 2u (I23) 581d | [COSH265031-PINK-29] 2u (I23) 581d | [COSH265031-PINK-30] 1u (I23) 581d | [COSH265031-PINK-31] 1u (I23) 581d | [COSH265031-PINK-32] 1u (I23) 581d | [COSH265031-PINK-33] 1u (I23) 581d | [COSH265031-PINK-34] 1u (I23) 581d | [COSH265031-PINK-35] 1u (I23) 581d | [HI222003-0020_-36] 1u (I17) 581d | [HI222003-0020_-37] 2u (I17) 581d | [HI222003-0020_-39] 3u (I17) 581d | [HI222003-0020_-40] 2u (I17) 581d | [HI222003-0020_-41] 1u (I17) 581d
CLAGD/Stock/StorageGD/CLA-046-06-03-03;GOLD;I25;80;595.20;A;202;80;[BJSH543002-TAN-41] 10u (I25) 202d | [BJSH543002-TAN-41] 10u (I25) 202d | [BJSH543002-TAN-36] 10u (I25) 202d | [BJSH543002-TAN-36] 10u (I25) 202d | [BJSH543002-TAN-35] 10u (I25) 202d | [BJSH543002-TAN-35] 10u (I25) 202d | [BJSH543002-TAN-34] 10u (I25) 202d | [BJSH543002-TAN-34] 10u (I25) 202d;;;
CLAGD/Stock/StorageGD/CLA-046-07-01-02;GOLD;I25;80;0.00;B+A;175;80;[COSH542084-PEWT-32] 10u (I25) 175d | [COSH542084-PEWT-32] 10u (I25) 175d | [COSH542084-PEWT-32] 10u (I25) 175d | [COSH542084-BRON-35] 10u (I25) 175d | [COSH542084-BRON-26] 10u (I25) 175d;[COSH542084-PEWT-36] 10u (I25) 175d | [COSH542084-PEWT-31] 10u (I25) 175d | [COSH542084-PEWT-31] 10u (I25) 175d;;
CLAGD/Stock/StorageGD/CLA-046-08-03-01;GOLD;I25;80;582.00;A+B;202;80;[BJSH543002-TAN-40] 10u (I25) 202d | [BJSH543002-TAN-40] 10u (I25) 202d | [BJSH543002-TAN-39] 10u (I25) 202d | [BJSH543002-TAN-38] 10u (I25) 202d | [BJSH543002-TAN-38] 10u (I25) 202d | [BJSH543002-TAN-36] 10u (I25) 202d | [BJSH543002-TAN-35] 10u (I25) 202d;[BJSH542021-NAVY-41] 10u (I25) 202d;;
CLAGD/Stock/StorageGD/CLA-047-01-02-01;GOLD;I25;80;480.80;A;187;80;[BJSH542020-TAN-41] 10u (I25) 187d | [BJSH542020-TAN-41] 10u (I25) 187d | [BJSH542020-TAN-40] 10u (I25) 187d | [BJSH542020-NAVY-41] 10u (I25) 187d | [BJSH542020-NAVY-37] 10u (I25) 187d | [BJSH542020-NAVY-37] 10u (I25) 187d | [BJSH542020-NAVY-37] 10u (I25) 187d | [BJSH542020-NAVY-37] 10u (I25) 187d;;;
CLAGD/Stock/StorageGD/CLA-047-04-01-03;GOLD;I25;80;595.20;A;195;80;[BJSH543002-TAUP-39] 10u (I25) 195d | [BJSH543002-TAUP-39] 10u (I25) 195d | [BJSH543002-TAUP-37] 10u (I25) 195d | [BJSH543002-TAUP-37] 10u (I25) 195d | [BJSH543002-TAUP-35] 10u (I25) 195d | [BJSH543002-TAUP-35] 10u (I25) 195d | [BJSH543002-TAUP-35] 10u (I25) 195d | [BJSH543002-TAUP-33] 10u (I25) 195d;;;
CLAGD/Stock/StorageGD/CLA-047-04-03-02;GOLD;I25;80;0.00;C+B;172;80;;[COSH248002-PINK-30] 10u (I25) 172d | [COSH248002-PINK-29] 10u (I25) 172d | [COSH248002-PINK-28] 10u (I25) 172d | [COSH248002-PINK-28] 10u (I25) 172d | [COSH248002-PINK-27] 10u (I25) 172d;[COSH248002-PINK-32] 10u (I25) 172d | [COSH248002-PINK-31] 10u (I25) 172d | [COSH248002-PINK-31] 10u (I25) 172d;
CLAGD/Stock/StorageGD/CLA-047-08-02-01;GOLD;I25;80;555.20;D+B;214;80;;[COSH249005-NAVY-33] 10u (I25) 214d | [COSH249005-NAVY-30] 10u (I25) 214d | [COSH249005-NAVY-30] 10u (I25) 214d | [COSH249005-NAVY-30] 10u (I25) 214d | [COSH249005-NAVY-28] 10u (I25) 214d | [COSH249005-NAVY-27] 10u (I25) 214d;;[COSH249005-NAVY-36] 10u (I25) 214d | [COSH249005-NAVY-29] 10u (I25) 214d
CLAGD/Stock/StorageGD/CLA-047-08-03-03;GOLD;I25;80;480.80;B+A;187;80;[BJSH542020-NAVY-39] 10u (I25) 187d | [BJSH542020-NAVY-38] 10u (I25) 187d | [BJSH542020-NAVY-38] 10u (I25) 187d | [BJSH542020-NAVY-37] 10u (I25) 187d | [BJSH542020-NAVY-36] 10u (I25) 187d | [BJSH542020-NAVY-36] 10u (I25) 187d | [BJSH542020-NAVY-36] 10u (I25) 187d;[BJSH542020-NAVY-40] 10u (I25) 187d;;
CLAGD/Stock/StorageGD/CLA-072-15-03-01;GENERIC;I25+V22+I22;80;598.90;B+C+A;727;80;[MI219001-0020-37] 10u (I22) 727d;[BJSH542021-TAN-22] 10u (I25) 727d | [BJSH542021-TAN-22] 10u (I25) 727d | [BJSH542021-TAN-22] 10u (I25) 727d;[MV232304-0037-39] 10u (V22) 727d | [MV232304-0037-39] 10u (V22) 727d | [MV232304-0037-38] 10u (V22) 727d | [MV232304-0037-37] 10u (V22) 727d;
CLAGD/Stock/StorageGD/CLA-047-05-02-02;GOLD;I25;79;587.76;A;195;80;[BJSH543002-TAUP-39] 10u (I25) 195d | [BJSH543002-TAUP-38] 10u (I25) 195d | [BJSH543002-TAUP-35] 10u (I25) 195d | [BJSH543002-BLAC-40] 9u (I25) 195d | [BJSH543002-BLAC-39] 10u (I25) 195d | [BJSH543002-BLAC-39] 10u (I25) 195d | [BJSH543002-BLAC-39] 10u (I25) 195d | [BJSH543002-BLAC-37] 10u (I25) 195d;;;
CLAGD/Stock/StorageGD/CLA-072-19-01-01;GOLD;I25+I20;78;171.00;A+B;581;80;[COSH542020-TAUP-36] 10u (I25) 434d | [COSH542020-TAUP-35] 10u (I25) 434d | [COSH542020-TAUP-35] 10u (I25) 434d | [COSH542020-TAUP-35] 10u (I25) 434d | [COSH542020-TAUP-35] 10u (I25) 434d | [COSH542020-TAUP-33] 10u (I25) 434d;[KI229004-0022-36] 1u (I20) 581d | [KI229004-0022-37] 2u (I20) 581d | [KI229004-0022-38] 2u (I20) 581d | [KI229004-0022-39] 2u (I20) 581d | [KI229004-0022-40] 1u (I20) 581d | [KI229004-0022-41] 1u (I20) 581d | [KI229004-0022-36] 1u (I20) 581d | [KI229004-0022-37] 2u (I20) 581d | [KI229004-0022-38] 2u (I20) 581d | [KI229004-0022-39] 2u (I20) 581d | [KI229004-0022-40] 1u (I20) 581d | [KI229004-0022-41] 1u (I20) 581d;;
CLAGD/Stock/StorageGD/CLA-041-02-01-03;GOLD;V22+V25+I24+I23+I25;77;313.46;C+B+A+D;12;80;[BJSH543006-BLAC-40] 10u (I24) 12d | [BJSH542076-BLAC-32] 1u (I23) 12d | [BJSH543002-TAN-40] 10u (I25) 12d;[COSH264013-MULT-33] 10u (V25) 12d | [COSH282104-MULT-30] 7u (V25) 12d | [COSH282104-MULT-29] 2u (V25) 12d | [BJSH542076-BLAC-30] 2u (I23) 12d | [BJSH542076-BLAC-37] 1u (I23) 12d | [COSH264013-MULT-33] 10u (V25) 12d;[MV232305-0020-38] 10u (V22) 12d | [MV232308-0020-40] 10u (V22) 12d;[BJSH592001-BLAC-35] 2u (I23) 12d | [BJSH542065-TAN-30] 1u (I23) 12d | [BJSH387004-MULT-37] 1u (V25) 12d
CLAGD/Stock/StorageGD/CLA-042-09-01-03;GOLD;V22+I24+I25+V25;77;421.90;C+B+A+D;1067;70;[BJSH542020-TAUP-37] 10u (I25) 158d | [BJSH542020-TAUP-37] 10u (I25) 158d | [BJSH542020-TAUP-37] 10u (I25) 158d | [BJSH542020-NAVY-34] 10u (I25) 434d;[BJSH373001-GOLD-32] 1u (I24) 391d | [BJSH373001-GOLD-33] 1u (I24) 391d | [BJSH373001-GOLD-35] 2u (I24) 391d | [BJSH373001-GOLD-36] 2u (I24) 391d | [BJSH373001-GOLD-37] 2u (I24) 391d | [BJSH373001-GOLD-38] 1u (I24) 391d | [BJSH373001-GOLD-39] 1u (I24) 391d | [BJSH373001-GOLD-40] 1u (I24) 391d;[MV231603-0053-36] 2u (V22) 1067d | [MV231603-0053-41] 4u (V22) 1067d | [MV231603-0053-37] 4u (V22) 1067d | [MV231603-0053-38] 5u (V22) 1067d | [BJSH373001-GOLD-34] 1u (I24) 391d;[OSSH153016-WHIT-28] 10u (V25) 363d
CLAGD/Stock/StorageGD/CLA-045-08-01-02;GOLD;V25+I25;77;180.30;C+D+A+B;301;70;[BJSH542020-TAUP-39] 10u (I25) 158d | [BJSH542020-TAUP-39] 10u (I25) 158d | [BJSH542020-TAUP-37] 10u (I25) 158d;[COSH283104-SILV-32] 10u (V25) 301d;[COSH264020-WHIT-29] 10u (V25) 301d | [BJSH360006-BLAC-33] 1u (V25) 116d;[COSH265073-BEIG-27] 1u (V25) 229d | [COSH265073-BEIG-29] 1u (V25) 229d | [COSH265073-BEIG-32] 2u (V25) 229d | [COSH265073-BEIG-33] 1u (V25) 229d | [COSH265073-WHIT-35] 1u (V25) 229d | [COSH265075-BEIG-25] 2u (V25) 229d | [COSH265075-PINK-25] 1u (V25) 229d | [COSH265075-PINK-26] 3u (V25) 229d | [COSH265075-PINK-28] 1u (V25) 229d | [COSH265075-PINK-31] 2u (V25) 229d | [BJSH360006-BLAC-34] 2u (V25) 116d | [BJSH360006-BLAC-35] 2u (V25) 116d | [BJSH360006-BLAC-38] 1u (V25) 116d | [BJSH360006-BLAC-36] 2u (V25) 116d | [BJSH360006-BLAC-39] 1u (V25) 116d | [BJSH360006-BLAC-40] 1u (V25) 116d | [BJSH360006-BLAC-37] 2u (V25) 116d
CLAGD/Stock/StorageGD/CLA-044-02-01-02;GOLD;I25+V23+I24;76;460.60;A+D+B+C;158;70;[BJSH542020-TAUP-39] 10u (I25) 158d | [BJSH542020-TAUP-38] 10u (I25) 158d | [BJSH542020-TAUP-38] 10u (I25) 158d | [BJSH542020-TAUP-37] 10u (I25) 158d;[BJSH542090-PEWT-31] 1u (I24) 105d | [BJSH542090-PEWT-32] 2u (I24) 105d | [BJSH542090-PEWT-33] 2u (I24) 105d | [BJSH542090-PEWT-35] 2u (I24) 105d | [BJSH542090-PEWT-36] 1u (I24) 105d | [BJSH542090-PEWT-31] 1u (I24) 105d | [BJSH542090-PEWT-32] 2u (I24) 105d | [BJSH542090-PEWT-33] 2u (I24) 105d | [BJSH542090-PEWT-35] 2u (I24) 105d | [BJSH542090-PEWT-36] 1u (I24) 105d;[BJSH542090-PEWT-34] 2u (I24) 105d | [BJSH542090-PEWT-37] 1u (I24) 105d | [BJSH542090-PEWT-38] 1u (I24) 105d | [BJSH542090-PEWT-34] 2u (I24) 105d | [BJSH542090-PEWT-37] 1u (I24) 105d | [BJSH542090-PEWT-38] 1u (I24) 105d;[NV128333-0001-36] 12u (V23) 116d
CLAGD/Stock/StorageGD/CLA-072-13-01-02;GOLD;V25+I24;76;225.36;D+B+C;363;70;;[COSH282101-WHIT-32] 10u (V25) 363d | [COSH282101-WHIT-32] 10u (V25) 363d | [COSH282101-WHIT-31] 10u (V25) 363d | [BJSH542090-PEWT-31] 1u (I24) 105d | [BJSH542090-PEWT-32] 2u (I24) 105d | [BJSH542090-PEWT-33] 2u (I24) 105d | [BJSH542090-PEWT-35] 2u (I24) 105d | [BJSH542090-PEWT-36] 1u (I24) 105d | [BJSH542090-PEWT-31] 1u (I24) 105d | [BJSH542090-PEWT-32] 2u (I24) 105d | [BJSH542090-PEWT-33] 2u (I24) 105d | [BJSH542090-PEWT-35] 2u (I24) 105d | [BJSH542090-PEWT-36] 1u (I24) 105d | [BJSH542090-PEWT-31] 1u (I24) 105d | [BJSH542090-PEWT-32] 2u (I24) 105d | [BJSH542090-PEWT-33] 2u (I24) 105d | [BJSH542090-PEWT-35] 2u (I24) 105d | [BJSH542090-PEWT-36] 1u (I24) 105d;[BJSH542090-PEWT-34] 2u (I24) 105d | [BJSH542090-PEWT-37] 1u (I24) 105d | [BJSH542090-PEWT-38] 1u (I24) 105d | [BJSH542090-PEWT-34] 2u (I24) 105d | [BJSH542090-PEWT-37] 1u (I24) 105d | [BJSH542090-PEWT-38] 1u (I24) 105d | [BJSH542090-PEWT-34] 2u (I24) 105d | [BJSH542090-PEWT-37] 1u (I24) 105d | [BJSH542090-PEWT-38] 1u (I24) 105d;[COSH282101-WHIT-33] 10u (V25) 363d
CLAGD/Stock/StorageGD/CLA-072-13-02-02;GOLD;I25;76;0.00;A+B;452;110;[COSH542020-TAUP-31] 16u (I25) 434d | [COSH542020-TAUP-27] 1u (I25) 434d | [COSH542020-TAUP-30] 1u (I25) 434d | [COSH542020-BLAC-32] 6u (I25) 452d | [COSH542020-TAN-35] 2u (I25) 434d | [COSH542020-TAN-33] 1u (I25) 300d | [COSH542020-TAN-24] 2u (I25) 434d | [COSH542020-TAUP-33] 1u (I25) 434d | [COSH542020-TAUP-28] 2u (I25) 434d | [COSH542020-TAUP-31] 4u (I25) 434d | [COSH542020-TAUP-27] 3u (I25) 434d | [COSH542020-TAUP-27] 2u (I25) 434d | [COSH542020-TAUP-31] 3u (I25) 434d | [COSH542020-TAUP-28] 1u (I25) 434d | [COSH542020-TAUP-29] 1u (I25) 305d | [COSH542020-TAUP-35] 3u (I25) 434d | [COSH542020-TAUP-36] 2u (I25) 343d | [COSH542020-TAUP-33] 1u (I25) 434d | [COSH542020-TAN-28] 2u (I25) 313d | [COSH542020-TAN-29] 3u (I25) 434d | [COSH542020-TAN-30] 1u (I25) 434d;[COSH542020-BLAC-33] 2u (I25) 452d | [COSH542020-BLAC-35] 2u (I25) 319d | [COSH542020-BLAC-36] 1u (I25) 434d | [COSH542020-TAUP-34] 4u (I25) 434d | [COSH542020-TAUP-34] 3u (I25) 434d | [COSH542020-TAUP-24] 4u (I25) 434d | [COSH542020-TAUP-23] 1u (I25) 434d | [COSH542020-TAN-22] 1u (I25) 434d;;
CLAGD/Stock/StorageGD/CLA-072-17-01-02;GOLD;V23+I25;76;292.80;D+A+B;27;80;[BJSH543002-TAN-39] 12u (I25) 27d | [BJSH543002-TAN-37] 12u (I25) 27d | [BJSH543008-TAUP-40] 5u (I25) 27d | [BJSH543008-TAUP-33] 5u (I25) 27d | [BJSH543008-TAUP-34] 5u (I25) 27d | [BJSH543008-TAUP-39] 5u (I25) 27d | [BJSH543008-TAUP-33] 1u (I25) 27d | [BJSH543008-TAUP-33] 3u (I25) 27d;[BJSH543008-BLAC-36] 7u (I25) 27d | [BJSH543008-BLAC-41] 3u (I25) 27d | [BJSH543008-BLAC-41] 4u (I25) 27d;;[NV130157-0371-34] 1u (V23) 27d | [NV130157-0371-29] 1u (V23) 27d | [NV130157-0371-30] 1u (V23) 27d | [NV130157-0371-32] 1u (V23) 27d | [NV130157-0371-35] 1u (V23) 27d | [NV130157-0371-33] 1u (V23) 27d | [NV130157-0371-31] 1u (V23) 27d | [NV130157-0371-25] 1u (V23) 27d | [NV130157-0371-28] 1u (V23) 27d | [NV130157-0371-27] 1u (V23) 27d | [NV130157-0371-26] 1u (V23) 27d | [NV130157-0371-36] 1u (V23) 27d | [OSSH140120-PINK-27] 1u (I25) 27d | [OSSH140120-PINK-31] 1u (I25) 27d
CLAGD/Stock/StorageGD/CLA-072-16-01-03;GOLD;V22+V24+I25;75;338.98;C+B;510;70;;[BJSH527060-OFFW-36] 2u (V24) 32d | [BJSH527060-OFFW-38] 1u (V24) 32d | [TESH516004-PINK-20] 2u (I25) 32d | [BJSH362003-SILV-35] 2u (I25) 510d | [BJSH362003-SILV-37] 2u (I25) 510d | [BJSH362003-SILV-38] 2u (I25) 510d | [BJSH362003-SILV-39] 2u (I25) 510d | [BJSH362003-SILV-40] 1u (I25) 510d;[MV232308-0037-40] 10u (V22) 32d | [MV232301-0020-39] 5u (V22) 32d | [MV232301-0020-40] 5u (V22) 32d | [BJSH527060-OFFW-37] 2u (V24) 32d | [BJSH527060-OFFW-35] 2u (V24) 32d | [BJSH527060-OFFW-34] 1u (V24) 32d | [BJSH527060-OFFW-33] 1u (V24) 32d | [BJSH527060-OFFW-32] 1u (V24) 32d | [BJSH527060-OFFW-40] 1u (V24) 32d | [BJSH527060-OFFW-39] 1u (V24) 32d | [MV232304-0020-37] 10u (V22) 32d | [TESH516004-PINK-21] 2u (I25) 32d | [TESH516004-PINK-22] 2u (I25) 32d | [TESH516004-PINK-25] 2u (I25) 32d | [TESH516004-PINK-24] 2u (I25) 32d | [TESH516004-PINK-23] 2u (I25) 32d | [BWSH362002-BLAC-36] 1u (I25) 510d | [BWSH362002-BLAC-37] 2u (I25) 510d | [BWSH362002-BLAC-38] 2u (I25) 510d | [BWSH362002-BLAC-39] 2u (I25) 510d | [BWSH362002-BLAC-40] 1u (I25) 510d | [BWSH362002-BLAC-41] 1u (I25) 510d | [BJSH362003-SILV-34] 1u (I25) 510d | [BJSH362003-SILV-36] 2u (I25) 510d;
CLAGD/Stock/StorageGD/CLA-044-04-01-03;GOLD;I25+V24;74;218.16;B+A+C;622;70;[COSH542065-TAN-29] 10u (I25) 434d;[COSH542065-TAN-32] 10u (I25) 434d | [BJSH355001-OFFW-36] 12u (V24) 622d | [COSH261030-PINK-30] 10u (I25) 172d | [COSH261030-PINK-29] 10u (I25) 172d | [COSH261030-PINK-29] 10u (I25) 172d;[BJSH355001-OFFW-33] 12u (V24) 622d;
CLAGD/Stock/StorageGD/CLA-044-05-01-01;GOLD;V25+I25+I24;74;180.30;B+D+A;515;70;[BJSH542020-TAN-41] 10u (I25) 158d | [BJSH542020-TAN-37] 10u (I25) 158d | [BJSH542020-TAN-41] 10u (I25) 187d;[BJSH376001-WHIT-30] 1u (V25) 315d | [BJSH376001-WHIT-35] 1u (V25) 315d | [BJSH376001-WHIT-37] 1u (V25) 315d | [BJSH376001-WHIT-41] 1u (V25) 315d | [BJSH376001-BEIG-30] 1u (V25) 315d | [BJSH376001-BEIG-33] 1u (V25) 315d | [BJSH376001-BEIG-41] 1u (V25) 315d | [COSH283092-MULT-29] 10u (I24) 515d | [COSH283092-MULT-29] 10u (I24) 515d;;[BJSH376001-WHIT-31] 1u (V25) 315d | [BJSH376001-WHIT-32] 1u (V25) 315d | [BJSH376001-WHIT-33] 1u (V25) 315d | [BJSH376001-WHIT-34] 1u (V25) 315d | [BJSH376001-WHIT-36] 1u (V25) 315d | [BJSH376001-WHIT-38] 1u (V25) 315d | [BJSH376001-WHIT-39] 1u (V25) 315d | [BJSH376001-WHIT-40] 1u (V25) 315d | [BJSH376001-BEIG-31] 1u (V25) 315d | [BJSH376001-BEIG-32] 1u (V25) 315d | [BJSH376001-BEIG-34] 1u (V25) 315d | [BJSH376001-BEIG-35] 1u (V25) 315d | [BJSH376001-BEIG-36] 1u (V25) 315d | [BJSH376001-BEIG-37] 1u (V25) 315d | [BJSH376001-BEIG-38] 1u (V25) 315d | [BJSH376001-BEIG-39] 1u (V25) 315d | [BJSH376001-BEIG-40] 1u (V25) 315d
CLAGD/Stock/StorageGD/CLA-047-03-01-01;GOLD;I25+I24+I17;74;123.72;A+B+D;581;90;[COSH542021-TAN-33] 6u (I25) 300d | [COSH542021-TAN-32] 2u (I25) 349d | [COSH542021-TAN-29] 7u (I25) 418d | [COSH542021-TAN-35] 2u (I25) 300d | [COSH542021-TAN-34] 3u (I25) 300d | [COSH542021-TAN-30] 1u (I25) 369d | [COSH542021-NAVY-27] 1u (I25) 284d | [COSH542021-TAN-25] 4u (I25) 439d | [COSH542021-TAN-30] 1u (I25) 369d | [COSH542021-TAN-28] 3u (I25) 276d | [COSH542021-TAN-29] 2u (I25) 418d | [COSH542021-TAN-27] 10u (I25) 444d;[COSH542021-NAVY-25] 6u (I25) 399d | [COSH542021-NAVY-22] 1u (I25) 305d | [COSH542021-NAVY-23] 3u (I25) 304d | [COSH542021-NAVY-24] 1u (I25) 433d | [BWSH368001-BLAC-36] 1u (I24) 489d | [BWSH368001-BLAC-37] 2u (I24) 489d | [BWSH368001-BLAC-38] 2u (I24) 489d | [BWSH368001-BLAC-39] 2u (I24) 489d | [BWSH368001-BLAC-40] 1u (I24) 489d | [BWSH368001-BLAC-41] 1u (I24) 489d | [HI222003-0020_-38] 3u (I17) 581d;;[HI222003-0020_-36] 2u (I17) 581d | [HI222003-0020_-37] 4u (I17) 581d | [HI222003-0020_-39] 2u (I17) 581d | [HI222003-0020_-40] 1u (I17) 581d
CLAGD/Stock/StorageGD/CLA-072-14-02-02;GOLD;V22+V20+V24;73;533.80;C+B;588;70;;[KV226817-0040-37] 2u (V20) 588d | [KV226817-0040-38] 4u (V20) 588d | [KV226817-0040-39] 3u (V20) 588d | [BJSH328029-BLAC-34] 2u (V24) 432d;[MV232305-0037-40] 1u (V22) 374d | [MV232305-0037-38] 3u (V22) 374d | [MV232305-0037-37] 4u (V22) 374d | [MV232305-0037-39] 2u (V22) 374d | [MV232305-0037-36] 1u (V22) 374d | [MV232304-0037-37] 2u (V22) 375d | [MV232304-0037-38] 2u (V22) 375d | [MV232304-0037-40] 1u (V22) 375d | [MV232304-0037-39] 2u (V22) 375d | [MV232304-0037-41] 1u (V22) 375d | [MV232304-0037-36] 1u (V22) 375d | [MV232304-0037-36] 1u (V22) 376d | [MV232304-0037-37] 2u (V22) 376d | [MV232304-0037-39] 2u (V22) 376d | [MV232304-0037-41] 1u (V22) 376d | [MV232304-0037-38] 2u (V22) 376d | [MV232304-0037-40] 1u (V22) 376d | [BJSH328029-BLAC-33] 1u (V24) 432d | [BJSH328029-BLAC-35] 1u (V24) 432d | [BJSH328029-BLAC-36] 2u (V24) 432d | [BJSH328029-BLAC-37] 2u (V24) 432d | [BJSH328029-BLAC-38] 1u (V24) 432d | [BJSH328029-BLAC-39] 1u (V24) 432d | [BJSH328029-BLAC-40] 1u (V24) 432d | [BWSH356001-FUCH-36] 1u (V24) 581d | [BWSH356001-FUCH-37] 2u (V24) 581d | [BWSH356001-FUCH-38] 3u (V24) 581d | [BWSH356001-FUCH-39] 3u (V24) 581d | [BWSH356001-FUCH-40] 2u (V24) 581d | [BWSH356001-FUCH-41] 1u (V24) 581d | [BJSH328029-MULT-33] 1u (V24) 406d | [BJSH328029-MULT-34] 2u (V24) 406d | [BJSH328029-MULT-35] 2u (V24) 406d | [BJSH328029-MULT-36] 2u (V24) 406d | [BJSH328029-MULT-37] 2u (V24) 406d | [BJSH328029-MULT-38] 1u (V24) 406d | [BJSH328029-MULT-39] 1u (V24) 406d | [BJSH328029-MULT-40] 1u (V24) 406d;
CLAGD/Stock/StorageGD/CLA-031-08-01-02;GOLD;I25;72;0.00;B+C;137;60;;[COSH244014-BLAC-25] 1u (I25) 137d | [COSH244014-BLAC-26] 1u (I25) 137d | [COSH244014-BLAC-27] 1u (I25) 137d | [COSH244014-BLAC-28] 1u (I25) 137d | [COSH244014-BLAC-29] 1u (I25) 137d | [COSH244014-BLAC-30] 1u (I25) 137d | [COSH244014-BLAC-31] 1u (I25) 137d | [COSH244014-BLAC-32] 1u (I25) 137d | [COSH244014-BLAC-33] 1u (I25) 137d | [COSH244014-BLAC-34] 1u (I25) 137d | [COSH244014-BLAC-35] 1u (I25) 137d | [COSH244014-BLAC-36] 1u (I25) 137d | [COSH244010-BLAC-32] 1u (I25) 137d | [COSH244010-BLAC-33] 1u (I25) 137d | [COSH244010-BLAC-34] 1u (I25) 137d | [COSH244010-BLAC-35] 1u (I25) 137d | [COSH244010-BLAC-36] 1u (I25) 137d | [COSH244010-BLAC-32] 1u (I25) 137d | [COSH244010-BLAC-33] 1u (I25) 137d | [COSH244010-BLAC-34] 1u (I25) 137d | [COSH244010-BLAC-35] 1u (I25) 137d | [COSH244010-BLAC-36] 1u (I25) 137d | [COSH244010-BLAC-32] 1u (I25) 137d | [COSH244010-BLAC-33] 1u (I25) 137d | [COSH244010-BLAC-34] 1u (I25) 137d | [COSH244010-BLAC-35] 1u (I25) 137d | [COSH244010-BLAC-36] 1u (I25) 137d | [COSH244010-BLAC-32] 1u (I25) 137d | [COSH244010-BLAC-33] 1u (I25) 137d | [COSH244010-BLAC-34] 1u (I25) 137d | [COSH244010-BLAC-35] 1u (I25) 137d | [COSH244010-BLAC-36] 1u (I25) 137d | [COSH244010-BLAC-32] 1u (I25) 137d | [COSH244010-BLAC-33] 1u (I25) 137d | [COSH244010-BLAC-34] 1u (I25) 137d | [COSH244010-BLAC-35] 1u (I25) 137d | [COSH244010-BLAC-36] 1u (I25) 137d;[COSH244010-BLAC-25] 1u (I25) 137d | [COSH244010-BLAC-26] 1u (I25) 137d | [COSH244010-BLAC-27] 1u (I25) 137d | [COSH244010-BLAC-28] 1u (I25) 137d | [COSH244010-BLAC-29] 1u (I25) 137d | [COSH244010-BLAC-30] 1u (I25) 137d | [COSH244010-BLAC-31] 1u (I25) 137d | [COSH244010-BLAC-25] 1u (I25) 137d | [COSH244010-BLAC-26] 1u (I25) 137d | [COSH244010-BLAC-27] 1u (I25) 137d | [COSH244010-BLAC-28] 1u (I25) 137d | [COSH244010-BLAC-29] 1u (I25) 137d | [COSH244010-BLAC-30] 1u (I25) 137d | [COSH244010-BLAC-31] 1u (I25) 137d | [COSH244010-BLAC-25] 1u (I25) 137d | [COSH244010-BLAC-26] 1u (I25) 137d | [COSH244010-BLAC-27] 1u (I25) 137d | [COSH244010-BLAC-28] 1u (I25) 137d | [COSH244010-BLAC-29] 1u (I25) 137d | [COSH244010-BLAC-30] 1u (I25) 137d | [COSH244010-BLAC-31] 1u (I25) 137d | [COSH244010-BLAC-25] 1u (I25) 137d | [COSH244010-BLAC-26] 1u (I25) 137d | [COSH244010-BLAC-27] 1u (I25) 137d | [COSH244010-BLAC-28] 1u (I25) 137d | [COSH244010-BLAC-29] 1u (I25) 137d | [COSH244010-BLAC-30] 1u (I25) 137d | [COSH244010-BLAC-31] 1u (I25) 137d | [COSH244010-BLAC-25] 1u (I25) 137d | [COSH244010-BLAC-26] 1u (I25) 137d | [COSH244010-BLAC-27] 1u (I25) 137d | [COSH244010-BLAC-28] 1u (I25) 137d | [COSH244010-BLAC-29] 1u (I25) 137d | [COSH244010-BLAC-30] 1u (I25) 137d | [COSH244010-BLAC-31] 1u (I25) 137d;
CLAGD/Stock/StorageGD/CLA-040-08-02-01;GENERIC;V22;72;871.20;C;727;60;;;[MV231602-0054-40] 12u (V22) 727d | [MV231602-0054-40] 8u (V22) 727d | [MV231602-0054-39] 4u (V22) 727d | [MV231602-0054-39] 12u (V22) 727d | [MV231602-0054-38] 12u (V22) 727d | [MV231602-0054-37] 12u (V22) 727d | [MV231602-0054-36] 8u (V22) 727d | [MV231602-0054-37] 4u (V22) 727d;
CLAGD/Stock/StorageGD/CLA-041-07-03-03;GENERIC;V24;72;491.04;C;661;60;;;[BJSH527066-MULT-39] 12u (V24) 661d | [BJSH527066-MULT-38] 12u (V24) 661d | [BJSH527066-MULT-37] 12u (V24) 661d | [BJSH527066-MULT-37] 12u (V24) 661d | [BJSH527066-MULT-36] 12u (V24) 661d | [BJSH527066-MULT-34] 12u (V24) 661d;
CLAGD/Stock/StorageGD/CLA-042-08-03-01;GOLD;I25;72;0.00;D+C;173;60;;;[COSH586025-SAND-34] 1u (I25) 173d | [COSH586025-SAND-35] 1u (I25) 173d | [COSH586025-SAND-36] 1u (I25) 173d | [COSH586025-SAND-34] 1u (I25) 173d | [COSH586025-SAND-35] 1u (I25) 173d | [COSH586025-SAND-36] 1u (I25) 173d | [COSH586020-SILV-27] 1u (I25) 173d | [COSH586020-SILV-28] 1u (I25) 173d | [COSH586020-SILV-30] 2u (I25) 173d | [COSH586020-SILV-34] 1u (I25) 173d | [COSH586020-SILV-27] 1u (I25) 173d | [COSH586020-SILV-28] 1u (I25) 173d | [COSH586020-SILV-30] 2u (I25) 173d | [COSH586020-SILV-34] 1u (I25) 173d | [COSH586020-GOLD-26] 1u (I25) 173d | [COSH586020-GOLD-32] 1u (I25) 173d | [COSH586020-GOLD-33] 1u (I25) 173d | [COSH586017-LEOP-26] 1u (I25) 173d | [COSH586017-LEOP-29] 1u (I25) 173d | [COSH586017-LEOP-30] 2u (I25) 173d | [COSH586017-LEOP-31] 1u (I25) 173d | [COSH586017-LEOP-33] 1u (I25) 173d | [COSH586017-LEOP-34] 1u (I25) 173d;[COSH586025-SAND-26] 1u (I25) 173d | [COSH586025-SAND-27] 1u (I25) 173d | [COSH586025-SAND-28] 1u (I25) 173d | [COSH586025-SAND-29] 1u (I25) 173d | [COSH586025-SAND-30] 2u (I25) 173d | [COSH586025-SAND-31] 1u (I25) 173d | [COSH586025-SAND-32] 1u (I25) 173d | [COSH586025-SAND-33] 1u (I25) 173d | [COSH586025-SAND-26] 1u (I25) 173d | [COSH586025-SAND-27] 1u (I25) 173d | [COSH586025-SAND-28] 1u (I25) 173d | [COSH586025-SAND-29] 1u (I25) 173d | [COSH586025-SAND-30] 2u (I25) 173d | [COSH586025-SAND-31] 1u (I25) 173d | [COSH586025-SAND-32] 1u (I25) 173d | [COSH586025-SAND-33] 1u (I25) 173d | [COSH586020-SILV-26] 1u (I25) 173d | [COSH586020-SILV-29] 1u (I25) 173d | [COSH586020-SILV-31] 1u (I25) 173d | [COSH586020-SILV-32] 1u (I25) 173d | [COSH586020-SILV-33] 1u (I25) 173d | [COSH586020-SILV-35] 1u (I25) 173d | [COSH586020-SILV-36] 1u (I25) 173d | [COSH586020-SILV-26] 1u (I25) 173d | [COSH586020-SILV-29] 1u (I25) 173d | [COSH586020-SILV-31] 1u (I25) 173d | [COSH586020-SILV-32] 1u (I25) 173d | [COSH586020-SILV-33] 1u (I25) 173d | [COSH586020-SILV-35] 1u (I25) 173d | [COSH586020-SILV-36] 1u (I25) 173d | [COSH586020-GOLD-27] 1u (I25) 173d | [COSH586020-GOLD-28] 1u (I25) 173d | [COSH586020-GOLD-29] 1u (I25) 173d | [COSH586020-GOLD-30] 2u (I25) 173d | [COSH586020-GOLD-31] 1u (I25) 173d | [COSH586020-GOLD-34] 1u (I25) 173d | [COSH586020-GOLD-35] 1u (I25) 173d | [COSH586020-GOLD-36] 1u (I25) 173d | [COSH586017-LEOP-27] 1u (I25) 173d | [COSH586017-LEOP-28] 1u (I25) 173d | [COSH586017-LEOP-32] 1u (I25) 173d | [COSH586017-LEOP-35] 1u (I25) 173d | [COSH586017-LEOP-36] 1u (I25) 173d
CLAGD/Stock/StorageGD/CLA-044-02-02-02;GOLD;V25;72;0.00;D+B;329;60;;[BJSH387001-BLAC-34] 1u (V25) 329d | [BJSH387001-BLAC-34] 1u (V25) 329d | [BJSH387001-BLAC-34] 1u (V25) 329d;;[BJSH387001-WHIT-32] 1u (V25) 329d | [BJSH387001-WHIT-33] 1u (V25) 329d | [BJSH387001-WHIT-34] 1u (V25) 329d | [BJSH387001-WHIT-35] 2u (V25) 329d | [BJSH387001-WHIT-36] 2u (V25) 329d | [BJSH387001-WHIT-37] 2u (V25) 329d | [BJSH387001-WHIT-38] 1u (V25) 329d | [BJSH387001-WHIT-39] 1u (V25) 329d | [BJSH387001-WHIT-40] 1u (V25) 329d | [BJSH387001-WHIT-32] 1u (V25) 329d | [BJSH387001-WHIT-33] 1u (V25) 329d | [BJSH387001-WHIT-34] 1u (V25) 329d | [BJSH387001-WHIT-35] 2u (V25) 329d | [BJSH387001-WHIT-36] 2u (V25) 329d | [BJSH387001-WHIT-37] 2u (V25) 329d | [BJSH387001-WHIT-38] 1u (V25) 329d | [BJSH387001-WHIT-39] 1u (V25) 329d | [BJSH387001-WHIT-40] 1u (V25) 329d | [BJSH387001-WHIT-32] 1u (V25) 329d | [BJSH387001-WHIT-33] 1u (V25) 329d | [BJSH387001-WHIT-34] 1u (V25) 329d | [BJSH387001-WHIT-35] 2u (V25) 329d | [BJSH387001-WHIT-36] 2u (V25) 329d | [BJSH387001-WHIT-37] 2u (V25) 329d | [BJSH387001-WHIT-38] 1u (V25) 329d | [BJSH387001-WHIT-39] 1u (V25) 329d | [BJSH387001-WHIT-40] 1u (V25) 329d | [BJSH387001-BLAC-32] 1u (V25) 329d | [BJSH387001-BLAC-33] 1u (V25) 329d | [BJSH387001-BLAC-35] 2u (V25) 329d | [BJSH387001-BLAC-36] 2u (V25) 329d | [BJSH387001-BLAC-37] 2u (V25) 329d | [BJSH387001-BLAC-38] 1u (V25) 329d | [BJSH387001-BLAC-39] 1u (V25) 329d | [BJSH387001-BLAC-40] 1u (V25) 329d | [BJSH387001-BLAC-32] 1u (V25) 329d | [BJSH387001-BLAC-33] 1u (V25) 329d | [BJSH387001-BLAC-35] 2u (V25) 329d | [BJSH387001-BLAC-36] 2u (V25) 329d | [BJSH387001-BLAC-37] 2u (V25) 329d | [BJSH387001-BLAC-38] 1u (V25) 329d | [BJSH387001-BLAC-39] 1u (V25) 329d | [BJSH387001-BLAC-40] 1u (V25) 329d | [BJSH387001-BLAC-32] 1u (V25) 329d | [BJSH387001-BLAC-33] 1u (V25) 329d | [BJSH387001-BLAC-35] 2u (V25) 329d | [BJSH387001-BLAC-36] 2u (V25) 329d | [BJSH387001-BLAC-37] 2u (V25) 329d | [BJSH387001-BLAC-38] 1u (V25) 329d | [BJSH387001-BLAC-39] 1u (V25) 329d | [BJSH387001-BLAC-40] 1u (V25) 329d
CLAGD/Stock/StorageGD/CLA-044-09-01-02;GOLD;I25+V24;72;171.10;A+C+B;581;70;[COSH542020-TAN-25] 10u (I25) 301d | [COSH542020-TAN-23] 10u (I25) 301d | [COSH542020-TAN-23] 10u (I25) 301d | [COSH542021-TAUP-28] 10u (I25) 418d | [BJSH542020-TAUP-33] 10u (I25) 347d;[BJSH542083-BLAC-34] 10u (I25) 495d;[OSSH122060-WHIT-19] 1u (V24) 581d | [OSSH122060-WHIT-20] 1u (V24) 581d | [OSSH122060-WHIT-21] 2u (V24) 581d | [OSSH122060-WHIT-22] 2u (V24) 581d | [OSSH122060-WHIT-23] 2u (V24) 581d | [OSSH122060-WHIT-24] 2u (V24) 581d | [OSSH122060-WHIT-25] 1u (V24) 581d | [OSSH122060-WHIT-26] 1u (V24) 581d;
CLAGD/Stock/StorageGD/CLA-045-06-01-02;GENERIC;I22;72;1154.88;B+A;581;60;[LI231010-0020-38] 3u (I22) 581d | [LI231010-0020-38] 3u (I22) 581d | [LI231010-0020-38] 3u (I22) 581d | [LI231010-0020-38] 3u (I22) 581d | [LI231010-0020-38] 3u (I22) 581d | [LI231010-0020-38] 3u (I22) 581d;[LI231010-0020-36] 1u (I22) 581d | [LI231010-0020-37] 2u (I22) 581d | [LI231010-0020-39] 3u (I22) 581d | [LI231010-0020-40] 2u (I22) 581d | [LI231010-0020-41] 1u (I22) 581d | [LI231010-0020-36] 1u (I22) 581d | [LI231010-0020-37] 2u (I22) 581d | [LI231010-0020-39] 3u (I22) 581d | [LI231010-0020-40] 2u (I22) 581d | [LI231010-0020-41] 1u (I22) 581d | [LI231010-0020-36] 1u (I22) 581d | [LI231010-0020-37] 2u (I22) 581d | [LI231010-0020-39] 3u (I22) 581d | [LI231010-0020-40] 2u (I22) 581d | [LI231010-0020-41] 1u (I22) 581d | [LI231010-0020-36] 1u (I22) 581d | [LI231010-0020-37] 2u (I22) 581d | [LI231010-0020-39] 3u (I22) 581d | [LI231010-0020-40] 2u (I22) 581d | [LI231010-0020-41] 1u (I22) 581d | [LI231010-0020-36] 1u (I22) 581d | [LI231010-0020-37] 2u (I22) 581d | [LI231010-0020-39] 3u (I22) 581d | [LI231010-0020-40] 2u (I22) 581d | [LI231010-0020-41] 1u (I22) 581d | [LI231010-0020-36] 1u (I22) 581d | [LI231010-0020-37] 2u (I22) 581d | [LI231010-0020-39] 3u (I22) 581d | [LI231010-0020-40] 2u (I22) 581d | [LI231010-0020-41] 1u (I22) 581d;;
CLAGD/Stock/StorageGD/CLA-045-06-01-03;GOLD;V25;71;0.00;D+B;329;60;;[COSH586002-MULT-28] 1u (V25) 315d | [COSH586002-MULT-30] 2u (V25) 315d | [COSH586002-MULT-31] 1u (V25) 315d | [COSH586002-MULT-28] 1u (V25) 315d | [COSH586002-MULT-30] 2u (V25) 315d | [COSH586002-MULT-31] 1u (V25) 315d | [COSH586002-MULT-28] 1u (V25) 315d | [COSH586002-MULT-30] 2u (V25) 315d | [COSH586002-MULT-31] 1u (V25) 315d | [BJSH300115-WHIT-34] 2u (V25) 301d | [BJSH300115-WHIT-38] 1u (V25) 301d | [BJSH300115-WHIT-39] 1u (V25) 301d | [BJSH300110-LEOP-35] 2u (V25) 301d | [BJSH300110-LEOP-37] 2u (V25) 301d | [BJSH300110-LEOP-38] 1u (V25) 301d;;[COSH586002-MULT-26] 1u (V25) 315d | [COSH586002-MULT-27] 1u (V25) 315d | [COSH586002-MULT-29] 2u (V25) 315d | [COSH586002-MULT-32] 1u (V25) 315d | [COSH586002-MULT-33] 1u (V25) 315d | [COSH586002-MULT-34] 1u (V25) 315d | [COSH586002-MULT-35] 1u (V25) 315d | [COSH586002-MULT-26] 1u (V25) 315d | [COSH586002-MULT-27] 1u (V25) 315d | [COSH586002-MULT-29] 2u (V25) 315d | [COSH586002-MULT-32] 1u (V25) 315d | [COSH586002-MULT-33] 1u (V25) 315d | [COSH586002-MULT-34] 1u (V25) 315d | [COSH586002-MULT-35] 1u (V25) 315d | [COSH586002-MULT-26] 1u (V25) 315d | [COSH586002-MULT-27] 1u (V25) 315d | [COSH586002-MULT-29] 2u (V25) 315d | [COSH586002-MULT-32] 1u (V25) 315d | [COSH586002-MULT-33] 1u (V25) 315d | [COSH586002-MULT-34] 1u (V25) 315d | [COSH586002-MULT-35] 1u (V25) 315d | [BJSH300115-WHIT-33] 1u (V25) 301d | [BJSH300115-WHIT-35] 2u (V25) 301d | [BJSH300115-WHIT-36] 2u (V25) 301d | [BJSH300115-WHIT-37] 2u (V25) 301d | [BJSH300115-WHIT-40] 1u (V25) 301d | [BJSH300110-LEOP-33] 1u (V25) 301d | [BJSH300110-LEOP-34] 2u (V25) 301d | [BJSH300110-LEOP-36] 2u (V25) 301d | [BJSH300110-LEOP-39] 1u (V25) 301d | [BJSH300110-LEOP-40] 1u (V25) 301d | [BJSH387001-WHIT-32] 1u (V25) 329d | [BJSH387001-WHIT-33] 1u (V25) 329d | [BJSH387001-WHIT-34] 1u (V25) 329d | [BJSH387001-WHIT-35] 1u (V25) 329d | [BJSH387001-WHIT-36] 2u (V25) 329d | [BJSH387001-WHIT-37] 2u (V25) 329d | [BJSH387001-WHIT-38] 1u (V25) 329d | [BJSH387001-WHIT-39] 1u (V25) 329d | [BJSH387001-WHIT-40] 1u (V25) 329d
CLAGD/Stock/StorageGD/CLAGD/Stock/EXTB2BGD/CLA-009-01-03-03;GOLD;I25;70;0.00;C+B;95;70;;[BJSH402006-BLAC-39] 10u (I25) 95d | [BJSH402002-TAUP-35] 10u (I25) 95d | [BJSH402001-TAN-40] 10u (I25) 95d;[BJSH402006-TAN-35] 10u (I25) 95d | [BJSH402006-TAN-35] 10u (I25) 95d | [BJSH402006-BLAC-36] 10u (I25) 95d | [BJSH402001-TAN-36] 10u (I25) 95d;
CLAGD/Stock/StorageGD/CLAGD/Stock/EXTB2BGD/CLA-009-02-01-02;GOLD;I25;70;420.60;B+A;151;70;[BJSH543001-TAUP-37] 10u (I25) 151d | [BJSH543001-TAUP-37] 10u (I25) 151d | [BJSH543001-TAUP-36] 10u (I25) 151d | [BJSH543001-TAUP-34] 10u (I25) 151d;[BJSH543008-BLAC-40] 10u (I25) 151d | [BJSH543001-TAUP-40] 10u (I25) 151d | [BJSH543001-TAUP-35] 10u (I25) 151d;;
CLAGD/Stock/StorageGD/CLA-009-02-03-03;GOLD;I25;70;350.50;B+A;151;70;[BJSH543001-TAUP-36] 10u (I25) 151d | [BJSH543001-TAUP-34] 10u (I25) 151d | [BJSH543001-TAN-38] 10u (I25) 151d | [BJSH543001-TAN-38] 10u (I25) 151d;[BJSH543008-BLAC-36] 10u (I25) 151d | [BJSH543008-BLAC-36] 10u (I25) 151d | [BJSH543001-TAUP-35] 10u (I25) 151d;;
CLAGD/Stock/StorageGD/CLAGD/Stock/EXTB2BGD/CLA-009-03-01-02;GOLD;I25;70;0.00;C+D;145;70;;;[COSH283121-PINK-24] 10u (I25) 145d | [COSH283119-PINK-31] 10u (I25) 145d | [COSH283119-PINK-28] 10u (I25) 145d | [COSH283119-PINK-28] 10u (I25) 145d;[COSH283119-PINK-27] 10u (I25) 145d | [COSH283119-PINK-27] 10u (I25) 145d | [COSH283119-PINK-24] 10u (I25) 145d
CLAGD/Stock/StorageGD/CLAGD/Stock/EXTB2BGD/CLA-009-03-01-03;GOLD;I25;70;0.00;B+C;145;70;;[BJSH402006-TAN-38] 10u (I25) 95d | [BJSH402006-TAN-38] 10u (I25) 95d | [BJSH402006-TAN-36] 10u (I25) 95d;[BJSH402006-TAN-34] 10u (I25) 95d | [COSH283121-PINK-28] 10u (I25) 145d | [COSH283120-SILV-24] 10u (I25) 145d | [COSH542107-PINK-36] 10u (I25) 138d;
CLAGD/Stock/StorageGD/CLAGD/Stock/EXTB2BGD/CLA-009-03-02-03;GOLD;I25;70;140.20;B+A;151;70;[BJSH543008-BLAC-37] 10u (I25) 151d | [BJSH543008-BLAC-35] 10u (I25) 151d | [BJSH543001-TAUP-36] 10u (I25) 151d | [BJSH543001-TAUP-34] 10u (I25) 151d;[BJSH543008-BLAC-41] 10u (I25) 151d | [BJSH543008-BLAC-38] 10u (I25) 151d | [BJSH543008-BLAC-38] 10u (I25) 151d;;
CLAGD/Stock/StorageGD/CLAGD/Stock/StorageGD/CLA-009-09-01-01;GOLD;I25;70;0.00;B+C+D;139;70;;[COSH542107-PINK-29] 10u (I25) 138d | [COSH542103-TAN-33] 10u (I25) 138d | [COSH542103-TAN-30] 10u (I25) 138d;[COSH542104-GOLD-32] 10u (I25) 138d | [COSH542104-GOLD-23] 10u (I25) 138d | [COSH542102-PINK-31] 10u (I25) 139d;[COSH542102-PINK-34] 10u (I25) 139d
CLAGD/Stock/StorageGD/CLAGD/Stock/StorageGD/CLA-009-09-02-02;GOLD;I25;70;0.00;A+B+C;109;70;[COSH542065-TAN-29] 10u (I25) 98d;[COSH542065-TAN-28] 10u (I25) 98d | [COSH542065-TAN-35] 10u (I25) 109d;[COSH542065-TAN-27] 10u (I25) 98d | [COSH542065-TAN-26] 10u (I25) 98d | [COSH542065-TAN-24] 10u (I25) 98d | [COSH542065-TAN-22] 10u (I25) 98d;
CLAGD/Stock/StorageGD/CLA-031-08-02-03;GOLD;I25;70;0.00;C;158;70;;;[BJSH542096-TAN-40] 10u (I25) 158d | [BJSH542096-TAN-39] 10u (I25) 158d | [BJSH542096-TAN-39] 10u (I25) 158d | [BJSH542096-TAN-38] 10u (I25) 158d | [BJSH542096-TAN-38] 10u (I25) 158d | [BJSH542096-TAN-36] 10u (I25) 158d | [BJSH542096-BEIG-39] 10u (I25) 158d;
CLAGD/Stock/StorageGD/CLA-031-11-01-02;GOLD;I25;70;0.00;C+B;144;70;;[COSH282107-SILV-33] 10u (I25) 144d | [COSH282107-SILV-29] 10u (I25) 144d | [COSH282107-SILV-29] 10u (I25) 144d | [COSH282107-SILV-28] 10u (I25) 144d | [COSH282107-SILV-28] 10u (I25) 144d;[COSH282107-SILV-35] 10u (I25) 144d | [COSH282107-SILV-31] 10u (I25) 144d;
CLAGD/Stock/StorageGD/CLA-040-02-02-01;GOLD;I25+I24;70;0.00;B+A;440;70;[COSH542020-NAVY-33] 10u (I25) 434d | [COSH542020-NAVY-33] 10u (I25) 434d;[COSH542020-NAVY-34] 10u (I25) 434d | [COSH542020-NAVY-34] 10u (I25) 434d | [COSH542020-NAVY-34] 10u (I25) 434d | [COSH542020-NAVY-34] 10u (I25) 434d | [COSH264004-NAVY-33] 10u (I24) 440d;;
CLAGD/Stock/StorageGD/CLA-040-05-01-03;GOLD;V23+I23+I24+I25;70;100.75;B+D+C;906;70;;[NV558663-0043-34] 3u (V23) 906d | [BJSH586076-BLAC-34] 2u (I23) 371d | [BWSH588003-ZEBR-36] 1u (I24) 371d | [BWSH368001-BLAC-36] 1u (I24) 489d | [BWSH368001-BLAC-37] 2u (I24) 489d | [BWSH368001-BLAC-38] 2u (I24) 489d | [BWSH368001-BLAC-39] 2u (I24) 489d | [BWSH368001-BLAC-40] 1u (I24) 489d | [BWSH368001-BLAC-41] 1u (I24) 489d | [BJSH362001-BLAC-40] 1u (I25) 510d;[BJSH586093-BROW-33] 1u (I24) 490d | [BJSH586093-BROW-34] 2u (I24) 490d | [BJSH586093-BROW-35] 2u (I24) 490d | [BJSH586093-BROW-36] 2u (I24) 490d | [BJSH586093-BROW-37] 2u (I24) 490d | [BJSH586093-BROW-38] 2u (I24) 490d | [BJSH586093-BROW-39] 1u (I24) 490d | [BJSH586093-BROW-26] 1u (I24) 490d | [BJSH586093-BROW-27] 1u (I24) 490d | [BJSH586093-BROW-28] 1u (I24) 490d | [BJSH586093-BROW-29] 1u (I24) 490d | [BJSH586093-BROW-30] 1u (I24) 490d | [BJSH586093-BROW-31] 1u (I24) 490d | [BJSH586093-BROW-32] 1u (I24) 490d | [BJSH586093-BROW-33] 1u (I24) 490d | [BJSH586093-BROW-34] 1u (I24) 490d | [BJSH586093-BROW-35] 1u (I24) 490d | [BJSH586093-BROW-36] 1u (I24) 490d | [BJSH586093-BROW-37] 1u (I24) 490d | [BJSH586093-BROW-26] 1u (I24) 490d | [BJSH586093-BROW-27] 1u (I24) 490d | [BJSH586093-BROW-28] 1u (I24) 490d | [BJSH586093-BROW-29] 1u (I24) 490d | [BJSH586093-BROW-30] 1u (I24) 490d | [BJSH586093-BROW-31] 1u (I24) 490d | [BJSH586093-BROW-32] 1u (I24) 490d | [BJSH586093-BROW-33] 1u (I24) 490d | [BJSH586093-BROW-34] 1u (I24) 490d | [BJSH586093-BROW-35] 1u (I24) 490d | [BJSH586093-BROW-36] 1u (I24) 490d | [BJSH586093-BROW-37] 1u (I24) 490d | [BWSH588003-ZEBR-37] 2u (I24) 371d | [BWSH588003-ZEBR-38] 3u (I24) 371d | [BWSH588003-ZEBR-39] 3u (I24) 371d | [BWSH588003-ZEBR-40] 2u (I24) 371d | [BWSH588003-ZEBR-41] 1u (I24) 371d;[NV558661-0011-32] 1u (V23) 588d | [NV558661-0011-33] 2u (V23) 588d | [NV558661-0011-35] 1u (V23) 588d | [NV558661-0011-31] 1u (V23) 588d | [NV558661-0011-34] 2u (V23) 588d
CLAGD/Stock/StorageGD/CLA-041-02-01-01;GOLD;I25;70;0.00;A;195;70;[COSH542021-NAVY-36] 10u (I25) 195d | [COSH542021-NAVY-34] 10u (I25) 195d | [COSH542021-NAVY-31] 10u (I25) 195d | [COSH542021-NAVY-30] 10u (I25) 195d | [COSH542021-NAVY-30] 10u (I25) 195d | [COSH542021-NAVY-29] 10u (I25) 195d | [COSH542021-NAVY-31] 10u (I25) 195d;;;
CLAGD/Stock/StorageGD/CLA-041-09-02-03;GOLD;I25;70;0.00;A;158;70;[BJSH543008-TAN-40] 10u (I25) 158d | [BJSH543008-TAN-38] 10u (I25) 158d | [BJSH543008-TAN-37] 10u (I25) 158d | [BJSH543008-TAN-37] 10u (I25) 158d | [BJSH543008-TAN-36] 10u (I25) 158d | [BJSH543008-TAN-35] 10u (I25) 158d | [BJSH543008-TAN-33] 10u (I25) 158d;;;
CLAGD/Stock/StorageGD/CLA-042-01-03-01;GOLD;I25;70;0.00;C+D;172;70;;;[COSH224054-PINK-32] 10u (I25) 172d | [COSH224054-PINK-31] 10u (I25) 172d | [COSH224054-PINK-31] 10u (I25) 172d | [COSH224054-PINK-31] 10u (I25) 172d | [COSH224054-PINK-26] 10u (I25) 172d;[COSH224054-PINK-28] 10u (I25) 172d | [COSH224054-PINK-28] 10u (I25) 172d
CLAGD/Stock/StorageGD/CLA-042-05-03-01;GOLD;I25;70;428.40;A;209;70;[BJSH542021-TAN-37] 10u (I25) 209d | [BJSH542021-TAN-37] 10u (I25) 209d | [BJSH542021-TAN-37] 10u (I25) 209d | [BJSH542021-TAN-37] 10u (I25) 209d | [BJSH542021-TAN-37] 10u (I25) 209d | [BJSH542021-TAN-34] 10u (I25) 209d | [BJSH542021-TAN-33] 10u (I25) 209d;;;
CLAGD/Stock/StorageGD/CLA-042-07-01-02;GOLD;I25;70;0.00;A;187;70;[COSH542083-TAN-36] 10u (I25) 187d | [COSH542083-TAN-34] 10u (I25) 187d | [COSH542083-TAN-33] 10u (I25) 187d | [COSH542083-TAN-31] 10u (I25) 187d | [COSH542083-TAN-30] 10u (I25) 187d | [COSH542083-TAN-29] 10u (I25) 187d | [COSH542083-TAN-28] 10u (I25) 187d;;;
CLAGD/Stock/StorageGD/CLA-043-02-02-01;GOLD;I25;70;420.70;A;432;70;[BJSH542020-TAN-34] 10u (I25) 432d | [BJSH542020-TAN-33] 10u (I25) 432d | [BJSH542020-TAN-33] 10u (I25) 376d | [BJSH542020-TAUP-34] 10u (I25) 418d | [BJSH542020-TAUP-34] 10u (I25) 418d | [BJSH542020-TAUP-34] 10u (I25) 418d | [BJSH542020-TAUP-34] 10u (I25) 418d;;;
CLAGD/Stock/StorageGD/CLA-043-03-03-02;GOLD;I25;70;0.00;A+B;434;70;[COSH542020-TAUP-36] 10u (I25) 434d | [COSH542020-TAUP-36] 10u (I25) 434d | [COSH542020-TAUP-35] 10u (I25) 434d | [COSH542020-TAUP-35] 10u (I25) 434d | [COSH542020-TAUP-35] 10u (I25) 434d | [COSH542020-TAUP-35] 10u (I25) 434d;[COSH542020-TAUP-34] 10u (I25) 434d;;
CLAGD/Stock/StorageGD/CLA-043-05-03-01;GOLD;I25;70;0.00;B;434;70;;[COSH542020-TAUP-34] 10u (I25) 434d | [COSH542020-TAUP-34] 10u (I25) 434d | [COSH542020-TAUP-34] 10u (I25) 434d | [COSH542020-TAUP-34] 10u (I25) 434d | [COSH542020-TAUP-34] 10u (I25) 434d | [COSH542020-TAUP-34] 10u (I25) 434d | [COSH542020-TAUP-34] 10u (I25) 434d;;
CLAGD/Stock/StorageGD/CLA-043-06-02-01;GOLD;I25;70;0.00;A;434;70;[COSH542020-TAN-26] 10u (I25) 434d | [COSH542020-TAN-25] 10u (I25) 434d | [COSH542020-TAN-24] 10u (I25) 434d | [COSH542020-TAN-24] 10u (I25) 434d | [COSH542020-TAN-23] 10u (I25) 434d | [COSH542021-TAUP-25] 10u (I25) 433d | [COSH542021-TAUP-25] 10u (I25) 433d;;;
CLAGD/Stock/StorageGD/CLA-043-06-02-02;GOLD;I25;70;0.00;A;433;70;[COSH542021-TAUP-25] 10u (I25) 433d | [COSH542021-TAUP-25] 10u (I25) 433d | [COSH542021-TAUP-25] 10u (I25) 433d | [COSH542021-TAUP-24] 10u (I25) 433d | [COSH542021-TAUP-24] 10u (I25) 433d | [COSH542021-TAUP-24] 10u (I25) 433d | [COSH542021-TAUP-24] 10u (I25) 433d;;;
CLAGD/Stock/StorageGD/CLA-043-06-03-02;GENERIC;V22;70;639.10;C;727;70;;;[MV232305-0037-40] 10u (V22) 727d | [MV232305-0037-38] 10u (V22) 727d | [MV232305-0020-41] 10u (V22) 727d | [MV232305-0020-39] 10u (V22) 727d | [MV232305-0020-38] 10u (V22) 727d | [MV232305-0020-37] 10u (V22) 727d | [MV232305-0020-36] 10u (V22) 727d;
CLAGD/Stock/StorageGD/CLA-043-08-02-01;GOLD;I25;70;420.70;A;158;70;[BJSH542020-TAN-38] 10u (I25) 158d | [BJSH542020-TAN-37] 10u (I25) 158d | [BJSH542020-TAN-37] 10u (I25) 158d | [BJSH542020-TAN-37] 10u (I25) 158d | [BJSH542020-TAN-37] 10u (I25) 158d | [BJSH542020-TAN-37] 10u (I25) 158d | [BJSH542020-TAN-35] 10u (I25) 158d;;;
CLAGD/Stock/StorageGD/CLA-044-03-03-03;GOLD;I25;70;0.00;A;175;70;[COSH542021-TAN-35] 10u (I25) 175d | [COSH542021-TAN-35] 10u (I25) 175d | [COSH542021-TAN-31] 10u (I25) 175d | [COSH542021-TAN-30] 10u (I25) 175d | [COSH542021-TAN-30] 10u (I25) 175d | [COSH542021-TAN-30] 10u (I25) 175d | [COSH542021-TAN-30] 10u (I25) 175d;;;
CLAGD/Stock/StorageGD/CLA-044-07-01-01;GOLD;I25;70;428.40;A;209;70;[BJSH542021-TAUP-35] 10u (I25) 209d | [BJSH542021-TAUP-35] 10u (I25) 209d | [BJSH542021-TAUP-35] 10u (I25) 209d | [BJSH542021-TAUP-34] 10u (I25) 209d | [BJSH542021-TAUP-34] 10u (I25) 209d | [BJSH542021-TAUP-33] 10u (I25) 209d | [BJSH542021-TAUP-33] 10u (I25) 209d;;;
CLAGD/Stock/StorageGD/CLA-044-07-01-03;GOLD;I25;70;428.40;A;209;70;[BJSH542021-TAUP-37] 10u (I25) 209d | [BJSH542021-TAUP-35] 10u (I25) 209d | [BJSH542021-TAUP-35] 10u (I25) 209d | [BJSH542021-TAUP-35] 10u (I25) 209d | [BJSH542021-TAUP-34] 10u (I25) 209d | [BJSH542021-TAUP-34] 10u (I25) 209d | [BJSH542021-TAUP-34] 10u (I25) 209d;;;
CLAGD/Stock/StorageGD/CLA-044-08-01-01;GOLD;I25;70;428.40;A;209;70;[BJSH542021-TAUP-41] 10u (I25) 209d | [BJSH542021-TAUP-38] 10u (I25) 209d | [BJSH542021-TAUP-38] 10u (I25) 209d | [BJSH542021-TAUP-38] 10u (I25) 209d | [BJSH542021-TAUP-37] 10u (I25) 209d | [BJSH542021-TAUP-35] 10u (I25) 209d | [BJSH542021-TAUP-34] 10u (I25) 209d;;;
CLAGD/Stock/StorageGD/CLA-045-03-03-03;GOLD;V25;70;0.00;D+B;301;70;;[COSH283106-WHIT-27] 10u (V25) 301d | [COSH284097-MULT-27] 10u (V25) 301d;;[COSH283110-MULT-32] 10u (V25) 301d | [COSH283110-MULT-30] 10u (V25) 301d | [COSH283110-MULT-29] 10u (V25) 301d | [COSH283106-WHIT-32] 10u (V25) 301d | [COSH283106-WHIT-30] 10u (V25) 301d
CLAGD/Stock/StorageGD/CLA-045-08-03-01;GOLD;I25;70;0.00;A;175;70;[COSH542021-TAN-36] 10u (I25) 175d | [COSH542021-TAN-30] 10u (I25) 175d | [COSH542021-TAN-30] 10u (I25) 175d | [COSH542021-TAN-28] 10u (I25) 175d | [COSH542021-TAN-25] 10u (I25) 175d | [COSH542021-TAN-23] 10u (I25) 175d | [COSH542021-TAN-23] 10u (I25) 175d;;;
CLAGD/Stock/StorageGD/CLA-046-05-02-01;GOLD;I25;70;0.00;A;202;70;[COSH542021-BLAC-35] 10u (I25) 202d | [COSH542021-BLAC-35] 10u (I25) 202d | [COSH542021-BLAC-34] 10u (I25) 202d | [COSH542021-BLAC-34] 10u (I25) 202d | [COSH542021-BLAC-32] 10u (I25) 202d | [COSH542021-BLAC-32] 10u (I25) 202d | [COSH542021-BLAC-30] 10u (I25) 202d;;;
CLAGD/Stock/StorageGD/CLA-047-03-01-03;GOLD;I25+V24;70;155.52;A+B+D+C;796;70;[BJSH542021-BLAC-38] 1u (I25) 430d | [BJSH542021-BLAC-36] 2u (I25) 430d | [BJSH542021-TAUP-33] 4u (I25) 347d | [BJSH542021-TAUP-35] 1u (I25) 445d;[BJSH542021-TAN-22] 2u (I25) 703d | [BJSH542021-NAVY-22] 1u (I25) 796d | [BJSH542021-NAVY-25] 1u (I25) 351d;[OSSH122064-SILV-22] 2u (V24) 587d | [OSSH122066-GOLD-24] 1u (V24) 587d | [OSSH122066-GOLD-25] 1u (V24) 587d | [OSSH122064-SILV-26] 2u (V24) 587d | [OSSH122064-SILV-24] 1u (V24) 587d | [OSSH122066-GOLD-22] 1u (V24) 587d | [OSSH122064-SILV-20] 1u (V24) 587d | [COSH300094-WHIT-25] 1u (V24) 581d | [COSH300094-WHIT-26] 1u (V24) 581d | [COSH300094-WHIT-27] 1u (V24) 581d | [COSH300094-WHIT-28] 1u (V24) 581d | [COSH300094-WHIT-29] 1u (V24) 581d | [COSH300094-WHIT-30] 1u (V24) 581d | [COSH300094-WHIT-31] 1u (V24) 581d | [COSH300094-WHIT-32] 1u (V24) 581d | [COSH300094-WHIT-33] 1u (V24) 581d | [COSH300094-WHIT-34] 1u (V24) 581d | [COSH300094-WHIT-35] 1u (V24) 581d | [COSH300094-WHIT-25] 1u (V24) 581d | [COSH300094-WHIT-26] 1u (V24) 581d | [COSH300094-WHIT-27] 1u (V24) 581d | [COSH300094-WHIT-28] 1u (V24) 581d | [COSH300094-WHIT-29] 1u (V24) 581d | [COSH300094-WHIT-30] 1u (V24) 581d | [COSH300094-WHIT-31] 1u (V24) 581d | [COSH300094-WHIT-32] 1u (V24) 581d | [COSH300094-WHIT-33] 1u (V24) 581d | [COSH300094-WHIT-34] 1u (V24) 581d | [COSH300094-WHIT-35] 1u (V24) 581d | [COSH300094-WHIT-25] 1u (V24) 581d | [COSH300094-WHIT-26] 1u (V24) 581d | [COSH300094-WHIT-27] 1u (V24) 581d | [COSH300094-WHIT-28] 1u (V24) 581d | [COSH300094-WHIT-29] 1u (V24) 581d | [COSH300094-WHIT-30] 1u (V24) 581d | [COSH300094-WHIT-31] 1u (V24) 581d | [COSH300094-WHIT-32] 1u (V24) 581d | [COSH300094-WHIT-33] 1u (V24) 581d | [COSH300094-WHIT-34] 1u (V24) 581d | [COSH300094-WHIT-35] 1u (V24) 581d | [COSH300092-WHIT-25] 1u (V24) 581d | [COSH300092-WHIT-26] 1u (V24) 581d | [COSH300092-WHIT-27] 1u (V24) 581d | [COSH300092-WHIT-28] 1u (V24) 581d | [COSH300092-WHIT-29] 1u (V24) 581d | [COSH300092-WHIT-30] 1u (V24) 581d | [COSH300092-WHIT-31] 1u (V24) 581d | [COSH300092-WHIT-32] 1u (V24) 581d | [COSH300092-WHIT-33] 1u (V24) 581d | [COSH300092-WHIT-34] 1u (V24) 581d | [COSH300092-WHIT-35] 1u (V24) 581d | [COSH300092-WHIT-36] 1u (V24) 581d;[BJSH542021-TAUP-31] 1u (I25) 297d | [COSH300094-WHIT-36] 1u (V24) 581d | [COSH300094-WHIT-36] 1u (V24) 581d | [COSH300094-WHIT-36] 1u (V24) 581d
CLAGD/Stock/StorageGD/CLA-047-03-03-02;GOLD;I25;70;0.00;B+C;172;70;;[COSH248002-PINK-30] 10u (I25) 172d | [COSH224055-PEWT-30] 10u (I25) 172d | [COSH224055-PEWT-28] 10u (I25) 172d;[COSH224055-PEWT-34] 10u (I25) 172d | [COSH224055-PEWT-32] 10u (I25) 172d | [COSH224055-PEWT-31] 10u (I25) 172d | [COSH224054-PINK-29] 10u (I25) 172d;
CLAGD/Stock/StorageGD/CLA-047-06-02-01;GOLD;I25;70;485.80;B+D;214;70;;[COSH249005-NAVY-35] 10u (I25) 214d | [COSH249005-NAVY-32] 10u (I25) 214d | [COSH249005-NAVY-31] 10u (I25) 214d | [COSH249005-NAVY-28] 10u (I25) 214d;;[COSH249005-NAVY-29] 10u (I25) 214d | [COSH249005-NAVY-25] 10u (I25) 214d | [COSH249005-GREY-33] 10u (I25) 214d
CLAGD/Stock/StorageGD/CLA-072-13-02-01;GOLD;I25+I23+I20+I24;70;572.54;B+D+C;33;60;;[COSH280001-NAVY-30] 1u (I25) 33d | [COSH280001-NAVY-29] 2u (I25) 33d | [COSH280002-NAVY-36] 1u (I25) 33d | [COSH280002-NAVY-35] 1u (I25) 33d | [COSH280001-NAVY-32] 2u (I25) 33d | [COSH280001-NAVY-35] 1u (I25) 33d | [COSH280002-NAVY-34] 2u (I25) 33d | [COSH280001-NAVY-28] 2u (I25) 33d | [COSH280001-NAVY-33] 1u (I25) 33d | [BWSH346002-BEIG-40] 1u (I23) 33d | [BWSH346002-BEIG-37] 2u (I23) 33d | [BWSH346002-BEIG-36] 1u (I23) 33d | [BWSH346002-BEIG-41] 1u (I23) 33d | [BWSH346002-BEIG-38] 2u (I23) 33d | [BWSH346002-BEIG-39] 2u (I23) 33d | [KV226810-0048-38] 3u (I20) 33d | [COSH200002-NAVY-34] 17u (I25) 33d | [BWSH347001-BLAC-36] 1u (I23) 33d | [BWSH347001-BLAC-41] 1u (I23) 33d | [BWSH347001-BLAC-38] 2u (I23) 33d | [BWSH347001-BLAC-37] 2u (I23) 33d | [BWSH347001-BLAC-39] 2u (I23) 33d | [BWSH347001-BLAC-40] 1u (I23) 33d;[COSH264002-PEWT-22] 10u (I24) 33d;[COSH280002-NAVY-32] 2u (I25) 33d | [COSH280001-NAVY-34] 1u (I25) 33d | [KV226810-0048-37] 2u (I20) 33d | [KV226810-0048-36] 1u (I20) 33d | [KV226810-0048-41] 1u (I20) 33d | [KV226810-0048-40] 1u (I20) 33d | [KV226810-0048-39] 1u (I20) 33d
CLAGD/Stock/StorageGD/CLA-072-15-02-02;GOLD;I25;70;0.00;A+B;452;70;[COSH542021-TAUP-26] 10u (I25) 433d;[COSH542020-BLAC-36] 10u (I25) 452d | [COSH542020-BLAC-35] 10u (I25) 452d | [COSH542020-BLAC-34] 10u (I25) 452d | [COSH542020-BLAC-34] 10u (I25) 452d | [COSH542020-BLAC-33] 10u (I25) 452d | [COSH542020-BLAC-33] 10u (I25) 452d;;
CLAGD/Stock/StorageGD/CLA-072-18-02-01;GOLD;I24;70;438.20;B;384;70;;[BJSH542090-BLAC-36] 10u (I24) 384d | [BJSH542090-BLAC-36] 10u (I24) 384d | [BJSH542090-BLAC-35] 10u (I24) 384d | [BJSH542090-BLAC-35] 10u (I24) 384d | [BJSH542090-BLAC-34] 10u (I24) 384d | [BJSH542090-BLAC-34] 10u (I24) 384d | [BJSH542090-BLAC-33] 10u (I24) 384d;;
CLAGD/Stock/StorageGD/CLA-072-20-03-01;GOLD;I25;70;420.70;A;139;70;[BJSH542020-TAUP-37] 10u (I25) 139d | [BJSH542020-TAUP-37] 10u (I25) 139d | [BJSH542020-TAUP-37] 10u (I25) 139d | [BJSH542020-TAUP-37] 10u (I25) 139d | [BJSH542020-TAUP-36] 10u (I25) 139d | [BJSH542020-TAUP-36] 10u (I25) 139d | [BJSH542020-TAUP-36] 10u (I25) 139d;;;
CLAGD/Stock/StorageGD/CLA-043-01-02-02;GOLD;V22+I25;69;554.69;C+B+D;452;60;;[MV231603-0053-39] 7u (V22) 389d | [MV231603-0053-39] 4u (V22) 389d | [MV231603-0053-39] 14u (V22) 389d | [COSH542020-BLAC-35] 10u (I25) 452d | [COSH542020-BLAC-31] 10u (I25) 452d;[MV231603-0053-41] 5u (V22) 389d | [MV231603-0053-41] 2u (V22) 389d | [MV231603-0053-41] 4u (V22) 389d | [MV232304-0020-37] 1u (V22) 389d | [MV232304-0037-40] 6u (V22) 389d;[MV231611-0001-38] 1u (V22) 389d | [MV231611-0001-39] 1u (V22) 389d | [MV231611-0001-40] 1u (V22) 389d | [MV231611-0001-36] 1u (V22) 389d | [MV231611-0001-37] 2u (V22) 389d
CLAGD/Stock/StorageGD/CLA-046-02-01-01;GOLD;I25+I20;69;416.61;A+B;139;70;[BJSH542020-TAUP-35] 10u (I25) 139d | [BJSH542020-TAUP-33] 10u (I25) 139d | [BJSH542020-TAN-37] 10u (I25) 139d | [BJSH542020-TAN-36] 10u (I25) 139d | [BJSH542020-BLAC-38] 10u (I25) 139d | [BJSH542020-BLAC-38] 10u (I25) 139d;[KI226831-0078-38] 2u (I20) 54d | [KI226831-0078-41] 1u (I20) 54d | [KI226826-0020-38] 2u (I20) 54d | [KI226826-0020-37] 1u (I20) 54d | [KI226831-0078-37] 1u (I20) 54d | [KI226831-0078-39] 1u (I20) 54d | [KI226831-0078-40] 1u (I20) 54d;;
CLAGD/Stock/StorageGD/CLA-043-09-01-03;GENERIC;I23+I25+V22+V23;68;517.58;B+D+C;727;70;;[BJSH542076-BLAC-30] 10u (I23) 581d | [COSH249005-GREY-34] 12u (I25) 727d | [NV128333-0001-34] 12u (V23) 727d;[MV232301-0020-40] 10u (V22) 727d | [MV232301-0020-38] 10u (V22) 727d;[COSH249005-GREY-36] 12u (I25) 727d | [NV126509-0207-27] 2u (V23) 371d
CLAGD/Stock/StorageGD/CLA-047-07-01-03;GOLD;V25+I24;68;37.56;D+B+C+A;384;70;[BJSH542090-GOLD-34] 4u (I24) 384d;[BJSH300114-BLAC-35] 2u (V25) 301d | [BJSH300114-BLAC-37] 2u (V25) 301d | [BJSH300114-BLAC-40] 1u (V25) 301d | [BJSH300113-MULT-35] 2u (V25) 301d | [COSH283111-MULT-30] 9u (V25) 301d | [OSSH104003-KHAK-24] 2u (V25) 299d | [BJSH542090-GOLD-41] 2u (I24) 356d;[COSH264020-WHIT-30] 9u (V25) 301d;[BJSH300114-BLAC-34] 2u (V25) 301d | [BJSH300114-BLAC-36] 2u (V25) 301d | [BJSH300114-BLAC-38] 1u (V25) 301d | [BJSH300114-BLAC-39] 1u (V25) 301d | [BJSH300113-MULT-34] 2u (V25) 301d | [BJSH300113-MULT-36] 2u (V25) 301d | [BJSH300113-MULT-37] 2u (V25) 301d | [BJSH300113-MULT-38] 1u (V25) 301d | [BJSH300113-MULT-39] 1u (V25) 301d | [BJSH300113-MULT-40] 1u (V25) 301d | [OSSH104003-KHAK-22] 1u (V25) 299d | [OSSH104003-KHAK-23] 1u (V25) 299d | [OSSH104003-KHAK-25] 2u (V25) 299d | [OSSH104003-KHAK-26] 2u (V25) 299d | [OSSH104003-KHAK-27] 1u (V25) 299d | [OSSH104003-KHAK-28] 1u (V25) 299d | [OSSH104003-KHAK-29] 1u (V25) 299d | [COSH260012-NAVY-27] 1u (V25) 299d | [COSH260012-NAVY-28] 1u (V25) 299d | [COSH260012-NAVY-29] 2u (V25) 299d | [COSH260012-NAVY-30] 1u (V25) 299d | [COSH260012-NAVY-31] 2u (V25) 299d | [COSH260012-NAVY-32] 2u (V25) 299d | [COSH260012-NAVY-33] 1u (V25) 299d | [COSH260012-NAVY-34] 1u (V25) 299d
CLAGD/Stock/StorageGD/CLA-041-05-03-02;GENERIC;V22;67;778.48;D+C;727;70;;;[MV231605-0020-40] 3u (V22) 727d | [MV231605-0020-40] 12u (V22) 727d | [MV231602-0054-39] 1u (V22) 727d | [MV231602-0054-40] 3u (V22) 727d | [MV231602-0054-37] 3u (V22) 727d | [MV231602-0054-38] 7u (V22) 727d | [MV231602-0054-39] 2u (V22) 727d | [MV231602-0054-39] 4u (V22) 727d | [MV231602-0054-40] 8u (V22) 727d;[MV231601-0020-40] 12u (V22) 727d | [MV231601-0020-40] 12u (V22) 727d
CLAGD/Stock/StorageGD/CLA-072-20-01-02;BLACK;V22+I25;67;667.64;D+C+B+A;495;60;[BJSH542083-BLAC-37] 10u (I25) 495d;[MV231603-0053-39] 1u (V22) 382d | [MV231601-0020-39] 1u (V22) 382d | [MV231601-0020-39] 3u (V22) 382d | [MV231601-0020-39] 1u (V22) 382d | [MV231603-0053-39] 2u (V22) 382d | [MV231603-0053-39] 2u (V22) 382d | [MV231611-0020-37] 1u (V22) 382d;[MV231602-0054-39] 1u (V22) 382d | [MV231602-0054-37] 2u (V22) 382d | [MV231602-0054-40] 1u (V22) 382d | [MV231602-0054-36] 2u (V22) 382d | [MV231602-0054-36] 1u (V22) 382d | [MV231602-0054-39] 3u (V22) 382d | [MV231602-0054-40] 2u (V22) 382d | [MV231602-0054-40] 2u (V22) 382d | [MV231602-0054-37] 1u (V22) 382d | [MV231605-0020-37] 2u (V22) 382d | [MV231602-0054-40] 1u (V22) 382d | [MV231602-0054-39] 3u (V22) 382d | [MV231605-0020-37] 3u (V22) 382d | [MV231602-0054-36] 2u (V22) 382d | [MV231602-0054-40] 1u (V22) 382d;[MV231601-0020-41] 2u (V22) 382d | [MV231601-0020-38] 2u (V22) 382d | [MV231601-0020-37] 2u (V22) 382d | [MV231601-0020-36] 1u (V22) 382d | [MV231601-0020-37] 3u (V22) 382d | [MV231601-0020-40] 2u (V22) 382d | [MV231601-0020-36] 1u (V22) 382d | [MV231601-0020-36] 2u (V22) 382d | [MV231601-0020-38] 1u (V22) 382d | [MV231601-0020-40] 1u (V22) 382d | [MV231601-0020-41] 1u (V22) 382d | [MV231601-0020-36] 1u (V22) 382d
CLAGD/Stock/StorageGD/CLA-042-02-01-03;BLACK;V22+I25+I11+I24;66;559.24;C+B+D;1265;60;;[MV231601-0001-37] 3u (V22) 1252d | [MV231605-0020-36] 2u (V22) 1063d | [COSH249005-GREY-34] 12u (I25) 551d | [BWSH368001-BLAC-36] 1u (I24) 489d | [BWSH368001-BLAC-37] 2u (I24) 489d | [BWSH368001-BLAC-38] 2u (I24) 489d | [BWSH368001-BLAC-39] 2u (I24) 489d | [BWSH368001-BLAC-40] 1u (I24) 489d | [BWSH368001-BLAC-41] 1u (I24) 489d;[MV231601-0001-39] 5u (V22) 727d | [MV231601-0001-36] 1u (V22) 1252d | [MV231601-0001-40] 1u (V22) 1265d | [MV231605-0001-40] 2u (V22) 1264d | [MV231601-0001-41] 1u (V22) 1265d | [MV231601-0001-40] 4u (V22) 1265d | [MV231601-0001-38] 1u (V22) 1265d | [MV231605-0020-39] 6u (V22) 1014d | [MV231605-0020-40] 2u (V22) 1014d | [MV231605-0020-37] 3u (V22) 1063d | [MV231605-0020-38] 1u (V22) 1014d | [MV231605-0020-41] 1u (V22) 1014d;[BI206500-0001-36] 3u (I11) 581d | [BI206500-0001-38] 6u (I11) 581d | [BI206500-0001-40] 3u (I11) 581d
CLAGD/Stock/StorageGD/CLA-042-03-01-03;GOLD;V22;66;540.85;C+B;1063;40;;[MV231605-0020-36] 4u (V22) 1063d | [MV231605-0020-36] 4u (V22) 1063d;[MV553202-0020-35] 4u (V22) 913d | [MV553202-0020-32] 3u (V22) 913d | [MV553202-0020-33] 2u (V22) 913d | [MV553202-0020-34] 4u (V22) 913d | [MV553202-0020-30] 6u (V22) 913d | [MV553202-0020-35] 2u (V22) 913d | [MV553202-0020-34] 4u (V22) 913d | [MV553202-0020-31] 5u (V22) 913d | [MV553202-0020-32] 1u (V22) 913d | [MV553202-0020-33] 5u (V22) 913d | [MV553202-0020-30] 1u (V22) 913d | [MV231605-0020-40] 4u (V22) 1014d | [MV231605-0020-37] 2u (V22) 1063d | [MV231605-0020-41] 5u (V22) 1014d | [MV231605-0020-37] 2u (V22) 1063d | [MV231605-0020-40] 3u (V22) 1014d | [MV231605-0020-38] 2u (V22) 1014d | [MV231605-0020-39] 2u (V22) 1014d | [MV231605-0020-41] 1u (V22) 1014d;
CLAGD/Stock/StorageGD/CLA-043-09-02-03;GOLD;I24;66;0.00;B+C;524;60;;[COSH283093-WHIT-35] 5u (I24) 216d | [COSH283093-WHIT-36] 4u (I24) 216d | [COSH283093-BLAC-35] 5u (I24) 216d | [COSH283093-BLAC-36] 4u (I24) 216d | [COSH264004-NAVY-31] 2u (I24) 423d | [COSH264004-NAVY-33] 2u (I24) 423d | [COSH264004-NAVY-34] 1u (I24) 423d | [COSH264004-NAVY-36] 1u (I24) 423d | [COSH264004-NAVY-31] 2u (I24) 423d | [COSH264004-NAVY-33] 2u (I24) 423d | [COSH264004-NAVY-34] 1u (I24) 423d | [COSH264004-NAVY-36] 1u (I24) 423d | [COSH264004-NAVY-31] 2u (I24) 524d | [COSH264004-NAVY-33] 2u (I24) 524d | [COSH264004-NAVY-34] 1u (I24) 524d | [COSH264004-NAVY-36] 1u (I24) 524d | [COSH264004-NAVY-31] 2u (I24) 413d | [COSH264004-NAVY-33] 2u (I24) 413d | [COSH264004-NAVY-34] 1u (I24) 413d | [COSH264004-NAVY-36] 1u (I24) 413d;[COSH264004-NAVY-29] 1u (I24) 423d | [COSH264004-NAVY-30] 2u (I24) 423d | [COSH264004-NAVY-32] 2u (I24) 423d | [COSH264004-NAVY-35] 1u (I24) 423d | [COSH264004-NAVY-29] 1u (I24) 423d | [COSH264004-NAVY-30] 2u (I24) 423d | [COSH264004-NAVY-32] 2u (I24) 423d | [COSH264004-NAVY-35] 1u (I24) 423d | [COSH264004-NAVY-29] 1u (I24) 524d | [COSH264004-NAVY-30] 2u (I24) 524d | [COSH264004-NAVY-32] 2u (I24) 524d | [COSH264004-NAVY-35] 1u (I24) 524d | [COSH264004-NAVY-29] 1u (I24) 413d | [COSH264004-NAVY-30] 2u (I24) 413d | [COSH264004-NAVY-32] 2u (I24) 413d | [COSH264004-NAVY-35] 1u (I24) 413d;
CLAGD/Stock/StorageGD/CLA-044-09-01-01;GOLD;I21+I20+V23+I23+I17;66;426.80;D+C+B;46;60;;[KIX102025-BLAC-21] 2u (I23) 46d | [KI226825-0078-40] 10u (I20) 46d | [KV226811-0020-36] 1u (I17) 46d | [KV226811-0020-40] 1u (I17) 46d | [KV226811-0020-41] 1u (I17) 46d | [KV226811-0020-38] 2u (I17) 46d | [KV226811-0020-39] 2u (I17) 46d | [KV226811-0020-37] 2u (I17) 46d | [KV226811-0020-37] 2u (I17) 46d | [KV226811-0020-39] 2u (I17) 46d | [KV226811-0020-38] 2u (I17) 46d | [KV226811-0020-36] 1u (I17) 46d | [KV226811-0020-40] 1u (I17) 46d | [KV226811-0020-41] 1u (I17) 46d;[LI230610-0011-37] 1u (I21) 46d | [KIS12225-0207-21] 1u (I20) 46d | [KIS12225-0207-26] 2u (I20) 46d | [KIS12225-0207-24] 1u (I20) 46d | [KIS12225-0207-23] 2u (I20) 46d | [KIS12225-0207-22] 2u (I20) 46d | [KIS12225-0207-25] 2u (I20) 46d | [KIS12225-0207-20] 1u (I20) 46d;[LI553902-0011-34] 3u (I21) 46d | [LI553902-0011-33] 1u (I21) 46d | [LI553902-0011-30] 1u (I21) 46d | [LI553902-0011-36] 2u (I21) 46d | [LI553902-0011-28] 2u (I21) 46d | [LI553902-0011-32] 1u (I21) 46d | [LI553902-0011-29] 1u (I21) 46d | [NVS12215-0043-25] 1u (V23) 46d | [NVS12215-0043-24] 2u (V23) 46d | [NVS12215-0043-22] 3u (V23) 46d | [NVS12215-0043-23] 2u (V23) 46d | [NVS12215-0043-19] 1u (V23) 46d | [NVS12215-0043-21] 2u (V23) 46d | [NVS12215-0043-20] 2u (V23) 46d
CLAGD/Stock/StorageGD/CLA-046-01-01-01;GOLD;V25+I25;66;0.00;D+B+C;434;60;;[BJSH300113-MULT-35] 2u (V25) 301d | [BJSH300113-MULT-35] 2u (V25) 301d | [COSH542065-TAUP-29] 10u (I25) 434d | [COSH301085-WHIT-26] 1u (V25) 315d | [COSH301085-WHIT-27] 1u (V25) 315d;[COSH301085-WHIT-25] 1u (V25) 315d | [COSH301085-WHIT-28] 1u (V25) 315d | [COSH301085-WHIT-29] 1u (V25) 315d | [COSH301085-WHIT-30] 1u (V25) 315d | [COSH301085-WHIT-31] 1u (V25) 315d | [COSH301085-WHIT-32] 1u (V25) 315d | [COSH301085-WHIT-33] 1u (V25) 315d | [COSH301085-WHIT-34] 1u (V25) 315d | [COSH301085-WHIT-35] 1u (V25) 315d | [COSH301085-WHIT-36] 1u (V25) 315d;[BJSH300113-MULT-33] 1u (V25) 301d | [BJSH300113-MULT-34] 2u (V25) 301d | [BJSH300113-MULT-36] 2u (V25) 301d | [BJSH300113-MULT-37] 2u (V25) 301d | [BJSH300113-MULT-38] 1u (V25) 301d | [BJSH300113-MULT-39] 1u (V25) 301d | [BJSH300113-MULT-40] 1u (V25) 301d | [BJSH300113-MULT-33] 1u (V25) 301d | [BJSH300113-MULT-34] 2u (V25) 301d | [BJSH300113-MULT-36] 2u (V25) 301d | [BJSH300113-MULT-37] 2u (V25) 301d | [BJSH300113-MULT-38] 1u (V25) 301d | [BJSH300113-MULT-39] 1u (V25) 301d | [BJSH300113-MULT-40] 1u (V25) 301d | [OSSH127012-MULT-23] 10u (V25) 301d | [OSSH127012-MULT-23] 10u (V25) 301d
CLAGD/Stock/StorageGD/CLA-072-17-02-02;GOLD;I25+V24+V22+I23;66;560.71;B+D+C+A;622;60;[COSH283005-WHIT-32] 10u (I23) 524d;[BJSH543001-TAUP-40] 10u (I25) 399d | [COSH200001-NAVY-27] 2u (I25) 315d | [COSH200001-NAVY-31] 2u (I25) 315d | [COSH200001-NAVY-30] 2u (I25) 315d | [COSH200001-NAVY-36] 2u (I25) 315d;[BWSH328025-ZEBR-38] 2u (V24) 306d | [BWSH328029-BLAC-38] 1u (V24) 312d | [BWSH328025-ZEBR-41] 1u (V24) 306d | [BJSH355001-OFFW-35] 12u (V24) 622d | [BJSH355001-BLAC-35] 12u (V24) 622d;[COSH200001-NAVY-33] 1u (I25) 315d | [COSH200001-NAVY-28] 2u (I25) 315d | [COSH200001-NAVY-25] 1u (I25) 315d | [COSH200001-NAVY-29] 1u (I25) 312d | [COSH200001-NAVY-35] 1u (I25) 315d | [COSH200001-NAVY-26] 1u (I25) 312d | [MV231601-0020-36] 1u (V22) 396d | [MV231601-0020-40] 2u (V22) 396d
CLAGD/Stock/StorageGD/CLA-009-06-03-03;GOLD;I25;65;0.00;A+B+C;109;60;[TESH501001-TAN-20] 5u (I25) 109d;[TESH501005-TAN-20] 2u (I25) 109d | [TESH501005-TAN-21] 2u (I25) 109d | [TESH501005-TAN-22] 2u (I25) 109d | [TESH501005-TAN-23] 2u (I25) 109d | [TESH501005-TAN-24] 2u (I25) 109d | [TESH501005-TAN-25] 2u (I25) 109d | [TESH501004-PINK-20] 2u (I25) 109d | [TESH501004-PINK-21] 2u (I25) 109d | [TESH501004-PINK-22] 2u (I25) 109d | [TESH501004-PINK-23] 2u (I25) 109d | [TESH501004-PINK-20] 2u (I25) 109d | [TESH501004-PINK-21] 2u (I25) 109d | [TESH501004-PINK-22] 2u (I25) 109d | [TESH501004-PINK-23] 2u (I25) 109d | [TESH501004-PINK-20] 2u (I25) 109d | [TESH501004-PINK-21] 2u (I25) 109d | [TESH501004-PINK-22] 2u (I25) 109d | [TESH501004-PINK-23] 2u (I25) 109d | [TESH501004-PINK-20] 2u (I25) 109d | [TESH501004-PINK-21] 2u (I25) 109d | [TESH501004-PINK-22] 2u (I25) 109d | [TESH501004-PINK-23] 2u (I25) 109d;[TESH501004-PINK-24] 2u (I25) 109d | [TESH501004-PINK-25] 2u (I25) 109d | [TESH501004-PINK-24] 2u (I25) 109d | [TESH501004-PINK-25] 2u (I25) 109d | [TESH501004-PINK-24] 2u (I25) 109d | [TESH501004-PINK-25] 2u (I25) 109d | [TESH501004-PINK-24] 2u (I25) 109d | [TESH501004-PINK-25] 2u (I25) 109d;
CLAGD/Stock/StorageGD/CLA-040-02-01-03;BLACK;I20;65;617.50;B;1321;50;;[KI229004-0020-37] 2u (I20) 587d | [KI229004-0020-39] 3u (I20) 587d | [KI229004-0020-38] 3u (I20) 587d | [KI229004-0020-36] 6u (I20) 587d | [KI229004-0022-37] 6u (I20) 1321d | [KI229004-0022-36] 2u (I20) 917d | [KI229004-0022-39] 5u (I20) 917d | [KI229004-0022-38] 2u (I20) 917d | [KI229004-0020-36] 5u (I20) 587d | [KI229004-0020-37] 8u (I20) 587d | [KI229004-0020-38] 1u (I20) 587d | [KI229004-0020-39] 1u (I20) 587d | [KI229004-0022-39] 3u (I20) 917d | [KI229004-0022-38] 4u (I20) 917d | [KI229004-0022-36] 4u (I20) 917d | [KI229004-0022-37] 3u (I20) 1321d | [KI229004-0022-41] 1u (I20) 917d | [KI229004-0020-37] 3u (I20) 587d | [KI229004-0020-36] 1u (I20) 587d | [KI229004-0022-37] 1u (I20) 1321d | [KI229004-0022-36] 1u (I20) 917d;;
CLAGD/Stock/StorageGD/CLA-045-08-01-03;GOLD;I25+V25;65;550.90;B+D+C;329;80;;[COSH280001-NAVY-30] 10u (I25) 222d | [COSH200002-NAVY-36] 10u (I25) 222d | [COSH200002-NAVY-27] 10u (I25) 222d | [TESH515019-VISO-25] 2u (I25) 173d;[COSH586018-ANTR-36] 1u (I25) 173d;[COSH200002-NAVY-30] 10u (I25) 222d | [COSH200002-NAVY-26] 10u (I25) 222d | [COSH319002-GREE-26] 2u (V25) 329d | [COSH319002-GREE-27] 2u (V25) 329d | [COSH319002-GREE-28] 2u (V25) 329d | [COSH319002-GREE-29] 2u (V25) 329d | [COSH319002-GREE-30] 2u (V25) 329d | [COSH319002-GREE-31] 2u (V25) 329d
CLAGD/Stock/StorageGD/CLA-040-07-02-01;GENERIC;I22+I25+V22;64;567.56;B+A+C;727;60;[LI231010-0020-38] 3u (I22) 581d | [LI231010-0020-38] 3u (I22) 581d;[LI231010-0020-36] 1u (I22) 581d | [LI231010-0020-37] 2u (I22) 581d | [LI231010-0020-39] 3u (I22) 581d | [LI231010-0020-40] 2u (I22) 581d | [LI231010-0020-41] 1u (I22) 581d | [LI231010-0020-36] 1u (I22) 581d | [LI231010-0020-37] 2u (I22) 581d | [LI231010-0020-39] 3u (I22) 581d | [LI231010-0020-40] 2u (I22) 581d | [LI231010-0020-41] 1u (I22) 581d;[COSH261031-SILV-29] 10u (I25) 172d | [COSH261031-SILV-27] 10u (I25) 172d | [MV232305-0020-39] 10u (V22) 727d | [MV232305-0020-39] 10u (V22) 727d;
CLAGD/Stock/StorageGD/CLA-072-14-01-03;GOLD;V24+I25+V23;64;346.62;C+A+D;321;60;[BJSH542020-NAVY-41] 10u (I25) 125d | [BJSH542020-TAN-38] 10u (I25) 125d | [BJSH542020-TAN-38] 10u (I25) 125d | [COSH542084-BRON-30] 10u (I25) 125d;;[BWSH300083-BLAC-38] 3u (V24) 125d | [BWSH300083-BLAC-39] 3u (V24) 125d | [BWSH300083-BLAC-41] 1u (V24) 125d | [BWSH300083-BLAC-40] 2u (V24) 125d | [BWSH300083-BLAC-37] 2u (V24) 125d | [BWSH300083-BLAC-36] 1u (V24) 125d;[NV128537-0037-34] 1u (V23) 321d | [NV128537-0037-30] 1u (V23) 321d | [NV128537-0037-31] 1u (V23) 321d | [NV128537-0037-35] 1u (V23) 321d | [NV128537-0037-27] 1u (V23) 321d | [NV128537-0037-26] 1u (V23) 321d | [NV128537-0037-25] 1u (V23) 321d | [NV128537-0037-24] 1u (V23) 321d | [NV128537-0037-33] 1u (V23) 321d | [NV128537-0037-28] 1u (V23) 321d | [NV128537-0037-29] 1u (V23) 321d | [NV128537-0037-32] 1u (V23) 321d
CLAGD/Stock/StorageGD/CLA-072-17-01-03;GENERIC;I25+I24+I23;64;254.90;B+C;692;60;;[BJSH542020-TAN-26] 10u (I25) 692d | [BJSH543001-BLAC-33] 10u (I25) 692d | [BJSH543001-TAN-33] 10u (I25) 399d | [BJSH373001-GOLD-32] 1u (I24) 432d | [BJSH373001-GOLD-33] 1u (I24) 432d | [BJSH373001-GOLD-35] 2u (I24) 432d | [BJSH373001-GOLD-36] 2u (I24) 432d | [BJSH373001-GOLD-37] 2u (I24) 432d | [BJSH373001-GOLD-38] 1u (I24) 432d | [BJSH373001-GOLD-39] 1u (I24) 432d | [BJSH373001-GOLD-40] 1u (I24) 432d | [BJSH373001-GOLD-32] 1u (I24) 417d | [BJSH373001-GOLD-33] 1u (I24) 417d | [BJSH373001-GOLD-35] 2u (I24) 417d | [BJSH373001-GOLD-36] 2u (I24) 417d | [BJSH373001-GOLD-37] 2u (I24) 417d | [BJSH373001-GOLD-38] 1u (I24) 417d | [BJSH373001-GOLD-39] 1u (I24) 417d | [BJSH373001-GOLD-40] 1u (I24) 417d | [COSH283005-WHIT-27] 10u (I23) 524d;[BJSH373001-GOLD-34] 1u (I24) 432d | [BJSH373001-GOLD-34] 1u (I24) 417d;
CLAGD/Stock/StorageGD/CLA-043-05-01-02;GOLD;I25;62;383.78;A+D;551;60;[BJSH542020-TAUP-36] 10u (I25) 397d | [BJSH542020-TAUP-36] 10u (I25) 397d | [BJSH542020-TAUP-36] 10u (I25) 397d | [BJSH542020-BLAC-33] 10u (I25) 446d | [BJSH542020-BLAC-35] 10u (I25) 446d;;;[COSH249005-GREY-33] 12u (I25) 551d
CLAGD/Stock/StorageGD/CLA-046-08-01-02;GOLD;I25;62;0.00;B+A;496;70;[BJSH542083-TAUP-36] 2u (I25) 430d | [BJSH542083-TAUP-35] 4u (I25) 430d | [BJSH542083-TAUP-41] 4u (I25) 298d | [BJSH542083-TAUP-34] 2u (I25) 496d | [COSH542065-TAUP-36] 1u (I25) 434d;[BJSH542083-TAUP-33] 12u (I25) 496d | [BJSH542083-TAUP-31] 4u (I25) 496d | [BJSH542083-BLAC-33] 7u (I25) 358d | [BJSH542083-BLAC-33] 9u (I25) 358d | [COSH542065-TAUP-32] 1u (I25) 315d | [COSH542065-TAUP-34] 1u (I25) 332d | [COSH542065-TAUP-35] 2u (I25) 333d | [COSH542065-TAUP-33] 1u (I25) 349d | [BJSH542083-BLAC-36] 7u (I25) 495d | [BJSH542083-BLAC-36] 3u (I25) 495d | [BJSH542083-BLAC-33] 1u (I25) 358d | [BJSH542083-BLAC-35] 1u (I25) 495d;;
CLAGD/Stock/StorageGD/CLA-040-01-02-01;GOLD;I22+V25+V22+I24+V24;61;254.69;B+C+D+A;13;60;[OSSH501003-ROSE-22] 2u (I24) 13d | [OSSH501003-ROSE-20] 2u (I24) 13d | [OSSH501003-ROSE-25] 2u (I24) 13d;[LI228708-0020-38] 1u (I22) 13d | [MV232104-0021-39] 1u (V22) 13d | [MV232106-0160-38] 1u (V22) 13d;[LI228708-0004-39] 1u (I22) 13d | [LI231007-0020-37] 1u (I22) 13d | [LI231007-0020-38] 1u (I22) 13d | [LI231007-0020-41] 1u (I22) 13d | [BWSH360001-LGOL-41] 1u (V25) 13d | [BWSH360001-LGOL-40] 1u (V25) 13d | [BWSH360001-LGOL-39] 2u (V25) 13d | [BWSH360001-LGOL-38] 2u (V25) 13d | [BWSH360001-LGOL-36] 1u (V25) 13d | [BWSH360001-LGOL-37] 2u (V25) 13d | [MV232105-0021-39] 4u (V22) 13d | [MV232105-0021-41] 1u (V22) 13d | [MV232104-0021-40] 1u (V22) 13d | [MV232106-0160-39] 1u (V22) 13d | [MV232105-0021-38] 2u (V22) 13d | [BJSH359001- BEIG-37] 1u (V24) 13d | [BJSH359001- BEIG-35] 1u (V24) 13d | [BJSH359001- BEIG-36] 2u (V24) 13d | [BJSH359001- BEIG-39] 1u (V24) 13d | [BJSH359001- BEIG-40] 1u (V24) 13d;[BJSH360003-BEIG-40] 1u (V25) 13d | [BJSH360003-BEIG-38] 1u (V25) 13d | [BJSH360003-BEIG-37] 2u (V25) 13d | [BJSH360003-BEIG-33] 1u (V25) 13d | [BJSH360003-BEIG-34] 2u (V25) 13d | [BJSH360003-BEIG-39] 1u (V25) 13d | [BJSH360003-BEIG-36] 2u (V25) 13d | [BJSH360003-BEIG-35] 2u (V25) 13d | [BJSH360003-BEIG-39] 1u (V25) 13d | [BJSH360003-BEIG-40] 1u (V25) 13d | [BJSH360003-BEIG-37] 2u (V25) 13d | [BJSH360003-BEIG-36] 2u (V25) 13d | [BJSH360003-BEIG-35] 2u (V25) 13d | [BJSH360003-BEIG-33] 1u (V25) 13d | [BJSH360003-BEIG-34] 2u (V25) 13d | [BJSH360003-BEIG-38] 1u (V25) 13d
CLAGD/Stock/StorageGD/CLA-009-01-03-01;GOLD;I25;60;420.60;B+A;151;60;[BJSH543001-TAUP-37] 10u (I25) 151d | [BJSH543001-TAUP-37] 10u (I25) 151d | [BJSH543001-TAUP-36] 10u (I25) 151d | [BJSH543001-TAUP-34] 10u (I25) 151d;[BJSH543001-TAUP-40] 10u (I25) 151d | [BJSH543001-TAUP-35] 10u (I25) 151d;;
CLAGD/Stock/StorageGD/CLAGD/Stock/EXTB2BGD/CLA-009-04-01-03;GOLD;I25;60;70.10;A;151;60;[BJSH543008-TAUP-39] 10u (I25) 151d | [BJSH543008-TAUP-39] 10u (I25) 151d | [BJSH543008-TAUP-37] 10u (I25) 151d | [BJSH543008-TAUP-37] 10u (I25) 151d | [BJSH543008-TAUP-37] 10u (I25) 151d | [BJSH543001-TAUP-38] 10u (I25) 151d;;;
CLAGD/Stock/StorageGD/CLAGD/Stock/EXTB2BGD/CLA-009-04-03-03;GOLD;I25;60;340.50;B+A;139;60;[BJSH543001-TAUP-38] 10u (I25) 139d | [BJSH543001-TAUP-37] 10u (I25) 139d | [BJSH542020-TAN-37] 10u (I25) 139d;[COSH542103-TAN-28] 10u (I25) 138d | [BJSH543001-TAUP-40] 10u (I25) 139d | [BJSH543001-TAUP-40] 10u (I25) 139d;;
CLAGD/Stock/StorageGD/CLA-009-06-01-01;GOLD;I25;60;0.00;B+C;95;50;;[BJSH402002-TAUP-36] 10u (I25) 95d | [BJSH402001-TAN-39] 10u (I25) 95d;[BJSH402002-TAUP-34] 10u (I25) 95d | [BJSH402001-TAUP-37] 10u (I25) 95d | [BJSH402001-TAUP-36] 10u (I25) 95d | [BJSH402001-TAUP-33] 10u (I25) 95d;
CLAGD/Stock/StorageGD/CLAGD/Stock/EXTB2BGD/CLA-009-07-02-03;GOLD;I25;60;360.60;A;139;60;[BJSH542020-TAN-41] 10u (I25) 139d | [BJSH542020-TAN-39] 10u (I25) 139d | [BJSH542020-TAN-39] 10u (I25) 139d | [BJSH542020-TAN-37] 10u (I25) 139d | [BJSH542020-TAN-37] 10u (I25) 139d | [BJSH542020-BLAC-35] 10u (I25) 139d;;;
CLAGD/Stock/StorageGD/CLAGD/Stock/EXTB2BGD/CLA-009-07-03-01;GOLD;I25;60;250.40;C+A;139;60;[BJSH543008-TAUP-40] 10u (I25) 139d | [BJSH543001-BLAC-37] 10u (I25) 139d | [BJSH542020-TAN-37] 10u (I25) 139d | [BJSH542020-TAN-37] 10u (I25) 139d | [BJSH542020-BLAC-35] 10u (I25) 139d;;[COSH542105-TAN-24] 10u (I25) 139d;
CLAGD/Stock/StorageGD/CLA-031-07-02-02;GOLD;I25;60;0.00;A+C;158;60;[BJSH543008-TAN-35] 10u (I25) 151d | [BJSH543008-TAN-35] 10u (I25) 157d | [BJSH543008-TAN-35] 10u (I25) 157d | [BJSH543008-TAN-35] 10u (I25) 157d | [BJSH543008-TAN-35] 10u (I25) 157d;;[BJSH542096-BEIG-39] 10u (I25) 158d;
CLAGD/Stock/StorageGD/CLA-031-09-02-02;GOLD;I25;60;0.00;C+B;137;50;;[COSH244017-PEWT-27] 1u (I25) 137d | [COSH244017-PEWT-29] 1u (I25) 137d | [COSH244017-PEWT-30] 1u (I25) 137d | [COSH244017-PEWT-31] 1u (I25) 137d | [COSH244017-PEWT-32] 1u (I25) 137d | [COSH244017-PEWT-33] 1u (I25) 137d | [COSH244017-PEWT-34] 1u (I25) 137d | [COSH244017-PEWT-35] 1u (I25) 137d | [COSH244017-PEWT-36] 1u (I25) 137d | [COSH244017-PEWT-27] 1u (I25) 137d | [COSH244017-PEWT-29] 1u (I25) 137d | [COSH244017-PEWT-30] 1u (I25) 137d | [COSH244017-PEWT-31] 1u (I25) 137d | [COSH244017-PEWT-32] 1u (I25) 137d | [COSH244017-PEWT-33] 1u (I25) 137d | [COSH244017-PEWT-34] 1u (I25) 137d | [COSH244017-PEWT-35] 1u (I25) 137d | [COSH244017-PEWT-36] 1u (I25) 137d | [COSH244017-PEWT-27] 1u (I25) 137d | [COSH244017-PEWT-29] 1u (I25) 137d | [COSH244017-PEWT-30] 1u (I25) 137d | [COSH244017-PEWT-31] 1u (I25) 137d | [COSH244017-PEWT-32] 1u (I25) 137d | [COSH244017-PEWT-33] 1u (I25) 137d | [COSH244017-PEWT-34] 1u (I25) 137d | [COSH244017-PEWT-35] 1u (I25) 137d | [COSH244017-PEWT-36] 1u (I25) 137d | [COSH244017-PEWT-27] 1u (I25) 137d | [COSH244017-PEWT-29] 1u (I25) 137d | [COSH244017-PEWT-30] 1u (I25) 137d | [COSH244017-PEWT-31] 1u (I25) 137d | [COSH244017-PEWT-32] 1u (I25) 137d | [COSH244017-PEWT-33] 1u (I25) 137d | [COSH244017-PEWT-34] 1u (I25) 137d | [COSH244017-PEWT-35] 1u (I25) 137d | [COSH244017-PEWT-36] 1u (I25) 137d | [COSH244017-PEWT-27] 1u (I25) 137d | [COSH244017-PEWT-29] 1u (I25) 137d | [COSH244017-PEWT-30] 1u (I25) 137d | [COSH244017-PEWT-31] 1u (I25) 137d | [COSH244017-PEWT-32] 1u (I25) 137d | [COSH244017-PEWT-33] 1u (I25) 137d | [COSH244017-PEWT-34] 1u (I25) 137d | [COSH244017-PEWT-35] 1u (I25) 137d | [COSH244017-PEWT-36] 1u (I25) 137d;[COSH244017-PEWT-25] 1u (I25) 137d | [COSH244017-PEWT-26] 1u (I25) 137d | [COSH244017-PEWT-28] 1u (I25) 137d | [COSH244017-PEWT-25] 1u (I25) 137d | [COSH244017-PEWT-26] 1u (I25) 137d | [COSH244017-PEWT-28] 1u (I25) 137d | [COSH244017-PEWT-25] 1u (I25) 137d | [COSH244017-PEWT-26] 1u (I25) 137d | [COSH244017-PEWT-28] 1u (I25) 137d | [COSH244017-PEWT-25] 1u (I25) 137d | [COSH244017-PEWT-26] 1u (I25) 137d | [COSH244017-PEWT-28] 1u (I25) 137d | [COSH244017-PEWT-25] 1u (I25) 137d | [COSH244017-PEWT-26] 1u (I25) 137d | [COSH244017-PEWT-28] 1u (I25) 137d;
CLAGD/Stock/StorageGD/CLA-031-11-03-03;GOLD;I25;60;0.00;C+D;145;50;;;[COSH317006-WHIT-27] 1u (I25) 145d | [COSH317006-WHIT-28] 1u (I25) 145d | [COSH317006-WHIT-30] 2u (I25) 145d | [COSH317006-WHIT-31] 2u (I25) 145d | [COSH317006-WHIT-32] 1u (I25) 145d | [COSH317006-WHIT-33] 1u (I25) 145d | [COSH317006-WHIT-35] 1u (I25) 145d | [COSH317006-WHIT-36] 1u (I25) 145d | [COSH317006-WHIT-27] 1u (I25) 145d | [COSH317006-WHIT-28] 1u (I25) 145d | [COSH317006-WHIT-30] 2u (I25) 145d | [COSH317006-WHIT-31] 2u (I25) 145d | [COSH317006-WHIT-32] 1u (I25) 145d | [COSH317006-WHIT-33] 1u (I25) 145d | [COSH317006-WHIT-35] 1u (I25) 145d | [COSH317006-WHIT-36] 1u (I25) 145d | [COSH317006-WHIT-27] 1u (I25) 145d | [COSH317006-WHIT-28] 1u (I25) 145d | [COSH317006-WHIT-30] 2u (I25) 145d | [COSH317006-WHIT-31] 2u (I25) 145d | [COSH317006-WHIT-32] 1u (I25) 145d | [COSH317006-WHIT-33] 1u (I25) 145d | [COSH317006-WHIT-35] 1u (I25) 145d | [COSH317006-WHIT-36] 1u (I25) 145d | [COSH317006-WHIT-27] 1u (I25) 145d | [COSH317006-WHIT-28] 1u (I25) 145d | [COSH317006-WHIT-30] 2u (I25) 145d | [COSH317006-WHIT-31] 2u (I25) 145d | [COSH317006-WHIT-32] 1u (I25) 145d | [COSH317006-WHIT-33] 1u (I25) 145d | [COSH317006-WHIT-35] 1u (I25) 145d | [COSH317006-WHIT-36] 1u (I25) 145d | [COSH317006-NAVY-27] 1u (I25) 145d | [COSH317006-NAVY-28] 1u (I25) 145d | [COSH317006-NAVY-30] 2u (I25) 145d | [COSH317006-NAVY-31] 2u (I25) 145d | [COSH317006-NAVY-32] 1u (I25) 145d | [COSH317006-NAVY-33] 1u (I25) 145d | [COSH317006-NAVY-34] 1u (I25) 145d | [COSH317006-NAVY-35] 1u (I25) 145d | [COSH317006-NAVY-36] 1u (I25) 145d;[COSH317006-WHIT-29] 1u (I25) 145d | [COSH317006-WHIT-34] 1u (I25) 145d | [COSH317006-WHIT-29] 1u (I25) 145d | [COSH317006-WHIT-34] 1u (I25) 145d | [COSH317006-WHIT-29] 1u (I25) 145d | [COSH317006-WHIT-34] 1u (I25) 145d | [COSH317006-WHIT-29] 1u (I25) 145d | [COSH317006-WHIT-34] 1u (I25) 145d | [COSH317006-NAVY-29] 1u (I25) 145d
CLAGD/Stock/StorageGD/CLA-031-12-01-01;GOLD;I25;60;0.00;B+C;144;60;;[TESH500015-OFFW-20] 10u (I25) 144d | [COSH282107-SILV-30] 10u (I25) 144d | [COSH264026-GOLD-30] 10u (I25) 144d;[COSH264026-GOLD-27] 10u (I25) 144d | [COSH264026-GOLD-24] 10u (I25) 144d | [COSH283115-BLAC-27] 10u (I25) 144d;
CLAGD/Stock/StorageGD/CLA-040-03-01-01;GOLD;I25;60;0.00;C+B;172;50;;[COSH224053-BLAC-30] 2u (I25) 147d | [COSH224053-BLAC-30] 2u (I25) 147d | [COSH224053-BLAC-30] 2u (I25) 172d | [COSH224053-BLAC-30] 2u (I25) 172d;[COSH282105-SILV-25] 1u (I25) 144d | [COSH282105-SILV-26] 1u (I25) 144d | [COSH282105-SILV-27] 1u (I25) 144d | [COSH282105-SILV-28] 1u (I25) 144d | [COSH282105-SILV-29] 1u (I25) 144d | [COSH282105-SILV-30] 1u (I25) 144d | [COSH282105-SILV-31] 1u (I25) 144d | [COSH282105-SILV-32] 1u (I25) 144d | [COSH282105-SILV-33] 1u (I25) 144d | [COSH282105-SILV-34] 1u (I25) 144d | [COSH282105-SILV-35] 1u (I25) 144d | [COSH282105-SILV-36] 1u (I25) 144d | [COSH224053-BLAC-25] 1u (I25) 147d | [COSH224053-BLAC-26] 1u (I25) 147d | [COSH224053-BLAC-27] 1u (I25) 147d | [COSH224053-BLAC-28] 1u (I25) 147d | [COSH224053-BLAC-29] 2u (I25) 147d | [COSH224053-BLAC-31] 1u (I25) 147d | [COSH224053-BLAC-32] 1u (I25) 147d | [COSH224053-BLAC-33] 1u (I25) 147d | [COSH224053-BLAC-34] 1u (I25) 147d | [COSH224053-BLAC-25] 1u (I25) 147d | [COSH224053-BLAC-26] 1u (I25) 147d | [COSH224053-BLAC-27] 1u (I25) 147d | [COSH224053-BLAC-28] 1u (I25) 147d | [COSH224053-BLAC-29] 2u (I25) 147d | [COSH224053-BLAC-31] 1u (I25) 147d | [COSH224053-BLAC-32] 1u (I25) 147d | [COSH224053-BLAC-33] 1u (I25) 147d | [COSH224053-BLAC-34] 1u (I25) 147d | [COSH224053-BLAC-25] 1u (I25) 172d | [COSH224053-BLAC-26] 1u (I25) 172d | [COSH224053-BLAC-27] 1u (I25) 172d | [COSH224053-BLAC-28] 1u (I25) 172d | [COSH224053-BLAC-29] 2u (I25) 172d | [COSH224053-BLAC-31] 1u (I25) 172d | [COSH224053-BLAC-32] 1u (I25) 172d | [COSH224053-BLAC-33] 1u (I25) 172d | [COSH224053-BLAC-34] 1u (I25) 172d | [COSH224053-BLAC-25] 1u (I25) 172d | [COSH224053-BLAC-26] 1u (I25) 172d | [COSH224053-BLAC-27] 1u (I25) 172d | [COSH224053-BLAC-28] 1u (I25) 172d | [COSH224053-BLAC-29] 2u (I25) 172d | [COSH224053-BLAC-31] 1u (I25) 172d | [COSH224053-BLAC-32] 1u (I25) 172d | [COSH224053-BLAC-33] 1u (I25) 172d | [COSH224053-BLAC-34] 1u (I25) 172d;
CLAGD/Stock/StorageGD/CLA-040-03-02-03;GOLD;I25;60;0.00;A+B;187;60;[BJSH542083-TAUP-35] 10u (I25) 187d | [BJSH542083-TAN-41] 10u (I25) 187d | [BJSH542083-TAN-39] 10u (I25) 187d | [BJSH542083-TAN-39] 10u (I25) 187d;[BJSH542083-TAN-33] 10u (I25) 187d | [BJSH542083-TAN-33] 10u (I25) 187d;;
CLAGD/Stock/StorageGD/CLA-040-04-02-02;GOLD;I25;60;0.00;C+B;510;50;;[TESH516001-NAVY-22] 2u (I25) 144d | [TESH516001-NAVY-24] 2u (I25) 144d | [TESH516001-NAVY-25] 2u (I25) 144d | [TESH516005-MULT-20] 2u (I25) 144d | [TESH516005-MULT-21] 2u (I25) 144d | [TESH516005-MULT-22] 2u (I25) 144d | [TESH516005-MULT-23] 2u (I25) 144d | [TESH516005-MULT-24] 2u (I25) 144d | [TESH516005-MULT-25] 2u (I25) 144d | [BJSH362002-BLAC-35] 2u (I25) 510d | [BJSH362002-BLAC-36] 2u (I25) 510d | [BJSH362002-BLAC-37] 2u (I25) 510d | [BJSH362002-BLAC-38] 2u (I25) 510d | [BJSH362002-BLAC-39] 2u (I25) 510d | [BJSH362002-BLAC-40] 1u (I25) 510d | [BJSH362002-BLAC-35] 2u (I25) 510d | [BJSH362002-BLAC-36] 2u (I25) 510d | [BJSH362002-BLAC-37] 2u (I25) 510d | [BJSH362002-BLAC-38] 2u (I25) 510d | [BJSH362002-BLAC-39] 2u (I25) 510d | [BJSH362002-BLAC-40] 1u (I25) 510d | [TESH516001-NAVY-22] 2u (I25) 74d | [TESH516001-NAVY-24] 2u (I25) 74d | [TESH516001-NAVY-25] 2u (I25) 74d;[TESH516001-NAVY-20] 2u (I25) 144d | [TESH516001-NAVY-21] 2u (I25) 144d | [TESH516001-NAVY-23] 2u (I25) 144d | [BJSH362002-BLAC-34] 1u (I25) 510d | [BJSH362002-BLAC-34] 1u (I25) 510d | [TESH516001-NAVY-20] 2u (I25) 74d | [TESH516001-NAVY-21] 2u (I25) 74d | [TESH516001-NAVY-23] 2u (I25) 74d;
CLAGD/Stock/StorageGD/CLA-040-04-03-03;GOLD;I25;60;0.00;C+B;123;60;;[OSSH112002-PINK-32] 10u (I25) 123d;[OSSH112003-KHAK-32] 10u (I25) 123d | [OSSH112003-KHAK-29] 10u (I25) 123d | [OSSH112003-KHAK-28] 10u (I25) 123d | [OSSH112003-KHAK-27] 10u (I25) 123d | [OSSH112002-PINK-27] 10u (I25) 123d;
CLAGD/Stock/StorageGD/CLA-041-03-01-03;GOLD;I24+I17;60;371.16;C+B+D;581;50;;[COSH264004-NAVY-31] 2u (I24) 524d | [COSH264004-NAVY-33] 2u (I24) 524d | [COSH264004-NAVY-34] 1u (I24) 524d | [COSH264004-NAVY-36] 1u (I24) 524d | [COSH264004-NAVY-31] 2u (I24) 524d | [COSH264004-NAVY-33] 2u (I24) 524d | [COSH264004-NAVY-34] 1u (I24) 524d | [COSH264004-NAVY-36] 1u (I24) 524d | [HI222003-0020_-38] 3u (I17) 581d | [HI222003-0020_-38] 3u (I17) 581d | [HI222003-0020_-38] 3u (I17) 581d;[COSH264004-NAVY-29] 1u (I24) 524d | [COSH264004-NAVY-30] 2u (I24) 524d | [COSH264004-NAVY-32] 2u (I24) 524d | [COSH264004-NAVY-35] 1u (I24) 524d | [COSH264004-NAVY-29] 1u (I24) 524d | [COSH264004-NAVY-30] 2u (I24) 524d | [COSH264004-NAVY-32] 2u (I24) 524d | [COSH264004-NAVY-35] 1u (I24) 524d;[HI222003-0020_-36] 2u (I17) 581d | [HI222003-0020_-37] 4u (I17) 581d | [HI222003-0020_-39] 2u (I17) 581d | [HI222003-0020_-40] 1u (I17) 581d | [HI222003-0020_-36] 1u (I17) 581d | [HI222003-0020_-37] 2u (I17) 581d | [HI222003-0020_-39] 3u (I17) 581d | [HI222003-0020_-40] 2u (I17) 581d | [HI222003-0020_-41] 1u (I17) 581d | [HI222003-0020_-36] 1u (I17) 581d | [HI222003-0020_-37] 2u (I17) 581d | [HI222003-0020_-39] 3u (I17) 581d | [HI222003-0020_-40] 2u (I17) 581d | [HI222003-0020_-41] 1u (I17) 581d
CLAGD/Stock/StorageGD/CLA-041-09-02-01;GOLD;I25;60;0.00;B;495;60;;[BJSH542083-BLAC-35] 10u (I25) 495d | [BJSH542083-BLAC-35] 10u (I25) 495d | [BJSH542083-BLAC-35] 10u (I25) 495d | [BJSH542083-BLAC-35] 10u (I25) 495d | [BJSH542083-BLAC-33] 10u (I25) 495d | [BJSH542083-BLAC-33] 10u (I25) 495d;;
CLAGD/Stock/StorageGD/CLA-041-09-02-02;GOLD;I25;60;0.00;A;158;60;[BJSH543008-TAN-39] 10u (I25) 158d | [BJSH543008-TAN-39] 10u (I25) 158d | [BJSH543008-TAN-37] 10u (I25) 158d | [BJSH543008-TAN-37] 10u (I25) 158d | [BJSH543008-TAN-37] 10u (I25) 158d | [BJSH543008-TAN-34] 10u (I25) 158d;;;
CLAGD/Stock/StorageGD/CLA-042-01-01-03;GENERIC;I11;60;533.40;D;581;50;;;;[BI206500-0001-36] 3u (I11) 581d | [BI206500-0001-38] 6u (I11) 581d | [BI206500-0001-40] 3u (I11) 581d | [BI206500-0001-36] 3u (I11) 581d | [BI206500-0001-38] 6u (I11) 581d | [BI206500-0001-40] 3u (I11) 581d | [BI206500-0001-36] 3u (I11) 581d | [BI206500-0001-38] 6u (I11) 581d | [BI206500-0001-40] 3u (I11) 581d | [BI206500-0001-36] 3u (I11) 581d | [BI206500-0001-38] 6u (I11) 581d | [BI206500-0001-40] 3u (I11) 581d | [BI206500-0001-36] 3u (I11) 581d | [BI206500-0001-38] 6u (I11) 581d | [BI206500-0001-40] 3u (I11) 581d
CLAGD/Stock/StorageGD/CLA-042-02-01-02;GOLD;I25+I23;60;349.60;A;524;50;[BJSH542020-TAUP-39] 10u (I25) 158d | [BJSH542020-TAUP-39] 10u (I25) 158d | [BJSH542020-TAUP-36] 10u (I25) 158d | [BJSH542020-TAUP-36] 10u (I25) 158d | [COSH283005-WHIT-32] 20u (I23) 524d;;;
CLAGD/Stock/StorageGD/CLA-042-04-01-02;GOLD;I23+I17+I22+I20;60;487.20;B+C+D;33;60;;[BWSH300074-WHIT-36] 1u (I23) 33d | [BWSH300074-WHIT-41] 1u (I23) 33d | [BWSH300074-WHIT-37] 2u (I23) 33d | [BWSH300074-WHIT-40] 2u (I23) 33d | [BWSH300074-WHIT-38] 3u (I23) 33d | [BWSH300074-WHIT-39] 3u (I23) 33d | [KV226811-0020-37] 3u (I17) 33d | [KV226811-0020-39] 2u (I17) 33d | [KV226811-0020-38] 2u (I17) 33d | [KV226811-0020-40] 1u (I17) 33d | [KV226811-0020-36] 1u (I17) 33d | [KV226811-0020-37] 2u (I17) 33d | [KV226811-0020-39] 2u (I17) 33d | [KV226811-0020-38] 2u (I17) 33d | [KV226811-0020-36] 1u (I17) 33d | [KV226811-0020-40] 1u (I17) 33d | [KV226811-0020-41] 1u (I17) 33d | [KV226810-0048-38] 2u (I20) 33d;[HI222101-0046-38] 3u (I17) 33d | [HI222101-0046-37] 4u (I17) 33d | [HI222101-0046-40] 1u (I17) 33d | [HI222101-0046-39] 2u (I17) 33d | [HI222101-0046-36] 1u (I17) 33d | [HI222101-0046-41] 1u (I17) 33d | [LI228709-0020-39] 2u (I22) 33d | [LI228709-0020-37] 2u (I22) 33d | [LI228709-0020-36] 1u (I22) 33d | [LI228709-0020-40] 1u (I22) 33d | [LI228709-0020-38] 2u (I22) 33d | [LI228709-0020-41] 1u (I22) 33d;[KV226810-0048-36] 1u (I20) 33d | [KV226810-0048-39] 2u (I20) 33d | [KV226810-0048-40] 1u (I20) 33d | [KV226810-0048-41] 1u (I20) 33d | [KV226810-0048-37] 2u (I20) 33d
CLAGD/Stock/StorageGD/CLA-042-04-03-01;GOLD;I25;60;360.60;A;158;60;[BJSH542020-TAN-37] 10u (I25) 158d | [BJSH542020-TAN-37] 10u (I25) 158d | [BJSH542020-TAN-37] 10u (I25) 158d | [BJSH542020-TAN-37] 10u (I25) 158d | [BJSH542020-TAN-37] 10u (I25) 158d | [BJSH542020-TAN-37] 10u (I25) 158d;;;
CLAGD/Stock/StorageGD/CLA-042-05-01-03;GOLD;I25;60;360.60;A;158;60;[BJSH542020-TAUP-36] 10u (I25) 158d | [BJSH542020-TAUP-36] 10u (I25) 158d | [BJSH542020-TAUP-35] 10u (I25) 158d | [BJSH542020-TAUP-35] 10u (I25) 158d | [BJSH542020-TAUP-33] 10u (I25) 158d | [BJSH542020-TAN-38] 10u (I25) 158d;;;
CLAGD/Stock/StorageGD/CLA-042-09-02-03;GOLD;I25+V22;60;380.50;A+B+C;727;60;[BJSH542020-NAVY-34] 10u (I25) 434d;[COSH542020-BLAC-35] 10u (I25) 452d;[MV232310-0026-39] 10u (V22) 727d | [MV232304-0020-41] 10u (V22) 727d | [MV232304-0020-39] 5u (V22) 727d | [MV232304-0020-40] 5u (V22) 727d | [MV232304-0020-37] 10u (V22) 727d;
CLAGD/Stock/StorageGD/CLA-043-02-03-01;GOLD;I25;60;0.00;B;434;60;;[COSH542020-TAUP-34] 10u (I25) 434d | [COSH542020-TAUP-34] 10u (I25) 434d | [COSH542020-TAUP-34] 10u (I25) 434d | [COSH542020-TAUP-34] 10u (I25) 434d | [COSH542020-TAUP-34] 10u (I25) 434d | [COSH542020-TAUP-34] 10u (I25) 434d;;
CLAGD/Stock/StorageGD/CLA-043-03-01-03;GOLD;I25;60;0.00;A+B;187;60;[COSH542083-TAUP-27] 10u (I25) 187d | [COSH542083-TAUP-27] 10u (I25) 187d | [COSH542083-TAUP-27] 10u (I25) 187d | [COSH542083-TAUP-27] 10u (I25) 187d | [COSH542083-TAN-22] 10u (I25) 187d;[COSH542083-TAUP-24] 10u (I25) 187d;;
CLAGD/Stock/StorageGD/CLA-043-04-02-02;GOLD;I25;60;0.00;B+A;434;60;[COSH542020-TAN-31] 10u (I25) 434d | [COSH542020-TAN-29] 10u (I25) 434d | [COSH542020-TAN-29] 10u (I25) 434d | [COSH542020-TAN-28] 10u (I25) 434d | [COSH542020-TAN-28] 10u (I25) 434d;[COSH542065-TAUP-28] 10u (I25) 434d;;
CLAGD/Stock/StorageGD/CLA-043-05-02-01;GOLD;I24+I25;60;370.60;A+B;418;60;[BJSH542090-GOLD-40] 10u (I24) 356d | [BJSH542090-GOLD-38] 10u (I24) 356d | [BJSH542020-TAUP-34] 10u (I25) 418d | [BJSH542020-TAUP-34] 10u (I25) 418d;[BJSH542090-GOLD-37] 10u (I24) 356d | [BJSH542090-GOLD-37] 10u (I24) 356d;;
CLAGD/Stock/StorageGD/CLA-043-05-02-03;GOLD;I25;60;360.60;A;418;60;[BJSH542020-TAN-33] 10u (I25) 409d | [BJSH542020-TAUP-37] 10u (I25) 409d | [BJSH542020-TAUP-37] 10u (I25) 409d | [BJSH542020-TAUP-37] 10u (I25) 409d | [BJSH542020-TAUP-36] 10u (I25) 409d | [BJSH542020-TAUP-34] 10u (I25) 418d;;;
CLAGD/Stock/StorageGD/CLA-043-06-03-03;GOLD;I25;60;0.00;A;434;60;[COSH542020-TAN-34] 10u (I25) 434d | [COSH542020-TAN-34] 10u (I25) 434d | [COSH542020-TAN-34] 10u (I25) 434d | [COSH542020-TAN-34] 10u (I25) 434d | [COSH542020-TAN-34] 10u (I25) 434d | [COSH542020-TAN-34] 10u (I25) 434d;;;
CLAGD/Stock/StorageGD/CLA-043-07-02-02;GOLD;I25;60;360.60;A;158;60;[BJSH542020-TAUP-40] 10u (I25) 158d | [BJSH542020-TAUP-36] 10u (I25) 158d | [BJSH542020-TAUP-35] 10u (I25) 158d | [BJSH542020-TAUP-35] 10u (I25) 158d | [BJSH542020-TAUP-35] 10u (I25) 158d | [BJSH542020-TAN-33] 10u (I25) 158d;;;
CLAGD/Stock/StorageGD/CLA-043-09-02-01;GOLD;I25;60;360.60;A;432;60;[BJSH542020-TAN-35] 10u (I25) 432d | [BJSH542020-TAN-35] 10u (I25) 432d | [BJSH542020-TAN-35] 10u (I25) 432d | [BJSH542020-TAN-34] 10u (I25) 432d | [BJSH542020-TAN-33] 10u (I25) 432d | [BJSH542020-TAN-33] 10u (I25) 371d;;;
CLAGD/Stock/StorageGD/CLA-044-05-02-03;GOLD;V25;60;0.00;B;343;60;;[COSH283101-MULT-31] 10u (V25) 343d | [COSH283101-MULT-29] 10u (V25) 343d | [COSH283101-MULT-29] 10u (V25) 343d | [COSH283101-MULT-27] 10u (V25) 343d | [COSH283101-MULT-25] 10u (V25) 343d | [COSH283101-MULT-22] 10u (V25) 343d;;
CLAGD/Stock/StorageGD/CLA-044-09-03-02;GOLD;I25;60;0.00;B+A;495;60;[COSH542083-TAUP-27] 10u (I25) 453d | [COSH542083-TAUP-25] 10u (I25) 453d | [COSH542020-TAN-34] 10u (I25) 434d | [COSH542020-TAN-29] 10u (I25) 434d;[BJSH542083-BLAC-36] 10u (I25) 495d | [BJSH542083-BLAC-35] 10u (I25) 495d;;
CLAGD/Stock/StorageGD/CLA-044-09-03-03;GOLD;I25;60;360.60;A;434;60;[BJSH542020-NAVY-36] 10u (I25) 434d | [BJSH542020-NAVY-36] 10u (I25) 434d | [BJSH542020-NAVY-36] 10u (I25) 434d | [BJSH542020-NAVY-33] 10u (I25) 434d | [BJSH542020-NAVY-33] 10u (I25) 434d | [BJSH542020-NAVY-33] 10u (I25) 434d;;;
CLAGD/Stock/StorageGD/CLA-045-03-03-02;GOLD;V25;60;0.00;D;272;50;;;;[BJSH377001-YELL-32] 1u (V25) 272d | [BJSH377001-YELL-33] 1u (V25) 272d | [BJSH377001-YELL-34] 1u (V25) 272d | [BJSH377001-YELL-35] 2u (V25) 272d | [BJSH377001-YELL-36] 2u (V25) 272d | [BJSH377001-YELL-37] 2u (V25) 272d | [BJSH377001-YELL-38] 1u (V25) 272d | [BJSH377001-YELL-39] 1u (V25) 272d | [BJSH377001-YELL-40] 1u (V25) 272d | [BJSH377001-YELL-32] 1u (V25) 272d | [BJSH377001-YELL-33] 1u (V25) 272d | [BJSH377001-YELL-34] 1u (V25) 272d | [BJSH377001-YELL-35] 2u (V25) 272d | [BJSH377001-YELL-36] 2u (V25) 272d | [BJSH377001-YELL-37] 2u (V25) 272d | [BJSH377001-YELL-38] 1u (V25) 272d | [BJSH377001-YELL-39] 1u (V25) 272d | [BJSH377001-YELL-40] 1u (V25) 272d | [BJSH377001-YELL-32] 1u (V25) 272d | [BJSH377001-YELL-33] 1u (V25) 272d | [BJSH377001-YELL-34] 1u (V25) 272d | [BJSH377001-YELL-35] 2u (V25) 272d | [BJSH377001-YELL-36] 2u (V25) 272d | [BJSH377001-YELL-37] 2u (V25) 272d | [BJSH377001-YELL-38] 1u (V25) 272d | [BJSH377001-YELL-39] 1u (V25) 272d | [BJSH377001-YELL-40] 1u (V25) 272d | [BJSH377001-YELL-32] 1u (V25) 272d | [BJSH377001-YELL-33] 1u (V25) 272d | [BJSH377001-YELL-34] 1u (V25) 272d | [BJSH377001-YELL-35] 2u (V25) 272d | [BJSH377001-YELL-36] 2u (V25) 272d | [BJSH377001-YELL-37] 2u (V25) 272d | [BJSH377001-YELL-38] 1u (V25) 272d | [BJSH377001-YELL-39] 1u (V25) 272d | [BJSH377001-YELL-40] 1u (V25) 272d | [BJSH377001-YELL-32] 1u (V25) 272d | [BJSH377001-YELL-33] 1u (V25) 272d | [BJSH377001-YELL-34] 1u (V25) 272d | [BJSH377001-YELL-35] 2u (V25) 272d | [BJSH377001-YELL-36] 2u (V25) 272d | [BJSH377001-YELL-37] 2u (V25) 272d | [BJSH377001-YELL-38] 1u (V25) 272d | [BJSH377001-YELL-39] 1u (V25) 272d | [BJSH377001-YELL-40] 1u (V25) 272d
CLAGD/Stock/StorageGD/CLA-045-04-03-03;GOLD;V25;60;0.00;B+D;272;50;;[BJSH377004-MULT-32] 1u (V25) 272d | [BJSH377004-MULT-36] 2u (V25) 272d | [BJSH377004-MULT-37] 2u (V25) 272d | [BJSH377004-MULT-38] 1u (V25) 272d | [BJSH377003-BLAC-36] 2u (V25) 272d | [BJSH377003-BLAC-38] 1u (V25) 272d | [BJSH377003-BLAC-36] 2u (V25) 272d | [BJSH377003-BLAC-38] 1u (V25) 272d | [BJSH377003-BLAC-36] 2u (V25) 272d | [BJSH377003-BLAC-38] 1u (V25) 272d | [BJSH377003-BLAC-36] 2u (V25) 272d | [BJSH377003-BLAC-38] 1u (V25) 272d;;[BJSH377004-MULT-33] 1u (V25) 272d | [BJSH377004-MULT-34] 1u (V25) 272d | [BJSH377004-MULT-35] 2u (V25) 272d | [BJSH377004-MULT-39] 1u (V25) 272d | [BJSH377004-MULT-40] 1u (V25) 272d | [BJSH377003-BLAC-32] 1u (V25) 272d | [BJSH377003-BLAC-33] 1u (V25) 272d | [BJSH377003-BLAC-34] 1u (V25) 272d | [BJSH377003-BLAC-35] 2u (V25) 272d | [BJSH377003-BLAC-37] 2u (V25) 272d | [BJSH377003-BLAC-39] 1u (V25) 272d | [BJSH377003-BLAC-40] 1u (V25) 272d | [BJSH377003-BLAC-32] 1u (V25) 272d | [BJSH377003-BLAC-33] 1u (V25) 272d | [BJSH377003-BLAC-34] 1u (V25) 272d | [BJSH377003-BLAC-35] 2u (V25) 272d | [BJSH377003-BLAC-37] 2u (V25) 272d | [BJSH377003-BLAC-39] 1u (V25) 272d | [BJSH377003-BLAC-40] 1u (V25) 272d | [BJSH377003-BLAC-32] 1u (V25) 272d | [BJSH377003-BLAC-33] 1u (V25) 272d | [BJSH377003-BLAC-34] 1u (V25) 272d | [BJSH377003-BLAC-35] 2u (V25) 272d | [BJSH377003-BLAC-37] 2u (V25) 272d | [BJSH377003-BLAC-39] 1u (V25) 272d | [BJSH377003-BLAC-40] 1u (V25) 272d | [BJSH377003-BLAC-32] 1u (V25) 272d | [BJSH377003-BLAC-33] 1u (V25) 272d | [BJSH377003-BLAC-34] 1u (V25) 272d | [BJSH377003-BLAC-35] 2u (V25) 272d | [BJSH377003-BLAC-37] 2u (V25) 272d | [BJSH377003-BLAC-39] 1u (V25) 272d | [BJSH377003-BLAC-40] 1u (V25) 272d
CLAGD/Stock/StorageGD/CLA-045-09-03-02;GOLD;V25;60;0.00;D+B;301;60;;[COSH283106-WHIT-27] 10u (V25) 301d | [COSH283103-PINK-32] 10u (V25) 301d | [COSH283103-PINK-31] 10u (V25) 301d;;[COSH283106-WHIT-30] 10u (V25) 301d | [COSH283106-WHIT-28] 10u (V25) 301d | [COSH283103-PINK-33] 10u (V25) 301d
CLAGD/Stock/StorageGD/CLA-072-14-02-03;GOLD;I25;60;420.60;B;385;60;;[BJSH543001-BLAC-34] 10u (I25) 385d | [BJSH543001-BLAC-34] 10u (I25) 385d | [BJSH543001-BLAC-34] 10u (I25) 385d | [BJSH543001-BLAC-34] 10u (I25) 385d | [BJSH543001-BLAC-34] 10u (I25) 385d | [BJSH543001-BLAC-34] 10u (I25) 385d;;
CLAGD/Stock/StorageGD/CLA-072-14-03-01;GOLD;I25;60;0.00;A;439;60;[COSH542020-NAVY-32] 10u (I25) 325d | [COSH542021-TAN-26] 10u (I25) 439d | [COSH542021-TAN-23] 10u (I25) 439d | [COSH542021-TAN-23] 10u (I25) 439d | [COSH542021-TAN-23] 10u (I25) 418d | [COSH542021-TAN-22] 10u (I25) 439d;;;
CLAGD/Stock/StorageGD/CLA-072-17-03-02;GOLD;I25;60;367.20;B+A;202;60;[BJSH542021-NAVY-40] 10u (I25) 202d | [BJSH542021-NAVY-40] 10u (I25) 202d | [BJSH542021-NAVY-39] 10u (I25) 202d | [BJSH542021-NAVY-38] 10u (I25) 202d | [BJSH542021-NAVY-38] 10u (I25) 202d;[BJSH542021-NAVY-41] 10u (I25) 202d;;
CLAGD/Stock/StorageGD/CLA-072-18-02-03;GOLD;I25;60;0.00;A+B;434;60;[COSH542020-TAUP-36] 10u (I25) 434d | [COSH542020-TAUP-36] 10u (I25) 434d | [COSH542020-TAUP-33] 10u (I25) 434d | [COSH542020-TAUP-33] 10u (I25) 434d | [COSH542020-TAUP-32] 10u (I25) 434d;[COSH542020-BLAC-34] 10u (I25) 434d;;
CLAGD/Stock/StorageGD/CLA-072-19-03-01;GOLD;I25;60;420.60;B+A;399;60;[BJSH543001-TAUP-34] 10u (I25) 385d;[BJSH543001-TAUP-40] 10u (I25) 399d | [BJSH543001-TAUP-40] 10u (I25) 399d | [BJSH543001-TAUP-40] 10u (I25) 385d | [BJSH543001-TAUP-35] 10u (I25) 385d | [BJSH543001-TAUP-33] 10u (I25) 399d;;
CLAGD/Stock/StorageGD/CLA-072-20-03-03;GOLD;I25;60;0.00;A;434;60;[COSH542020-NAVY-32] 10u (I25) 434d | [COSH542020-NAVY-32] 10u (I25) 434d | [COSH542020-NAVY-29] 10u (I25) 434d | [COSH542020-NAVY-29] 10u (I25) 434d | [COSH542020-NAVY-29] 10u (I25) 434d | [COSH542020-NAVY-29] 10u (I25) 434d;;;
CLAGD/Stock/StorageGD/CLA-044-04-01-02;GOLD;I25;59;0.00;C+B;137;50;;[COSH244017-PEWT-27] 1u (I25) 137d | [COSH244017-PEWT-29] 1u (I25) 137d | [COSH244017-PEWT-30] 1u (I25) 137d | [COSH244017-PEWT-31] 1u (I25) 137d | [COSH244017-PEWT-32] 1u (I25) 137d | [COSH244017-PEWT-33] 1u (I25) 137d | [COSH244017-PEWT-34] 1u (I25) 137d | [COSH244017-PEWT-35] 1u (I25) 137d | [COSH244017-PEWT-36] 1u (I25) 137d | [COSH244011-BURG-30] 1u (I25) 137d | [COSH244011-BURG-32] 1u (I25) 137d | [COSH244011-BURG-33] 1u (I25) 137d | [COSH244011-BURG-34] 1u (I25) 137d | [COSH244011-BURG-35] 1u (I25) 137d | [COSH244011-BURG-36] 1u (I25) 137d | [COSH244011-BURG-30] 1u (I25) 137d | [COSH244011-BURG-32] 1u (I25) 137d | [COSH244011-BURG-33] 1u (I25) 137d | [COSH244011-BURG-34] 1u (I25) 137d | [COSH244011-BURG-35] 1u (I25) 137d | [COSH244011-BURG-36] 1u (I25) 137d | [COSH244011-BURG-30] 1u (I25) 137d | [COSH244011-BURG-32] 1u (I25) 137d | [COSH244011-BURG-33] 1u (I25) 137d | [COSH244011-BURG-34] 1u (I25) 137d | [COSH244011-BURG-35] 1u (I25) 137d | [COSH244011-BURG-36] 1u (I25) 137d | [COSH244008-BLAC-26] 1u (I25) 137d | [COSH244008-BLAC-29] 1u (I25) 137d | [COSH244008-BLAC-30] 1u (I25) 137d | [COSH244008-BLAC-31] 1u (I25) 137d | [COSH244008-BLAC-32] 1u (I25) 137d | [COSH244008-BLAC-33] 1u (I25) 137d | [COSH244008-BLAC-34] 1u (I25) 137d | [COSH244008-BLAC-36] 1u (I25) 137d;[COSH244017-PEWT-25] 1u (I25) 137d | [COSH244017-PEWT-26] 1u (I25) 137d | [COSH244017-PEWT-28] 1u (I25) 137d | [COSH244011-BURG-25] 1u (I25) 137d | [COSH244011-BURG-26] 1u (I25) 137d | [COSH244011-BURG-27] 1u (I25) 137d | [COSH244011-BURG-28] 1u (I25) 137d | [COSH244011-BURG-29] 1u (I25) 137d | [COSH244011-BURG-31] 1u (I25) 137d | [COSH244011-BURG-25] 1u (I25) 137d | [COSH244011-BURG-26] 1u (I25) 137d | [COSH244011-BURG-27] 1u (I25) 137d | [COSH244011-BURG-28] 1u (I25) 137d | [COSH244011-BURG-29] 1u (I25) 137d | [COSH244011-BURG-31] 1u (I25) 137d | [COSH244011-BURG-25] 1u (I25) 137d | [COSH244011-BURG-26] 1u (I25) 137d | [COSH244011-BURG-27] 1u (I25) 137d | [COSH244011-BURG-28] 1u (I25) 137d | [COSH244011-BURG-29] 1u (I25) 137d | [COSH244011-BURG-31] 1u (I25) 137d | [COSH244008-BLAC-25] 1u (I25) 137d | [COSH244008-BLAC-27] 1u (I25) 137d | [COSH244008-BLAC-28] 1u (I25) 137d;
CLAGD/Stock/StorageGD/CLA-045-05-01-03;GOLD;V20+V25;59;60.94;B+D;375;50;;[KV226810-0001-41] 1u (V20) 375d | [KV226810-0001-39] 6u (V20) 374d | [KV226810-0001-40] 2u (V20) 374d | [KV226810-0001-37] 2u (V20) 374d | [BJSH377003-WHIT-34] 1u (V25) 272d | [BJSH377003-WHIT-38] 1u (V25) 272d | [BJSH377003-WHIT-39] 1u (V25) 272d | [BJSH377003-WHIT-34] 1u (V25) 272d | [BJSH377003-WHIT-38] 1u (V25) 272d | [BJSH377003-WHIT-39] 1u (V25) 272d | [BJSH377003-BLAC-36] 2u (V25) 272d | [BJSH377003-BLAC-38] 1u (V25) 272d;;[BJSH377003-WHIT-32] 1u (V25) 272d | [BJSH377003-WHIT-33] 1u (V25) 272d | [BJSH377003-WHIT-35] 2u (V25) 272d | [BJSH377003-WHIT-36] 2u (V25) 272d | [BJSH377003-WHIT-37] 2u (V25) 272d | [BJSH377003-WHIT-40] 1u (V25) 272d | [BJSH377003-WHIT-32] 1u (V25) 272d | [BJSH377003-WHIT-33] 1u (V25) 272d | [BJSH377003-WHIT-35] 2u (V25) 272d | [BJSH377003-WHIT-36] 2u (V25) 272d | [BJSH377003-WHIT-37] 2u (V25) 272d | [BJSH377003-WHIT-40] 1u (V25) 272d | [BJSH377003-BLAC-32] 1u (V25) 272d | [BJSH377003-BLAC-33] 1u (V25) 272d | [BJSH377003-BLAC-34] 1u (V25) 272d | [BJSH377003-BLAC-35] 2u (V25) 272d | [BJSH377003-BLAC-37] 2u (V25) 272d | [BJSH377003-BLAC-39] 1u (V25) 272d | [BJSH377003-BLAC-40] 1u (V25) 272d | [BJSH377001-YELL-32] 1u (V25) 272d | [BJSH377001-YELL-33] 1u (V25) 272d | [BJSH377001-YELL-34] 1u (V25) 272d | [BJSH377001-YELL-35] 2u (V25) 272d | [BJSH377001-YELL-36] 2u (V25) 272d | [BJSH377001-YELL-37] 2u (V25) 272d | [BJSH377001-YELL-38] 1u (V25) 272d | [BJSH377001-YELL-39] 1u (V25) 272d | [BJSH377001-YELL-40] 1u (V25) 272d
CLAGD/Stock/StorageGD/CLA-046-01-02-02;GOLD;V25;59;0.00;D;315;50;;;;[BJSH387001-WHIT-37] 2u (V25) 278d | [BJSH387001-WHIT-36] 2u (V25) 278d | [BJSH387001-WHIT-35] 1u (V25) 278d | [BJSH387001-WHIT-40] 1u (V25) 278d | [BJSH387001-WHIT-39] 1u (V25) 278d | [BJSH387001-WHIT-38] 1u (V25) 278d | [BJSH387001-WHIT-34] 1u (V25) 278d | [BJSH387001-WHIT-33] 1u (V25) 278d | [BJSH387001-WHIT-32] 1u (V25) 278d | [TESH511001-MULT-20] 2u (V25) 315d | [TESH511001-MULT-21] 2u (V25) 315d | [TESH511001-MULT-22] 2u (V25) 315d | [TESH511001-MULT-23] 2u (V25) 315d | [TESH511001-MULT-24] 2u (V25) 315d | [TESH511001-MULT-25] 2u (V25) 315d | [TESH511001-MULT-20] 2u (V25) 315d | [TESH511001-MULT-21] 2u (V25) 315d | [TESH511001-MULT-22] 2u (V25) 315d | [TESH511001-MULT-23] 2u (V25) 315d | [TESH511001-MULT-24] 2u (V25) 315d | [TESH511001-MULT-25] 2u (V25) 315d | [TESH511001-MULT-20] 2u (V25) 315d | [TESH511001-MULT-21] 2u (V25) 315d | [TESH511001-MULT-22] 2u (V25) 315d | [TESH511001-MULT-23] 2u (V25) 315d | [TESH511001-MULT-24] 2u (V25) 315d | [TESH511001-MULT-25] 2u (V25) 315d | [TESH511001-MULT-20] 2u (V25) 315d | [TESH511001-MULT-21] 2u (V25) 315d | [TESH511001-MULT-22] 2u (V25) 315d | [TESH511001-MULT-23] 2u (V25) 315d | [TESH511001-MULT-24] 2u (V25) 315d | [TESH511001-MULT-25] 2u (V25) 315d
CLAGD/Stock/StorageGD/CLA-046-02-01-03;GOLD;V24+I25;58;63.52;C+B+A;208;60;[COSH542084-BRON-33] 10u (I25) 175d | [COSH542084-BRON-26] 10u (I25) 175d;[COSH542084-PEWT-26] 10u (I25) 175d | [COSH542084-PEWT-26] 10u (I25) 175d | [COSH542084-BRON-24] 10u (I25) 175d;[BWSH328029-BLAC-38] 1u (V24) 208d | [BWSH328029-BLAC-39] 2u (V24) 208d | [BWSH328029-BLAC-37] 1u (V24) 208d | [BWSH328029-BLAC-41] 1u (V24) 208d | [BWSH328029-MULT-40] 1u (V24) 208d | [BWSH328029-MULT-37] 1u (V24) 208d | [BWSH328029-MULT-36] 1u (V24) 208d;
CLAGD/Stock/StorageGD/CLA-046-04-01-03;GOLD;I25;58;431.52;A;195;60;[BJSH543002-BLAC-40] 10u (I25) 195d | [BJSH543002-BLAC-38] 10u (I25) 195d | [BJSH543002-BLAC-37] 10u (I25) 195d | [BJSH543002-BLAC-36] 10u (I25) 195d | [BJSH543002-BLAC-35] 10u (I25) 195d | [BJSH543002-BLAC-35] 8u (I25) 195d;;;
CLAGD/Stock/StorageGD/CLA-040-08-01-03;GOLD;I24;57;75.12;B+C+A;495;60;[BJSH542090-GOLD-35] 1u (I24) 243d | [BJSH542090-GOLD-34] 1u (I24) 243d;[COSH283092-MULT-30] 6u (I24) 216d | [COSH283092-MULT-31] 5u (I24) 216d | [COSH283092-MULT-29] 1u (I24) 216d | [OSSH140110-PINK-27] 2u (I24) 231d | [OSSH140110-PINK-28] 2u (I24) 231d | [OSSH140110-PINK-26] 1u (I24) 231d | [OSSH140110-PINK-24] 1u (I24) 231d | [OSSH140110-PINK-30] 2u (I24) 231d | [OSSH140110-PINK-31] 1u (I24) 231d | [BJSH542090-PEWT-32] 1u (I24) 105d | [BJSH542090-BLAC-33] 1u (I24) 243d | [BJSH542090-PEWT-35] 2u (I24) 105d | [BJSH542090-PEWT-36] 1u (I24) 105d;[OSSH140110-PINK-29] 2u (I24) 231d | [OSSH140110-PINK-25] 1u (I24) 231d | [BJSH542090-PEWT-34] 2u (I24) 105d | [BJSH542090-BLAC-32] 1u (I24) 243d | [BJSH542090-PEWT-37] 1u (I24) 105d | [BJSH542090-PEWT-38] 1u (I24) 105d | [BJSH586092-PLOM-26] 1u (I24) 376d | [BJSH586092-PLOM-27] 1u (I24) 376d | [BJSH586092-PLOM-28] 1u (I24) 376d | [BJSH586092-PLOM-29] 1u (I24) 376d | [BJSH586092-PLOM-30] 1u (I24) 376d | [BJSH586092-PLOM-31] 1u (I24) 376d | [BJSH586092-PLOM-32] 1u (I24) 376d | [BJSH586092-PLOM-33] 1u (I24) 376d | [BJSH586092-PLOM-34] 1u (I24) 376d | [BJSH586092-PLOM-35] 1u (I24) 376d | [BJSH586092-PLOM-36] 1u (I24) 376d | [BJSH586092-PLOM-37] 1u (I24) 376d | [BWSH190015-BLACK-36] 1u (I24) 495d | [BWSH190015-BLACK-37] 2u (I24) 495d | [BWSH190015-BLACK-38] 2u (I24) 495d | [BWSH190015-BLACK-39] 2u (I24) 495d | [BWSH190015-BLACK-40] 1u (I24) 495d | [BWSH190015-BLACK-41] 1u (I24) 495d;
CLAGD/Stock/StorageGD/CLA-041-03-03-03;GENERIC;V22;57;627.84;C+B;727;50;;[MV231601-0020-39] 12u (V22) 727d | [MV231605-0001-37] 1u (V22) 727d;[MV231605-0001-39] 9u (V22) 727d | [MV231605-0001-39] 12u (V22) 727d | [MV231605-0001-38] 6u (V22) 727d | [MV231605-0001-39] 6u (V22) 727d | [MV231605-0001-38] 2u (V22) 727d | [MV231605-0001-39] 6u (V22) 727d | [MV231605-0001-40] 3u (V22) 727d;
CLAGD/Stock/StorageGD/CLA-040-02-01-01;BLACK;V22+V20+I25+I24;56;360.00;B+C+D+A;1075;50;[COSH542020-NAVY-33] 10u (I25) 434d;[MV231601-0020-39] 3u (V22) 382d | [COSH542020-NAVY-36] 10u (I25) 434d | [BJSH542090-BLAC-39] 10u (I24) 356d | [MV231601-0020-39] 1u (V22) 1075d;[MV231605-0020-37] 1u (V22) 382d | [JVK25102-0121-38] 1u (V20) 382d | [MV231611-0020-38] 1u (V22) 727d;[MV231601-0020-41] 3u (V22) 382d | [MV231601-0020-36] 1u (V22) 382d | [MV231601-0020-38] 2u (V22) 382d | [MV231601-0020-40] 1u (V22) 382d | [MV231601-0020-37] 2u (V22) 382d | [MV231601-0020-41] 2u (V22) 1075d | [MV231601-0020-38] 3u (V22) 1075d | [MV231601-0020-37] 2u (V22) 1075d | [MV231601-0020-36] 1u (V22) 1075d | [MV231601-0020-40] 2u (V22) 1075d
CLAGD/Stock/StorageGD/CLA-047-07-01-02;GOLD;V20+I24+V25;56;172.36;C+A+B;885;60;[BJSH542090-GOLD-33] 4u (I24) 384d | [BJSH542090-GOLD-34] 3u (I24) 384d;[BJSH542090-GOLD-41] 4u (I24) 356d;[JVK25102-0598-37] 7u (V20) 885d | [JVK25102-0598-38] 2u (V20) 885d | [BWSH360003-BEIG-38] 3u (V25) 130d | [BWSH360003-BEIG-37] 2u (V25) 130d | [BWSH360003-BEIG-36] 1u (V25) 130d | [BWSH360003-BEIG-39] 3u (V25) 130d | [BWSH360003-BEIG-41] 1u (V25) 130d | [BWSH360003-BEIG-40] 2u (V25) 130d | [BWSH360003-BEIG-36] 1u (V25) 130d | [BWSH360003-BEIG-37] 2u (V25) 130d | [BWSH360003-BEIG-38] 3u (V25) 130d | [BWSH360003-BEIG-39] 3u (V25) 130d | [BWSH360003-BEIG-40] 2u (V25) 130d | [BWSH360003-BEIG-41] 1u (V25) 130d | [BWSH360003-BEIG-36] 1u (V25) 130d | [BWSH360003-BEIG-37] 2u (V25) 130d | [BWSH360003-BEIG-38] 3u (V25) 130d | [BWSH360003-BEIG-39] 3u (V25) 130d | [BWSH360003-BEIG-40] 2u (V25) 130d | [BWSH360003-BEIG-41] 1u (V25) 130d;
CLAGD/Stock/StorageGD/CLA-031-17-03-02;GENERIC;I23;55;437.80;B;304;10;;[COMEPLV004-WHIT] 55u (I23) 304d;;
CLAGD/Stock/StorageGD/CLA-042-04-01-01;GOLD;I25+I24;54;180.30;A+C+B;229;50;[BJSH542020-BLAC-35] 10u (I25) 158d | [BJSH542020-BLAC-34] 10u (I25) 158d | [BJSH542020-BLAC-34] 10u (I25) 158d;[COSH244004-PEWT-29] 6u (I24) 229d | [COSH244004-PEWT-32] 2u (I24) 229d;[COSH244004-PEWT-28] 10u (I24) 229d | [COSH244004-PEWT-31] 6u (I24) 229d;
CLAGD/Stock/StorageGD/CLA-047-05-01-02;GOLD;I24+V25+V23+V22;54;352.69;B+D;591;50;;[BJSH542090-BLAC-39] 7u (I24) 356d | [COSH215041-GOLD-27] 1u (V25) 315d;;[COSH215041-GOLD-24] 1u (V25) 315d | [COSH215041-GOLD-25] 1u (V25) 315d | [COSH215041-GOLD-26] 1u (V25) 315d | [COSH215041-GOLD-28] 1u (V25) 315d | [COSH215041-GOLD-29] 2u (V25) 315d | [COSH215041-GOLD-30] 1u (V25) 315d | [COSH215041-GOLD-31] 1u (V25) 315d | [COSH215041-GOLD-32] 1u (V25) 315d | [COSH215041-GOLD-33] 1u (V25) 315d | [COSH215041-GOLD-34] 1u (V25) 315d | [NV558658-0345-37] 2u (V23) 588d | [NV558658-0345-36] 2u (V23) 588d | [NV558658-0345-35] 2u (V23) 588d | [NV558665-0001-28] 1u (V23) 591d | [NV558658-0345-39] 1u (V23) 588d | [NV558658-0345-38] 1u (V23) 588d | [NV558658-0345-33] 3u (V23) 588d | [NV558661-0207-27] 4u (V23) 588d | [NV558661-0207-28] 4u (V23) 588d | [NV558661-0207-26] 2u (V23) 588d | [NV558661-0207-29] 4u (V23) 588d | [MV231508-0160-36] 1u (V22) 581d | [MV231508-0160-37] 2u (V22) 581d | [MV231508-0160-38] 2u (V22) 581d | [MV231508-0160-39] 2u (V22) 581d | [MV231508-0160-40] 1u (V22) 581d | [MV231508-0160-41] 1u (V22) 581d
CLAGD/Stock/StorageGD/CLA-043-08-01-01;GOLD;V22+I25+I24;53;209.20;D+C+B+A;452;40;[BJSH543008-BLAC-35] 10u (I25) 452d | [COSH542020-TAN-28] 10u (I25) 434d;[MV231507-0001-38] 2u (V22) 354d;[MV231507-0001-39] 2u (V22) 354d | [OSSX102098-BLAC-24] 2u (I24) 243d | [OSSX102098-BLAC-21] 2u (I24) 243d | [OSSX102098-BLAC-23] 2u (I24) 243d | [OSSX102098-BLAC-20] 1u (I24) 243d | [OSSP122073-NAVY-21] 1u (I24) 243d | [OSSP122032-NAVY-25] 2u (I24) 243d | [OSSP122032-NAVY-23] 2u (I24) 243d | [OSSX102103-PINK-26] 1u (I24) 243d | [COSP265068-PLOM-31] 1u (I24) 243d | [OSSP122073-BLAC-24] 1u (I24) 243d | [OSSP122073-BLAC-20] 1u (I24) 243d | [OSSP122073-NAVY-23] 1u (I24) 243d | [OSSP122073-NAVY-22] 1u (I24) 243d;[MV231508-0160-38] 3u (V22) 354d | [MV231508-0160-40] 2u (V22) 354d | [MV231508-0160-37] 3u (V22) 354d | [MV231508-0160-39] 3u (V22) 354d
CLAGD/Stock/StorageGD/CLA-041-03-01-01;BLACK;I21+V23+I25+V22+V25;52;163.09;C+D+A;634;60;[BJSH543008-TAN-35] 1u (I25) 13d | [BJSH543008-TAUP-34] 1u (I25) 13d | [BJSH543008-TAUP-36] 1u (I25) 13d | [BJSH543008-TAUP-35] 2u (I25) 13d;;[LI230609-0020-33] 1u (I21) 634d | [MV553202-0020-34] 2u (V22) 13d | [MV553202-0020-35] 2u (V22) 13d | [MV553202-0020-33] 2u (V22) 13d | [MV553202-0020-36] 1u (V22) 13d | [MV553202-0020-37] 1u (V22) 13d | [MV553202-0020-38] 1u (V22) 13d | [MV553202-0020-32] 1u (V22) 13d | [MV553202-0020-30] 1u (V22) 13d | [MV553202-0020-31] 1u (V22) 13d;[NV234406-0207-37] 3u (V23) 13d | [NV234406-0207-36] 2u (V23) 13d | [NV234406-0207-38] 2u (V23) 13d | [NV234406-0207-39] 1u (V23) 13d | [NV234406-0207-40] 1u (V23) 13d | [BJSH543008-BLACK-39] 1u (I25) 13d | [BJSH360003-BEIG-40] 1u (V25) 13d | [BJSH360003-BEIG-34] 2u (V25) 13d | [BJSH360003-BEIG-33] 1u (V25) 13d | [BJSH360003-BEIG-39] 1u (V25) 13d | [BJSH360003-BEIG-38] 1u (V25) 13d | [BJSH360003-BEIG-37] 2u (V25) 13d | [BJSH360003-BEIG-36] 2u (V25) 13d | [BJSH360003-BEIG-35] 2u (V25) 13d | [BJSH384001-OFFW-33] 1u (V25) 13d | [BJSH384001-OFFW-38] 1u (V25) 13d | [BJSH384001-OFFW-39] 1u (V25) 13d | [BJSH384001-OFFW-40] 1u (V25) 13d | [BJSH384001-OFFW-34] 2u (V25) 13d | [BJSH384001-OFFW-35] 2u (V25) 13d | [BJSH384001-OFFW-36] 2u (V25) 13d | [BJSH384001-OFFW-37] 2u (V25) 13d
CLAGD/Stock/StorageGD/CLA-042-01-02-01;GOLD;I25;52;61.20;A+C+B;209;50;[BJSH542021-TAN-33] 10u (I25) 209d;[BJSH401003-BLAC-38] 10u (I25) 146d;[COSH317009-LEOP-27] 1u (I25) 145d | [COSH317009-LEOP-28] 1u (I25) 145d | [COSH317009-LEOP-29] 1u (I25) 145d | [COSH317009-LEOP-30] 2u (I25) 145d | [COSH317009-LEOP-31] 2u (I25) 145d | [COSH317009-LEOP-32] 1u (I25) 145d | [COSH317009-LEOP-33] 1u (I25) 145d | [COSH317009-LEOP-34] 1u (I25) 145d | [COSH317009-LEOP-35] 1u (I25) 145d | [COSH317009-LEOP-36] 1u (I25) 145d | [BJSH401003-BLAC-36] 10u (I25) 146d | [BJSH401003-BLAC-34] 10u (I25) 146d;
CLAGD/Stock/StorageGD/CLA-044-03-01-01;GOLD;V24+V23;52;436.63;C+D+B;879;50;;[NV230045-0020-39] 2u (V23) 879d | [NV230055-0001-36] 1u (V23) 378d | [NV230055-0001-41] 1u (V23) 879d;[BJSH586083-WHIT-34] 1u (V24) 587d | [BJSH586083-WHIT-35] 1u (V24) 587d | [BJSH586083-WHIT-38] 6u (V24) 587d | [BJSH586083-WHIT-39] 3u (V24) 587d | [COSH265054-SILV-25] 1u (V24) 587d | [COSH265054-SILV-27] 2u (V24) 587d | [COSH265054-SILV-28] 1u (V24) 587d | [COSH265054-SILV-31] 4u (V24) 587d | [COSH265054-SILV-33] 1u (V24) 587d;[NV230045-0020-36] 1u (V23) 879d | [NV230045-0020-37] 2u (V23) 879d | [NV230045-0020-38] 2u (V23) 879d | [NV230045-0020-40] 1u (V23) 879d | [NV230045-0020-41] 1u (V23) 879d | [NV230045-0001-36] 1u (V23) 879d | [NV230055-0001-37] 1u (V23) 879d | [NV230055-0001-38] 2u (V23) 879d | [NV230055-0001-39] 1u (V23) 879d | [NV230055-0001-40] 1u (V23) 879d | [NV230045-0001-41] 1u (V23) 378d | [NV551755-0001-32] 1u (V23) 586d | [NV551755-0001-33] 1u (V23) 586d | [NV551755-0001-34] 1u (V23) 586d | [NV551755-0001-35] 2u (V23) 586d | [NV551755-0001-36] 1u (V23) 586d | [NV551755-0001-37] 2u (V23) 586d | [NV551755-0001-38] 2u (V23) 586d | [NV551755-0001-39] 1u (V23) 586d | [NV230069-0160-41] 1u (V23) 879d | [COSH265037-PINK-24] 1u (V24) 587d | [COSH265037-SILV-33] 1u (V24) 587d
CLAGD/Stock/StorageGD/CLA-046-05-01-01;GOLD;V23+I24+V24;52;332.34;D+B+C;144;40;;[NVS10275-0040-21] 1u (V23) 144d | [NVS10276-0035-19] 1u (V23) 144d;[COSH265061-PINK-29] 2u (I24) 144d | [COSH265061-PINK-31] 3u (I24) 144d | [COSH265061-PINK-33] 1u (I24) 144d | [OSSP122072-GOLD-21] 4u (I24) 144d | [COSP265065-SILV-32] 3u (I24) 144d | [OSSH102089-MALV-22] 2u (V24) 144d | [OSSH102089-MALV-24] 4u (V24) 144d | [OSSH102089-MALV-25] 3u (V24) 144d | [OSSH102089-MALV-26] 1u (V24) 144d | [OSSH102089-MALV-23] 3u (V24) 144d | [OSSH102089-MALV-22] 3u (V24) 144d;[NVS12257-0011-20] 1u (V23) 144d | [NVS12257-0011-21] 1u (V23) 144d | [NVS12215-0001-21] 2u (V23) 144d | [NVS12215-0001-23] 1u (V23) 144d | [NVS12215-0001-24] 1u (V23) 144d | [NVS12215-0001-22] 1u (V23) 144d | [NV126523-0001-24] 1u (V23) 144d | [NVS10275-0040-19] 1u (V23) 144d | [NVS10276-0043-25] 3u (V23) 144d | [NVS10275-0040-24] 2u (V23) 144d | [NVS10275-0040-20] 1u (V23) 144d | [NVS14365-0011-25] 1u (V23) 144d | [NVS10269-0040-25] 4u (V23) 144d | [NVS10276-0011-26] 1u (V23) 144d
CLAGD/Stock/StorageGD/CLA-041-01-01-03;GOLD;I25+V22+V23;51;187.29;A+C+D;581;50;[COSH542021-NAVY-29] 10u (I25) 195d | [COSH542021-NAVY-28] 10u (I25) 195d | [COSH542021-NAVY-28] 10u (I25) 195d;;[MV232308-0020-36] 2u (V22) 581d | [MV232308-0020-37] 4u (V22) 581d | [MV232308-0020-38] 3u (V22) 581d | [MV232308-0020-39] 2u (V22) 581d | [MV232308-0020-40] 1u (V22) 581d;[NV234401-0020-36] 2u (V23) 581d | [NV234401-0020-37] 3u (V23) 581d | [NV234401-0020-38] 2u (V23) 581d | [NV234401-0020-39] 1u (V23) 581d | [NV234401-0020-40] 1u (V23) 581d
CLAGD/Stock/StorageGD/CLA-043-07-02-01;GENERIC;V20+I23+I25;51;309.59;B+A;629;50;[BJSH542020-BLAC-37] 10u (I25) 446d | [BJSH542020-BLAC-34] 10u (I25) 446d;[KV121557-0052-34] 11u (V20) 629d | [COSH283005-WHIT-31] 10u (I23) 524d | [COSH283005-WHIT-31] 10u (I23) 524d;;
CLAGD/Stock/StorageGD/CLA-044-01-01-01;GOLD;I25+V25+V22;51;231.69;A+D+C;375;50;[BJSH542020-TAN-34] 10u (I25) 301d | [BJSH542020-TAN-34] 10u (I25) 301d | [BJSH542020-TAN-33] 10u (I25) 301d;;[MV128399-0001-38] 9u (V22) 375d;[OSSH143088-WHIT-20] 1u (V25) 315d | [OSSH143088-WHIT-21] 1u (V25) 315d | [OSSH143088-WHIT-22] 2u (V25) 315d | [OSSH143088-WHIT-23] 2u (V25) 315d | [OSSH143088-WHIT-24] 2u (V25) 315d | [OSSH143088-WHIT-25] 2u (V25) 315d | [OSSH143088-WHIT-26] 2u (V25) 315d
CLAGD/Stock/StorageGD/CLA-047-06-01-01;GOLD;I20+V23+I23+I21+I24;51;345.53;B+D+C;46;60;;[KI226825-0078-39] 2u (I20) 46d | [KI226825-0001-38] 1u (I20) 46d | [KI226825-0078-38] 1u (I20) 46d | [KI226826-0020-39] 1u (I20) 46d | [KI226826-0020-41] 4u (I20) 46d | [KI226826-0020-40] 4u (I20) 46d | [BJSH542090-PEWT-33] 2u (I24) 46d | [BJSH542090-PEWT-31] 1u (I24) 46d | [BJSH542090-PEWT-32] 1u (I24) 46d | [KI226826-0020-37] 2u (I20) 46d | [KI226831-0078-40] 3u (I20) 46d | [KI226831-0078-36] 2u (I20) 46d | [KI226831-0078-37] 1u (I20) 46d | [KI226826-0020-41] 1u (I20) 46d;[KI126701-0066-35] 1u (I20) 46d;[NV558666-0043-39] 1u (V23) 46d | [NV558666-0043-34] 1u (V23) 46d | [BJSH527073-WHIT-36] 1u (I23) 46d | [LI552714-0020-31] 1u (I21) 46d | [LI552714-0020-30] 1u (I21) 46d | [LI552714-0020-34] 4u (I21) 46d | [LI552714-0020-35] 3u (I21) 46d | [LI552714-0020-33] 3u (I21) 46d | [LI552714-0020-35] 2u (I21) 46d | [LI552714-0020-32] 1u (I21) 46d | [LI552714-0020-31] 1u (I21) 46d | [LI552714-0020-30] 1u (I21) 46d | [LI552714-0020-33] 2u (I21) 46d | [LI552714-0020-34] 2u (I21) 46d
CLAGD/Stock/StorageGD/CLAGD/Stock/EXTB2BGD/CLA-009-01-01-03;GOLD;I25;50;280.40;B+A;151;50;[BJSH543001-TAUP-37] 10u (I25) 151d | [BJSH543001-TAUP-37] 10u (I25) 151d | [BJSH543001-TAUP-36] 10u (I25) 151d;[BJSH543008-BLAC-38] 10u (I25) 151d | [BJSH543001-TAUP-33] 10u (I25) 151d;;
CLAGD/Stock/StorageGD/CLAGD/Stock/EXTB2BGD/CLA-009-02-02-02;GOLD;I25;50;0.00;C+B;95;50;;[BJSH402006-BLAC-35] 10u (I25) 95d;[BJSH402006-TAUP-35] 10u (I25) 95d | [BJSH402001-TAUP-37] 10u (I25) 95d | [BJSH402001-TAUP-36] 10u (I25) 95d | [BJSH402001-TAUP-36] 10u (I25) 95d;
CLAGD/Stock/StorageGD/CLAGD/Stock/EXTB2BGD/CLA-009-04-02-02;GOLD;I25;50;0.00;A;151;50;[BJSH543008-TAUP-40] 10u (I25) 151d | [BJSH543008-TAUP-39] 10u (I25) 151d | [BJSH543008-TAUP-39] 10u (I25) 151d | [BJSH543008-TAUP-39] 10u (I25) 151d | [BJSH543008-TAUP-36] 10u (I25) 151d;;;
CLAGD/Stock/StorageGD/CLAGD/Stock/EXTB2BGD/CLA-009-04-03-01;GOLD;I25;50;350.50;B+A;139;50;[BJSH543001-TAUP-39] 10u (I25) 139d | [BJSH543001-TAUP-38] 10u (I25) 139d | [BJSH543001-TAUP-36] 10u (I25) 139d;[BJSH543001-TAUP-40] 10u (I25) 139d | [BJSH543001-TAUP-40] 10u (I25) 139d;;
CLAGD/Stock/StorageGD/CLAGD/Stock/EXTB2BGD/CLA-009-05-01-03;GOLD;I25;50;350.50;B+A;139;50;[BJSH543001-BLAC-38] 10u (I25) 139d | [BJSH543001-BLAC-38] 10u (I25) 139d;[BJSH543001-TAUP-40] 10u (I25) 139d | [BJSH543001-TAUP-40] 10u (I25) 139d | [BJSH543001-TAUP-40] 10u (I25) 139d;;
CLAGD/Stock/StorageGD/CLAGD/Stock/EXTB2BGD/CLA-009-07-01-02;GOLD;I25;50;0.00;C;146;50;;;[BJSH401007-WHIT-35] 10u (I25) 146d | [BJSH401007-WHIT-34] 10u (I25) 146d | [BJSH401007-WHIT-33] 10u (I25) 146d | [BJSH401003-BEIG-40] 10u (I25) 146d | [BJSH401003-BEIG-37] 10u (I25) 146d;
CLAGD/Stock/StorageGD/CLAGD/Stock/EXTB2BGD/CLA-009-07-01-03;GOLD;I25;50;0.00;B+D;146;50;;[BJSH401007-BEIGE-37] 10u (I25) 146d | [BJSH401007-BEIGE-37] 10u (I25) 146d | [BJSH401007-BEIGE-35] 10u (I25) 146d | [BJSH401007-BEIGE-35] 10u (I25) 146d;;[BJSH401003-BEIG-33] 10u (I25) 146d
CLAGD/Stock/StorageGD/CLAGD/Stock/EXTB2BGD/CLA-009-07-02-02;GOLD;I25;50;330.50;A;139;50;[BJSH543001-BLAC-37] 10u (I25) 139d | [BJSH543001-BLAC-37] 10u (I25) 139d | [BJSH543001-BLAC-37] 10u (I25) 139d | [BJSH542020-TAN-39] 10u (I25) 139d | [BJSH542020-TAN-37] 10u (I25) 139d;;;
CLAGD/Stock/StorageGD/CLAGD/Stock/StorageGD/CLA-009-08-01-02;GOLD;I25;50;0.00;B+C;95;50;;[BJSH402006-TAUP-40] 10u (I25) 95d | [BJSH402006-TAN-39] 10u (I25) 95d | [BJSH402001-TAUP-38] 10u (I25) 95d;[BJSH402006-TAUP-35] 10u (I25) 95d | [BJSH402001-TAUP-40] 10u (I25) 95d;
CLAGD/Stock/StorageGD/CLA-031-09-02-01;GOLD;I25;50;0.00;C;144;50;;;[COSH264027-BLAC-33] 10u (I25) 144d | [COSH264027-BLAC-32] 10u (I25) 144d | [COSH264027-BLAC-30] 10u (I25) 144d | [COSH264027-BLAC-27] 10u (I25) 144d | [COSH264024-PEWT-34] 10u (I25) 144d;
CLAGD/Stock/StorageGD/CLA-040-03-03-03;GOLD;I25;50;0.00;A+B;434;50;[COSH542020-NAVY-35] 10u (I25) 434d | [COSH542020-NAVY-33] 10u (I25) 434d | [COSH542020-NAVY-31] 10u (I25) 434d;[COSH542020-NAVY-34] 10u (I25) 434d | [COSH542020-NAVY-24] 10u (I25) 434d;;
CLAGD/Stock/StorageGD/CLA-040-09-02-02;GENERIC;V22;50;453.90;C;727;50;;;[MV232305-0020-39] 10u (V22) 727d | [MV232304-0020-37] 10u (V22) 727d | [MV232301-0020-40] 10u (V22) 727d | [MV232301-0020-39] 10u (V22) 727d | [MV232301-0020-36] 10u (V22) 727d;
CLAGD/Stock/StorageGD/CLA-041-04-02-02;GOLD;I25;50;0.00;B;452;50;;[COSH542020-BLAC-35] 10u (I25) 452d | [COSH542020-BLAC-34] 10u (I25) 452d | [COSH542020-BLAC-34] 10u (I25) 452d | [COSH542020-BLAC-31] 10u (I25) 452d | [COSH542020-BLAC-31] 10u (I25) 452d;;
CLAGD/Stock/StorageGD/CLA-041-05-02-02;GOLD;I25;50;210.30;B+A;434;50;[COSH542020-TAUP-36] 10u (I25) 434d | [COSH542020-NAVY-26] 10u (I25) 434d;[BJSH543001-BLAC-35] 10u (I25) 395d | [BJSH543001-BLAC-40] 10u (I25) 392d | [BJSH543001-BLAC-40] 10u (I25) 392d;;
CLAGD/Stock/StorageGD/CLA-042-02-02-01;GOLD;I25;50;350.50;B+A;385;50;[BJSH543001-TAUP-34] 10u (I25) 385d | [BJSH543001-TAUP-34] 10u (I25) 385d;[BJSH543001-TAUP-35] 10u (I25) 385d | [BJSH543001-TAUP-35] 10u (I25) 385d | [BJSH543001-TAUP-35] 10u (I25) 385d;;
CLAGD/Stock/StorageGD/CLA-042-03-02-02;GOLD;I25;50;300.50;A+B;158;50;[BJSH542020-TAN-37] 10u (I25) 158d | [BJSH542020-NAVY-37] 10u (I25) 158d | [BJSH542020-NAVY-33] 10u (I25) 158d | [BJSH542020-NAVY-33] 10u (I25) 158d;[BJSH542020-NAVY-35] 10u (I25) 158d;;
CLAGD/Stock/StorageGD/CLA-042-04-02-02;GOLD;I25;50;300.50;A;158;50;[BJSH542020-TAN-38] 10u (I25) 158d | [BJSH542020-TAN-37] 10u (I25) 158d | [BJSH542020-TAN-37] 10u (I25) 158d | [BJSH542020-TAN-35] 10u (I25) 158d | [BJSH542020-NAVY-33] 10u (I25) 158d;;;
CLAGD/Stock/StorageGD/CLA-042-05-02-02;GOLD;I25;50;300.50;A;158;50;[BJSH542020-TAN-38] 10u (I25) 158d | [BJSH542020-TAN-38] 10u (I25) 158d | [BJSH542020-BLAC-41] 10u (I25) 158d | [BJSH542020-BLAC-37] 10u (I25) 158d | [BJSH542020-BLAC-37] 10u (I25) 158d;;;
CLAGD/Stock/StorageGD/CLA-042-05-03-02;GOLD;I25;50;306.00;A;209;50;[BJSH542021-TAN-40] 10u (I25) 209d | [BJSH542021-TAN-38] 10u (I25) 209d | [BJSH542021-TAN-38] 10u (I25) 209d | [BJSH542021-TAN-37] 10u (I25) 209d | [BJSH542021-TAN-34] 10u (I25) 209d;;;
CLAGD/Stock/StorageGD/CLA-042-06-03-02;GOLD;I25;50;300.50;B+A;434;50;[BJSH542020-NAVY-33] 10u (I25) 434d | [BJSH542020-NAVY-33] 10u (I25) 434d | [BJSH542020-NAVY-33] 10u (I25) 434d | [BJSH542020-NAVY-33] 10u (I25) 434d;[BJSH542020-NAVY-35] 10u (I25) 434d;;
CLAGD/Stock/StorageGD/CLA-042-09-03-01;GENERIC;V24+V25;50;174.50;B+C+D;607;50;;[BJSH534002-FUCH-37] 10u (V24) 607d | [BJSH534001-FUCH-39-40] 10u (V24) 607d;[BJSH534001-LIME-39-40] 10u (V24) 607d | [BJSH534001-LIME-39-40] 10u (V24) 607d;[OSSH153016-WHIT-29] 10u (V25) 363d
CLAGD/Stock/StorageGD/CLA-043-01-03-02;GOLD;I25;50;300.50;A;409;50;[BJSH542020-TAUP-36] 10u (I25) 409d | [BJSH542020-TAUP-36] 10u (I25) 409d | [BJSH542020-TAUP-36] 10u (I25) 409d | [BJSH542020-TAUP-36] 10u (I25) 409d | [BJSH542020-TAUP-36] 10u (I25) 409d;;;
CLAGD/Stock/StorageGD/CLA-043-01-03-03;GENERIC;V22+I25;50;419.50;C+A;727;50;[BJSH542020-TAUP-36] 10u (I25) 409d;;[MV232305-0037-39] 10u (V22) 727d | [MV232305-0020-37] 10u (V22) 727d | [MV232304-0020-40] 10u (V22) 727d | [MV232301-0020-39] 10u (V22) 727d;
CLAGD/Stock/StorageGD/CLA-043-03-01-02;GOLD;I25+I22;50;169.30;B;727;50;;[BJSH542020-NAVY-35] 10u (I25) 446d | [MI232110-0078-38] 10u (I22) 727d | [BJSH542083-BLAC-36] 10u (I25) 495d | [BJSH542083-BLAC-36] 10u (I25) 495d | [BJSH542083-BLAC-34] 10u (I25) 495d;;
CLAGD/Stock/StorageGD/CLA-043-05-02-02;GOLD;I25;50;200.30;B+A;434;50;[BJSH543001-TAUP-34] 10u (I25) 385d | [BJSH542020-TAUP-34] 10u (I25) 418d;[BJSH543001-TAUP-35] 10u (I25) 385d | [COSH542020-TAUP-34] 10u (I25) 434d | [COSH542020-TAUP-34] 10u (I25) 434d;;
CLAGD/Stock/StorageGD/CLA-043-09-02-02;GOLD;I25;50;0.00;A;433;50;[COSH542021-TAUP-27] 10u (I25) 433d | [COSH542021-TAUP-25] 10u (I25) 433d | [COSH542021-TAUP-25] 10u (I25) 433d | [COSH542021-TAUP-25] 10u (I25) 433d | [COSH542021-TAUP-23] 10u (I25) 433d;;;
CLAGD/Stock/StorageGD/CLA-044-02-03-02;GOLD;I25;50;0.00;A;175;50;[COSH542021-TAN-30] 10u (I25) 175d | [COSH542021-TAN-26] 10u (I25) 175d | [COSH542021-TAN-26] 10u (I25) 175d | [COSH542021-TAN-25] 10u (I25) 175d | [COSH542021-NAVY-36] 10u (I25) 175d;;;
CLAGD/Stock/StorageGD/CLA-044-07-03-03;GOLD;I25;50;300.50;A;446;50;[BJSH542020-NAVY-37] 10u (I25) 446d | [BJSH542020-NAVY-37] 10u (I25) 446d | [BJSH542020-NAVY-37] 10u (I25) 446d | [BJSH542020-NAVY-37] 10u (I25) 446d | [BJSH542020-NAVY-37] 10u (I25) 446d;;;
CLAGD/Stock/StorageGD/CLA-045-03-01-02;GOLD;I25;50;306.00;A;209;50;[BJSH542021-TAUP-38] 10u (I25) 209d | [BJSH542021-TAUP-35] 10u (I25) 209d | [BJSH542021-TAUP-34] 10u (I25) 209d | [BJSH542021-TAUP-33] 10u (I25) 209d | [BJSH542021-TAUP-33] 10u (I25) 209d;;;
CLAGD/Stock/StorageGD/CLA-045-09-02-02;GOLD;I25;50;0.00;C+B;146;50;;[BJSH401003-BLAC-37] 10u (I25) 146d;[BJSH401003-BLAC-39] 10u (I25) 146d | [BJSH401003-BLAC-35] 10u (I25) 146d | [BJSH401003-BLAC-34] 10u (I25) 146d | [BJSH401003-BLAC-33] 10u (I25) 146d;
CLAGD/Stock/StorageGD/CLA-047-04-01-02;GOLD;I25;50;372.00;A;195;50;[BJSH543002-TAUP-41] 10u (I25) 195d | [BJSH543002-TAUP-40] 10u (I25) 195d | [BJSH543002-TAUP-36] 10u (I25) 195d | [BJSH543002-TAUP-36] 10u (I25) 195d | [BJSH543002-TAUP-36] 10u (I25) 195d;;;
CLAGD/Stock/StorageGD/CLA-047-06-02-02;GOLD;I25;50;277.60;C+D+B;214;50;;[COSH249005-PINK-31] 10u (I25) 214d | [COSH249005-PINK-31] 10u (I25) 214d;[COSH249006-NAVY-36] 10u (I25) 214d;[COSH249005-PINK-35] 10u (I25) 214d | [COSH249005-PINK-33] 10u (I25) 214d
CLAGD/Stock/StorageGD/CLA-031-17-03-03;GENERIC;I23;49;390.04;B;304;10;;[COMEPLV004-WHIT] 49u (I23) 304d;;
CLAGD/Stock/StorageGD/CLA-042-03-01-02;GOLD;V22+I25;49;420.90;C+B;1075;50;;[BJSH542083-BLAC-34] 10u (I25) 495d;[MV231602-0054-41] 1u (V22) 1075d | [MV231602-0054-38] 2u (V22) 1075d | [MV231611-0020-39] 3u (V22) 727d | [MV231611-0020-40] 3u (V22) 1063d | [MV231611-0020-41] 2u (V22) 1063d | [MV231611-0020-36] 1u (V22) 763d | [MV231611-0020-38] 1u (V22) 727d | [MV231602-0054-38] 1u (V22) 1075d | [MV231611-0020-39] 3u (V22) 727d | [MV231602-0054-41] 4u (V22) 1075d | [MV231611-0020-36] 1u (V22) 763d | [MV231611-0020-38] 4u (V22) 727d | [MV231611-0020-40] 1u (V22) 1063d | [MV231602-0054-41] 3u (V22) 1075d | [MV231611-0020-40] 1u (V22) 1063d | [MV231611-0020-39] 2u (V22) 727d | [MV231611-0020-36] 2u (V22) 763d | [MV231602-0054-38] 3u (V22) 1075d | [MV231611-0020-38] 1u (V22) 727d;
CLAGD/Stock/StorageGD/CLA-072-13-03-01;GOLD;I25+I22+I20+I19+I23+I24;49;139.89;A+D+C+B;33;40;[BJSH543008-TAN-40] 1u (I25) 33d | [BJSH543008-TAN-39] 1u (I25) 33d | [BJSH543008-TAN-38] 2u (I25) 33d | [BJSH543008-TAN-37] 2u (I25) 33d | [BJSH543008-TAN-33] 1u (I25) 33d | [BJSH543008-TAN-34] 1u (I25) 33d | [BJSH543008-TAN-36] 2u (I25) 33d | [BJSH543008-TAN-35] 2u (I25) 33d;[28001-0020-25] 4u (I22) 33d | [KIS10219-0047-20] 1u (I20) 33d | [JIS10278-0078-23] 1u (I19) 33d | [JIS10278-0078-22] 1u (I19) 33d | [28001-0002-32] 1u (I22) 33d | [BWSH190017-BLAC-40] 1u (I24) 33d | [BWSH190017-BLAC-39] 2u (I24) 33d | [BWSH190017-BLAC-38] 2u (I24) 33d | [BWSH190017-BLAC-37] 2u (I24) 33d | [BWSH190017-BLAC-36] 1u (I24) 33d;[28011-0002-30] 1u (I22) 33d | [28012-0002-27] 1u (I22) 33d | [28011-0002-26] 1u (I22) 33d | [MI126578-0002-25] 1u (I22) 33d | [MI126578-0002-24] 1u (I22) 33d | [OSSH102088-TAUP-22] 1u (I23) 33d | [MI126581-0021-27] 1u (I22) 33d | [MI126578-0002-28] 1u (I22) 33d | [BWSH190017-BLAC-41] 1u (I24) 33d;[BWSH543008-TAN-41] 1u (I25) 33d | [BWSH543008-TAN-40] 2u (I25) 33d | [BWSH543008-TAN-39] 3u (I25) 33d | [BWSH543008-TAN-38] 3u (I25) 33d | [BWSH543008-TAN-37] 2u (I25) 33d | [BWSH543008-TAN-36] 1u (I25) 33d
CLAGD/Stock/StorageGD/CLA-031-08-01-01;GOLD;I25;48;0.00;B+C;137;40;;[COSH244014-BLAC-25] 1u (I25) 137d | [COSH244014-BLAC-26] 1u (I25) 137d | [COSH244014-BLAC-27] 1u (I25) 137d | [COSH244014-BLAC-28] 1u (I25) 137d | [COSH244014-BLAC-29] 1u (I25) 137d | [COSH244014-BLAC-30] 1u (I25) 137d | [COSH244014-BLAC-31] 1u (I25) 137d | [COSH244014-BLAC-32] 1u (I25) 137d | [COSH244014-BLAC-33] 1u (I25) 137d | [COSH244014-BLAC-34] 1u (I25) 137d | [COSH244014-BLAC-35] 1u (I25) 137d | [COSH244014-BLAC-36] 1u (I25) 137d | [COSH244014-BLAC-25] 1u (I25) 137d | [COSH244014-BLAC-26] 1u (I25) 137d | [COSH244014-BLAC-27] 1u (I25) 137d | [COSH244014-BLAC-28] 1u (I25) 137d | [COSH244014-BLAC-29] 1u (I25) 137d | [COSH244014-BLAC-30] 1u (I25) 137d | [COSH244014-BLAC-31] 1u (I25) 137d | [COSH244014-BLAC-32] 1u (I25) 137d | [COSH244014-BLAC-33] 1u (I25) 137d | [COSH244014-BLAC-34] 1u (I25) 137d | [COSH244014-BLAC-35] 1u (I25) 137d | [COSH244014-BLAC-36] 1u (I25) 137d | [COSH244014-BLAC-25] 1u (I25) 137d | [COSH244014-BLAC-26] 1u (I25) 137d | [COSH244014-BLAC-27] 1u (I25) 137d | [COSH244014-BLAC-28] 1u (I25) 137d | [COSH244014-BLAC-29] 1u (I25) 137d | [COSH244014-BLAC-30] 1u (I25) 137d | [COSH244014-BLAC-31] 1u (I25) 137d | [COSH244014-BLAC-32] 1u (I25) 137d | [COSH244014-BLAC-33] 1u (I25) 137d | [COSH244014-BLAC-34] 1u (I25) 137d | [COSH244014-BLAC-35] 1u (I25) 137d | [COSH244014-BLAC-36] 1u (I25) 137d | [COSH244010-BLAC-32] 1u (I25) 137d | [COSH244010-BLAC-33] 1u (I25) 137d | [COSH244010-BLAC-34] 1u (I25) 137d | [COSH244010-BLAC-35] 1u (I25) 137d | [COSH244010-BLAC-36] 1u (I25) 137d;[COSH244010-BLAC-25] 1u (I25) 137d | [COSH244010-BLAC-26] 1u (I25) 137d | [COSH244010-BLAC-27] 1u (I25) 137d | [COSH244010-BLAC-28] 1u (I25) 137d | [COSH244010-BLAC-29] 1u (I25) 137d | [COSH244010-BLAC-30] 1u (I25) 137d | [COSH244010-BLAC-31] 1u (I25) 137d;
CLAGD/Stock/StorageGD/CLA-040-09-02-01;GENERIC;I22;48;769.92;B+A;581;40;[LI231010-0020-38] 3u (I22) 581d | [LI231010-0020-38] 3u (I22) 581d | [LI231010-0020-38] 3u (I22) 581d | [LI231010-0020-38] 3u (I22) 581d;[LI231010-0020-36] 1u (I22) 581d | [LI231010-0020-37] 2u (I22) 581d | [LI231010-0020-39] 3u (I22) 581d | [LI231010-0020-40] 2u (I22) 581d | [LI231010-0020-41] 1u (I22) 581d | [LI231010-0020-36] 1u (I22) 581d | [LI231010-0020-37] 2u (I22) 581d | [LI231010-0020-39] 3u (I22) 581d | [LI231010-0020-40] 2u (I22) 581d | [LI231010-0020-41] 1u (I22) 581d | [LI231010-0020-36] 1u (I22) 581d | [LI231010-0020-37] 2u (I22) 581d | [LI231010-0020-39] 3u (I22) 581d | [LI231010-0020-40] 2u (I22) 581d | [LI231010-0020-41] 1u (I22) 581d | [LI231010-0020-36] 1u (I22) 581d | [LI231010-0020-37] 2u (I22) 581d | [LI231010-0020-39] 3u (I22) 581d | [LI231010-0020-40] 2u (I22) 581d | [LI231010-0020-41] 1u (I22) 581d;;
CLAGD/Stock/StorageGD/CLA-041-05-02-01;GENERIC;V22;48;482.88;B+C;727;40;;[MV231611-0020-37] 3u (V22) 727d | [MV231611-0020-37] 12u (V22) 727d | [MV231611-0020-37] 6u (V22) 727d | [MV231611-0020-37] 5u (V22) 727d;[MV231611-0020-38] 9u (V22) 727d | [MV231611-0020-36] 6u (V22) 727d | [MV231611-0020-38] 5u (V22) 727d | [MV231611-0020-39] 2u (V22) 727d;
CLAGD/Stock/StorageGD/CLA-041-07-03-01;GOLD;I24+I23+I17;48;244.20;C+B+D;581;40;;[OSSH127004-NAVY-28] 2u (I24) 383d | [OSSH127004-NAVY-28] 2u (I24) 383d | [COSH265031-NAVY-24] 1u (I23) 581d | [COSH265031-NAVY-25] 1u (I23) 581d | [COSH265031-NAVY-27] 1u (I23) 581d | [COSH265031-NAVY-29] 1u (I23) 581d | [COSH265031-NAVY-33] 1u (I23) 581d | [COSH265031-NAVY-35] 1u (I23) 581d | [HI222003-0020_-38] 3u (I17) 581d;[OSSH127004-NAVY-22] 1u (I24) 383d | [OSSH127004-NAVY-23] 1u (I24) 383d | [OSSH127004-NAVY-24] 1u (I24) 383d | [OSSH127004-NAVY-25] 2u (I24) 383d | [OSSH127004-NAVY-26] 2u (I24) 383d | [OSSH127004-NAVY-27] 2u (I24) 383d | [OSSH127004-NAVY-29] 1u (I24) 383d | [OSSH127004-NAVY-22] 1u (I24) 383d | [OSSH127004-NAVY-23] 1u (I24) 383d | [OSSH127004-NAVY-24] 1u (I24) 383d | [OSSH127004-NAVY-25] 2u (I24) 383d | [OSSH127004-NAVY-26] 2u (I24) 383d | [OSSH127004-NAVY-27] 2u (I24) 383d | [OSSH127004-NAVY-29] 1u (I24) 383d;[COSH265031-NAVY-26] 1u (I23) 581d | [COSH265031-NAVY-28] 1u (I23) 581d | [COSH265031-NAVY-30] 1u (I23) 581d | [COSH265031-NAVY-31] 1u (I23) 581d | [COSH265031-NAVY-32] 1u (I23) 581d | [COSH265031-NAVY-34] 1u (I23) 581d | [HI222003-0020_-36] 2u (I17) 581d | [HI222003-0020_-37] 4u (I17) 581d | [HI222003-0020_-39] 2u (I17) 581d | [HI222003-0020_-40] 1u (I17) 581d
CLAGD/Stock/StorageGD/CLA-042-01-02-02;GOLD;I25;48;0.00;C+B;510;40;;[TESH516001-PINK-23] 2u (I25) 144d | [TESH516001-NAVY-22] 2u (I25) 144d | [TESH516001-NAVY-24] 2u (I25) 144d | [TESH516001-NAVY-25] 2u (I25) 144d | [TESH516001-WHIT-20] 2u (I25) 35d | [TESH516001-WHIT-22] 2u (I25) 35d | [TESH516001-WHIT-23] 2u (I25) 35d | [TESH516001-WHIT-24] 2u (I25) 35d | [BJSH362001-WHIT-34] 1u (I25) 510d | [BJSH362001-WHIT-35] 2u (I25) 510d | [BJSH362001-WHIT-36] 2u (I25) 510d | [BJSH362001-WHIT-37] 2u (I25) 510d | [BJSH362001-WHIT-38] 2u (I25) 510d | [BJSH362001-WHIT-39] 2u (I25) 510d | [BJSH362001-WHIT-40] 1u (I25) 510d;[TESH516001-PINK-20] 2u (I25) 144d | [TESH516001-PINK-21] 2u (I25) 144d | [TESH516001-PINK-22] 2u (I25) 144d | [TESH516001-PINK-24] 2u (I25) 144d | [TESH516001-PINK-25] 2u (I25) 144d | [TESH516001-NAVY-20] 2u (I25) 144d | [TESH516001-NAVY-21] 2u (I25) 144d | [TESH516001-NAVY-23] 2u (I25) 144d | [TESH516001-WHIT-21] 2u (I25) 35d | [TESH516001-WHIT-25] 2u (I25) 35d;
CLAGD/Stock/StorageGD/CLA-042-07-02-01;GOLD;I25;48;559.68;B+D;524;40;;[COSH280001-NAVY-32] 12u (I25) 524d | [COSH280001-NAVY-31] 12u (I25) 524d | [COSH200002-NAVY-35] 12u (I25) 524d;;[COSH200002-NAVY-31] 12u (I25) 524d
CLAGD/Stock/StorageGD/CLA-046-04-01-01;GOLD;V25;48;0.00;C+D;315;50;;;[BWSH360003-BEIG-41] 1u (V25) 130d | [BWSH360003-BEIG-38] 2u (V25) 130d | [BWSH360003-BEIG-37] 2u (V25) 130d | [BWSH360003-BEIG-36] 1u (V25) 130d | [BWSH360003-BEIG-40] 1u (V25) 130d | [BWSH360003-BEIG-39] 2u (V25) 130d | [BWSH360003-BLAC-39] 2u (V25) 130d | [BWSH360003-BLAC-41] 1u (V25) 130d | [BWSH360003-BLAC-40] 1u (V25) 130d | [BWSH360003-BLAC-38] 2u (V25) 130d | [BWSH360003-BLAC-37] 2u (V25) 130d | [BWSH360003-BLAC-36] 1u (V25) 130d | [BWSH360003-BLAC-41] 1u (V25) 130d | [BWSH360003-BLAC-39] 2u (V25) 130d | [BWSH360003-BLAC-38] 2u (V25) 130d | [BWSH360003-BLAC-40] 1u (V25) 130d | [BWSH360003-BLAC-36] 1u (V25) 130d | [BWSH360003-BLAC-37] 2u (V25) 130d | [BWSH360003-BLAC-37] 2u (V25) 130d | [BWSH360003-BLAC-36] 1u (V25) 130d | [BWSH360003-BLAC-40] 1u (V25) 130d | [BWSH360003-BLAC-38] 2u (V25) 130d | [BWSH360003-BLAC-39] 2u (V25) 130d | [BWSH360003-BLAC-41] 1u (V25) 130d;[COSH215039-PINK-24] 1u (V25) 315d | [COSH215039-PINK-25] 1u (V25) 315d | [COSH215039-PINK-26] 1u (V25) 315d | [COSH215039-PINK-27] 1u (V25) 315d | [COSH215039-PINK-28] 1u (V25) 315d | [COSH215039-PINK-29] 2u (V25) 315d | [COSH215039-PINK-30] 1u (V25) 315d | [COSH215039-PINK-31] 1u (V25) 315d | [COSH215039-PINK-32] 1u (V25) 315d | [COSH215039-PINK-33] 1u (V25) 315d | [COSH215039-PINK-34] 1u (V25) 315d
CLAGD/Stock/StorageGD/CLA-043-08-01-02;GOLD;V23+V22+V25;46;349.82;B+D+C;727;40;;[NV128325-0001-32] 1u (V23) 231d | [NV128325-0001-31] 2u (V23) 231d | [NV128325-0001-30] 2u (V23) 231d | [NV128325-0001-28] 1u (V23) 231d | [NV128325-0001-32] 1u (V23) 231d | [NV128325-0001-31] 2u (V23) 231d | [NV128325-0001-30] 2u (V23) 231d | [NV128325-0001-28] 1u (V23) 231d;[MV232301-0020-38] 10u (V22) 727d;[NV128325-0001-33] 1u (V23) 231d | [NV128325-0001-35] 1u (V23) 231d | [NV128325-0001-34] 1u (V23) 231d | [NV128325-0001-27] 1u (V23) 231d | [NV128325-0001-36] 1u (V23) 231d | [NV128325-0001-29] 1u (V23) 231d | [NV128325-0001-33] 1u (V23) 231d | [NV128325-0001-35] 1u (V23) 231d | [NV128325-0001-34] 1u (V23) 231d | [NV128325-0001-27] 1u (V23) 231d | [NV128325-0001-36] 1u (V23) 231d | [NV128325-0001-29] 1u (V23) 231d | [COSH300105-WHIT-25] 1u (V25) 125d | [COSH300105-WHIT-26] 1u (V25) 125d | [COSH300105-WHIT-27] 1u (V25) 125d | [COSH300105-WHIT-28] 1u (V25) 125d | [COSH300105-WHIT-29] 1u (V25) 125d | [COSH300105-WHIT-30] 1u (V25) 125d | [COSH300105-WHIT-31] 1u (V25) 125d | [COSH300105-WHIT-32] 1u (V25) 125d | [COSH300105-WHIT-33] 1u (V25) 125d | [COSH300105-WHIT-34] 1u (V25) 125d | [COSH300105-WHIT-35] 1u (V25) 125d | [COSH300105-WHIT-36] 1u (V25) 125d
CLAGD/Stock/StorageGD/CLA-044-02-01-01;GOLD;I25;46;60.10;A+C+D+B;301;40;[BJSH542020-TAN-36] 10u (I25) 301d;[COSH317008-SILV-31] 2u (I25) 49d;[COSH328001-WPIN-25] 1u (I25) 82d | [COSH328001-WPIN-26] 1u (I25) 82d | [COSH328001-WPIN-27] 1u (I25) 82d | [COSH328001-WPIN-28] 1u (I25) 82d | [COSH328001-WPIN-29] 1u (I25) 82d | [COSH328001-WPIN-30] 1u (I25) 82d | [COSH328001-WPIN-31] 1u (I25) 82d | [COSH328001-WPIN-32] 1u (I25) 82d | [COSH328001-WPIN-33] 1u (I25) 82d | [COSH328001-WPIN-34] 1u (I25) 82d | [COSH328001-WPIN-35] 1u (I25) 82d | [COSH328001-WPIN-36] 1u (I25) 82d | [COSH328001-FNAV-25] 1u (I25) 19d | [COSH328001-FNAV-26] 1u (I25) 19d | [COSH328001-FNAV-27] 1u (I25) 19d | [COSH328001-FNAV-28] 1u (I25) 19d | [COSH328001-FNAV-29] 1u (I25) 19d | [COSH328001-FNAV-30] 1u (I25) 19d | [COSH328001-FNAV-31] 1u (I25) 19d | [COSH328001-FNAV-32] 1u (I25) 19d | [COSH328001-FNAV-33] 1u (I25) 19d | [COSH328001-FNAV-34] 1u (I25) 19d | [COSH328001-FNAV-35] 1u (I25) 19d | [COSH328001-FNAV-36] 1u (I25) 19d | [COSH317008-SILV-28] 1u (I25) 49d | [COSH317008-SILV-29] 1u (I25) 49d | [COSH317008-SILV-30] 2u (I25) 49d | [COSH317008-SILV-32] 1u (I25) 49d | [COSH317008-SILV-33] 1u (I25) 49d | [COSH317008-SILV-34] 1u (I25) 49d | [COSH317008-SILV-35] 1u (I25) 49d | [COSH317008-SILV-36] 1u (I25) 49d;[COSH317008-SILV-27] 1u (I25) 49d
CLAGD/Stock/StorageGD/CLA-044-06-01-01;BLACK;V23+V24+I25;46;260.72;D+C+B;906;40;;[TESH501001-PINK-25] 10u (I25) 150d;[BWSH328029-BLAC-36] 1u (V24) 231d | [BWSH328029-BLAC-41] 1u (V24) 231d | [BWSH328029-BLAC-37] 2u (V24) 231d | [BWSH328029-BLAC-38] 3u (V24) 231d | [BWSH328029-BLAC-40] 2u (V24) 231d | [BWSH328029-BLAC-39] 3u (V24) 231d;[NV558659-0040-27] 1u (V23) 588d | [NV558659-0040-28] 1u (V23) 588d | [NV558659-0040-29] 1u (V23) 588d | [NV558659-0040-32] 1u (V23) 588d | [NV558659-0040-35] 1u (V23) 588d | [NV558659-0040-37] 1u (V23) 588d | [NV558659-0040-38] 1u (V23) 588d | [NV558659-0207-31] 1u (V23) 588d | [NV558659-0207-32] 1u (V23) 588d | [NV558663-0011-28] 1u (V23) 684d | [NV558663-0011-29] 1u (V23) 684d | [NV558663-0011-31] 1u (V23) 906d | [NV128317-0011-34] 12u (V23) 727d
CLAGD/Stock/StorageGD/CLA-046-09-01-01;GOLD;I25;44;48.96;B+C;710;40;;[BJSH542021-TAUP-22] 8u (I25) 710d;[TESH502008-PINK-20] 2u (I25) 172d | [TESH502008-PINK-21] 2u (I25) 172d | [TESH502008-PINK-22] 2u (I25) 172d | [TESH502008-PINK-23] 2u (I25) 172d | [TESH502008-PINK-24] 2u (I25) 172d | [TESH502008-PINK-25] 2u (I25) 172d | [TESH502008-PINK-20] 2u (I25) 172d | [TESH502008-PINK-21] 2u (I25) 172d | [TESH502008-PINK-22] 2u (I25) 172d | [TESH502008-PINK-23] 2u (I25) 172d | [TESH502008-PINK-24] 2u (I25) 172d | [TESH502008-PINK-25] 2u (I25) 172d | [TESH502008-PINK-20] 2u (I25) 172d | [TESH502008-PINK-21] 2u (I25) 172d | [TESH502008-PINK-22] 2u (I25) 172d | [TESH502008-PINK-23] 2u (I25) 172d | [TESH502008-PINK-24] 2u (I25) 172d | [TESH502008-PINK-25] 2u (I25) 172d;
CLAGD/Stock/StorageGD/CLA-047-06-01-02;GOLD;I25+I23+I24;44;96.48;B+D+C;396;40;;[TESH502008-WHIT-25] 10u (I25) 172d | [TESH502008-WHIT-20] 10u (I25) 172d | [OSSH127004-NAVY-28] 2u (I24) 396d;[OSSH127004-NAVY-22] 1u (I24) 396d | [OSSH127004-NAVY-23] 1u (I24) 396d | [OSSH127004-NAVY-24] 1u (I24) 396d | [OSSH127004-NAVY-25] 2u (I24) 396d | [OSSH127004-NAVY-26] 2u (I24) 396d | [OSSH127004-NAVY-27] 2u (I24) 396d | [OSSH127004-NAVY-29] 1u (I24) 396d;[BJSH586072-MINK-27] 1u (I23) 231d | [BJSH586072-MINK-33] 1u (I23) 231d | [BJSH586072-MINK-32] 1u (I23) 231d | [BJSH586072-MINK-31] 1u (I23) 231d | [BJSH586072-MINK-30] 1u (I23) 231d | [BJSH586072-MINK-34] 1u (I23) 231d | [BJSH586072-MINK-35] 1u (I23) 231d | [BJSH586072-MINK-36] 1u (I23) 231d | [BJSH586072-MINK-26] 1u (I23) 231d | [BJSH586072-MINK-37] 1u (I23) 231d | [BJSH586072-MINK-28] 1u (I23) 231d | [BJSH586072-MINK-29] 1u (I23) 231d
CLAGD/Stock/StorageGD/CLA-031-08-01-03;GOLD;I25;42;0.00;C+B;158;40;;[COSH312006-BEIG-26] 1u (I25) 145d | [COSH312006-BEIG-27] 1u (I25) 145d | [COSH312006-BEIG-28] 1u (I25) 145d | [COSH312006-BEIG-29] 1u (I25) 145d | [COSH312006-BEIG-30] 1u (I25) 145d | [COSH312006-BEIG-31] 1u (I25) 145d;[BJSH542096-TAN-40] 10u (I25) 158d | [BJSH542096-BEIG-39] 10u (I25) 158d | [COSH264023-PINK-25] 10u (I25) 144d | [COSH312006-BEIG-25] 1u (I25) 145d | [COSH312006-BEIG-32] 1u (I25) 145d | [COSH312006-BEIG-33] 1u (I25) 145d | [COSH312006-BEIG-34] 1u (I25) 145d | [COSH312006-BEIG-35] 1u (I25) 145d | [COSH312006-BEIG-36] 1u (I25) 145d;
CLAGD/Stock/StorageGD/CLA-043-04-01-03;GOLD;V25+I25+V22;41;151.40;D+B+C;727;40;;[COSH542020-TAUP-34] 10u (I25) 434d;[BJSH542020-NAVY-23] 10u (I25) 727d | [MV232305-0020-37] 10u (V22) 727d;[COSH586016-SILV-33] 6u (V25) 185d | [COSH586016-SILV-30] 2u (V25) 185d | [COSH586016-SILV-26] 1u (V25) 185d | [COSH586016-SILV-27] 1u (V25) 185d | [COSH586016-SILV-32] 1u (V25) 185d
CLAGD/Stock/StorageGD/CLAGD/Stock/EXTB2BGD/CLA-009-02-02-01;GOLD;I25;40;0.00;B;95;40;;[BJSH402006-TAN-37] 10u (I25) 95d | [BJSH402006-BLAC-40] 10u (I25) 95d | [BJSH402006-BLAC-40] 10u (I25) 95d | [BJSH402002-TAUP-35] 10u (I25) 95d;;
CLAGD/Stock/StorageGD/CLA-009-06-01-02;GOLD;I25;40;0.00;B+C;95;40;;[BJSH402006-TAUP-37] 10u (I25) 95d | [BJSH402001-TAN-38] 10u (I25) 95d;[BJSH402001-TAN-36] 10u (I25) 95d | [BJSH402001-TAN-34] 10u (I25) 95d;
CLAGD/Stock/StorageGD/CLA-009-06-01-03;GOLD;I25;40;0.00;B;95;40;;[BJSH402006-TAUP-39] 10u (I25) 95d | [BJSH402006-TAUP-36] 10u (I25) 95d | [BJSH402006-TAUP-36] 10u (I25) 95d | [BJSH402006-BLAC-37] 10u (I25) 95d;;
CLAGD/Stock/StorageGD/CLAGD/Stock/StorageGD/CLA-009-08-03-01;GOLD;I25;40;0.00;C+D+A;139;40;[COSH542065-TAUP-36] 10u (I25) 139d | [BJSH543008-TAUP-40] 10u (I25) 139d;;[COSH542105-TAN-36] 10u (I25) 139d;[COSH542105-TAN-33] 10u (I25) 139d
CLAGD/Stock/StorageGD/CLA-031-07-03-03;GOLD;I25;40;0.00;A+B+C;150;40;[TESH501001-TAN-21] 10u (I25) 150d;[TESH501001-PINK-24] 10u (I25) 150d | [TESH501001-PINK-24] 10u (I25) 150d;[TESH501001-PINK-21] 10u (I25) 150d;
CLAGD/Stock/StorageGD/CLA-031-13-03-02;GOLD;I25;40;0.00;C;144;40;;;[COSH283118-BLAC-33] 10u (I25) 144d | [COSH283118-BLAC-30] 10u (I25) 144d | [COSH283118-BLAC-30] 10u (I25) 144d | [COSH283118-BLAC-25] 10u (I25) 144d;
CLAGD/Stock/StorageGD/CLA-040-01-01-03;GOLD;I25;40;0.00;A;434;40;[COSH542020-TAUP-36] 10u (I25) 434d | [COSH542020-TAUP-36] 10u (I25) 434d | [COSH542020-TAUP-33] 10u (I25) 434d | [BJSH543008-BLAC-33] 10u (I25) 376d;;;
CLAGD/Stock/StorageGD/CLA-040-06-02-02;GOLD;I25;40;0.00;B+C+A;452;40;[BJSH543008-BLAC-35] 10u (I25) 452d;[COSH542065-TAN-35] 10u (I25) 434d;[COSH542065-TAN-31] 10u (I25) 434d | [COSH542065-TAN-30] 10u (I25) 434d;
CLAGD/Stock/StorageGD/CLA-040-07-02-02;GOLD;I25;40;0.00;A;434;40;[COSH542020-TAUP-36] 10u (I25) 434d | [COSH542020-TAUP-35] 10u (I25) 434d | [COSH542020-TAUP-35] 10u (I25) 434d | [COSH542020-TAUP-35] 10u (I25) 434d;;;
CLAGD/Stock/StorageGD/CLA-041-01-02-01;GOLD;I25;40;0.00;A+B;195;40;[COSH542021-NAVY-29] 10u (I25) 195d | [COSH542021-NAVY-28] 10u (I25) 195d | [COSH542021-NAVY-27] 10u (I25) 195d;[COSH542021-NAVY-24] 10u (I25) 195d;;
CLAGD/Stock/StorageGD/CLA-041-04-02-03;GOLD;I25;40;0.00;A;434;40;[COSH542020-TAN-30] 10u (I25) 434d | [COSH542020-TAN-23] 10u (I25) 434d | [COSH542020-TAN-23] 10u (I25) 434d | [COSH542020-TAN-23] 10u (I25) 434d;;;
CLAGD/Stock/StorageGD/CLA-041-06-02-01;GENERIC;V22;40;371.60;C;727;40;;;[MV232301-0020-40] 10u (V22) 727d | [MV232301-0020-39] 10u (V22) 727d | [MV232301-0020-38] 10u (V22) 727d | [MV232301-0020-37] 10u (V22) 727d;
CLAGD/Stock/StorageGD/CLA-041-06-03-02;GENERIC;V22;40;365.20;C;727;40;;;[MV232305-0020-40] 10u (V22) 727d | [MV232305-0020-39] 10u (V22) 727d | [MV232305-0020-38] 10u (V22) 727d | [MV232305-0020-37] 10u (V22) 727d;
CLAGD/Stock/StorageGD/CLA-042-01-02-03;GOLD;I25;40;244.80;A;209;40;[BJSH542021-BLAC-38] 10u (I25) 209d | [BJSH542021-BLAC-38] 10u (I25) 209d | [BJSH542021-BLAC-36] 10u (I25) 209d | [BJSH542021-BLAC-36] 10u (I25) 209d;;;
CLAGD/Stock/StorageGD/CLA-042-01-03-02;GOLD;I25;40;280.40;B;392;40;;[BJSH543001-BLAC-36] 10u (I25) 392d | [BJSH543001-BLAC-35] 10u (I25) 392d | [BJSH543001-BLAC-35] 10u (I25) 392d | [BJSH543001-BLAC-35] 10u (I25) 392d;;
CLAGD/Stock/StorageGD/CLA-042-05-01-01;GOLD;I25;40;0.00;A+B;187;40;[COSH542083-TAUP-35] 10u (I25) 187d | [COSH542083-TAUP-33] 10u (I25) 187d | [COSH542083-TAUP-30] 10u (I25) 187d;[COSH542083-TAUP-34] 10u (I25) 187d;;
CLAGD/Stock/StorageGD/CLA-042-06-01-03;GOLD;I25;40;0.00;A;187;40;[COSH542083-TAUP-33] 10u (I25) 187d | [COSH542083-TAUP-30] 10u (I25) 187d | [COSH542083-TAUP-29] 10u (I25) 187d | [COSH542083-TAUP-28] 10u (I25) 187d;;;
CLAGD/Stock/StorageGD/CLA-043-01-02-01;GOLD;I25;40;0.00;A;434;40;[COSH542020-TAUP-33] 10u (I25) 434d | [COSH542020-TAUP-33] 10u (I25) 434d | [COSH542020-TAUP-33] 10u (I25) 434d | [COSH542020-TAUP-33] 10u (I25) 434d;;;
CLAGD/Stock/StorageGD/CLA-043-03-02-01;GOLD;I25;40;297.60;A;13;40;[BJSH543002-BLAC-35] 10u (I25) 13d | [BJSH543002-BLAC-40] 10u (I25) 13d | [BJSH543002-BLAC-40] 10u (I25) 13d | [BJSH543002-BLAC-37] 10u (I25) 13d;;;
CLAGD/Stock/StorageGD/CLA-043-07-01-03;GENERIC;V21+V25;40;195.00;B;727;40;;[KV130212-0371-35] 10u (V21) 727d | [KV130212-0371-35] 10u (V21) 727d | [KV130212-0371-34] 10u (V21) 727d | [COSH261029-NAVY-30] 10u (V25) 329d;;
CLAGD/Stock/StorageGD/CLA-044-01-01-03;GOLD;I24+V25+I20;40;171.00;B+D;581;40;;[COSH264005-BLAC-25] 10u (I24) 231d | [KI229004-0022-36] 1u (I20) 581d | [KI229004-0022-37] 2u (I20) 581d | [KI229004-0022-38] 2u (I20) 581d | [KI229004-0022-39] 2u (I20) 581d | [KI229004-0022-40] 1u (I20) 581d | [KI229004-0022-41] 1u (I20) 581d | [KI229004-0022-36] 1u (I20) 581d | [KI229004-0022-37] 2u (I20) 581d | [KI229004-0022-38] 2u (I20) 581d | [KI229004-0022-39] 2u (I20) 581d | [KI229004-0022-40] 1u (I20) 581d | [KI229004-0022-41] 1u (I20) 581d;;[BJSH387001-WHIT-32] 1u (V25) 329d | [BJSH387001-WHIT-33] 1u (V25) 329d | [BJSH387001-WHIT-34] 1u (V25) 329d | [BJSH387001-WHIT-35] 2u (V25) 329d | [BJSH387001-WHIT-36] 2u (V25) 329d | [BJSH387001-WHIT-37] 2u (V25) 329d | [BJSH387001-WHIT-38] 1u (V25) 329d | [BJSH387001-WHIT-39] 1u (V25) 329d | [BJSH387001-WHIT-40] 1u (V25) 329d
CLAGD/Stock/StorageGD/CLA-044-01-02-02;GOLD;I25;40;0.00;A;175;40;[COSH542021-TAN-25] 10u (I25) 175d | [COSH542021-TAN-25] 10u (I25) 175d | [COSH542021-TAN-25] 10u (I25) 175d | [COSH542021-TAN-25] 10u (I25) 175d;;;
CLAGD/Stock/StorageGD/CLA-044-01-03-01;GOLD;I25;40;0.00;A;175;40;[COSH542021-TAN-26] 10u (I25) 175d | [COSH542021-TAN-26] 10u (I25) 175d | [COSH542021-TAN-25] 10u (I25) 175d | [COSH542021-TAN-25] 10u (I25) 175d;;;
CLAGD/Stock/StorageGD/CLA-044-03-02-03;GOLD;I25;40;0.00;A;175;40;[COSH542021-TAN-31] 10u (I25) 175d | [COSH542021-TAN-30] 10u (I25) 175d | [COSH542021-TAN-30] 10u (I25) 175d | [COSH542021-TAN-26] 10u (I25) 175d;;;
CLAGD/Stock/StorageGD/CLA-044-04-03-02;GOLD;I25;40;244.80;A;209;40;[BJSH542021-TAUP-37] 10u (I25) 209d | [BJSH542021-TAUP-37] 10u (I25) 209d | [BJSH542021-TAUP-37] 10u (I25) 209d | [BJSH542021-TAUP-33] 10u (I25) 209d;;;
CLAGD/Stock/StorageGD/CLA-044-05-01-03;GOLD;V25;40;119.61;C+B+D;343;40;;[COSH284070-NAVY-30] 1u (V25) 343d | [COSH284070-NAVY-31] 2u (V25) 343d | [COSH284070-NAVY-32] 1u (V25) 343d | [COSH284070-NAVY-33] 1u (V25) 343d | [COSH283108-MULT-30] 9u (V25) 343d | [COSH283083-BLAC-28] 1u (V25) 343d | [COSH283083-BLAC-30] 1u (V25) 343d;[COSH284070-NAVY-27] 1u (V25) 343d | [COSH284070-NAVY-28] 1u (V25) 343d | [COSH284070-NAVY-29] 1u (V25) 343d | [COSH284070-NAVY-34] 1u (V25) 343d | [COSH284070-NAVY-35] 1u (V25) 343d | [COSH284070-NAVY-36] 1u (V25) 343d | [COSH283083-BLAC-27] 1u (V25) 343d | [COSH283083-BLAC-29] 2u (V25) 343d | [COSH283083-BLAC-31] 2u (V25) 343d | [COSH283083-BLAC-32] 2u (V25) 343d | [COSH283083-BLAC-33] 1u (V25) 343d | [COSH283083-BLAC-34] 1u (V25) 343d;[COSH283109-LEOP-30] 9u (V25) 343d
CLAGD/Stock/StorageGD/CLA-045-01-03-01;GOLD;V25;40;0.00;C;301;40;;;[COSH284096-WHIT-31] 10u (V25) 301d | [COSH284096-WHIT-31] 10u (V25) 301d | [COSH284096-WHIT-30] 10u (V25) 301d | [COSH284096-WHIT-29] 10u (V25) 301d;
CLAGD/Stock/StorageGD/CLA-045-06-03-01;GOLD;I25;40;297.60;A;209;40;[BJSH543002-TAUP-40] 10u (I25) 209d | [BJSH543002-TAUP-40] 10u (I25) 209d | [BJSH543002-TAUP-40] 10u (I25) 209d | [BJSH543002-TAUP-40] 10u (I25) 209d;;;
CLAGD/Stock/StorageGD/CLA-045-07-01-03;GOLD;V25;40;174.00;D+B;301;40;;[COSH264016-WHIT-31] 10u (V25) 301d;;[COSH264016-WHIT-32] 10u (V25) 301d | [COSH264016-WHIT-29] 10u (V25) 301d | [COSH264013-MULT-30] 10u (V25) 301d
CLAGD/Stock/StorageGD/CLA-045-07-03-01;GOLD;V25;40;0.00;D+B;301;40;;[COSH283106-WHIT-31] 10u (V25) 301d;;[COSH283106-WHIT-32] 10u (V25) 301d | [COSH283106-WHIT-32] 10u (V25) 301d | [COSH283106-WHIT-29] 10u (V25) 301d
CLAGD/Stock/StorageGD/CLA-046-05-03-01;GOLD;I25;40;284.40;A+B;202;40;[BJSH543002-TAN-40] 10u (I25) 202d | [BJSH543002-TAN-40] 10u (I25) 202d | [BJSH543002-TAN-36] 10u (I25) 202d;[BJSH542021-NAVY-41] 10u (I25) 202d;;
CLAGD/Stock/StorageGD/CLA-047-03-02-01;GOLD;I25;40;0.00;B;172;40;;[COSH248002-PINK-30] 10u (I25) 172d | [COSH248002-PINK-30] 10u (I25) 172d | [COSH248002-PINK-28] 10u (I25) 172d | [COSH248002-PINK-28] 10u (I25) 172d;;
CLAGD/Stock/StorageGD/CLA-047-03-03-03;GOLD;I25;40;0.00;C;172;80;;;[COSH248002-PINK-34] 0u (I25) 172d | [COSH248002-PINK-31] 0u (I25) 172d | [COSH248002-PINK-31] 0u (I25) 172d | [COSH248002-PINK-31] 0u (I25) 172d | [COSH224055-PEWT-32] 10u (I25) 172d | [COSH224054-PINK-33] 10u (I25) 172d | [COSH224054-PINK-32] 10u (I25) 172d | [COSH224054-PINK-32] 10u (I25) 172d;
CLAGD/Stock/StorageGD/CLA-040-08-01-02;GOLD;V25+I25;38;0.00;D+B+A;13;40;[BJSH542083-TAN-38] 7u (I25) 13d | [BJSH542083-TAN-34] 3u (I25) 13d | [BJSH542083-TAN-35] 2u (I25) 13d | [BJSH542083-TAN-36] 3u (I25) 13d | [BJSH542083-TAN-34] 1u (I25) 13d;[COSH542020-TAUP-34] 10u (I25) 13d;;[BJSH360003-BEIG-35] 2u (V25) 13d | [BJSH360003-BEIG-34] 2u (V25) 13d | [BJSH360003-BEIG-33] 1u (V25) 13d | [BJSH360003-BEIG-39] 1u (V25) 13d | [BJSH360003-BEIG-36] 2u (V25) 13d | [BJSH360003-BEIG-37] 2u (V25) 13d | [BJSH360003-BEIG-38] 1u (V25) 13d | [BJSH360003-BEIG-40] 1u (V25) 13d
CLAGD/Stock/StorageGD/CLA-041-03-02-03;GOLD;I25+V22;37;265.00;A+C;1067;40;[BJSH542020-TAUP-39] 10u (I25) 158d | [BJSH542020-TAUP-39] 10u (I25) 158d | [BJSH542020-TAUP-39] 10u (I25) 158d;;[MV231603-0053-37] 5u (V22) 1067d | [MV231603-0053-36] 1u (V22) 1067d | [MV231603-0053-40] 1u (V22) 1067d;
CLAGD/Stock/StorageGD/CLA-031-07-01-03;GOLD;I25;36;0.00;C+B;137;30;;[COSH244011-BURG-30] 1u (I25) 137d | [COSH244011-BURG-32] 1u (I25) 137d | [COSH244011-BURG-33] 1u (I25) 137d | [COSH244011-BURG-34] 1u (I25) 137d | [COSH244011-BURG-35] 1u (I25) 137d | [COSH244011-BURG-36] 1u (I25) 137d | [COSH244011-BURG-30] 1u (I25) 137d | [COSH244011-BURG-32] 1u (I25) 137d | [COSH244011-BURG-33] 1u (I25) 137d | [COSH244011-BURG-34] 1u (I25) 137d | [COSH244011-BURG-35] 1u (I25) 137d | [COSH244011-BURG-36] 1u (I25) 137d | [COSH244008-PINK-32] 1u (I25) 137d | [COSH244008-PINK-35] 1u (I25) 137d;[COSH244011-BURG-25] 1u (I25) 137d | [COSH244011-BURG-26] 1u (I25) 137d | [COSH244011-BURG-27] 1u (I25) 137d | [COSH244011-BURG-28] 1u (I25) 137d | [COSH244011-BURG-29] 1u (I25) 137d | [COSH244011-BURG-31] 1u (I25) 137d | [COSH244011-BURG-25] 1u (I25) 137d | [COSH244011-BURG-26] 1u (I25) 137d | [COSH244011-BURG-27] 1u (I25) 137d | [COSH244011-BURG-28] 1u (I25) 137d | [COSH244011-BURG-29] 1u (I25) 137d | [COSH244011-BURG-31] 1u (I25) 137d | [COSH244008-PINK-25] 1u (I25) 137d | [COSH244008-PINK-26] 1u (I25) 137d | [COSH244008-PINK-27] 1u (I25) 137d | [COSH244008-PINK-28] 1u (I25) 137d | [COSH244008-PINK-29] 1u (I25) 137d | [COSH244008-PINK-30] 1u (I25) 137d | [COSH244008-PINK-31] 1u (I25) 137d | [COSH244008-PINK-33] 1u (I25) 137d | [COSH244008-PINK-34] 1u (I25) 137d | [COSH244008-PINK-36] 1u (I25) 137d;
CLAGD/Stock/StorageGD/CLA-042-02-02-03;GOLD;I25;36;0.00;C+B+A;171;30;[COSH325005-WHIT-29] 2u (I25) 171d;[COSH325004-MULT-28] 1u (I25) 147d | [COSH325004-MULT-29] 2u (I25) 147d | [COSH325004-MULT-30] 2u (I25) 147d | [COSH325004-MULT-32] 1u (I25) 147d | [COSH325004-MULT-33] 1u (I25) 147d | [COSH325004-MULT-28] 1u (I25) 147d | [COSH325004-MULT-29] 2u (I25) 147d | [COSH325004-MULT-30] 2u (I25) 147d | [COSH325004-MULT-32] 1u (I25) 147d | [COSH325004-MULT-33] 1u (I25) 147d | [COSH325005-WHIT-25] 1u (I25) 171d | [COSH325005-WHIT-26] 1u (I25) 171d | [COSH325005-WHIT-27] 1u (I25) 171d | [COSH325005-WHIT-28] 1u (I25) 171d | [COSH325005-WHIT-30] 2u (I25) 171d | [COSH325005-WHIT-31] 1u (I25) 171d | [COSH325005-WHIT-32] 1u (I25) 171d;[COSH325004-MULT-25] 1u (I25) 147d | [COSH325004-MULT-26] 1u (I25) 147d | [COSH325004-MULT-27] 1u (I25) 147d | [COSH325004-MULT-31] 1u (I25) 147d | [COSH325004-MULT-34] 1u (I25) 147d | [COSH325004-MULT-25] 1u (I25) 147d | [COSH325004-MULT-26] 1u (I25) 147d | [COSH325004-MULT-27] 1u (I25) 147d | [COSH325004-MULT-31] 1u (I25) 147d | [COSH325004-MULT-34] 1u (I25) 147d | [COSH325005-WHIT-33] 1u (I25) 171d | [COSH325005-WHIT-34] 1u (I25) 171d;
CLAGD/Stock/StorageGD/CLA-044-05-03-01;GENERIC;V23;36;270.54;D;581;40;;;;[NV234406-0020-36] 2u (V23) 581d | [NV234406-0020-37] 3u (V23) 581d | [NV234406-0020-38] 2u (V23) 581d | [NV234406-0020-39] 1u (V23) 581d | [NV234406-0020-40] 1u (V23) 581d | [NV234401-0001-36] 2u (V23) 581d | [NV234401-0001-37] 3u (V23) 581d | [NV234401-0001-38] 2u (V23) 581d | [NV234401-0001-39] 1u (V23) 581d | [NV234401-0001-40] 1u (V23) 581d | [NV230045-0001-36] 2u (V23) 581d | [NV230045-0001-37] 3u (V23) 581d | [NV230045-0001-38] 2u (V23) 581d | [NV230045-0001-39] 1u (V23) 581d | [NV230045-0001-40] 1u (V23) 581d | [NV230045-0001-36] 2u (V23) 581d | [NV230045-0001-37] 3u (V23) 581d | [NV230045-0001-38] 2u (V23) 581d | [NV230045-0001-39] 1u (V23) 581d | [NV230045-0001-40] 1u (V23) 581d
CLAGD/Stock/StorageGD/CLA-045-02-02-02;GENERIC;V24+V23;36;234.60;C+D;581;30;;;[BJSH534002-BLAC-33] 1u (V24) 581d | [BJSH534002-BLAC-34] 2u (V24) 581d | [BJSH534002-BLAC-36] 2u (V24) 581d | [BJSH534002-BLAC-37] 2u (V24) 581d | [BJSH534002-BLAC-38] 1u (V24) 581d | [BJSH534002-BLAC-39] 1u (V24) 581d | [BJSH534002-BLAC-40] 1u (V24) 581d | [BJSH534002-BLAC-33] 1u (V24) 581d | [BJSH534002-BLAC-34] 2u (V24) 581d | [BJSH534002-BLAC-36] 2u (V24) 581d | [BJSH534002-BLAC-37] 2u (V24) 581d | [BJSH534002-BLAC-38] 1u (V24) 581d | [BJSH534002-BLAC-39] 1u (V24) 581d | [BJSH534002-BLAC-40] 1u (V24) 581d;[BJSH534002-BLAC-35] 2u (V24) 581d | [BJSH534002-BLAC-35] 2u (V24) 581d | [NV551769-0207-28] 1u (V23) 581d | [NV551769-0207-29] 1u (V23) 581d | [NV551769-0207-30] 1u (V23) 581d | [NV551769-0207-31] 1u (V23) 581d | [NV551769-0207-32] 1u (V23) 581d | [NV551769-0207-33] 1u (V23) 581d | [NV551769-0207-34] 1u (V23) 581d | [NV551769-0207-35] 1u (V23) 581d | [NV551769-0207-36] 1u (V23) 581d | [NV551769-0207-37] 1u (V23) 581d | [NV551769-0207-38] 1u (V23) 581d | [NV551769-0207-39] 1u (V23) 581d
CLAGD/Stock/StorageGD/CLA-047-04-01-01;BLACK;I22;36;577.44;B+A;1321;40;[LI231010-0020-38] 1u (I22) 1062d | [LI231010-0020-38] 2u (I22) 1062d;[LI231010-0020-41] 2u (I22) 587d | [LI231010-0020-36] 6u (I22) 587d | [LI231010-0020-39] 1u (I22) 587d | [LI231010-0020-39] 3u (I22) 587d | [LI231010-0020-40] 1u (I22) 587d | [LI231010-0020-37] 2u (I22) 1321d | [LI231010-0020-36] 2u (I22) 587d | [LI231010-0020-39] 2u (I22) 587d | [LI231010-0020-40] 1u (I22) 587d | [LI231010-0020-37] 2u (I22) 1321d | [LI231010-0020-36] 2u (I22) 587d | [LI231007-0022_-38] 3u (I22) 587d | [LI231007-0022_-41] 1u (I22) 1291d | [LI231007-0022_-37] 1u (I22) 1063d | [LI231007-0022_-36] 3u (I22) 1321d | [LI231007-0022_-40] 1u (I22) 1321d;;
CLAGD/Stock/StorageGD/CLA-040-01-01-02;GOLD;V24+I25;34;200.44;C+D;622;30;;;[COSH285038-GOLD-27] 1u (V24) 410d | [COSH285038-GOLD-28] 1u (V24) 410d | [COSH285038-GOLD-29] 1u (V24) 410d | [COSH285038-GOLD-30] 2u (V24) 410d | [COSH285038-GOLD-31] 2u (V24) 410d | [COSH285038-GOLD-32] 2u (V24) 410d | [COSH285038-GOLD-33] 1u (V24) 410d | [COSH285038-GOLD-34] 1u (V24) 410d | [COSH285038-GOLD-35] 1u (V24) 410d | [BJSH328029-BLAC-40] 12u (V24) 622d;[COSH200002-NAVY-30] 10u (I25) 125d
CLAGD/Stock/StorageGD/CLA-040-09-01-01;GOLD;I22+I25+V23;34;267.46;C+A+D;581;30;[BJSH542020-TAUP-39] 10u (I25) 158d;;[MI124905-0011-28] 4u (I22) 213d | [MI124905-0011-29] 7u (I22) 213d | [MI124905-0011-30] 1u (I22) 213d;[NV126517-0040-27] 1u (V23) 581d | [NV126517-0040-28] 1u (V23) 581d | [NV126517-0040-29] 1u (V23) 581d | [NV126517-0040-30] 2u (V23) 581d | [NV126517-0040-31] 2u (V23) 581d | [NV126517-0040-32] 2u (V23) 581d | [NV126517-0040-33] 1u (V23) 581d | [NV126517-0040-34] 1u (V23) 581d | [NV126517-0040-35] 1u (V23) 581d
CLAGD/Stock/StorageGD/CLA-031-13-01-03;GOLD;I25;32;0.00;C+B;144;30;;[COSH282106-BLAC-28] 1u (I25) 144d | [COSH282106-BLAC-29] 1u (I25) 144d | [COSH282106-BLAC-30] 1u (I25) 144d | [COSH282106-BLAC-32] 1u (I25) 144d | [COSH282106-BLAC-35] 1u (I25) 144d | [COSH282106-BLAC-36] 1u (I25) 144d;[COSH282106-BLAC-25] 1u (I25) 144d | [COSH282106-BLAC-26] 1u (I25) 144d | [COSH282106-BLAC-27] 1u (I25) 144d | [COSH282106-BLAC-31] 1u (I25) 144d | [COSH282106-BLAC-33] 1u (I25) 144d | [COSH282106-BLAC-34] 1u (I25) 144d | [COSH264027-BLAC-36] 10u (I25) 144d | [COSH264027-BLAC-32] 10u (I25) 144d;
CLAGD/Stock/StorageGD/CLA-009-01-01-02;GOLD;I25;30;210.30;A+B;158;30;[BJSH543001-TAUP-37] 10u (I25) 151d | [BJSH543001-TAN-37] 10u (I25) 158d;[BJSH543001-TAUP-35] 10u (I25) 151d;;
CLAGD/Stock/StorageGD/CLAGD/Stock/EXTB2BGD/CLA-009-01-02-01;GOLD;I25;30;0.00;B+C;95;30;;[BJSH402006-TAN-36] 10u (I25) 95d;[BJSH402006-TAN-34] 10u (I25) 95d | [BJSH402001-TAUP-35] 10u (I25) 95d;
CLAGD/Stock/StorageGD/CLAGD/Stock/EXTB2BGD/CLA-009-01-02-03;GOLD;I25;30;0.00;C+B;95;30;;[BJSH402006-BLAC-35] 10u (I25) 95d;[BJSH402006-BLAC-36] 10u (I25) 95d | [BJSH402001-TAUP-40] 10u (I25) 95d;
CLAGD/Stock/StorageGD/CLAGD/Stock/EXTB2BGD/CLA-009-02-01-03;GOLD;I25;30;0.00;A;151;30;[BJSH543008-TAUP-39] 10u (I25) 151d | [BJSH543008-TAUP-36] 10u (I25) 151d | [BJSH543008-TAUP-36] 10u (I25) 151d;;;
CLAGD/Stock/StorageGD/CLAGD/Stock/EXTB2BGD/CLA-009-07-01-01;GOLD;I25;30;0.00;C;146;30;;;[BJSH401003-OFFW-36] 10u (I25) 146d | [BJSH401003-OFFW-35] 10u (I25) 146d | [BJSH401003-BEIG-40] 10u (I25) 146d;
CLAGD/Stock/StorageGD/CLA-031-08-03-02;GOLD;I25;30;0.00;C;158;30;;;[BJSH542096-TAN-39] 10u (I25) 158d | [BJSH542096-TAN-39] 10u (I25) 158d | [BJSH542096-BEIG-40] 10u (I25) 158d;
CLAGD/Stock/StorageGD/CLA-040-03-01-02;GOLD;I25;30;0.00;A;187;30;[BJSH542083-TAUP-35] 10u (I25) 187d | [BJSH542083-TAN-41] 10u (I25) 187d | [BJSH542083-TAN-40] 10u (I25) 187d;;;
CLAGD/Stock/StorageGD/CLA-041-01-01-02;GOLD;I25;30;0.00;A;195;30;[COSH542021-NAVY-28] 10u (I25) 195d | [COSH542021-NAVY-28] 10u (I25) 195d | [COSH542021-NAVY-29] 10u (I25) 195d;;;
CLAGD/Stock/StorageGD/CLA-041-02-03-02;GOLD;I25;30;0.00;A+B;195;30;[COSH542021-TAUP-28] 10u (I25) 195d | [COSH542021-TAUP-28] 10u (I25) 195d;[COSH542021-NAVY-24] 10u (I25) 195d;;
CLAGD/Stock/StorageGD/CLA-041-05-02-03;GOLD;I25;30;183.60;A;209;30;[BJSH542021-BLAC-40] 10u (I25) 209d | [BJSH542021-BLAC-40] 10u (I25) 209d | [BJSH542021-BLAC-40] 10u (I25) 209d;;;
CLAGD/Stock/StorageGD/CLA-041-06-02-02;GOLD;I25;30;180.30;A;158;30;[BJSH542020-TAUP-39] 10u (I25) 158d | [BJSH542020-TAUP-39] 10u (I25) 158d | [BJSH542020-TAUP-39] 10u (I25) 158d;;;
CLAGD/Stock/StorageGD/CLA-041-07-02-02;GOLD;I25;30;0.00;A;158;30;[BJSH543008-TAN-37] 10u (I25) 158d | [BJSH543008-TAN-37] 10u (I25) 158d | [BJSH543008-TAN-35] 10u (I25) 158d;;;
CLAGD/Stock/StorageGD/CLA-041-07-02-03;GOLD;I25;30;183.60;A;209;30;[BJSH542021-BLAC-38] 10u (I25) 209d | [BJSH542021-BLAC-35] 10u (I25) 209d | [BJSH542021-BLAC-35] 10u (I25) 209d;;;
CLAGD/Stock/StorageGD/CLA-042-03-01-01;GOLD;I25;30;180.30;A;158;30;[BJSH542020-TAUP-37] 10u (I25) 158d | [BJSH542020-TAUP-36] 10u (I25) 158d | [BJSH542020-TAUP-36] 10u (I25) 158d;;;
CLAGD/Stock/StorageGD/CLA-042-03-03-02;GOLD;I25;30;183.60;A;209;30;[BJSH542021-TAN-40] 10u (I25) 209d | [BJSH542021-TAN-40] 10u (I25) 209d | [BJSH542021-TAN-40] 10u (I25) 209d;;;
CLAGD/Stock/StorageGD/CLA-042-04-03-02;GOLD;I25;30;0.00;A;202;30;[COSH542021-BLAC-35] 10u (I25) 202d | [COSH542021-BLAC-35] 10u (I25) 202d | [COSH542021-BLAC-32] 10u (I25) 202d;;;
CLAGD/Stock/StorageGD/CLA-043-02-02-02;GOLD;I25;30;120.20;A+B;434;30;[BJSH542020-TAN-33] 10u (I25) 432d | [BJSH542020-TAN-33] 10u (I25) 432d;[COSH542065-TAUP-26] 10u (I25) 434d;;
CLAGD/Stock/StorageGD/CLA-043-05-01-01;GOLD;I25+I24;30;125.20;A+B;439;30;[COSH542021-TAN-25] 10u (I25) 439d;[BJSH542090-GOLD-39] 10u (I24) 384d | [BJSH542090-GOLD-37] 10u (I24) 384d;;
CLAGD/Stock/StorageGD/CLA-043-07-02-03;GOLD;I24+I25;30;60.10;B+A;434;30;[BJSH542020-NAVY-34] 10u (I25) 434d;[COSH542090-GOLD-36] 10u (I24) 434d | [COSH542090-GOLD-35] 10u (I24) 434d;;
CLAGD/Stock/StorageGD/CLA-044-03-01-03;GOLD;I25;30;0.00;B;175;30;;[BJSH542021-BEIG-39] 10u (I25) 175d | [BJSH542021-BEIG-39] 10u (I25) 175d | [BJSH542021-BEIG-37] 10u (I25) 175d;;
CLAGD/Stock/StorageGD/CLA-045-08-02-02;GOLD;I25;30;183.60;A;209;30;[BJSH542021-TAUP-38] 10u (I25) 209d | [BJSH542021-TAUP-38] 10u (I25) 209d | [BJSH542021-TAUP-37] 10u (I25) 209d;;;
CLAGD/Stock/StorageGD/CLA-046-01-03-03;GOLD;I25;30;223.20;A;195;30;[BJSH543002-BLAC-37] 10u (I25) 195d | [BJSH543002-BLAC-36] 10u (I25) 195d | [BJSH543002-BLAC-36] 10u (I25) 195d;;;
CLAGD/Stock/StorageGD/CLA-046-05-02-03;GOLD;I25;30;196.80;A;202;30;[BJSH543002-TAN-35] 10u (I25) 202d | [BJSH542021-NAVY-40] 10u (I25) 202d | [BJSH542021-NAVY-40] 10u (I25) 202d;;;
CLAGD/Stock/StorageGD/CLA-031-19-03-03;GENERIC;I25;29;0.00;D;130;10;;;;[COMEPLV022] 29u (I25) 130d
CLAGD/Stock/StorageGD/CLA-043-05-01-03;GENERIC;I25;29;174.29;A+B;727;30;[BJSH542020-TAUP-33] 10u (I25) 704d | [BJSH542020-BLAC-35] 10u (I25) 446d;[BJSH542020-TAUP-22] 9u (I25) 727d;;
CLAGD/Stock/StorageGD/CLA-046-07-01-01;GOLD;I25;29;0.00;B;495;40;;[COSH542065-TAN-28] 8u (I25) 434d | [COSH542065-TAUP-24] 3u (I25) 434d | [COSH542065-TAUP-25] 7u (I25) 434d | [BJSH542083-BLAC-34] 5u (I25) 495d | [BJSH542083-BLAC-35] 2u (I25) 495d | [BJSH542083-BLAC-34] 3u (I25) 495d | [BJSH542083-BLAC-33] 1u (I25) 358d;;
CLAGD/Stock/StorageGD/CLA-040-04-01-02;GOLD;I25;27;0.00;B+A;434;50;[COSH542020-TAUP-33] 1u (I25) 434d | [COSH542020-NAVY-33] 1u (I25) 434d | [COSH542020-TAUP-33] 1u (I25) 434d | [COSH542020-TAUP-31] 2u (I25) 434d | [COSH542020-TAUP-31] 6u (I25) 434d | [COSH542020-TAUP-31] 6u (I25) 434d | [COSH542020-NAVY-32] 3u (I25) 434d;[COSH542020-NAVY-36] 2u (I25) 434d | [COSH542020-NAVY-36] 1u (I25) 434d | [COSH542020-TAN-22] 3u (I25) 434d | [COSH542020-TAUP-22] 1u (I25) 362d;;
CLAGD/Stock/StorageGD/CLA-046-08-01-03;GOLD;I25;27;0.00;B+C;495;30;;[BJSH542083-BLAC-35] 8u (I25) 495d | [BJSH542083-BLAC-35] 7u (I25) 495d;[COSH325003-WHITE-25] 1u (I25) 172d | [COSH325003-WHITE-26] 1u (I25) 172d | [COSH325003-WHITE-27] 1u (I25) 172d | [COSH325003-WHITE-28] 1u (I25) 172d | [COSH325003-WHITE-29] 2u (I25) 172d | [COSH325003-WHITE-30] 2u (I25) 172d | [COSH325003-WHITE-31] 1u (I25) 172d | [COSH325003-WHITE-32] 1u (I25) 172d | [COSH325003-WHITE-33] 1u (I25) 172d | [COSH325003-WHITE-34] 1u (I25) 172d;
CLAGD/Stock/StorageGD/CLA-072-13-03-03;GOLD;I25;27;0.00;A+C;108;30;[BJSH543008-TAUP-38] 2u (I25) 108d | [BJSH543008-TAUP-37] 2u (I25) 108d | [BJSH543008-TAUP-39] 1u (I25) 108d | [BJSH543008-TAUP-40] 1u (I25) 108d | [BJSH543008-TAUP-34] 1u (I25) 108d | [BJSH543008-TAUP-35] 2u (I25) 108d | [BJSH543008-TAUP-36] 2u (I25) 108d | [BJSH543008-TAUP-33] 1u (I25) 108d | [BJSH543008-TAUP-34] 1u (I25) 108d | [BJSH543008-TAUP-35] 2u (I25) 108d | [BJSH543008-TAUP-36] 2u (I25) 108d | [BJSH543008-TAUP-38] 2u (I25) 108d | [BJSH543008-TAUP-39] 1u (I25) 108d | [BJSH543008-TAUP-40] 1u (I25) 108d | [BJSH543008-TAUP-37] 2u (I25) 108d;;[COSH586026-ANTR-30] 1u (I25) 108d | [COSH586026-ANTR-26] 2u (I25) 108d | [COSH586026-ANTR-31] 1u (I25) 108d;
CLAGD/Stock/StorageGD/CLA-042-09-01-02;GOLD;I25+I24;26;70.10;A+C+B;151;30;[BJSH542083-TAN-38] 3u (I25) 143d | [BJSH542083-TAN-37] 1u (I25) 143d | [BJSH543001-BLAC-38] 10u (I25) 139d;[BJSH543008-BLAC-38] 1u (I25) 143d | [BJSH543008-BLAC-34] 10u (I25) 151d;[COSH113035-TAN-26] 1u (I24) 143d;
CLAGD/Stock/StorageGD/CLA-044-03-03-02;GOLD;I25;26;0.00;B+D+C;173;30;;[TESH515019-VISO-25] 2u (I25) 173d;[COSH586025-SAND-34] 1u (I25) 173d | [COSH586025-SAND-35] 1u (I25) 173d | [COSH586025-SAND-36] 1u (I25) 173d | [COSH586025-NAVY-27] 1u (I25) 173d | [COSH586025-NAVY-30] 2u (I25) 173d | [COSH586025-NAVY-31] 1u (I25) 173d | [COSH586025-NAVY-32] 1u (I25) 173d | [COSH586025-NAVY-33] 1u (I25) 173d | [COSH586025-NAVY-34] 1u (I25) 173d | [COSH586025-NAVY-35] 1u (I25) 173d;[COSH586025-SAND-26] 1u (I25) 173d | [COSH586025-SAND-27] 1u (I25) 173d | [COSH586025-SAND-28] 1u (I25) 173d | [COSH586025-SAND-29] 1u (I25) 173d | [COSH586025-SAND-30] 2u (I25) 173d | [COSH586025-SAND-31] 1u (I25) 173d | [COSH586025-SAND-32] 1u (I25) 173d | [COSH586025-SAND-33] 1u (I25) 173d | [COSH586025-NAVY-26] 1u (I25) 173d | [COSH586025-NAVY-28] 1u (I25) 173d | [COSH586025-NAVY-29] 1u (I25) 173d | [COSH586025-NAVY-36] 1u (I25) 173d
CLAGD/Stock/StorageGD/CLA-031-13-03-01;GOLD;I25;24;0.00;B+A;123;20;[TESH503012-BEIG-22] 2u (I25) 123d | [TESH503012-BEIG-22] 2u (I25) 123d;[TESH503012-BEIG-20] 2u (I25) 123d | [TESH503012-BEIG-21] 2u (I25) 123d | [TESH503012-BEIG-23] 2u (I25) 123d | [TESH503012-BEIG-24] 2u (I25) 123d | [TESH503012-BEIG-25] 2u (I25) 123d | [TESH503012-BEIG-20] 2u (I25) 123d | [TESH503012-BEIG-21] 2u (I25) 123d | [TESH503012-BEIG-23] 2u (I25) 123d | [TESH503012-BEIG-24] 2u (I25) 123d | [TESH503012-BEIG-25] 2u (I25) 123d;;
CLAGD/Stock/StorageGD/CLA-040-04-01-03;GOLD;I24;24;127.80;C+B;516;20;;[COSH283093-WHIT-30] 2u (I24) 516d | [COSH283093-WHIT-32] 2u (I24) 516d | [COSH283093-WHIT-34] 1u (I24) 516d | [COSH283093-WHIT-35] 1u (I24) 516d | [COSH283093-WHIT-36] 1u (I24) 516d;[OSSH506001-JEAN-23] 2u (I24) 230d | [OSSH506001-JEAN-20] 2u (I24) 230d | [OSSH506001-JEAN-25] 2u (I24) 230d | [OSSH506001-JEAN-24] 2u (I24) 230d | [OSSH506001-JEAN-22] 2u (I24) 230d | [OSSH506001-JEAN-21] 2u (I24) 230d | [COSH283093-WHIT-29] 1u (I24) 516d | [COSH283093-WHIT-31] 2u (I24) 516d | [COSH283093-WHIT-33] 2u (I24) 516d;
CLAGD/Stock/StorageGD/CLA-045-02-01-01;GOLD;I25;24;0.00;C;110;20;;;[COSH330003-GREY-25] 1u (I25) 110d | [COSH330003-GREY-26] 1u (I25) 110d | [COSH330003-GREY-27] 1u (I25) 110d | [COSH330003-GREY-28] 1u (I25) 110d | [COSH330003-GREY-29] 1u (I25) 110d | [COSH330003-GREY-30] 1u (I25) 110d | [COSH330003-GREY-31] 1u (I25) 110d | [COSH330003-GREY-32] 1u (I25) 110d | [COSH330003-GREY-33] 1u (I25) 110d | [COSH330003-GREY-34] 1u (I25) 110d | [COSH330003-GREY-35] 1u (I25) 110d | [COSH330003-GREY-36] 1u (I25) 110d | [COSH330003-GREY-25] 1u (I25) 110d | [COSH330003-GREY-26] 1u (I25) 110d | [COSH330003-GREY-27] 1u (I25) 110d | [COSH330003-GREY-28] 1u (I25) 110d | [COSH330003-GREY-29] 1u (I25) 110d | [COSH330003-GREY-30] 1u (I25) 110d | [COSH330003-GREY-31] 1u (I25) 110d | [COSH330003-GREY-32] 1u (I25) 110d | [COSH330003-GREY-33] 1u (I25) 110d | [COSH330003-GREY-34] 1u (I25) 110d | [COSH330003-GREY-35] 1u (I25) 110d | [COSH330003-GREY-36] 1u (I25) 110d;
CLAGD/Stock/StorageGD/CLA-047-05-01-03;GOLD;I24;24;75.12;B+A;384;30;[BWSH347006-TAN-36] 1u (I24) 360d;[BJSH542090-BLAC-35] 4u (I24) 384d | [BJSH542090-BLAC-37] 1u (I24) 356d | [BJSH542090-BLAC-37] 7u (I24) 356d | [BWSH347006-TAN-37] 2u (I24) 360d | [BWSH347006-TAN-38] 3u (I24) 360d | [BWSH347006-TAN-39] 3u (I24) 360d | [BWSH347006-TAN-40] 2u (I24) 360d | [BWSH347006-TAN-41] 1u (I24) 360d;;
CLAGD/Stock/StorageGD/CLA-040-05-02-03;GOLD;I24+V23;22;106.62;B+D;581;20;;[COSH283043-PEWT-22] 10u (I24) 342d;;[NV126507-0043-27] 2u (V23) 581d | [NV126507-0043-28] 2u (V23) 581d | [NV126507-0043-29] 2u (V23) 581d | [NV126507-0043-30] 1u (V23) 581d | [NV126507-0043-31] 1u (V23) 581d | [NV126507-0043-32] 1u (V23) 581d | [NV126507-0043-33] 1u (V23) 581d | [NV126507-0043-34] 1u (V23) 581d | [NV126507-0043-35] 1u (V23) 581d
CLAGD/Stock/StorageGD/CLA-041-02-01-02;GOLD;I25+V22;22;135.84;A+C+B;581;20;[COSH542021-NAVY-29] 10u (I25) 195d;[MV232106-0160-37] 2u (V22) 581d | [MV232106-0160-38] 3u (V22) 581d;[MV232106-0160-36] 1u (V22) 581d | [MV232106-0160-39] 3u (V22) 581d | [MV232106-0160-40] 2u (V22) 581d | [MV232106-0160-41] 1u (V22) 581d;
CLAGD/Stock/StorageGD/CLAGD/Stock/EXTB2BGD/CLA-009-04-03-02;GOLD;I25;20;140.20;B+A;139;20;[BJSH543001-TAUP-34] 10u (I25) 139d;[BJSH543001-TAUP-40] 10u (I25) 139d;;
CLAGD/Stock/StorageGD/CLA-009-06-03-01;GOLD;I25;20;0.00;A+C;109;20;[TESH501001-TAN-21] 10u (I25) 109d;;[TESH501005-TAUP-25] 10u (I25) 109d;
CLAGD/Stock/StorageGD/CLAGD/Stock/StorageGD/CLA-009-09-02-01;GOLD;I25;20;0.00;B;98;20;;[COSH542065-TAN-33] 10u (I25) 98d | [COSH542065-TAN-33] 10u (I25) 98d;;
CLAGD/Stock/StorageGD/CLA-031-07-01-02;GOLD;I25;20;0.00;D+B;158;20;;[COSH542083-TAUP-34] 10u (I25) 158d;;[COSH542102-BEIG-30] 10u (I25) 158d
CLAGD/Stock/StorageGD/CLA-040-02-02-02;GOLD;I25;20;0.00;A;187;20;[BJSH542083-TAUP-36] 10u (I25) 187d | [BJSH543008-TAUP-35] 10u (I25) 151d;;;
CLAGD/Stock/StorageGD/CLA-040-03-02-02;GOLD;I25;20;0.00;A;151;20;[BJSH543008-TAUP-39] 10u (I25) 151d | [BJSH543008-TAUP-35] 10u (I25) 151d;;;
CLAGD/Stock/StorageGD/CLA-040-07-01-02;GOLD;I25;20;60.10;A;434;20;[COSH542020-TAUP-28] 10u (I25) 434d | [BJSH542020-TAUP-39] 10u (I25) 158d;;;
CLAGD/Stock/StorageGD/CLA-042-02-03-02;GOLD;I25;20;122.40;A;209;20;[BJSH542021-BLAC-39] 10u (I25) 209d | [BJSH542021-BLAC-38] 10u (I25) 209d;;;
CLAGD/Stock/StorageGD/CLA-042-05-01-02;GOLD;I25;20;60.10;A+B;434;20;[BJSH542020-TAUP-33] 10u (I25) 384d;[COSH542020-NAVY-36] 10u (I25) 434d;;
CLAGD/Stock/StorageGD/CLA-042-06-02-02;GOLD;I25;20;120.20;A;446;20;[BJSH542020-BLAC-34] 10u (I25) 446d | [BJSH542020-TAUP-33] 10u (I25) 356d;;;
CLAGD/Stock/StorageGD/CLA-042-08-01-02;GOLD;I25;20;134.50;A;202;20;[BJSH543002-TAN-40] 10u (I25) 202d | [BJSH542020-TAUP-34] 10u (I25) 158d;;;
CLAGD/Stock/StorageGD/CLA-042-09-03-03;GENERIC;I25+V22;20;151.40;B+C;727;20;;[BJSH542020-NAVY-25] 10u (I25) 727d;[MV232305-0020-38] 10u (V22) 727d;
CLAGD/Stock/StorageGD/CLA-043-06-01-01;GOLD;I25;20;0.00;A;195;20;[COSH542021-TAN-30] 10u (I25) 195d | [COSH542021-TAN-28] 10u (I25) 175d;;;
CLAGD/Stock/StorageGD/CLA-043-07-01-02;GOLD;V25+V21;20;65.00;B;727;20;;[COSH261029-NAVY-28] 10u (V25) 329d | [KV130212-0371-35] 10u (V21) 727d;;
CLAGD/Stock/StorageGD/CLA-043-09-03-01;GOLD;I25;20;0.00;C;146;20;;;[BJSH401007-WHIT-37] 10u (I25) 146d | [BJSH401007-PINK-33] 10u (I25) 146d;
CLAGD/Stock/StorageGD/CLA-045-01-03-03;GOLD;V25;20;0.00;D;343;20;;;;[COSH283100-MULT-32] 10u (V25) 343d | [COSH283100-MULT-30] 10u (V25) 343d
CLAGD/Stock/StorageGD/CLA-046-01-02-03;GOLD;I25;20;148.80;A;195;20;[BJSH543002-TAUP-40] 10u (I25) 195d | [BJSH543002-TAUP-40] 10u (I25) 195d;;;
CLAGD/Stock/StorageGD/CLA-046-05-01-02;GOLD;I25;20;148.80;A;195;20;[BJSH543002-TAUP-40] 10u (I25) 195d | [BJSH543002-TAUP-40] 10u (I25) 195d;;;
CLAGD/Stock/StorageGD/CLA-047-04-02-02;GOLD;I25;20;0.00;C;146;20;;;[BJSH401003-OFFW-35] 10u (I25) 146d | [BJSH401003-OFFW-34] 10u (I25) 146d;
CLAGD/Stock/StorageGD/CLA-047-04-02-03;GOLD;I25;20;0.00;C+B;172;20;;[COSH248002-PINK-28] 10u (I25) 172d;[COSH248002-PINK-32] 10u (I25) 172d;
CLAGD/Stock/StorageGD/CLA-047-09-02-03;GOLD;I25;20;0.00;A;174;20;[TESH501001-TAN-21] 10u (I25) 174d | [TESH501001-TAN-20] 10u (I25) 174d;;;
CLAGD/Stock/StorageGD/CLA-072-15-01-01;GOLD;I25+I17+V24;19;78.62;D+A+C+B;32;30;[DFSH371016-BRON-37] 1u (I25) 32d | [DFSH371017-LEOP-37] 1u (I25) 32d | [DFSH371016-BRAS-37] 1u (I25) 32d | [TESH501001-TAUP-20] 1u (I25) 32d;[COSH244010-BLAC-36] 1u (I25) 32d | [COSH244010-BLAC-34] 1u (I25) 32d | [COSH244010-BLAC-35] 1u (I25) 32d | [COSH244010-BLAC-33] 1u (I25) 32d | [COSH244010-BLAC-32] 1u (I25) 32d | [COSH249005-NAVY-28] 1u (I25) 32d | [DFSH361007-BLAC-38] 1u (V24) 32d | [HI219120-0078-36] 1u (I17) 32d | [HI222003-0040-36] 1u (I17) 32d;[COSH244010-BLAC-31] 1u (I25) 32d | [COSH244010-BLAC-25] 1u (I25) 32d | [HI222105-0078-38] 1u (I17) 32d | [COSH327006-TAUP-32] 1u (I25) 32d;[COSH327006-TAN-32] 1u (I25) 32d | [COSH249005-NAVY-26] 1u (I25) 32d
CLAGD/Stock/StorageGD/CLA-044-02-03-03;GOLD;I24;18;0.00;B+A;243;20;[OSSH140112-GOLD-28] 2u (I24) 229d | [OSSH140112-GOLD-29] 2u (I24) 229d | [OSSH140112-GOLD-30] 1u (I24) 229d | [OSSH140112-GOLD-31] 1u (I24) 229d | [OSSH140112-GOLD-28] 1u (I24) 243d | [OSSH140112-GOLD-29] 1u (I24) 243d;[OSSH140112-GOLD-25] 1u (I24) 229d | [OSSH140112-GOLD-27] 2u (I24) 229d | [OSSH140112-GOLD-24] 1u (I24) 229d | [OSSH140112-GOLD-26] 1u (I24) 229d | [OSSH140112-GOLD-25] 2u (I24) 243d | [OSSH140112-GOLD-27] 3u (I24) 243d;;
CLAGD/Stock/StorageGD/CLA-040-01-02-02;GOLD;I25+I24;17;0.00;B+D+C;489;20;;[COSH542020-NAVY-24] 8u (I25) 434d | [BWSH368005-MULT-36] 1u (I24) 489d;[BWSH368005-MULT-40] 1u (I24) 489d;[BWSH368005-MULT-37] 2u (I24) 489d | [BWSH368005-MULT-38] 2u (I24) 489d | [BWSH368005-MULT-39] 2u (I24) 489d | [BWSH368005-MULT-41] 1u (I24) 489d
CLAGD/Stock/StorageGD/CLA-047-08-01-03;GOLD;I25;17;61.09;B+A;222;30;[BJSH542020-NAVY-37] 1u (I25) 222d | [BJSH543008-TAUP-39] 1u (I25) 222d | [BJSH543008-TAN-36] 1u (I25) 222d | [BJSH543001-TAN-38] 1u (I25) 222d | [BJSH542020-BLAC-40] 1u (I25) 222d;[BJSH543008-BLAC-38] 6u (I25) 222d | [BJSH543001-BLAC-36] 6u (I25) 222d;;
CLAGD/Stock/StorageGD/CLA-031-18-03-03;GENERIC;I25;14;0.00;D;130;10;;;;[TEMEPLV011] 14u (I25) 130d
CLAGD/Stock/StorageGD/CLA-040-04-02-03;GOLD;I24;12;0.00;C+B;396;10;;[OSSH127004-NAVY-28] 2u (I24) 396d;[OSSH127004-NAVY-22] 1u (I24) 396d | [OSSH127004-NAVY-23] 1u (I24) 396d | [OSSH127004-NAVY-24] 1u (I24) 396d | [OSSH127004-NAVY-25] 2u (I24) 396d | [OSSH127004-NAVY-26] 2u (I24) 396d | [OSSH127004-NAVY-27] 2u (I24) 396d | [OSSH127004-NAVY-29] 1u (I24) 396d;
CLAGD/Stock/StorageGD/CLA-040-06-01-02;GOLD;I24;12;0.00;C+B;426;10;;[COSH264004-NAVY-31] 2u (I24) 426d | [COSH264004-NAVY-33] 2u (I24) 426d | [COSH264004-NAVY-34] 1u (I24) 426d | [COSH264004-NAVY-36] 1u (I24) 426d;[COSH264004-NAVY-29] 1u (I24) 426d | [COSH264004-NAVY-30] 2u (I24) 426d | [COSH264004-NAVY-32] 2u (I24) 426d | [COSH264004-NAVY-35] 1u (I24) 426d;
CLAGD/Stock/StorageGD/CLA-042-02-01-01;GOLD;I25;12;0.00;C+D;173;10;;;[COSH586018-ANTR-26] 1u (I25) 173d | [COSH586018-ANTR-27] 1u (I25) 173d | [COSH586018-ANTR-28] 1u (I25) 173d | [COSH586018-ANTR-30] 2u (I25) 173d | [COSH586018-ANTR-32] 1u (I25) 173d | [COSH586018-ANTR-36] 1u (I25) 173d;[COSH586018-ANTR-29] 1u (I25) 173d | [COSH586018-ANTR-31] 1u (I25) 173d | [COSH586018-ANTR-33] 1u (I25) 173d | [COSH586018-ANTR-34] 1u (I25) 173d | [COSH586018-ANTR-35] 1u (I25) 173d
CLAGD/Stock/StorageGD/CLA-046-04-01-02;GOLD;I25;12;0.00;B+C;97;10;;[COSH327003-TAUP-25] 1u (I25) 97d | [COSH327003-TAUP-26] 1u (I25) 97d | [COSH327003-TAUP-27] 1u (I25) 97d | [COSH327003-TAUP-28] 1u (I25) 97d | [COSH327003-TAUP-29] 1u (I25) 97d | [COSH327003-TAUP-30] 1u (I25) 97d | [COSH327003-TAUP-31] 1u (I25) 97d | [COSH327003-TAUP-32] 1u (I25) 97d | [COSH327003-TAUP-33] 1u (I25) 97d | [COSH327003-TAUP-34] 1u (I25) 97d;[COSH327003-TAUP-35] 1u (I25) 97d | [COSH327003-TAUP-36] 1u (I25) 97d;
CLAGD/Stock/StorageGD/CLA-072-19-03-03;GOLD;I25;12;0.00;C+B;172;10;;[COSH113041-BLAC-28] 1u (I25) 172d | [COSH113041-BLAC-29] 1u (I25) 172d | [COSH113041-BLAC-30] 1u (I25) 172d | [COSH113041-BLAC-31] 1u (I25) 172d | [COSH113041-BLAC-32] 1u (I25) 172d | [COSH113041-BLAC-33] 1u (I25) 172d | [COSH113041-BLAC-34] 1u (I25) 172d | [COSH113041-BLAC-35] 1u (I25) 172d | [COSH113041-BLAC-36] 1u (I25) 172d;[COSH113041-BLAC-25] 1u (I25) 172d | [COSH113041-BLAC-26] 1u (I25) 172d | [COSH113041-BLAC-27] 1u (I25) 172d;
CLAGD/Stock/StorageGD/CLA-042-02-02-02;GOLD;I25;11;0.00;C+D;173;10;;;[COSH586018-ANTR-26] 1u (I25) 173d | [COSH586018-ANTR-27] 1u (I25) 173d | [COSH586018-ANTR-28] 1u (I25) 173d | [COSH586018-ANTR-30] 2u (I25) 173d | [COSH586018-ANTR-32] 1u (I25) 173d;[COSH586018-ANTR-29] 1u (I25) 173d | [COSH586018-ANTR-31] 1u (I25) 173d | [COSH586018-ANTR-33] 1u (I25) 173d | [COSH586018-ANTR-34] 1u (I25) 173d | [COSH586018-ANTR-35] 1u (I25) 173d
CLAGD/Stock/StorageGD/CLA-009-01-01-01;GOLD;I25;10;70.10;A;151;10;[BJSH543001-TAN-37] 10u (I25) 151d;;;
CLAGD/Stock/StorageGD/CLAGD/Stock/EXTB2BGD/CLA-009-01-02-02;GOLD;I25;10;0.00;C;95;10;;;[BJSH402001-TAUP-35] 10u (I25) 95d;
CLAGD/Stock/StorageGD/CLAGD/Stock/StorageGD/CLA-009-09-02-03;GOLD;I25;10;0.00;C;145;10;;;[COSH283120-SILV-30] 10u (I25) 145d;
CLAGD/Stock/StorageGD/CLA-031-07-02-01;GOLD;I25;10;0.00;B;150;10;;[TESH501001-PINK-25] 10u (I25) 150d;;
CLAGD/Stock/StorageGD/CLA-031-07-02-03;GOLD;I25;10;0.00;C;150;10;;;[TESH501001-PINK-21] 10u (I25) 150d;
CLAGD/Stock/StorageGD/CLA-031-09-01-03;GOLD;I25;10;0.00;C;146;10;;;[BJSH401003-BLAC-35] 10u (I25) 146d;
CLAGD/Stock/StorageGD/CLA-040-02-02-03;GOLD;I25;10;70.10;A;158;10;[BJSH543001-TAN-38] 10u (I25) 158d;;;
CLAGD/Stock/StorageGD/CLA-041-01-02-02;GOLD;I25;10;74.40;A;195;10;[BJSH543002-BLAC-35] 10u (I25) 195d;;;
CLAGD/Stock/StorageGD/CLA-041-02-02-01;GOLD;I25;10;0.00;A;195;10;[COSH542021-TAUP-28] 10u (I25) 195d;;;
CLAGD/Stock/StorageGD/CLA-041-02-02-03;GOLD;I25;10;0.00;A;195;10;[COSH542021-TAUP-28] 10u (I25) 195d;;;
CLAGD/Stock/StorageGD/CLA-041-08-02-02;GOLD;I25;10;0.00;C;146;10;;;[BJSH401007-WHIT-35] 10u (I25) 146d;
CLAGD/Stock/StorageGD/CLA-042-01-01-02;GOLD;I25;10;60.10;A;158;10;[BJSH542020-TAN-40] 10u (I25) 158d;;;
CLAGD/Stock/StorageGD/CLA-042-05-02-01;GOLD;I25;10;60.10;A;158;10;[BJSH542020-BLAC-38] 10u (I25) 158d;;;
CLAGD/Stock/StorageGD/CLA-043-02-01-01;GOLD;I25;10;60.10;A;158;10;[BJSH542020-TAUP-37] 10u (I25) 158d;;;
CLAGD/Stock/StorageGD/CLA-044-01-03-02;GOLD;V25;10;0.00;B;329;10;;[COSH261029-NAVY-28] 10u (V25) 329d;;
CLAGD/Stock/StorageGD/CLA-044-03-03-01;GOLD;I25;10;61.20;A;209;10;[BJSH542021-TAUP-35] 10u (I25) 209d;;;
CLAGD/Stock/StorageGD/CLA-046-05-01-03;GOLD;I25;10;74.40;A;195;10;[BJSH543002-TAUP-40] 10u (I25) 195d;;;
CLAGD/Stock/StorageGD/CLA-031-18-03-01;GENERIC;I25;8;0.00;D;20;10;;;;[OSMEPLV003] 8u (I25) 20d
CLAGD/Stock/StorageGD/CLA-031-19-02-02;GENERIC;I25;6;0.00;D;130;10;;;;[COMEPLV020] 6u (I25) 130d
CLAGD/Stock/StorageGD/CLA-043-07-03-02;GOLD;I25;4;0.00;B;172;20;;[COSH113043-BLAC-35] 1u (I25) 172d | [COSH113043-BLAC-36] 1u (I25) 172d | [COSH113043-BLAC-35] 1u (I25) 172d | [COSH113043-BLAC-36] 1u (I25) 172d;;
CLAGD/Stock/StorageGD/CLA-031-19-02-03;GENERIC;I25;3;0.00;D;130;10;;;;[TEMEPLV007] 3u (I25) 130d
CLAGD/Stock/StorageGD/CLA-009-02-01-01;GOLD;;0;0.00;;-Infinity;0;;;;
CLAGD/Stock/StorageGD/CLA-009-06-02-03;GOLD;;0;0.00;;-Infinity;0;;;;
CLAGD/Stock/StorageGD/CLAGD/Stock/StorageGD/CLA-009-08-03-02;GOLD;;0;0.00;;-Infinity;0;;;;
CLAGD/Stock/StorageGD/CLAGD/Stock/StorageGD/CLA-009-08-03-03;GOLD;;0;0.00;;-Infinity;0;;;;
CLAGD/Stock/StorageGD/CLAGD/Stock/StorageGD/CLA-009-09-01-02;GOLD;;0;0.00;;-Infinity;0;;;;
CLAGD/Stock/StorageGD/CLA-031-07-01-01;GOLD;;0;0.00;;-Infinity;0;;;;
CLAGD/Stock/StorageGD/CLA-031-07-03-01;GOLD;;0;0.00;;-Infinity;0;;;;
CLAGD/Stock/StorageGD/CLA-031-07-03-02;GOLD;;0;0.00;;-Infinity;0;;;;
CLAGD/Stock/StorageGD/CLA-031-09-02-03;GOLD;;0;0.00;;-Infinity;0;;;;
CLAGD/Stock/StorageGD/CLA-031-09-03-02;GOLD;;0;0.00;;-Infinity;0;;;;
CLAGD/Stock/StorageGD/CLA-031-10-02-03;GOLD;;0;0.00;;-Infinity;0;;;;
CLAGD/Stock/StorageGD/CLA-031-10-03-01;GOLD;;0;0.00;;-Infinity;0;;;;
CLAGD/Stock/StorageGD/CLA-031-12-01-03;GOLD;;0;0.00;;-Infinity;0;;;;
CLAGD/Stock/StorageGD/CLA-031-12-02-01;GOLD;;0;0.00;;-Infinity;0;;;;
CLAGD/Stock/StorageGD/CLA-031-13-02-02;GOLD;;0;0.00;;-Infinity;0;;;;
CLAGD/Stock/StorageGD/CLA-031-15-03-01;GOLD;;0;0.00;;-Infinity;0;;;;
CLAGD/Stock/StorageGD/CLA-031-17-01-01;GOLD;;0;0.00;;-Infinity;0;;;;
CLAGD/Stock/StorageGD/CLA-040-01-03-01;GOLD;;0;0.00;;-Infinity;0;;;;
CLAGD/Stock/StorageGD/CLA-040-02-03-02;GOLD;;0;0.00;;-Infinity;0;;;;
CLAGD/Stock/StorageGD/CLA-040-02-03-03;GOLD;;0;0.00;;-Infinity;0;;;;
CLAGD/Stock/StorageGD/CLA-040-03-02-01;GOLD;;0;0.00;;-Infinity;0;;;;
CLAGD/Stock/StorageGD/CLA-040-06-02-01;GOLD;;0;0.00;;-Infinity;0;;;;
CLAGD/Stock/StorageGD/CLA-040-06-03-01;GOLD;;0;0.00;;-Infinity;0;;;;
CLAGD/Stock/StorageGD/CLA-041-01-03-01;GOLD;;0;0.00;;-Infinity;0;;;;
CLAGD/Stock/StorageGD/CLA-041-01-03-02;GOLD;;0;0.00;;-Infinity;0;;;;
CLAGD/Stock/StorageGD/CLA-041-01-03-03;GOLD;;0;0.00;;-Infinity;0;;;;
CLAGD/Stock/StorageGD/CLA-041-03-01-02;GOLD;;0;0.00;;-Infinity;0;;;;
CLAGD/Stock/StorageGD/CLA-041-04-01-01;GOLD;;0;0.00;;-Infinity;0;;;;
CLAGD/Stock/StorageGD/CLA-041-04-01-02;GOLD;;0;0.00;;-Infinity;0;;;;
CLAGD/Stock/StorageGD/CLA-041-08-02-03;GOLD;;0;0.00;;-Infinity;0;;;;
CLAGD/Stock/StorageGD/CLA-041-08-03-03;GOLD;;0;0.00;;-Infinity;0;;;;
CLAGD/Stock/StorageGD/CLA-041-09-03-01;GOLD;;0;0.00;;-Infinity;0;;;;
CLAGD/Stock/StorageGD/CLA-042-03-03-01;GOLD;;0;0.00;;-Infinity;0;;;;
CLAGD/Stock/StorageGD/CLA-042-03-03-03;GOLD;;0;0.00;;-Infinity;0;;;;
CLAGD/Stock/StorageGD/CLA-042-04-03-03;GOLD;;0;0.00;;-Infinity;0;;;;
CLAGD/Stock/StorageGD/CLA-043-08-02-02;GOLD;;0;0.00;;-Infinity;0;;;;
CLAGD/Stock/StorageGD/CLA-043-09-03-02;GOLD;;0;0.00;;-Infinity;0;;;;
CLAGD/Stock/StorageGD/CLA-044-02-02-03;GOLD;;0;0.00;;-Infinity;0;;;;
CLAGD/Stock/StorageGD/CLA-044-03-02-02;GOLD;;0;0.00;;-Infinity;0;;;;
CLAGD/Stock/StorageGD/CLA-044-04-03-01;GOLD;;0;0.00;;-Infinity;0;;;;
CLAGD/Stock/StorageGD/CLA-045-06-02-03;GOLD;;0;0.00;;-Infinity;0;;;;
CLAGD/Stock/StorageGD/CLA-046-03-01-01;GOLD;;0;0.00;;-Infinity;0;;;;
CLAGD/Stock/StorageGD/CLA-046-09-01-03;GOLD;;0;0.00;;-Infinity;0;;;;
CLAGD/Stock/StorageGD/CLA-047-08-03-02;GOLD;;0;0.00;;-Infinity;0;;;;