ID_UBICACION;MARCA;TEMPORADAS;STOCK_TOTAL_UBICACION;VALOR_STOCK_€;CLASES_ABC;DIAS_MAX;OCUPACION_%;PRODUCTOS_A;PRODUCTOS_B;PRODUCTOS_C;PRODUCTOS_D
CLABD/Stock/StorageBD/CLA-055-07-01-02;BLACK;V25+I25;2386;11012.89;D+C;308;970;;;[DFSWTOP12-MAGE-M] 25u (V25) 308d | [DFSWONE04-RED-M] 25u (V25) 308d | [DFSWONE03-BLAC-M] 25u (V25) 308d | [DFSWTOP07-BLUE-M] 25u (V25) 308d | [DFSWTOP07-BLUE-M] 25u (V25) 308d | [DFSWBOT12-MAGE-M] 25u (V25) 308d | [DFTXTSH039-BURG-M] 20u (I25) 101d | [DFTXTSH039-BURG-S] 19u (I25) 101d | [DFTXTSH039-BLAC-L] 20u (I25) 101d | [DFTXTSH038-ANTR-L] 10u (I25) 101d | [DFTXTSH036-BLAC-M] 21u (I25) 101d | [DFTXTSH036-BLAC-M] 21u (I25) 101d;[DFSWTOP12-MAGE-S] 25u (V25) 308d | [DFSWTOP11-MAGE-L] 25u (V25) 308d | [DFSWTOP08-PINK-S] 25u (V25) 308d | [DFSWTOP08-PINK-M] 25u (V25) 308d | [DFSWTOP08-BLUE-S] 25u (V25) 308d | [DFSWTOP08-BLAC-L] 25u (V25) 308d | [DFSWTOP07-RED-S] 25u (V25) 308d | [DFSWTOP07-RED-M] 25u (V25) 308d | [DFSWTOP07-BLUE-S] 25u (V25) 308d | [DFSWTOP06-RED-S] 25u (V25) 308d | [DFSWTOP06-RED-M] 25u (V25) 308d | [DFSWTOP06-RED-L] 25u (V25) 308d | [DFSWTOP06-HPIN-XL] 25u (V25) 308d | [DFSWTOP06-HPIN-S] 25u (V25) 308d | [DFSWTOP06-HPIN-M] 25u (V25) 308d | [DFSWTOP06-HPIN-L] 25u (V25) 308d | [DFSWTOP06-BLAC-M] 25u (V25) 308d | [DFSWTOP06-BLAC-L] 25u (V25) 308d | [DFSWONE05-MAGE-M] 25u (V25) 308d | [DFSWONE05-MAGE-L] 25u (V25) 308d | [DFSWONE04-RED-S] 25u (V25) 308d | [DFSWONE04-RED-L] 25u (V25) 308d | [DFSWONE03-BLAC-S] 25u (V25) 308d | [DFSWONE03-BLAC-L] 25u (V25) 308d | [DFSWBOT11-MAGE-M] 25u (V25) 308d | [DFSWBOT11-MAGE-L] 25u (V25) 308d | [DFSWBOT10-LEOP-L] 25u (V25) 308d | [DFSWBOT09-LEOP-L] 25u (V25) 308d | [DFSWBOT07-RED-M] 25u (V25) 308d | [DFSWBOT07-RED-L] 25u (V25) 308d | [DFSWBOT07-PINK-M] 25u (V25) 308d | [DFSWBOT07-BLUE-M] 25u (V25) 308d | [DFSWBOT06-RED-M] 25u (V25) 308d | [DFSWBOT06-BLAC-M] 25u (V25) 308d | [DFSWTOP08-RED-M] 25u (V25) 308d | [DFSWTOP08-RED-L] 25u (V25) 308d | [DFSWTOP08-BLUE-M] 25u (V25) 308d | [DFSWBOT08-RED-M] 25u (V25) 308d | [DFSWBOT08-RED-L] 25u (V25) 308d | [DFSWBOT08-BLUE-M] 25u (V25) 308d | [DFSWBOT07-PINK-S] 25u (V25) 308d | [DFSWBOT07-BLUE-S] 25u (V25) 308d | [DFSWBOT06-PINK-M] 25u (V25) 308d | [DFSWBOT06-BLAC-S] 25u (V25) 308d | [DFSWTOP10-LEOP-M] 25u (V25) 308d | [DFSWTOP10-LEOP-M] 25u (V25) 308d | [DFSWTOP10-LEOP-L] 25u (V25) 308d | [DFSWTOP08-BLUE-M] 25u (V25) 308d | [DFSWTOP08-BLAC-M] 25u (V25) 308d | [DFSWTOP08-BLAC-M] 25u (V25) 308d | [DFSWTOP07-RED-M] 25u (V25) 308d | [DFSWTOP07-RED-L] 25u (V25) 308d | [DFSWBOT12-MAGE-S] 25u (V25) 308d | [DFSWBOT12-MAGE-L] 25u (V25) 308d | [DFSWBOT11-MAGE-S] 25u (V25) 308d | [DFSWBOT08-RED-M] 25u (V25) 308d | [DFSWBOT08-BLAC-S] 25u (V25) 308d | [DFSWBOT08-BLAC-M] 25u (V25) 308d | [DFSWBOT07-RED-S] 25u (V25) 308d | [DFSWBOT07-RED-M] 25u (V25) 308d | [DFSWBOT07-PINK-M] 25u (V25) 308d | [DFSWBOT07-PINK-L] 25u (V25) 308d | [DFSWBOT07-BLUE-M] 25u (V25) 308d | [DFSWBOT07-BLUE-L] 25u (V25) 308d | [DFSWBOT06-RED-S] 25u (V25) 308d | [DFSWBOT06-RED-M] 25u (V25) 308d | [DFSWBOT06-RED-L] 25u (V25) 308d | [DFSWBOT06-PINK-XL] 25u (V25) 308d | [DFSWBOT06-PINK-S] 25u (V25) 308d | [DFSWBOT06-PINK-L] 25u (V25) 308d | [DFSWBOT06-PINK-L] 25u (V25) 308d | [DFSWBOT06-BLAC-M] 25u (V25) 308d | [DFSWBOT08-BLUE-S] 25u (V25) 308d | [DFSWTOP10-LEOP-S] 25u (V25) 308d | [DFSWTOP08-BLUE-M] 25u (V25) 308d | [DFSWTOP08-BLUE-L] 25u (V25) 308d | [DFSWTOP08-BLUE-L] 25u (V25) 308d | [DFSWTOP07-BLUE-L] 25u (V25) 308d | [DFSWBOT11-MAGE-M] 25u (V25) 308d | [DFSWBOT08-RED-S] 25u (V25) 308d | [DFSWBOT08-BLUE-M] 25u (V25) 308d | [DFSWBOT08-BLUE-L] 25u (V25) 308d | [DFSWBOT06-RED-L] 25u (V25) 308d | [DFSWBOT06-PINK-M] 25u (V25) 308d | [DFSWBOT06-BLAC-L] 25u (V25) 308d
CLABD/Stock/EXTB2BBD/CLA-031-17-02-01;GENERIC;V25+I25;1399;1221.78;A+D;323;10;[DFMEPLV006] 372u (V25) 323d;;;[DFMEPLV012] 364u (I25) 140d | [DFMEPLV013] 376u (I25) 140d | [DFMEPLV014] 93u (I25) 140d | [DFMEPLV015] 193u (I25) 140d | [DFMEPLV016] 1u (I25) 140d
CLABD/Stock/StorageBD/CLA-055-03-01-03;BLACK;V25;771;4408.18;D+C;308;380;;;[DFTXTSH031-GREY-L] 20u (V25) 282d | [DFTXTSH027-PINK-M] 20u (V25) 282d | [DFTXTSH026-NAVY-L] 6u (V25) 282d | [DFTXTSH026-NAVY-L] 20u (V25) 282d | [DFTXTSH026-BLAC-L] 8u (V25) 282d | [DFSWTOP12-MAGE-M] 25u (V25) 308d | [DFSWONE04-RED-M] 25u (V25) 308d | [DFSWONE03-BLAC-M] 25u (V25) 308d;[DFTXTSH035-WHIT-S] 9u (V25) 282d | [DFTXTSH035-WHIT-M] 10u (V25) 282d | [DFTXTSH035-WHIT-M] 20u (V25) 282d | [DFTXTSH035-WHIT-L] 14u (V25) 282d | [DFTXTSH031-GREY-M] 20u (V25) 282d | [DFTXTSH027-PINK-S] 11u (V25) 282d | [DFTXTSH027-PINK-S] 20u (V25) 282d | [DFTXTSH027-PINK-S] 20u (V25) 282d | [DFTXTSH027-BLAC-S] 11u (V25) 282d | [DFTXTSH027-BLAC-S] 20u (V25) 282d | [DFTXTSH027-BLAC-M] 12u (V25) 282d | [DFTXTSH027-BLAC-M] 20u (V25) 282d | [DFTXTSH027-BLAC-M] 20u (V25) 282d | [DFTXTSH027-BLAC-L] 15u (V25) 282d | [DFSWTOP12-MAGE-L] 25u (V25) 308d | [DFSWTOP11-MAGE-S] 25u (V25) 308d | [DFSWTOP11-MAGE-M] 25u (V25) 308d | [DFSWTOP08-RED-S] 25u (V25) 308d | [DFSWTOP08-RED-M] 25u (V25) 308d | [DFSWTOP08-PINK-XL] 25u (V25) 308d | [DFSWTOP08-PINK-S] 25u (V25) 308d | [DFSWTOP08-PINK-L] 25u (V25) 308d | [DFSWTOP06-RED-M] 25u (V25) 308d | [DFSWTOP06-HPIN-M] 25u (V25) 308d | [DFSWTOP06-BLAC-S] 25u (V25) 308d | [DFSWTOP06-BLAC-M] 25u (V25) 308d | [DFSWONE05-MAGE-S] 25u (V25) 308d | [DFSWONE05-MAGE-M] 25u (V25) 308d | [DFSWBOT10-LEOP-S] 25u (V25) 308d | [DFSWBOT10-LEOP-M] 25u (V25) 308d
CLABD/Stock/EXTB2BBD/CLA-031-17-02-02;GENERIC;I25+V25+V26;380;34533.30;A+D;323;10;[DFMEPLV005] 2u (I25) 286d | [DFMEPLV006] 14u (V25) 323d;;;[DFMEPLV014] 4u (I25) 140d | [DFMEPLV015] 4u (I25) 140d | [DFMEPLV016] 1u (I25) 140d | [DFMEPLV040] 165u (V26) 16d | [DFMEPLV041] 190u (V26) 16d
CLABD/Stock/StorageBD/CLA-054-02-01-03;BLACK;V25;1070;2166.64;D+C+A+B;226;240;[DFTXSOC031-MULT] 50u (V25) 226d | [DFTXSOC031-MULT] 50u (V25) 226d | [DFTXSOC031-MULT] 50u (V25) 226d | [DFTXSOC031-MULT] 50u (V25) 226d | [DFTXSOC031-MULT] 50u (V25) 226d;[DFTXSOC028-MULT] 50u (V25) 226d | [DFTXSOC028-MULT] 50u (V25) 226d | [DFTXSOC028-MULT] 50u (V25) 226d | [DFTXSOC028-MULT] 50u (V25) 226d | [DFTXSOC028-MULT] 50u (V25) 226d | [DFTXSOC035-MULT] 50u (V25) 226d | [DFTXSOC035-MULT] 50u (V25) 226d | [DFTXSOC034-MULT] 50u (V25) 226d;[DFTXTSH028-NAVY-M] 30u (V25) 225d | [DFTXTSH024-WHIT-M] 30u (V25) 225d | [DFTXSOC029-MULT] 50u (V25) 226d | [DFTXSOC029-MULT] 50u (V25) 226d | [DFTXSOC029-MULT] 50u (V25) 226d | [DFTXSOC029-MULT] 50u (V25) 226d | [DFTXSOC029-MULT] 50u (V25) 226d;[DFTXTSH032-NAVY-M] 20u (V25) 225d | [DFTXTSH032-NAVY-M] 30u (V25) 225d | [DFTXTSH025-WHIT-M] 30u (V25) 225d | [DFTXTSH025-BLAC-S] 30u (V25) 225d
CLABD/Stock/StorageBD/CLA-055-06-01-03;BLACK;V26;550;3275.88;C+D;311;220;;;[DFACCA2505-NAVY] 25u (V26) 311d | [DFACCA2505-NAVY] 25u (V26) 311d | [DFACCA2505-NAVY] 25u (V26) 311d | [DFACCA2505-KHAK] 25u (V26) 311d | [DFACCA2504-NAVY] 25u (V26) 311d | [DFACCA2504-NAVY] 25u (V26) 311d | [DFACCA2504-BLAC] 25u (V26) 311d | [DFACCA2504-BLAC] 25u (V26) 311d | [DFACCA2503-NAVY] 25u (V26) 311d | [DFACCA2501-PINK] 25u (V26) 311d | [DFACCA2501-NAVY] 25u (V26) 311d | [DFACCA2501-GREE] 25u (V26) 311d | [DFACCA2504-BLAC] 25u (V26) 311d | [DFACCA2501-PINK] 25u (V26) 311d | [DFACCA2501-NAVY] 25u (V26) 311d | [DFACCA2501-GREE] 25u (V26) 311d | [DFACCA2501-BEIG] 25u (V26) 311d | [DFACCA2501-BEIG] 25u (V26) 311d;[DFACCA2503-MULT] 25u (V26) 311d | [DFACCA2503-MULT] 25u (V26) 311d | [DFACCA2503-MULT] 25u (V26) 311d | [DFACCA2503-MULT] 25u (V26) 311d
CLABD/Stock/StorageBD/CLA-054-06-01-03;BLACK;I24+V25+I25;361;2260.61;C+B+A+D;568;160;[DFTXSOC007-PURP-36-40] 100u (I24) 568d;[DFTXHOD019-GREE-M] 16u (I24) 351d;[DFTXTSH020-BLACK-M] 5u (I24) 351d | [DFTXTSH020-WHIT-M] 18u (I24) 454d | [DFTXHOD019-GREE-L] 11u (I24) 351d | [DFTXTSH034-WHIT-S] 24u (V25) 282d | [DFTXTSH027-PINK-M] 20u (V25) 282d | [DFTXTSH027-PINK-L] 20u (V25) 282d | [DFTXTSH038-ANTR-L] 20u (I25) 101d | [DFTXTSH037-WHIT-L] 17u (I25) 101d | [DFTXTSH037-WHIT-M] 17u (I25) 101d | [DFTXTSH036-WHIT-M] 17u (I25) 101d;[DFTXTSH035-WHIT-S] 20u (V25) 282d | [DFTXTSH034-WHIT-M] 25u (V25) 282d | [DFTXTSH031-GREY-M] 15u (V25) 282d | [DFTXTSH029-NAVY-M] 16u (V25) 282d
CLABD/Stock/StorageBD/CLA-054-04-01-03;BLACK;I24+V25;1889;4446.23;A+B+C+D;568;250;[DFTXSOC010-BLAC-41-46] 100u (I24) 568d | [DFTXSOC010-BLAC-41-46] 100u (I24) 568d | [DFTXSOC010-BLAC-41-46] 100u (I24) 568d | [DFTXSOC010-BLAC-41-46] 100u (I24) 568d;[DFTXSOC009-GREE-41-46] 100u (I24) 568d | [DFTXSOC009-GREE-41-46] 100u (I24) 568d | [DFTXSOC009-GREE-41-46] 100u (I24) 568d | [DFTXSOC009-GREE-41-46] 100u (I24) 568d | [DFTXSOC009-GREE-41-46] 100u (I24) 568d | [DFTXSOC009-GREE-41-46] 100u (I24) 568d | [DFTXSOC009-GREE-36-40] 100u (I24) 568d | [DFTXSOC009-GREE-36-40] 100u (I24) 568d | [DFTXSOC005-BLUE-41-46] 100u (I24) 568d | [DFTXSOC005-BLUE-41-46] 100u (I24) 568d | [DFTXSOC005-BLUE-41-46] 100u (I24) 568d | [DFTXSOC005-BLUE-36-40] 100u (I24) 568d | [DFTXSOC005-BLUE-36-40] 100u (I24) 568d | [DFTXTSH028-NAVY-L] 30u (V25) 225d;[DFTXTSH028-NAVY-M] 22u (V25) 225d | [DFTXTSH025-BLAC-M] 30u (V25) 225d | [DFTXTSH024-GREY-M] 20u (V25) 225d | [DFTXTSH023-GREY-M] 19u (V25) 225d;[DFTXTSH025-WHIT-S] 18u (V25) 225d | [DFTXTSH025-BLAC-S] 30u (V25) 225d | [DFTXTSH024-BLAC-M] 20u (V25) 225d
CLABD/Stock/StorageBD/CLA-054-07-01-02;BLACK;I24+V25;1438;4092.51;A+C+B+D;568;270;[DFTXSOC009-BLAC-41-46] 100u (I24) 568d | [DFTXSOC009-BLAC-41-46] 100u (I24) 568d | [DFTXSOC009-BLAC-41-46] 100u (I24) 568d | [DFTXSOC009-BLAC-41-46] 100u (I24) 568d | [DFTXSOC009-BLAC-41-46] 100u (I24) 568d | [DFTXSOC009-BLAC-36-40] 100u (I24) 568d | [DFTXSOC008-BLUE-41-46] 100u (I24) 568d | [DFTXSOC008-BLUE-41-46] 100u (I24) 568d | [DFTXSOC006-BLAC-36-40] 100u (I24) 568d | [DFTXSOC006-BLAC-36-40] 100u (I24) 568d;[DFTXTSH020-WHIT-L] 19u (I24) 454d | [DFTXHOD018-GREY-M] 3u (I24) 454d;[DFTXSOC006-BLAC-41-46] 100u (I24) 568d | [DFTXSOC006-BLAC-41-46] 100u (I24) 568d | [DFTXTSH020-BLACK-M] 18u (I24) 454d | [DFTXTSH020-BLACK-L] 17u (I24) 454d | [DFTXTSH020-BLACK-M] 18u (I24) 454d | [DFTXTSH020-BLACK-M] 18u (I24) 351d | [DFTXTSH020-WHIT-M] 18u (I24) 454d | [DFTXTSH020-WHIT-M] 18u (I24) 454d | [DFTXTSH031-GREY-L] 5u (V25) 282d | [DFTXTSH030-BLAC-M] 20u (V25) 282d | [DFTXTSH026-NAVY-M] 20u (V25) 282d;[DFTXTSH035-WHIT-S] 20u (V25) 282d | [DFTXTSH027-BLAC-S] 20u (V25) 282d | [DFTXTSH026-WHIT-L] 4u (V25) 282d | [DFTXTSH026-BLAC-M] 20u (V25) 282d
CLABD/Stock/StorageBD/CLA-063-09-02-02;BLACK;I25;96;872.04;D+C;153;80;;;[DFSH370019-BROW-39] 12u (I25) 153d | [DFSH370019-BROW-38] 12u (I25) 153d | [DFSH370019-BROW-37] 12u (I25) 153d | [DFSH370019-BROW-36] 12u (I25) 153d;[DFSH370019-BROW-40] 12u (I25) 153d | [DFSH370019-BROW-40] 12u (I25) 153d | [DFSH370019-BROW-40] 12u (I25) 153d | [DFSH370019-BROW-40] 12u (I25) 153d
CLABD/Stock/StorageBD/CLA-062-01-03-02;BLACK;I25;224;2631.84;C+D;70;140;;;[DFTXSWE016-SAND-L] 16u (I25) 70d | [DFTXSWE016-SAND-M] 16u (I25) 70d | [DFTXSWE016-SAND-S] 16u (I25) 70d | [DFTXSWE016-NAVY-M] 16u (I25) 70d | [DFTXSWE016-NAVY-L] 16u (I25) 70d | [DFTXSWE016-NAVY-L] 16u (I25) 70d | [DFTXSWE016-NAVY-XL] 10u (I25) 70d | [DFTXSWE016-NAVY-M] 4u (I25) 70d | [DFTXSWE016-GREE-S] 16u (I25) 70d | [DFTXSWE016-BLAC-S] 16u (I25) 70d | [DFTXSWE016-BLAC-M] 16u (I25) 70d | [DFTXSWE014-SAND-L] 19u (I25) 70d;[DFTXSWE016-NAVY-S] 16u (I25) 70d | [DFTXSWE016-NAVY-XS] 6u (I25) 70d | [DFTXSWE016-NAVY-XS] 4u (I25) 70d | [DFTXSWE016-NAVY-S] 9u (I25) 70d | [DFTXHOD022-OFFW-L] 12u (I25) 70d
CLABD/Stock/EXTB2BBD/CLA-008-01-02-01;BLACK;I25;100;740.58;B+D;141;100;;[DFSH370011-BROW-K-32] 2u (I25) 141d | [DFSH370011-BROW-K-33] 2u (I25) 141d | [DFSH370011-BROW-K-34] 2u (I25) 141d | [DFSH370011-BROW-K-32] 2u (I25) 141d | [DFSH370011-BROW-K-33] 2u (I25) 141d | [DFSH370011-BROW-K-34] 2u (I25) 141d | [DFSH370011-BROW-K-32] 2u (I25) 141d | [DFSH370011-BROW-K-33] 2u (I25) 141d | [DFSH370011-BROW-K-34] 2u (I25) 141d | [DFSH370011-BROW-K-32] 2u (I25) 141d | [DFSH370011-BROW-K-33] 2u (I25) 141d | [DFSH370011-BROW-K-34] 2u (I25) 141d | [DFSH370011-BROW-K-32] 2u (I25) 141d | [DFSH370011-BROW-K-33] 2u (I25) 141d | [DFSH370011-BROW-K-34] 2u (I25) 141d | [DFSH370011-BROW-K-32] 2u (I25) 141d | [DFSH370011-BROW-K-33] 2u (I25) 141d | [DFSH370011-BROW-K-34] 2u (I25) 141d | [DFSH370011-BROW-K-32] 2u (I25) 141d | [DFSH370011-BROW-K-33] 2u (I25) 141d | [DFSH370011-BROW-K-34] 2u (I25) 141d | [DFSH370011-BROW-K-32] 2u (I25) 141d | [DFSH370011-BROW-K-33] 2u (I25) 141d | [DFSH370011-BROW-K-34] 2u (I25) 141d | [DFSH370011-BROW-K-32] 2u (I25) 141d | [DFSH370011-BROW-K-33] 2u (I25) 141d | [DFSH370011-BROW-K-34] 2u (I25) 141d | [DFSH370011-BROW-K-32] 2u (I25) 141d | [DFSH370011-BROW-K-33] 2u (I25) 141d | [DFSH370011-BROW-K-34] 2u (I25) 141d;;[DFSH370011-BROW-K-35] 2u (I25) 141d | [DFSH370011-BROW-K-36] 2u (I25) 141d | [DFSH370011-BROW-K-35] 2u (I25) 141d | [DFSH370011-BROW-K-36] 2u (I25) 141d | [DFSH370011-BROW-K-35] 2u (I25) 141d | [DFSH370011-BROW-K-36] 2u (I25) 141d | [DFSH370011-BROW-K-35] 2u (I25) 141d | [DFSH370011-BROW-K-36] 2u (I25) 141d | [DFSH370011-BROW-K-35] 2u (I25) 141d | [DFSH370011-BROW-K-36] 2u (I25) 141d | [DFSH370011-BROW-K-35] 2u (I25) 141d | [DFSH370011-BROW-K-36] 2u (I25) 141d | [DFSH370011-BROW-K-35] 2u (I25) 141d | [DFSH370011-BROW-K-36] 2u (I25) 141d | [DFSH370011-BROW-K-35] 2u (I25) 141d | [DFSH370011-BROW-K-36] 2u (I25) 141d | [DFSH370011-BROW-K-35] 2u (I25) 141d | [DFSH370011-BROW-K-36] 2u (I25) 141d | [DFSH370011-BROW-K-35] 2u (I25) 141d | [DFSH370011-BROW-K-36] 2u (I25) 141d
CLABD/Stock/StorageBD/CLA-062-01-03-01;BLACK;I25;214;2347.84;D+C+B;70;140;;[DFTXSWE016-GREE-L] 6u (I25) 70d | [DFTXSWE016-GREE-L] 2u (I25) 70d;[DFTXSWE016-SAND-XL] 10u (I25) 70d | [DFTXSWE016-NAVY-M] 16u (I25) 70d | [DFTXSWE016-GREE-XS] 10u (I25) 70d | [DFTXSWE016-GREE-S] 2u (I25) 70d | [DFTXSWE016-GREE-M] 11u (I25) 70d | [DFTXSWE016-BLAC-XS] 10u (I25) 70d | [DFTXSWE016-BLAC-M] 6u (I25) 70d | [DFTXSWE016-BLAC-S] 9u (I25) 70d | [DFTXSWE016-BLAC-L] 5u (I25) 70d | [DFTXSWE016-BLAC-L] 4u (I25) 70d | [DFTXSWE016-BLAC-XL] 10u (I25) 70d | [DFTXSWE014-SAND-S] 18u (I25) 70d | [DFTXSWE014-SAND-M] 18u (I25) 70d | [DFTXSWE014-BROW-M] 18u (I25) 70d | [DFTXSWE014-ANTR-M] 17u (I25) 70d | [DFTXHOD022-ANTR-XS] 10u (I25) 70d | [DFTXHOD022-ANTR-M] 2u (I25) 70d;[DFTXSWE016-SAND-XS] 6u (I25) 70d | [DFTXHOD022-OFFW-L] 12u (I25) 70d | [DFTXHOD022-ANTR-S] 12u (I25) 70d
CLABD/Stock/EXTB2BBD/CLA-011-07-01-02;BLACK;V26;460;3277.45;B+C+D;311;210;;[DFSH401001-WSIL-41] 1u (V26) 176d | [DFSH401001-WSIL-42] 3u (V26) 176d | [DFSH401001-WSIL-43] 3u (V26) 176d | [DFSH401001-WSIL-41] 1u (V26) 176d | [DFSH401001-WSIL-42] 3u (V26) 176d | [DFSH401001-WSIL-43] 3u (V26) 176d | [DFSH401001-WSIL-38] 3u (V26) 176d | [DFSH401001-WSIL-39] 3u (V26) 176d | [DFSH401001-WSIL-40] 2u (V26) 176d | [DFSH401001-WSIL-41] 1u (V26) 176d | [DFSH401001-WSIL-38] 3u (V26) 176d | [DFSH401001-WSIL-39] 3u (V26) 176d | [DFSH401001-WSIL-40] 2u (V26) 176d | [DFSH401001-WSIL-41] 1u (V26) 176d | [DFSH401001-WSIL-38] 3u (V26) 176d | [DFSH401001-WSIL-39] 3u (V26) 176d | [DFSH401001-WSIL-40] 2u (V26) 176d | [DFSH401001-WSIL-41] 1u (V26) 176d;[DFSH401001-WSIL-44] 3u (V26) 176d | [DFSH401001-WSIL-45] 2u (V26) 176d | [DFSH401001-WSIL-44] 3u (V26) 176d | [DFSH401001-WSIL-45] 2u (V26) 176d | [DFSH401001-WSIL-36] 1u (V26) 176d | [DFSH401001-WSIL-37] 2u (V26) 176d | [DFSH401001-WSIL-36] 1u (V26) 176d | [DFSH401001-WSIL-37] 2u (V26) 176d | [DFSH401001-WSIL-36] 1u (V26) 176d | [DFSH401001-WSIL-37] 2u (V26) 176d | [DFACCA2505-KHAK] 25u (V26) 311d | [DFACCA2505-KHAK] 25u (V26) 311d | [DFACCA2504-NAVY] 25u (V26) 311d | [DFACCA2504-BLAC] 25u (V26) 311d | [DFACCA2503-NAVY] 25u (V26) 311d | [DFACCA2502-RED] 25u (V26) 311d | [DFACCA2502-RED] 25u (V26) 311d | [DFACCA2501-PINK] 25u (V26) 311d | [DFACCA2501-PINK] 25u (V26) 311d | [DFACCA2501-NAVY] 25u (V26) 311d | [DFACCA2501-NAVY] 25u (V26) 311d | [DFACCA2501-GREE] 25u (V26) 311d | [DFACCA2501-GREE] 25u (V26) 311d | [DFACCA2501-BEIG] 25u (V26) 311d | [DFACCA2501-BEIG] 25u (V26) 311d;[DFACCA2503-MULT] 25u (V26) 311d
CLABD/Stock/StorageBD/CLA-068-03-03-01;BLACK;I25;247;2599.00;B+C+D;70;160;;[DFTXSWE015-SAND-M] 17u (I25) 70d | [DFTXSWE015-BROW-M] 12u (I25) 70d | [DFTXSWE015-BROW-L] 16u (I25) 70d | [DFTXSWE015-BROW-S] 7u (I25) 70d | [DFTXSWE015-ANTR-M] 14u (I25) 70d | [DFTXSWE015-ANTR-L] 7u (I25) 70d;[DFTXSWE015-SAND-S] 9u (I25) 70d | [DFTXSWE015-SAND-L] 7u (I25) 70d | [DFTXSWE015-BROW-XL] 7u (I25) 70d | [DFTXSWE015-ANTR-XL] 16u (I25) 70d | [DFTXSWE015-ANTR-S] 9u (I25) 70d | [DFTXSWE014-BROW-S] 20u (I25) 70d | [DFTXSWE014-BROW-M] 18u (I25) 70d | [DFTXSWE014-BROW-XS] 9u (I25) 70d | [DFTXSWE014-BROW-L] 8u (I25) 70d | [DFTXSWE014-ANTR-S] 19u (I25) 70d | [DFTXSWE014-ANTR-M] 18u (I25) 70d | [DFTXHOD022-OFFW-M] 12u (I25) 70d;[DFTXHOD022-OFFW-XS] 10u (I25) 70d | [DFTXHOD022-ANTR-S] 12u (I25) 70d
CLABD/Stock/StorageBD/CLA-068-08-03-02;BLACK;I25;120;1087.75;D+C;153;100;;;[DFSH370019-TAUP-37] 2u (I25) 153d | [DFSH370019-TAUP-38] 3u (I25) 153d | [DFSH370019-TAUP-39] 3u (I25) 153d | [DFSH370019-TAUP-40] 2u (I25) 153d | [DFSH370019-TAUP-37] 2u (I25) 153d | [DFSH370019-TAUP-38] 3u (I25) 153d | [DFSH370019-TAUP-39] 3u (I25) 153d | [DFSH370019-TAUP-40] 2u (I25) 153d | [DFSH370019-TAUP-37] 2u (I25) 153d | [DFSH370019-TAUP-38] 3u (I25) 153d | [DFSH370019-TAUP-39] 3u (I25) 153d | [DFSH370019-TAUP-40] 2u (I25) 153d | [DFSH370019-TAUP-37] 2u (I25) 153d | [DFSH370019-TAUP-38] 3u (I25) 153d | [DFSH370019-TAUP-39] 3u (I25) 153d | [DFSH370019-TAUP-40] 2u (I25) 153d | [DFSH370019-TAUP-37] 2u (I25) 153d | [DFSH370019-TAUP-38] 3u (I25) 153d | [DFSH370019-TAUP-39] 3u (I25) 153d | [DFSH370019-TAUP-40] 2u (I25) 153d | [DFSH370019-TAUP-37] 2u (I25) 153d | [DFSH370019-TAUP-38] 3u (I25) 153d | [DFSH370019-TAUP-39] 3u (I25) 153d | [DFSH370019-TAUP-40] 2u (I25) 153d | [DFSH370019-TAUP-37] 2u (I25) 153d | [DFSH370019-TAUP-38] 3u (I25) 153d | [DFSH370019-TAUP-39] 3u (I25) 153d | [DFSH370019-TAUP-40] 2u (I25) 153d | [DFSH370019-BROW-36] 1u (I25) 153d | [DFSH370019-BROW-37] 2u (I25) 153d | [DFSH370019-BROW-38] 3u (I25) 153d | [DFSH370019-BROW-39] 3u (I25) 153d | [DFSH370019-BROW-41] 1u (I25) 153d | [DFSH370019-BROW-36] 1u (I25) 153d | [DFSH370019-BROW-37] 2u (I25) 153d | [DFSH370019-BROW-38] 3u (I25) 153d | [DFSH370019-BROW-39] 3u (I25) 153d | [DFSH370019-BROW-41] 1u (I25) 153d | [DFSH370019-BROW-36] 1u (I25) 153d | [DFSH370019-BROW-37] 2u (I25) 153d | [DFSH370019-BROW-38] 3u (I25) 153d | [DFSH370019-BROW-39] 3u (I25) 153d | [DFSH370019-BROW-41] 1u (I25) 153d;[DFSH370019-TAUP-36] 1u (I25) 153d | [DFSH370019-TAUP-41] 1u (I25) 153d | [DFSH370019-TAUP-36] 1u (I25) 153d | [DFSH370019-TAUP-41] 1u (I25) 153d | [DFSH370019-TAUP-36] 1u (I25) 153d | [DFSH370019-TAUP-41] 1u (I25) 153d | [DFSH370019-TAUP-36] 1u (I25) 153d | [DFSH370019-TAUP-41] 1u (I25) 153d | [DFSH370019-TAUP-36] 1u (I25) 153d | [DFSH370019-TAUP-41] 1u (I25) 153d | [DFSH370019-TAUP-36] 1u (I25) 153d | [DFSH370019-TAUP-41] 1u (I25) 153d | [DFSH370019-TAUP-36] 1u (I25) 153d | [DFSH370019-TAUP-41] 1u (I25) 153d | [DFSH370019-BROW-40] 2u (I25) 153d | [DFSH370019-BROW-40] 2u (I25) 153d | [DFSH370019-BROW-40] 2u (I25) 153d
CLABD/Stock/StorageBD/CLA-054-02-03-01;BLACK;I25;108;980.00;D+C;153;90;;;[DFSH370019-TAUP-37] 2u (I25) 153d | [DFSH370019-TAUP-38] 3u (I25) 153d | [DFSH370019-TAUP-39] 3u (I25) 153d | [DFSH370019-TAUP-40] 2u (I25) 153d | [DFSH370019-BROW-36] 1u (I25) 153d | [DFSH370019-BROW-37] 2u (I25) 153d | [DFSH370019-BROW-38] 3u (I25) 153d | [DFSH370019-BROW-39] 3u (I25) 153d | [DFSH370019-BROW-41] 1u (I25) 153d | [DFSH370019-BROW-36] 1u (I25) 153d | [DFSH370019-BROW-37] 2u (I25) 153d | [DFSH370019-BROW-38] 3u (I25) 153d | [DFSH370019-BROW-39] 3u (I25) 153d | [DFSH370019-BROW-41] 1u (I25) 153d | [DFSH370019-BROW-36] 1u (I25) 153d | [DFSH370019-BROW-37] 2u (I25) 153d | [DFSH370019-BROW-38] 3u (I25) 153d | [DFSH370019-BROW-39] 3u (I25) 153d | [DFSH370019-BROW-41] 1u (I25) 153d | [DFSH370019-BROW-36] 1u (I25) 153d | [DFSH370019-BROW-37] 2u (I25) 153d | [DFSH370019-BROW-38] 3u (I25) 153d | [DFSH370019-BROW-39] 3u (I25) 153d | [DFSH370019-BROW-41] 1u (I25) 153d | [DFSH370019-BROW-36] 1u (I25) 153d | [DFSH370019-BROW-37] 2u (I25) 153d | [DFSH370019-BROW-38] 3u (I25) 153d | [DFSH370019-BROW-39] 3u (I25) 153d | [DFSH370019-BROW-41] 1u (I25) 153d | [DFSH370019-BROW-36] 1u (I25) 153d | [DFSH370019-BROW-37] 2u (I25) 153d | [DFSH370019-BROW-38] 3u (I25) 153d | [DFSH370019-BROW-39] 3u (I25) 153d | [DFSH370019-BROW-41] 1u (I25) 153d | [DFSH370019-BROW-36] 1u (I25) 153d | [DFSH370019-BROW-37] 2u (I25) 153d | [DFSH370019-BROW-38] 3u (I25) 153d | [DFSH370019-BROW-39] 3u (I25) 153d | [DFSH370019-BROW-41] 1u (I25) 153d | [DFSH370019-BROW-36] 1u (I25) 153d | [DFSH370019-BROW-37] 2u (I25) 153d | [DFSH370019-BROW-38] 3u (I25) 153d | [DFSH370019-BROW-39] 3u (I25) 153d | [DFSH370019-BROW-41] 1u (I25) 153d;[DFSH370019-TAUP-36] 1u (I25) 153d | [DFSH370019-TAUP-41] 1u (I25) 153d | [DFSH370019-BROW-40] 2u (I25) 153d | [DFSH370019-BROW-40] 2u (I25) 153d | [DFSH370019-BROW-40] 2u (I25) 153d | [DFSH370019-BROW-40] 2u (I25) 153d | [DFSH370019-BROW-40] 2u (I25) 153d | [DFSH370019-BROW-40] 2u (I25) 153d | [DFSH370019-BROW-40] 2u (I25) 153d | [DFSH370019-BROW-40] 2u (I25) 153d
CLABD/Stock/EXTB2BBD/CLA-001-03-03-03;GENERIC;V24+V25;81;449.21;C+B+D;588;80;;[DFSH334001-KHAK-42] 2u (V24) 588d | [DFSH334001-KHAK-42] 3u (V24) 588d | [DFSH334001-KHAK-42] 3u (V24) 588d | [DFSH334001-KHAK-42] 3u (V24) 588d | [DFSH405003-GOLD-36] 1u (V25) 282d | [DFSH405003-GOLD-37] 2u (V25) 282d | [DFSH405003-GOLD-38] 2u (V25) 282d | [DFSH405003-GOLD-39] 2u (V25) 282d | [DFSH405003-GOLD-40] 1u (V25) 282d | [DFSH405003-GOLD-41] 1u (V25) 282d | [DFSH405002-ZEBR-36] 1u (V25) 282d | [DFSH405002-ZEBR-37] 2u (V25) 282d | [DFSH405002-ZEBR-38] 2u (V25) 282d | [DFSH405002-ZEBR-39] 2u (V25) 282d | [DFSH405002-ZEBR-40] 1u (V25) 282d | [DFSH405002-ZEBR-41] 1u (V25) 282d;[DFSH334001-KHAK-41] 2u (V24) 588d | [DFSH334001-KHAK-43] 2u (V24) 588d | [DFSH334001-KHAK-44] 2u (V24) 588d | [DFSH334001-KHAK-45] 1u (V24) 588d | [DFSH334001-KHAK-41] 3u (V24) 588d | [DFSH334001-KHAK-43] 3u (V24) 588d | [DFSH334001-KHAK-44] 2u (V24) 588d | [DFSH334001-KHAK-45] 1u (V24) 588d | [DFSH334001-KHAK-41] 3u (V24) 588d | [DFSH334001-KHAK-43] 3u (V24) 588d | [DFSH334001-KHAK-44] 2u (V24) 588d | [DFSH334001-KHAK-45] 1u (V24) 588d | [DFSH334001-KHAK-41] 3u (V24) 588d | [DFSH334001-KHAK-43] 3u (V24) 588d | [DFSH334001-KHAK-44] 2u (V24) 588d | [DFSH334001-KHAK-45] 1u (V24) 588d | [DFSH334001-KHAK-41] 1u (V24) 588d | [DFSH334001-KHAK-41] 1u (V24) 588d;[DFSH334001-KHAK-36] 1u (V24) 588d | [DFSH334001-KHAK-37] 2u (V24) 588d | [DFSH334001-KHAK-38] 2u (V24) 588d | [DFSH334001-KHAK-39] 2u (V24) 588d | [DFSH334001-KHAK-40] 1u (V24) 588d | [DFSH334001-KHAK-36] 1u (V24) 588d | [DFSH334001-KHAK-37] 2u (V24) 588d | [DFSH334001-KHAK-38] 2u (V24) 588d | [DFSH334001-KHAK-39] 2u (V24) 588d | [DFSH334001-KHAK-40] 1u (V24) 588d
CLABD/Stock/StorageBD/CLA-054-06-03-02;BLACK;V23+V24;328;4143.69;C+B+D;601;180;;[DFSW100001-BLAC-M] 25u (V24) 577d | [DFSW100001-BLAC-S] 25u (V24) 577d | [DFSW100001-BLAC-S] 25u (V24) 577d | [DFSW100001-BLUE-L] 25u (V24) 577d | [DFSW100001-BLUE-M] 12u (V24) 577d | [DFSW100001-BLUE-M] 25u (V24) 577d | [DFSW100001-BLUE-S] 25u (V24) 577d | [DFSW100001-BLUE-S] 25u (V24) 577d;[DFACTOW002-WHIT] 14u (V23) 542d | [DFACTOW002-WHIT] 14u (V23) 542d | [DFACTOW002-WHIT] 14u (V23) 542d | [DFACTOW002-WHIT] 14u (V23) 542d | [DFACTOW002-WHIT] 14u (V23) 542d | [DFACTOW002-WHIT] 14u (V23) 542d | [DFACTOW002-WHIT] 14u (V23) 542d | [DFACTOW002-WHIT] 14u (V23) 542d | [DFACTOW002-WHIT] 14u (V23) 542d;[DFTXTSH013-BLAC-XS] 15u (V24) 601d
CLABD/Stock/EXTB2BBD/CLA-006-04-01-03;BLACK;I25;72;911.28;C+B+D+A;156;60;[DFSH375006-BLAC-37] 2u (I25) 153d | [DFSH375006-BLAC-38] 3u (I25) 153d | [DFSH375006-BLAC-39] 3u (I25) 153d | [DFSH375006-BLAC-40] 2u (I25) 153d;[DFSH387009-LEOP-39] 3u (I25) 156d | [DFSH387009-LEOP-40] 2u (I25) 156d | [DFSH387009-LEOP-39] 3u (I25) 156d | [DFSH387009-LEOP-40] 2u (I25) 156d | [DFSH387009-LEOP-39] 3u (I25) 156d | [DFSH387009-LEOP-40] 2u (I25) 156d | [DFSH387009-LEOP-39] 3u (I25) 156d | [DFSH387009-LEOP-40] 2u (I25) 156d | [DFSH375006-BLAC-36] 1u (I25) 153d | [DFSH375006-BLAC-41] 1u (I25) 153d;[DFSH387009-LEOP-36] 1u (I25) 156d | [DFSH387009-LEOP-37] 2u (I25) 156d | [DFSH387009-LEOP-38] 3u (I25) 156d | [DFSH387009-LEOP-36] 1u (I25) 156d | [DFSH387009-LEOP-37] 2u (I25) 156d | [DFSH387009-LEOP-38] 3u (I25) 156d | [DFSH387009-LEOP-36] 1u (I25) 156d | [DFSH387009-LEOP-37] 2u (I25) 156d | [DFSH387009-LEOP-38] 3u (I25) 156d | [DFSH387009-LEOP-36] 1u (I25) 156d | [DFSH387009-LEOP-37] 2u (I25) 156d | [DFSH387009-LEOP-38] 3u (I25) 156d | [DFSH387005-PETR-41] 1u (I25) 156d;[DFSH387009-LEOP-41] 1u (I25) 156d | [DFSH387009-LEOP-41] 1u (I25) 156d | [DFSH387009-LEOP-41] 1u (I25) 156d | [DFSH387009-LEOP-41] 1u (I25) 156d | [DFSH387005-PETR-36] 1u (I25) 156d | [DFSH387005-PETR-37] 2u (I25) 156d | [DFSH387005-PETR-38] 3u (I25) 156d | [DFSH387005-PETR-39] 3u (I25) 156d | [DFSH387005-PETR-40] 2u (I25) 156d
CLABD/Stock/StorageBD/CLA-072-12-02-02;BLACK;I25;84;761.01;D+C;153;70;;;[DFSH370019-TAUP-37] 2u (I25) 153d | [DFSH370019-TAUP-38] 3u (I25) 153d | [DFSH370019-TAUP-39] 3u (I25) 153d | [DFSH370019-TAUP-40] 2u (I25) 153d | [DFSH370019-TAUP-37] 2u (I25) 153d | [DFSH370019-TAUP-38] 3u (I25) 153d | [DFSH370019-TAUP-39] 3u (I25) 153d | [DFSH370019-TAUP-40] 2u (I25) 153d | [DFSH370019-TAUP-37] 2u (I25) 153d | [DFSH370019-TAUP-38] 3u (I25) 153d | [DFSH370019-TAUP-39] 3u (I25) 153d | [DFSH370019-TAUP-40] 2u (I25) 153d | [DFSH370019-TAUP-37] 2u (I25) 153d | [DFSH370019-TAUP-38] 3u (I25) 153d | [DFSH370019-TAUP-39] 3u (I25) 153d | [DFSH370019-TAUP-40] 2u (I25) 153d | [DFSH370019-TAUP-37] 2u (I25) 153d | [DFSH370019-TAUP-38] 3u (I25) 153d | [DFSH370019-TAUP-39] 3u (I25) 153d | [DFSH370019-TAUP-40] 2u (I25) 153d | [DFSH370019-TAUP-37] 2u (I25) 153d | [DFSH370019-TAUP-38] 3u (I25) 153d | [DFSH370019-TAUP-39] 3u (I25) 153d | [DFSH370019-TAUP-40] 2u (I25) 153d | [DFSH370019-TAUP-37] 2u (I25) 153d | [DFSH370019-TAUP-38] 3u (I25) 153d | [DFSH370019-TAUP-39] 3u (I25) 153d | [DFSH370019-TAUP-40] 2u (I25) 153d;[DFSH370019-TAUP-36] 1u (I25) 153d | [DFSH370019-TAUP-41] 1u (I25) 153d | [DFSH370019-TAUP-36] 1u (I25) 153d | [DFSH370019-TAUP-41] 1u (I25) 153d | [DFSH370019-TAUP-36] 1u (I25) 153d | [DFSH370019-TAUP-41] 1u (I25) 153d | [DFSH370019-TAUP-36] 1u (I25) 153d | [DFSH370019-TAUP-41] 1u (I25) 153d | [DFSH370019-TAUP-36] 1u (I25) 153d | [DFSH370019-TAUP-41] 1u (I25) 153d | [DFSH370019-TAUP-36] 1u (I25) 153d | [DFSH370019-TAUP-41] 1u (I25) 153d | [DFSH370019-TAUP-36] 1u (I25) 153d | [DFSH370019-TAUP-41] 1u (I25) 153d
CLABD/Stock/EXTB2BBD/CLA-031-17-02-03;GENERIC;I25+I23;291;0.00;A+D+B;286;10;[DFMEPLV005] 111u (I25) 286d;[DFMEPLV002-BLACK] 166u (I23) 190d;;[DFMEPLV025] 14u (I25) 196d
CLABD/Stock/StorageBD/CLA-054-02-03-02;BLACK;I25;108;979.38;D+C;153;90;;;[DFSH370019-TAUP-37] 2u (I25) 153d | [DFSH370019-TAUP-38] 3u (I25) 153d | [DFSH370019-TAUP-39] 3u (I25) 153d | [DFSH370019-TAUP-40] 2u (I25) 153d | [DFSH370019-TAUP-37] 2u (I25) 153d | [DFSH370019-TAUP-38] 3u (I25) 153d | [DFSH370019-TAUP-39] 3u (I25) 153d | [DFSH370019-TAUP-40] 2u (I25) 153d | [DFSH370019-TAUP-37] 2u (I25) 153d | [DFSH370019-TAUP-38] 3u (I25) 153d | [DFSH370019-TAUP-39] 3u (I25) 153d | [DFSH370019-TAUP-40] 2u (I25) 153d | [DFSH370019-TAUP-37] 2u (I25) 153d | [DFSH370019-TAUP-38] 3u (I25) 153d | [DFSH370019-TAUP-39] 3u (I25) 153d | [DFSH370019-TAUP-40] 2u (I25) 153d | [DFSH370019-TAUP-37] 2u (I25) 153d | [DFSH370019-TAUP-38] 3u (I25) 153d | [DFSH370019-TAUP-39] 3u (I25) 153d | [DFSH370019-TAUP-40] 2u (I25) 153d | [DFSH370019-TAUP-37] 2u (I25) 153d | [DFSH370019-TAUP-38] 3u (I25) 153d | [DFSH370019-TAUP-39] 3u (I25) 153d | [DFSH370019-TAUP-40] 2u (I25) 153d | [DFSH370019-BLAC-36] 1u (I25) 153d | [DFSH370019-BLAC-37] 2u (I25) 153d | [DFSH370019-BLAC-38] 3u (I25) 153d | [DFSH370019-BLAC-39] 3u (I25) 153d | [DFSH370019-BLAC-40] 2u (I25) 153d | [DFSH370019-BLAC-41] 1u (I25) 153d | [DFSH370019-BLAC-36] 1u (I25) 153d | [DFSH370019-BLAC-37] 2u (I25) 153d | [DFSH370019-BLAC-38] 3u (I25) 153d | [DFSH370019-BLAC-39] 3u (I25) 153d | [DFSH370019-BLAC-40] 2u (I25) 153d | [DFSH370019-BLAC-41] 1u (I25) 153d | [DFSH370019-BLAC-36] 1u (I25) 153d | [DFSH370019-BLAC-37] 2u (I25) 153d | [DFSH370019-BLAC-38] 3u (I25) 153d | [DFSH370019-BLAC-39] 3u (I25) 153d | [DFSH370019-BLAC-40] 2u (I25) 153d | [DFSH370019-BLAC-41] 1u (I25) 153d;[DFSH370019-TAUP-36] 1u (I25) 153d | [DFSH370019-TAUP-41] 1u (I25) 153d | [DFSH370019-TAUP-36] 1u (I25) 153d | [DFSH370019-TAUP-41] 1u (I25) 153d | [DFSH370019-TAUP-36] 1u (I25) 153d | [DFSH370019-TAUP-41] 1u (I25) 153d | [DFSH370019-TAUP-36] 1u (I25) 153d | [DFSH370019-TAUP-41] 1u (I25) 153d | [DFSH370019-TAUP-36] 1u (I25) 153d | [DFSH370019-TAUP-41] 1u (I25) 153d | [DFSH370019-TAUP-36] 1u (I25) 153d | [DFSH370019-TAUP-41] 1u (I25) 153d
CLABD/Stock/StorageBD/CLA-061-02-01-02;BLACK;I25;12;109.00;D;153;10;;;;[DFSH370019-BROW-40] 12u (I25) 153d
CLABD/Stock/StorageBD/CLA-061-03-03-02;BLACK;I25;72;653.99;D+C;153;60;;;[DFSH370019-BROW-39] 12u (I25) 153d | [DFSH370019-BROW-39] 12u (I25) 153d | [DFSH370019-BROW-38] 12u (I25) 153d | [DFSH370019-BROW-38] 12u (I25) 153d | [DFSH370019-BROW-37] 12u (I25) 153d;[DFSH370019-BROW-40] 12u (I25) 153d
CLABD/Stock/StorageBD/CLA-061-04-03-03;BLACK;I25;72;652.88;C+D;153;60;;;[DFSH370019-BROW-41] 12u (I25) 153d | [DFSH370019-BROW-39] 12u (I25) 153d | [DFSH370019-BROW-38] 12u (I25) 153d | [DFSH370019-BROW-38] 12u (I25) 153d | [DFSH370019-BROW-38] 12u (I25) 153d;[DFSH370019-BROW-40] 12u (I25) 153d
CLABD/Stock/StorageBD/CLA-061-05-02-03;BLACK;I25;72;654.11;D+C;153;60;;;[DFSH370019-BROW-39] 12u (I25) 153d | [DFSH370019-BROW-37] 12u (I25) 153d | [DFSH370019-BROW-36] 12u (I25) 153d | [DFSH370019-BLAC-41] 12u (I25) 153d | [DFSH370019-BLAC-38] 12u (I25) 153d;[DFSH370019-BROW-40] 12u (I25) 153d
CLABD/Stock/StorageBD/CLA-062-01-01-02;BLACK;I25;96;872.14;D+C;153;80;;;[DFSH370019-BROW-38] 12u (I25) 153d | [DFSH370019-BROW-37] 12u (I25) 153d | [DFSH370019-BROW-37] 12u (I25) 153d | [DFSH370019-BROW-36] 12u (I25) 153d | [DFSH370019-BLAC-39] 12u (I25) 153d | [DFSH370019-BLAC-38] 12u (I25) 153d | [DFSH370019-BLAC-38] 12u (I25) 153d;[DFSH370019-BROW-40] 12u (I25) 153d
CLABD/Stock/StorageBD/CLA-062-01-02-01;BLACK;I25;192;1993.75;C+B+D;153;140;;[DFTXSWE016-GREE-L] 16u (I25) 70d;[DFSH370019-BLAC-39] 12u (I25) 153d | [DFSH370019-BLAC-39] 12u (I25) 153d | [DFSH370019-BLAC-37] 12u (I25) 153d | [DFSH370019-BLAC-37] 12u (I25) 153d | [DFSH370019-BLAC-40] 12u (I25) 153d | [DFSH370019-BLAC-40] 12u (I25) 153d | [DFTXSWE016-SAND-M] 6u (I25) 70d | [DFTXSWE016-SAND-L] 10u (I25) 70d | [DFTXSWE016-BLAC-L] 16u (I25) 70d | [DFTXSWE014-ANTR-M] 18u (I25) 70d | [DFTXSWE014-ANTR-L] 18u (I25) 70d | [DFTXHOD022-OFFW-M] 12u (I25) 70d | [DFTXHOD022-ANTR-L] 12u (I25) 70d;[DFTXHOD022-OFFW-L] 12u (I25) 70d
CLABD/Stock/StorageBD/CLA-063-08-02-01;BLACK;I25;96;871.00;C+D;153;80;;;[DFSH370019-BROW-41] 12u (I25) 153d | [DFSH370019-BROW-38] 12u (I25) 153d | [DFSH370019-BROW-37] 12u (I25) 153d | [DFSH370019-BLAC-41] 12u (I25) 153d | [DFSH370019-BLAC-38] 12u (I25) 153d | [DFSH370019-BLAC-37] 12u (I25) 153d | [DFSH370019-BLAC-39] 12u (I25) 153d;[DFSH370019-BROW-40] 12u (I25) 153d
CLABD/Stock/StorageBD/CLA-063-08-03-01;BLACK;I25;96;872.16;D+C;153;80;;;[DFSH370019-BROW-39] 12u (I25) 153d | [DFSH370019-BLAC-41] 12u (I25) 153d | [DFSH370019-BLAC-38] 12u (I25) 153d | [DFSH370019-BLAC-38] 12u (I25) 153d | [DFSH370019-BLAC-36] 12u (I25) 153d | [DFSH370019-BLAC-36] 12u (I25) 153d | [DFSH370019-BLAC-40] 12u (I25) 153d;[DFSH370019-BROW-40] 12u (I25) 153d
CLABD/Stock/StorageBD/CLA-063-09-01-03;BLACK;I25;96;871.03;C+D;153;80;;;[DFSH370019-BROW-41] 12u (I25) 153d | [DFSH370019-BLAC-38] 12u (I25) 153d | [DFSH370019-BLAC-38] 12u (I25) 153d | [DFSH370019-BLAC-38] 12u (I25) 153d | [DFSH370019-BLAC-37] 12u (I25) 153d | [DFSH370019-BLAC-37] 12u (I25) 153d | [DFSH370019-BLAC-37] 12u (I25) 153d;[DFSH370019-BROW-40] 12u (I25) 153d
CLABD/Stock/StorageBD/CLA-063-09-03-01;BLACK;I25;96;869.82;C+D;153;80;;;[DFSH370019-BROW-41] 12u (I25) 153d | [DFSH370019-BROW-41] 12u (I25) 153d | [DFSH370019-BROW-39] 12u (I25) 153d | [DFSH370019-BROW-38] 12u (I25) 153d | [DFSH370019-BROW-38] 12u (I25) 153d | [DFSH370019-BLAC-39] 12u (I25) 153d | [DFSH370019-BLAC-37] 12u (I25) 153d;[DFSH370019-BROW-40] 12u (I25) 153d
CLABD/Stock/StorageBD/CLA-063-09-03-03;BLACK;I25;96;872.20;D+C;153;80;;;[DFSH370019-BLAC-40] 12u (I25) 153d | [DFSH370019-BLAC-39] 12u (I25) 153d | [DFSH370019-BLAC-39] 12u (I25) 153d | [DFSH370019-BLAC-38] 12u (I25) 153d | [DFSH370019-BLAC-38] 12u (I25) 153d | [DFSH370019-BLAC-36] 12u (I25) 153d | [DFSH370019-BLAC-39] 12u (I25) 153d;[DFSH370019-BROW-40] 12u (I25) 153d
CLABD/Stock/StorageBD/CLA-067-03-01-03;GENERIC;V24+V23;23;85.87;D+C+B;588;20;;[NVK33401-0022-44] 11u (V23) 385d;[DFSH334001-KHAK-41] 1u (V24) 588d;[DFSH334001-KHAK-36] 1u (V24) 588d | [DFSH334001-KHAK-37] 2u (V24) 588d | [DFSH334001-KHAK-38] 3u (V24) 588d | [DFSH334001-KHAK-39] 3u (V24) 588d | [DFSH334001-KHAK-40] 2u (V24) 588d
CLABD/Stock/EXTB2BBD/CLA-007-08-02-03;BLACK;I25;21;249.67;D+C+B;156;20;;[DFSH387005-CREA-38] 2u (I25) 156d | [DFSH387005-CREA-41] 1u (I25) 156d;[DFSH387005-PETR-41] 1u (I25) 156d | [DFSH387005-CREA-36] 1u (I25) 156d | [DFSH387005-CREA-37] 2u (I25) 156d | [DFSH387005-CREA-39] 2u (I25) 156d | [DFSH387005-CREA-40] 1u (I25) 156d;[DFSH387005-PETR-36] 1u (I25) 156d | [DFSH387005-PETR-37] 2u (I25) 156d | [DFSH387005-PETR-38] 3u (I25) 156d | [DFSH387005-PETR-39] 3u (I25) 156d | [DFSH387005-PETR-40] 2u (I25) 156d
CLABD/Stock/StorageBD/CLA-048-04-03-03;BLACK;I25;60;488.44;C+B+D;141;60;;[DFSH370021-TAN-K-33] 2u (I25) 141d | [DFSH370021-TAN-K-34] 2u (I25) 141d | [DFSH370021-TAN-K-35] 2u (I25) 141d | [DFSH370021-TAN-K-36] 2u (I25) 141d | [DFSH370011-BEIG-K-34] 2u (I25) 141d | [DFSH370011-BEIG-K-34] 2u (I25) 141d | [DFSH370011-BEIG-K-34] 2u (I25) 141d | [DFSH370011-BEIG-K-34] 2u (I25) 141d | [DFSH370011-BEIG-K-34] 2u (I25) 141d;[DFSH370021-TAN-K-32] 2u (I25) 141d | [DFSH370011-BEIG-K-32] 2u (I25) 141d | [DFSH370011-BEIG-K-33] 2u (I25) 141d | [DFSH370011-BEIG-K-35] 2u (I25) 141d | [DFSH370011-BEIG-K-32] 2u (I25) 141d | [DFSH370011-BEIG-K-33] 2u (I25) 141d | [DFSH370011-BEIG-K-35] 2u (I25) 141d | [DFSH370011-BEIG-K-32] 2u (I25) 141d | [DFSH370011-BEIG-K-33] 2u (I25) 141d | [DFSH370011-BEIG-K-35] 2u (I25) 141d | [DFSH370011-BEIG-K-32] 2u (I25) 141d | [DFSH370011-BEIG-K-33] 2u (I25) 141d | [DFSH370011-BEIG-K-35] 2u (I25) 141d | [DFSH370011-BEIG-K-32] 2u (I25) 141d | [DFSH370011-BEIG-K-33] 2u (I25) 141d | [DFSH370011-BEIG-K-35] 2u (I25) 141d;[DFSH370011-BEIG-K-36] 2u (I25) 141d | [DFSH370011-BEIG-K-36] 2u (I25) 141d | [DFSH370011-BEIG-K-36] 2u (I25) 141d | [DFSH370011-BEIG-K-36] 2u (I25) 141d | [DFSH370011-BEIG-K-36] 2u (I25) 141d
CLABD/Stock/EXTB2BBD/CLA-008-02-03-02;BLACK;I25;45;533.97;C+B+D;156;50;;[DFSH387005-PETR-42] 2u (I25) 156d | [DFSH387005-PETR-43] 3u (I25) 156d | [DFSH387005-PETR-44] 2u (I25) 156d | [DFSH387005-PETR-45] 1u (I25) 156d | [DFSH387005-PETR-42] 2u (I25) 156d | [DFSH387005-PETR-43] 3u (I25) 156d | [DFSH387005-PETR-44] 2u (I25) 156d | [DFSH387005-PETR-45] 1u (I25) 156d | [DFSH387005-OLIV-41] 1u (I25) 156d | [DFSH387005-OLIV-42] 2u (I25) 156d | [DFSH387005-OLIV-43] 2u (I25) 156d | [DFSH387005-OLIV-44] 2u (I25) 156d | [DFSH387005-CREA-38] 2u (I25) 156d | [DFSH387005-CREA-41] 1u (I25) 156d;[DFSH387005-PETR-41] 1u (I25) 156d | [DFSH387005-PETR-41] 1u (I25) 156d | [DFSH387005-OLIV-45] 1u (I25) 156d | [DFSH387005-OLIV-46] 1u (I25) 156d | [DFSH387005-PETR-41] 1u (I25) 156d | [DFSH387005-CREA-36] 1u (I25) 156d | [DFSH387005-CREA-37] 2u (I25) 156d | [DFSH387005-CREA-39] 2u (I25) 156d | [DFSH387005-CREA-40] 1u (I25) 156d;[DFSH387005-PETR-36] 1u (I25) 156d | [DFSH387005-PETR-37] 2u (I25) 156d | [DFSH387005-PETR-38] 2u (I25) 156d | [DFSH387005-PETR-39] 2u (I25) 156d | [DFSH387005-PETR-40] 1u (I25) 156d
CLABD/Stock/StorageBD/CLA-062-03-02-01;BLACK;I25;96;1196.63;C+B+D;133;80;;[DFSH408003-TAUP-38] 3u (I25) 133d | [DFSH408003-TAUP-39] 3u (I25) 133d | [DFSH408003-TAUP-38] 3u (I25) 133d | [DFSH408003-TAUP-39] 3u (I25) 133d | [DFSH408003-TAUP-38] 3u (I25) 133d | [DFSH408003-TAUP-39] 3u (I25) 133d | [DFSH408003-TAUP-38] 3u (I25) 133d | [DFSH408003-TAUP-39] 3u (I25) 133d | [DFSH408003-TAUP-38] 3u (I25) 133d | [DFSH408003-TAUP-39] 3u (I25) 133d | [DFSH408003-TAUP-38] 3u (I25) 133d | [DFSH408003-TAUP-39] 3u (I25) 133d | [DFSH408003-TAUP-38] 3u (I25) 133d | [DFSH408003-TAUP-39] 3u (I25) 133d | [DFSH408002-CHES-37] 2u (I25) 133d | [DFSH408002-CHES-38] 3u (I25) 133d | [DFSH408002-CHES-39] 3u (I25) 133d | [DFSH408002-CHES-40] 2u (I25) 133d | [DFSH408002-CHES-41] 1u (I25) 133d;[DFSH408003-TAUP-36] 1u (I25) 133d | [DFSH408003-TAUP-37] 2u (I25) 133d | [DFSH408003-TAUP-40] 2u (I25) 133d | [DFSH408003-TAUP-36] 1u (I25) 133d | [DFSH408003-TAUP-37] 2u (I25) 133d | [DFSH408003-TAUP-40] 2u (I25) 133d | [DFSH408003-TAUP-36] 1u (I25) 133d | [DFSH408003-TAUP-37] 2u (I25) 133d | [DFSH408003-TAUP-40] 2u (I25) 133d | [DFSH408003-TAUP-36] 1u (I25) 133d | [DFSH408003-TAUP-37] 2u (I25) 133d | [DFSH408003-TAUP-40] 2u (I25) 133d | [DFSH408003-TAUP-36] 1u (I25) 133d | [DFSH408003-TAUP-37] 2u (I25) 133d | [DFSH408003-TAUP-40] 2u (I25) 133d | [DFSH408003-TAUP-36] 1u (I25) 133d | [DFSH408003-TAUP-37] 2u (I25) 133d | [DFSH408003-TAUP-40] 2u (I25) 133d | [DFSH408003-TAUP-36] 1u (I25) 133d | [DFSH408003-TAUP-37] 2u (I25) 133d | [DFSH408003-TAUP-40] 2u (I25) 133d | [DFSH408002-CHES-36] 1u (I25) 133d;[DFSH408003-TAUP-41] 1u (I25) 133d | [DFSH408003-TAUP-41] 1u (I25) 133d | [DFSH408003-TAUP-41] 1u (I25) 133d | [DFSH408003-TAUP-41] 1u (I25) 133d | [DFSH408003-TAUP-41] 1u (I25) 133d | [DFSH408003-TAUP-41] 1u (I25) 133d | [DFSH408003-TAUP-41] 1u (I25) 133d
CLABD/Stock/StorageBD/CLA-064-05-03-03;BLACK;V26;84;1064.97;B+D;156;70;;[DFSH387005-BLAC-41] 1u (V26) 156d | [DFSH387005-BLAC-42] 2u (V26) 156d | [DFSH387005-BLAC-43] 3u (V26) 156d | [DFSH387005-BLAC-44] 3u (V26) 156d | [DFSH387005-BLAC-45] 2u (V26) 156d | [DFSH387005-BLAC-41] 1u (V26) 156d | [DFSH387005-BLAC-42] 2u (V26) 156d | [DFSH387005-BLAC-43] 3u (V26) 156d | [DFSH387005-BLAC-44] 3u (V26) 156d | [DFSH387005-BLAC-45] 2u (V26) 156d | [DFSH387005-BLAC-41] 1u (V26) 156d | [DFSH387005-BLAC-42] 2u (V26) 156d | [DFSH387005-BLAC-43] 3u (V26) 156d | [DFSH387005-BLAC-44] 3u (V26) 156d | [DFSH387005-BLAC-45] 2u (V26) 156d | [DFSH387005-BLAC-41] 1u (V26) 156d | [DFSH387005-BLAC-42] 2u (V26) 156d | [DFSH387005-BLAC-43] 3u (V26) 156d | [DFSH387005-BLAC-44] 3u (V26) 156d | [DFSH387005-BLAC-45] 2u (V26) 156d | [DFSH387005-BLAC-41] 1u (V26) 156d | [DFSH387005-BLAC-42] 2u (V26) 156d | [DFSH387005-BLAC-43] 3u (V26) 156d | [DFSH387005-BLAC-44] 3u (V26) 156d | [DFSH387005-BLAC-45] 2u (V26) 156d | [DFSH387005-BLAC-41] 1u (V26) 156d | [DFSH387005-BLAC-42] 2u (V26) 156d | [DFSH387005-BLAC-43] 3u (V26) 156d | [DFSH387005-BLAC-44] 3u (V26) 156d | [DFSH387005-BLAC-45] 2u (V26) 156d | [DFSH387005-BLAC-41] 1u (V26) 156d | [DFSH387005-BLAC-42] 2u (V26) 156d | [DFSH387005-BLAC-43] 3u (V26) 156d | [DFSH387005-BLAC-44] 3u (V26) 156d | [DFSH387005-BLAC-45] 2u (V26) 156d;;[DFSH387005-BLAC-46] 1u (V26) 156d | [DFSH387005-BLAC-46] 1u (V26) 156d | [DFSH387005-BLAC-46] 1u (V26) 156d | [DFSH387005-BLAC-46] 1u (V26) 156d | [DFSH387005-BLAC-46] 1u (V26) 156d | [DFSH387005-BLAC-46] 1u (V26) 156d | [DFSH387005-BLAC-46] 1u (V26) 156d
CLABD/Stock/StorageBD/CLA-048-04-02-03;BLACK;I25;100;660.21;C+B+D;141;100;;[DFSH370021-TAN-K-33] 2u (I25) 141d | [DFSH370021-TAN-K-34] 2u (I25) 141d | [DFSH370021-TAN-K-35] 2u (I25) 141d | [DFSH370021-TAN-K-36] 2u (I25) 141d | [DFSH370021-TAN-K-33] 2u (I25) 141d | [DFSH370021-TAN-K-34] 2u (I25) 141d | [DFSH370021-TAN-K-35] 2u (I25) 141d | [DFSH370021-TAN-K-36] 2u (I25) 141d | [DFSH370021-TAN-K-33] 2u (I25) 141d | [DFSH370021-TAN-K-34] 2u (I25) 141d | [DFSH370021-TAN-K-35] 2u (I25) 141d | [DFSH370021-TAN-K-36] 2u (I25) 141d | [DFSH370021-TAN-K-33] 2u (I25) 141d | [DFSH370021-TAN-K-34] 2u (I25) 141d | [DFSH370021-TAN-K-35] 2u (I25) 141d | [DFSH370021-TAN-K-36] 2u (I25) 141d | [DFSH370021-TAN-K-33] 2u (I25) 141d | [DFSH370021-TAN-K-34] 2u (I25) 141d | [DFSH370021-TAN-K-35] 2u (I25) 141d | [DFSH370021-TAN-K-36] 2u (I25) 141d | [DFSH370021-TAN-K-33] 2u (I25) 141d | [DFSH370021-TAN-K-34] 2u (I25) 141d | [DFSH370021-TAN-K-35] 2u (I25) 141d | [DFSH370021-TAN-K-36] 2u (I25) 141d | [DFSH370021-TAN-K-33] 2u (I25) 141d | [DFSH370021-TAN-K-34] 2u (I25) 141d | [DFSH370021-TAN-K-35] 2u (I25) 141d | [DFSH370021-TAN-K-36] 2u (I25) 141d | [DFSH370011-BEIG-K-34] 2u (I25) 141d | [DFSH370011-BEIG-K-34] 2u (I25) 141d | [DFSH370011-BEIG-K-34] 2u (I25) 141d;[DFSH370021-TAN-K-32] 2u (I25) 141d | [DFSH370021-TAN-K-32] 2u (I25) 141d | [DFSH370021-TAN-K-32] 2u (I25) 141d | [DFSH370021-TAN-K-32] 2u (I25) 141d | [DFSH370021-TAN-K-32] 2u (I25) 141d | [DFSH370021-TAN-K-32] 2u (I25) 141d | [DFSH370021-TAN-K-32] 2u (I25) 141d | [DFSH370011-BEIG-K-32] 2u (I25) 141d | [DFSH370011-BEIG-K-33] 2u (I25) 141d | [DFSH370011-BEIG-K-35] 2u (I25) 141d | [DFSH370011-BEIG-K-32] 2u (I25) 141d | [DFSH370011-BEIG-K-33] 2u (I25) 141d | [DFSH370011-BEIG-K-35] 2u (I25) 141d | [DFSH370011-BEIG-K-32] 2u (I25) 141d | [DFSH370011-BEIG-K-33] 2u (I25) 141d | [DFSH370011-BEIG-K-35] 2u (I25) 141d;[DFSH370011-BEIG-K-36] 2u (I25) 141d | [DFSH370011-BEIG-K-36] 2u (I25) 141d | [DFSH370011-BEIG-K-36] 2u (I25) 141d
CLABD/Stock/StorageBD/CLA-054-01-03-02;BLACK;I25;96;871.48;D+C;153;80;;;[DFSH370019-TAUP-37] 2u (I25) 153d | [DFSH370019-TAUP-38] 3u (I25) 153d | [DFSH370019-TAUP-39] 3u (I25) 153d | [DFSH370019-TAUP-40] 2u (I25) 153d | [DFSH370019-TAUP-37] 2u (I25) 153d | [DFSH370019-TAUP-38] 3u (I25) 153d | [DFSH370019-TAUP-39] 3u (I25) 153d | [DFSH370019-TAUP-40] 2u (I25) 153d | [DFSH370019-BROW-36] 1u (I25) 153d | [DFSH370019-BROW-37] 2u (I25) 153d | [DFSH370019-BROW-38] 3u (I25) 153d | [DFSH370019-BROW-39] 3u (I25) 153d | [DFSH370019-BROW-41] 1u (I25) 153d | [DFSH370019-BLAC-36] 1u (I25) 153d | [DFSH370019-BLAC-37] 2u (I25) 153d | [DFSH370019-BLAC-38] 3u (I25) 153d | [DFSH370019-BLAC-39] 3u (I25) 153d | [DFSH370019-BLAC-40] 2u (I25) 153d | [DFSH370019-BLAC-41] 1u (I25) 153d | [DFSH370019-BLAC-36] 1u (I25) 153d | [DFSH370019-BLAC-37] 2u (I25) 153d | [DFSH370019-BLAC-38] 3u (I25) 153d | [DFSH370019-BLAC-39] 3u (I25) 153d | [DFSH370019-BLAC-40] 2u (I25) 153d | [DFSH370019-BLAC-41] 1u (I25) 153d | [DFSH370019-BLAC-36] 1u (I25) 153d | [DFSH370019-BLAC-37] 2u (I25) 153d | [DFSH370019-BLAC-38] 3u (I25) 153d | [DFSH370019-BLAC-39] 3u (I25) 153d | [DFSH370019-BLAC-40] 2u (I25) 153d | [DFSH370019-BLAC-41] 1u (I25) 153d | [DFSH370019-BLAC-36] 1u (I25) 153d | [DFSH370019-BLAC-37] 2u (I25) 153d | [DFSH370019-BLAC-38] 3u (I25) 153d | [DFSH370019-BLAC-39] 3u (I25) 153d | [DFSH370019-BLAC-40] 2u (I25) 153d | [DFSH370019-BLAC-41] 1u (I25) 153d | [DFSH370019-BLAC-36] 1u (I25) 153d | [DFSH370019-BLAC-37] 2u (I25) 153d | [DFSH370019-BLAC-38] 3u (I25) 153d | [DFSH370019-BLAC-39] 3u (I25) 153d | [DFSH370019-BLAC-40] 2u (I25) 153d | [DFSH370019-BLAC-41] 1u (I25) 153d;[DFSH370019-TAUP-36] 1u (I25) 153d | [DFSH370019-TAUP-41] 1u (I25) 153d | [DFSH370019-TAUP-36] 1u (I25) 153d | [DFSH370019-TAUP-41] 1u (I25) 153d | [DFSH370019-BROW-40] 2u (I25) 153d
CLABD/Stock/StorageBD/CLA-057-09-02-02;BLACK;I25;96;1352.05;D+C+B;133;80;;[DFSH408005-BLAC-38] 3u (I25) 133d | [DFSH408005-BLAC-39] 3u (I25) 133d;[DFSH408005-CHES-37] 2u (I25) 133d | [DFSH408005-CHES-38] 3u (I25) 133d | [DFSH408005-CHES-39] 3u (I25) 133d | [DFSH408005-CHES-40] 2u (I25) 133d | [DFSH408005-CHES-41] 1u (I25) 133d | [DFSH408005-CHES-37] 2u (I25) 133d | [DFSH408005-CHES-38] 3u (I25) 133d | [DFSH408005-CHES-39] 3u (I25) 133d | [DFSH408005-CHES-40] 2u (I25) 133d | [DFSH408005-CHES-41] 1u (I25) 133d | [DFSH408005-CHES-37] 2u (I25) 133d | [DFSH408005-CHES-38] 3u (I25) 133d | [DFSH408005-CHES-39] 3u (I25) 133d | [DFSH408005-CHES-40] 2u (I25) 133d | [DFSH408005-CHES-41] 1u (I25) 133d | [DFSH408005-CHES-37] 2u (I25) 133d | [DFSH408005-CHES-38] 3u (I25) 133d | [DFSH408005-CHES-39] 3u (I25) 133d | [DFSH408005-CHES-40] 2u (I25) 133d | [DFSH408005-CHES-41] 1u (I25) 133d | [DFSH408005-CHES-37] 2u (I25) 133d | [DFSH408005-CHES-38] 3u (I25) 133d | [DFSH408005-CHES-39] 3u (I25) 133d | [DFSH408005-CHES-40] 2u (I25) 133d | [DFSH408005-CHES-41] 1u (I25) 133d | [DFSH408005-CHES-37] 2u (I25) 133d | [DFSH408005-CHES-38] 3u (I25) 133d | [DFSH408005-CHES-39] 3u (I25) 133d | [DFSH408005-CHES-40] 2u (I25) 133d | [DFSH408005-CHES-41] 1u (I25) 133d | [DFSH408005-BLAC-36] 1u (I25) 133d | [DFSH408005-BLAC-37] 2u (I25) 133d | [DFSH408005-BLAC-40] 2u (I25) 133d | [DFSH408005-BLAC-41] 1u (I25) 133d | [DFSH408003-CHES-36] 1u (I25) 133d | [DFSH408003-CHES-37] 2u (I25) 133d | [DFSH408003-CHES-38] 3u (I25) 133d | [DFSH408003-CHES-39] 3u (I25) 133d | [DFSH408003-CHES-40] 2u (I25) 133d | [DFSH408003-CHES-41] 1u (I25) 133d;[DFSH408005-CHES-36] 1u (I25) 133d | [DFSH408005-CHES-36] 1u (I25) 133d | [DFSH408005-CHES-36] 1u (I25) 133d | [DFSH408005-CHES-36] 1u (I25) 133d | [DFSH408005-CHES-36] 1u (I25) 133d | [DFSH408005-CHES-36] 1u (I25) 133d
CLABD/Stock/EXTB2BBD/CLA-005-05-01-03;BLACK;I25;30;258.65;C+B+D;149;30;;[DFSH370011-BEIG-K-34] 2u (I25) 149d | [DFSH370011-BEIG-K-34] 2u (I25) 149d | [DFSH370011-BEIG-K-34] 2u (I25) 149d;[DFSH370011-BEIG-K-32] 2u (I25) 149d | [DFSH370011-BEIG-K-33] 2u (I25) 149d | [DFSH370011-BEIG-K-35] 2u (I25) 149d | [DFSH370011-BEIG-K-32] 2u (I25) 149d | [DFSH370011-BEIG-K-33] 2u (I25) 149d | [DFSH370011-BEIG-K-35] 2u (I25) 149d | [DFSH370011-BEIG-K-32] 2u (I25) 149d | [DFSH370011-BEIG-K-33] 2u (I25) 149d | [DFSH370011-BEIG-K-35] 2u (I25) 149d;[DFSH370011-BEIG-K-36] 2u (I25) 149d | [DFSH370011-BEIG-K-36] 2u (I25) 149d | [DFSH370011-BEIG-K-36] 2u (I25) 149d
CLABD/Stock/StorageBD/CLA-055-02-02-03;BLACK;V24+V25;95;499.32;C+D+B+A;44;60;[DFSH397001-BLAC-43] 2u (V24) 44d;[DFSH334001-BLUE-43] 3u (V24) 44d | [DFSH334001-BLUE-44] 4u (V24) 44d | [DFSH334001-BLUE-43] 1u (V24) 44d | [DFSH334001-BEIG-44] 1u (V25) 44d | [DFSH334001-BLUE-44] 2u (V24) 44d | [DFSH334001-SILV-37] 1u (V25) 44d | [DFSH397002-DOTT-40] 1u (V25) 44d | [DFSH397002-DOTT-37] 2u (V25) 44d | [DFSH397002-DOTT-38] 3u (V25) 44d | [DFSH397002-LEOP-41] 1u (V25) 44d | [DFSH397002-GOLD-37] 2u (V25) 44d | [DFSH397002-BLAC-38] 1u (V25) 44d | [DFSH397001-FBLA-38] 2u (V24) 44d | [DFSH397002-GOLD-40] 2u (V25) 44d | [DFSH397002-BLAC-37] 1u (V25) 44d | [DFSH397002-GOLD-36] 1u (V25) 44d | [DFSH397002-DOTT-37] 1u (V25) 44d | [DFSH397002-GOLD-38] 1u (V25) 44d | [DFSH397002-GOLD-39] 2u (V25) 44d | [DFSH397002-GOLD-41] 1u (V25) 44d | [DFSH397002-GOLD-40] 4u (V25) 44d | [DFSH397002-GOLD-37] 2u (V25) 44d | [DFSH397002-DOTT-36] 1u (V25) 44d | [DFSH397002-DOTT-37] 2u (V25) 44d | [DFSH397002-LEOP-39] 1u (V25) 44d;[DFSH334001-ORAN-37] 2u (V24) 44d | [DFSH334001-PURP-36] 1u (V24) 44d | [DFSH334001-PURP-39] 1u (V24) 44d | [DFSH334001-ORAN-39] 4u (V24) 44d | [DFSH334001-ORAN-38] 3u (V24) 44d | [DFSH334001-ORAN-38] 2u (V24) 44d | [DFSH334001-ORAN-40] 1u (V24) 44d | [DFSH334001-ORAN-37] 2u (V24) 44d | [DFSH334009-GREY-39] 2u (V24) 44d | [DFSH334001-ORAN-38] 2u (V24) 44d | [DFSH334001-BLUE-45] 1u (V24) 44d | [DFSH397001-WHIT-42] 3u (V24) 44d | [DFSH397001-OFFW-43] 1u (V24) 44d | [DFSH397001-FBLA-37] 1u (V24) 44d | [DFSH397001-OFFW-44] 3u (V24) 44d | [DFSH397001-OFFW-43] 3u (V24) 44d | [DFSH397001-OFFW-36] 1u (V24) 44d | [DFSH397001-OFFW-37] 2u (V24) 44d | [DFSH397001-FBLA-37] 1u (V24) 44d | [DFSH397001-OFFW-39] 1u (V24) 44d | [DFSH397001-OFFW-42] 3u (V24) 44d | [DFSH397001-OFFW-43] 2u (V24) 44d | [DFSH397001-OFFW-44] 1u (V24) 44d | [DFSH397001-OFFW-41] 2u (V24) 44d;[DFSH334001-KHAK-36] 1u (V24) 44d | [DFSH334001-KHAK-37] 1u (V24) 44d | [DFSH334001-KHAK-38] 1u (V24) 44d | [DFSH334001-KHAK-39] 2u (V24) 44d
CLABD/Stock/StorageBD/CLA-056-09-03-03;BLACK;I25;72;1009.98;D+C+B;133;60;;[DFSH408004-BLAC-37] 2u (I25) 133d | [DFSH408004-BLAC-38] 3u (I25) 133d | [DFSH408004-BLAC-39] 3u (I25) 133d | [DFSH408004-BLAC-40] 2u (I25) 133d | [DFSH408004-BLAC-41] 1u (I25) 133d;[DFSH408005-CHES-37] 2u (I25) 133d | [DFSH408005-CHES-38] 3u (I25) 133d | [DFSH408005-CHES-39] 3u (I25) 133d | [DFSH408005-CHES-40] 2u (I25) 133d | [DFSH408005-CHES-41] 1u (I25) 133d | [DFSH408005-CHES-37] 2u (I25) 133d | [DFSH408005-CHES-38] 3u (I25) 133d | [DFSH408005-CHES-39] 3u (I25) 133d | [DFSH408005-CHES-40] 2u (I25) 133d | [DFSH408005-CHES-41] 1u (I25) 133d | [DFSH408005-CHES-37] 2u (I25) 133d | [DFSH408005-CHES-38] 3u (I25) 133d | [DFSH408005-CHES-39] 3u (I25) 133d | [DFSH408005-CHES-40] 2u (I25) 133d | [DFSH408005-CHES-41] 1u (I25) 133d | [DFSH408005-CHES-37] 2u (I25) 133d | [DFSH408005-CHES-38] 3u (I25) 133d | [DFSH408005-CHES-39] 3u (I25) 133d | [DFSH408005-CHES-40] 2u (I25) 133d | [DFSH408005-CHES-41] 1u (I25) 133d | [DFSH408005-CHES-37] 2u (I25) 133d | [DFSH408005-CHES-38] 3u (I25) 133d | [DFSH408005-CHES-39] 3u (I25) 133d | [DFSH408005-CHES-40] 2u (I25) 133d | [DFSH408005-CHES-41] 1u (I25) 133d | [DFSH408004-BLAC-36] 1u (I25) 133d;[DFSH408005-CHES-36] 1u (I25) 133d | [DFSH408005-CHES-36] 1u (I25) 133d | [DFSH408005-CHES-36] 1u (I25) 133d | [DFSH408005-CHES-36] 1u (I25) 133d | [DFSH408005-CHES-36] 1u (I25) 133d
CLABD/Stock/StorageBD/CLA-062-05-02-02;BLACK;I25;72;962.02;D+C+B;133;60;;[DFSH408003-TAUP-38] 3u (I25) 133d | [DFSH408003-TAUP-39] 3u (I25) 133d | [DFSH408003-TAUP-38] 3u (I25) 133d | [DFSH408003-TAUP-39] 3u (I25) 133d;[DFSH408005-CHES-37] 2u (I25) 133d | [DFSH408005-CHES-38] 3u (I25) 133d | [DFSH408005-CHES-39] 3u (I25) 133d | [DFSH408005-CHES-40] 2u (I25) 133d | [DFSH408005-CHES-41] 1u (I25) 133d | [DFSH408005-CHES-37] 2u (I25) 133d | [DFSH408005-CHES-38] 3u (I25) 133d | [DFSH408005-CHES-39] 3u (I25) 133d | [DFSH408005-CHES-40] 2u (I25) 133d | [DFSH408005-CHES-41] 1u (I25) 133d | [DFSH408005-CHES-37] 2u (I25) 133d | [DFSH408005-CHES-38] 3u (I25) 133d | [DFSH408005-CHES-39] 3u (I25) 133d | [DFSH408005-CHES-40] 2u (I25) 133d | [DFSH408005-CHES-41] 1u (I25) 133d | [DFSH408003-TAUP-36] 1u (I25) 133d | [DFSH408003-TAUP-37] 2u (I25) 133d | [DFSH408003-TAUP-40] 2u (I25) 133d | [DFSH408003-TAUP-36] 1u (I25) 133d | [DFSH408003-TAUP-37] 2u (I25) 133d | [DFSH408003-TAUP-40] 2u (I25) 133d | [DFSH408003-BLAC-36] 1u (I25) 133d | [DFSH408003-BLAC-37] 2u (I25) 133d | [DFSH408003-BLAC-38] 3u (I25) 133d | [DFSH408003-BLAC-39] 3u (I25) 133d | [DFSH408003-BLAC-40] 2u (I25) 133d | [DFSH408003-BLAC-41] 1u (I25) 133d;[DFSH408005-CHES-36] 1u (I25) 133d | [DFSH408005-CHES-36] 1u (I25) 133d | [DFSH408005-CHES-36] 1u (I25) 133d | [DFSH408003-TAUP-41] 1u (I25) 133d | [DFSH408003-TAUP-41] 1u (I25) 133d
CLABD/Stock/StorageBD/CLA-070-05-01-03;BLACK;I24+I25+V26;85;1017.53;A+C+B+D;317;90;[DFSH375001-TAN-37] 3u (I24) 197d | [DFSH371006-BLAC-41] 1u (I25) 197d | [DFSH370012-TAUP-37] 1u (I25) 197d | [DFSH375003-BLAC-36] 1u (I25) 197d | [DFSH371006-BLAC-36] 1u (I25) 197d | [DFSH370005-BLAC-37] 1u (I25) 197d | [DFSH387006-WHIT-41] 1u (V26) 317d | [DFSH387006-WHIT-41] 1u (V26) 317d | [DFSH387006-WHIT-41] 1u (V26) 317d | [DFSH387006-WHIT-41] 1u (V26) 317d;[DFSH375003-BLAC-37] 2u (I25) 197d | [DFSH375003-BLAC-38] 1u (I25) 197d | [DFSH375003-BLAC-41] 1u (I25) 197d | [DFSH387006-WHIT-43] 3u (V26) 317d | [DFSH387006-WHIT-44] 2u (V26) 317d | [DFSH387006-WHIT-45] 1u (V26) 317d | [DFSH387006-WHIT-43] 3u (V26) 317d | [DFSH387006-WHIT-44] 2u (V26) 317d | [DFSH387006-WHIT-45] 1u (V26) 317d | [DFSH387006-WHIT-43] 3u (V26) 317d | [DFSH387006-WHIT-44] 2u (V26) 317d | [DFSH387006-WHIT-45] 1u (V26) 317d | [DFSH387006-WHIT-43] 3u (V26) 317d | [DFSH387006-WHIT-44] 2u (V26) 317d | [DFSH387006-WHIT-45] 1u (V26) 317d | [DFSH387005-PKHA-38] 3u (I25) 156d;[DFSH375001-TAN-36] 1u (I24) 197d | [DFSH387006-WHIT-42] 2u (V26) 317d | [DFSH387006-WHIT-42] 2u (V26) 317d | [DFSH387006-WHIT-42] 2u (V26) 317d | [DFSH387006-WHIT-42] 2u (V26) 317d | [DFSH387005-PPIN-37] 2u (I25) 156d | [DFSH387005-PPIN-38] 3u (I25) 156d | [DFSH387005-PPIN-39] 3u (I25) 156d | [DFSH387005-PPIN-40] 2u (I25) 156d | [DFSH387005-PPIN-41] 1u (I25) 156d | [DFSH387005-PPIN-37] 2u (I25) 156d | [DFSH387005-PPIN-38] 3u (I25) 156d | [DFSH387005-PPIN-39] 3u (I25) 156d | [DFSH387005-PPIN-40] 2u (I25) 156d | [DFSH387005-PPIN-41] 1u (I25) 156d | [DFSH387005-PKHA-36] 1u (I25) 156d | [DFSH387005-PKHA-37] 2u (I25) 156d | [DFSH387005-PKHA-40] 2u (I25) 156d | [DFSH387005-PKHA-41] 1u (I25) 156d;[DFSH387005-PPIN-36] 1u (I25) 156d | [DFSH387005-PPIN-36] 1u (I25) 156d | [DFSH387005-PKHA-39] 3u (I25) 156d
CLABD/Stock/EXTB2BBD/CLA-003-08-01-02;BLACK;I25;54;669.44;C+B+D;134;60;;[DFSH408003-TAUP-38] 2u (I25) 134d | [DFSH408003-TAUP-39] 2u (I25) 134d | [DFSH408003-TAUP-38] 2u (I25) 134d | [DFSH408003-TAUP-39] 2u (I25) 134d | [DFSH408003-TAUP-38] 2u (I25) 134d | [DFSH408003-TAUP-39] 2u (I25) 134d | [DFSH408003-TAUP-38] 2u (I25) 134d | [DFSH408003-TAUP-39] 2u (I25) 134d | [DFSH408003-TAUP-38] 2u (I25) 134d | [DFSH408003-TAUP-39] 2u (I25) 134d;[DFSH408003-TAUP-36] 1u (I25) 134d | [DFSH408003-TAUP-37] 2u (I25) 134d | [DFSH408003-TAUP-40] 1u (I25) 134d | [DFSH408003-TAUP-36] 1u (I25) 134d | [DFSH408003-TAUP-37] 2u (I25) 134d | [DFSH408003-TAUP-40] 1u (I25) 134d | [DFSH408003-TAUP-36] 1u (I25) 134d | [DFSH408003-TAUP-37] 2u (I25) 134d | [DFSH408003-TAUP-40] 1u (I25) 134d | [DFSH408003-TAUP-36] 1u (I25) 134d | [DFSH408003-TAUP-37] 2u (I25) 134d | [DFSH408003-TAUP-40] 1u (I25) 134d | [DFSH408003-TAUP-36] 1u (I25) 134d | [DFSH408003-TAUP-37] 2u (I25) 134d | [DFSH408003-TAUP-40] 1u (I25) 134d | [DFSH408003-CHES-36] 1u (I25) 134d | [DFSH408003-CHES-37] 2u (I25) 134d | [DFSH408003-CHES-38] 2u (I25) 134d | [DFSH408003-CHES-39] 2u (I25) 134d | [DFSH408003-CHES-40] 1u (I25) 134d | [DFSH408003-CHES-41] 1u (I25) 134d;[DFSH408003-TAUP-41] 1u (I25) 134d | [DFSH408003-TAUP-41] 1u (I25) 134d | [DFSH408003-TAUP-41] 1u (I25) 134d | [DFSH408003-TAUP-41] 1u (I25) 134d | [DFSH408003-TAUP-41] 1u (I25) 134d
CLABD/Stock/EXTB2BBD/CLA-006-07-03-01;BLACK;I25;72;1044.60;C+B+D;136;60;;[DFSH407007-LEOP-38] 3u (I25) 136d | [DFSH407006-TAUP-38] 3u (I25) 136d | [DFSH407006-TAUP-38] 3u (I25) 136d | [DFSH407006-TAUP-38] 3u (I25) 136d | [DFSH407006-TAUP-38] 3u (I25) 136d | [DFSH407006-TAUP-38] 3u (I25) 136d;[DFSH407007-LEOP-36] 1u (I25) 136d | [DFSH407007-LEOP-37] 2u (I25) 136d | [DFSH407007-LEOP-39] 3u (I25) 136d | [DFSH407007-LEOP-40] 2u (I25) 136d | [DFSH407007-LEOP-41] 1u (I25) 136d | [DFSH407006-TAUP-37] 2u (I25) 136d | [DFSH407006-TAUP-39] 3u (I25) 136d | [DFSH407006-TAUP-40] 2u (I25) 136d | [DFSH407006-TAUP-41] 1u (I25) 136d | [DFSH407006-TAUP-37] 2u (I25) 136d | [DFSH407006-TAUP-39] 3u (I25) 136d | [DFSH407006-TAUP-40] 2u (I25) 136d | [DFSH407006-TAUP-41] 1u (I25) 136d | [DFSH407006-TAUP-37] 2u (I25) 136d | [DFSH407006-TAUP-39] 3u (I25) 136d | [DFSH407006-TAUP-40] 2u (I25) 136d | [DFSH407006-TAUP-41] 1u (I25) 136d | [DFSH407006-TAUP-37] 2u (I25) 136d | [DFSH407006-TAUP-39] 3u (I25) 136d | [DFSH407006-TAUP-40] 2u (I25) 136d | [DFSH407006-TAUP-41] 1u (I25) 136d | [DFSH407006-TAUP-37] 2u (I25) 136d | [DFSH407006-TAUP-39] 3u (I25) 136d | [DFSH407006-TAUP-40] 2u (I25) 136d | [DFSH407006-TAUP-41] 1u (I25) 136d;[DFSH407006-TAUP-36] 1u (I25) 136d | [DFSH407006-TAUP-36] 1u (I25) 136d | [DFSH407006-TAUP-36] 1u (I25) 136d | [DFSH407006-TAUP-36] 1u (I25) 136d | [DFSH407006-TAUP-36] 1u (I25) 136d
CLABD/Stock/StorageBD/CLA-062-06-03-02;BLACK;I25;48;595.27;C+B+D;133;40;;[DFSH408003-TAUP-38] 3u (I25) 133d | [DFSH408003-TAUP-39] 3u (I25) 133d | [DFSH408003-TAUP-38] 3u (I25) 133d | [DFSH408003-TAUP-39] 3u (I25) 133d | [DFSH408003-TAUP-38] 3u (I25) 133d | [DFSH408003-TAUP-39] 3u (I25) 133d | [DFSH408003-TAUP-38] 3u (I25) 133d | [DFSH408003-TAUP-39] 3u (I25) 133d;[DFSH408003-TAUP-36] 1u (I25) 133d | [DFSH408003-TAUP-37] 2u (I25) 133d | [DFSH408003-TAUP-40] 2u (I25) 133d | [DFSH408003-TAUP-36] 1u (I25) 133d | [DFSH408003-TAUP-37] 2u (I25) 133d | [DFSH408003-TAUP-40] 2u (I25) 133d | [DFSH408003-TAUP-36] 1u (I25) 133d | [DFSH408003-TAUP-37] 2u (I25) 133d | [DFSH408003-TAUP-40] 2u (I25) 133d | [DFSH408003-TAUP-36] 1u (I25) 133d | [DFSH408003-TAUP-37] 2u (I25) 133d | [DFSH408003-TAUP-40] 2u (I25) 133d;[DFSH408003-TAUP-41] 1u (I25) 133d | [DFSH408003-TAUP-41] 1u (I25) 133d | [DFSH408003-TAUP-41] 1u (I25) 133d | [DFSH408003-TAUP-41] 1u (I25) 133d
CLABD/Stock/StorageBD/CLA-065-03-01-03;BLACK;V24+V25;76;292.53;D+B+C;43;70;;[DFSH334001-BLUE-44] 4u (V24) 43d | [DFSH334001-BLUE-43] 1u (V24) 43d | [DFSH334001-FUCH-38] 1u (V25) 43d | [DFSH334010-PINK-36] 1u (V24) 43d | [DFSH334010-PINK-39] 1u (V24) 43d | [DFSH334001-FUCH-37] 1u (V25) 43d | [DFSH334001-BLUE-44] 3u (V24) 43d | [DFSH334001-GOLD-37] 1u (V25) 43d | [DFSH334001-FUCH-36] 1u (V25) 43d | [DFSH334001-BEIG-44] 2u (V25) 43d | [DFSH334001-SILV-38] 1u (V25) 43d | [DFSH334010-PINK-37] 1u (V24) 43d | [DFSH334001-BLUE-44] 4u (V24) 43d | [DFSH334001-BLUE-43] 1u (V24) 43d | [DFSH334001-BEIG-44] 3u (V25) 43d | [DFSH334001-BLUE-44] 1u (V24) 43d | [DFSH334001-BLUE-43] 1u (V24) 43d | [DFSH334001-BEIG-44] 3u (V25) 43d | [DFSH334001-FUCH-39] 1u (V25) 43d | [DFSH334001-FUCH-39] 2u (V25) 43d | [DFSH334001-FUCH-38] 1u (V25) 43d | [DFSH334001-FUCH-37] 1u (V25) 43d | [DFSH334001-BLUE-44] 1u (V24) 43d | [DFSH334010-PINK-37] 1u (V24) 43d | [DFSH334001-BEIG-44] 1u (V25) 43d | [DFSH334001-FUCH-39] 4u (V25) 43d | [DFSH334001-BLUE-44] 3u (V24) 43d | [DFSH334001-BLUE-43] 1u (V24) 43d | [DFSH334001-BEIG-44] 1u (V25) 43d;[DFSH334001-BEIG-43] 1u (V25) 43d | [DFSH334009-BEIG-40] 1u (V24) 43d | [DFSH334001-BLUE-45] 2u (V24) 43d | [DFSH334009-GREY-38] 1u (V24) 43d | [DFSH334001-BEIG-43] 3u (V25) 43d | [DFSH334001-BLUE-45] 2u (V24) 43d | [DFSH334001-ORAN-37] 1u (V24) 43d | [DFSH334001-BLUE-45] 1u (V24) 43d | [DFSH334001-BEIG-43] 1u (V25) 43d | [DFSH334001-KHAK-44] 1u (V24) 43d | [DFSH334001-BLUE-45] 1u (V24) 43d | [DFSH334001-BLAC-38] 2u (V25) 43d | [DFSH334001-ORAN-38] 2u (V24) 43d | [DFSH334009-GREY-37] 1u (V24) 43d | [DFSH334001-BEIG-43] 3u (V25) 43d | [DFSH334009-GREY-41] 1u (V24) 43d;[DFSH334001-KHAK-36] 1u (V24) 43d | [DFSH334001-KHAK-38] 1u (V24) 43d | [DFSH334001-KHAK-39] 2u (V24) 43d
CLABD/Stock/StorageBD/CLA-066-02-02-02;BLACK;V25+V24;86;329.70;B+C+D;44;80;;[DFSH334001-FUCH-39] 1u (V25) 44d | [DFSH334001-FUCH-40] 2u (V25) 44d | [DFSH334001-BLUE-44] 1u (V24) 44d | [DFSH334001-BLUE-43] 4u (V24) 44d | [DFSH334001-BLUE-44] 2u (V24) 44d | [DFSH334001-FUCH-38] 1u (V25) 44d | [DFSH334001-BLUE-43] 1u (V24) 44d | [DFSH334001-FUCH-37] 1u (V25) 44d | [DFSH334001-BLUE-44] 4u (V24) 44d | [DFSH334001-ROSE-38] 1u (V25) 44d | [DFSH334001-FUCH-37] 1u (V25) 44d | [DFSH334001-BLUE-44] 2u (V24) 44d | [DFSH334001-SILV-36] 1u (V25) 44d | [DFSH334001-BLUE-43] 1u (V24) 44d | [DFSH334001-BLUE-43] 1u (V24) 44d | [DFSH334001-LAVA-41] 1u (V25) 44d | [DFSH334001-BEIG-44] 1u (V25) 44d | [DFSH334001-BLUE-44] 2u (V24) 44d | [DFSH334001-BLUE-43] 1u (V24) 44d | [DFSH334001-SILV-37] 1u (V25) 44d | [DFSH334001-GREY-46] 1u (V24) 44d | [DFSH334001-BLUE-43] 4u (V24) 44d | [DFSH334001-BLUE-44] 5u (V24) 44d | [DFSH334001-FUCH-41] 1u (V25) 44d | [DFSH334001-FUCH-36] 1u (V25) 44d | [DFSH334001-FUCH-40] 1u (V25) 44d | [DFSH334001-BLUE-44] 4u (V24) 44d | [DFSH334001-BLUE-43] 5u (V24) 44d;[DFSH334001-BLAC-38] 1u (V25) 44d | [DFSH334001-PINK-37] 1u (V24) 44d | [DFSH334009-GREY-38] 1u (V24) 44d | [DFSH334001-BLAC-38] 1u (V25) 44d | [DFSH334001-LIME-38] 1u (V24) 44d | [DFSH334001-BLUE-45] 1u (V24) 44d | [DFSH334001-GREY-42] 1u (V24) 44d | [DFSH334001-GREY-43] 1u (V24) 44d | [DFSH334001-BLUE-45] 1u (V24) 44d | [DFSH334009-GREY-38] 1u (V24) 44d | [DFSH334001-LIME-36] 1u (V24) 44d | [DFSH334001-BLAC-38] 1u (V25) 44d | [DFSH334001-PINK-39] 1u (V24) 44d | [DFSH334001-BLAC-40] 1u (V25) 44d | [DFSH334009-BEIG-38] 1u (V24) 44d | [DFSH334001-BLAC-38] 2u (V25) 44d | [DFSH334001-BLAC-37] 1u (V25) 44d | [DFSH334001-GREY-37] 1u (V24) 44d | [DFSH334001-BLUE-45] 1u (V24) 44d | [DFSH334001-BLUE-45] 4u (V24) 44d | [DFSH334001-ORAN-38] 1u (V24) 44d | [DFSH334009-BLAC-41] 1u (V24) 44d | [DFSH334009-GREY-39] 1u (V24) 44d | [DFSH334001-BLUE-45] 2u (V24) 44d | [DFSH334001-BLUE-45] 1u (V24) 44d;[DFSH334001-KHAK-38] 1u (V24) 44d | [DFSH334001-KHAK-36] 1u (V24) 44d | [DFSH334001-KHAK-37] 1u (V24) 44d | [DFSH334001-KHAK-38] 1u (V24) 44d
CLABD/Stock/StorageBD/CLA-069-09-01-01;BLACK;I25;84;1228.39;C+D+B+A;177;70;[DFSH401002-PETR-43] 3u (I25) 177d;[DFSH407004-BEIG-39] 3u (I25) 136d | [DFSH407004-BEIG-39] 3u (I25) 136d | [DFSH407004-BEIG-39] 3u (I25) 136d | [DFSH407004-BEIG-39] 3u (I25) 136d | [DFSH401002-PETR-41] 1u (I25) 177d | [DFSH401002-PETR-42] 3u (I25) 177d | [DFSH401002-PETR-44] 3u (I25) 177d | [DFSH401002-PETR-45] 2u (I25) 177d;[DFSH407006-MINT-36] 1u (I25) 136d | [DFSH407006-MINT-37] 2u (I25) 136d | [DFSH407006-MINT-38] 3u (I25) 136d | [DFSH407006-MINT-39] 3u (I25) 136d | [DFSH407006-MINT-41] 1u (I25) 136d | [DFSH407006-MINT-36] 1u (I25) 136d | [DFSH407006-MINT-37] 2u (I25) 136d | [DFSH407006-MINT-38] 3u (I25) 136d | [DFSH407006-MINT-39] 3u (I25) 136d | [DFSH407006-MINT-41] 1u (I25) 136d | [DFSH407004-BEIG-36] 1u (I25) 136d | [DFSH407004-BEIG-37] 2u (I25) 136d | [DFSH407004-BEIG-38] 3u (I25) 136d | [DFSH407004-BEIG-40] 2u (I25) 136d | [DFSH407004-BEIG-41] 1u (I25) 136d | [DFSH407004-BEIG-36] 1u (I25) 136d | [DFSH407004-BEIG-37] 2u (I25) 136d | [DFSH407004-BEIG-38] 3u (I25) 136d | [DFSH407004-BEIG-40] 2u (I25) 136d | [DFSH407004-BEIG-41] 1u (I25) 136d | [DFSH407004-BEIG-36] 1u (I25) 136d | [DFSH407004-BEIG-37] 2u (I25) 136d | [DFSH407004-BEIG-38] 3u (I25) 136d | [DFSH407004-BEIG-40] 2u (I25) 136d | [DFSH407004-BEIG-41] 1u (I25) 136d | [DFSH407004-BEIG-36] 1u (I25) 136d | [DFSH407004-BEIG-37] 2u (I25) 136d | [DFSH407004-BEIG-38] 3u (I25) 136d | [DFSH407004-BEIG-40] 2u (I25) 136d | [DFSH407004-BEIG-41] 1u (I25) 136d;[DFSH407006-MINT-40] 2u (I25) 136d | [DFSH407006-MINT-40] 2u (I25) 136d
CLABD/Stock/StorageBD/CLA-070-07-03-03;BLACK;I25+V23;105;1084.14;A+C+D;35;100;[DFSH371006-BLAC-38] 12u (I25) 35d | [DFSH371006-BLAC-38] 12u (I25) 35d | [NVK22060-0001-37] 9u (V23) 35d | [NVK22060-0001-37] 9u (V23) 35d | [NVK22060-0001-37] 9u (V23) 35d | [NVK22060-0001-37] 9u (V23) 35d | [NVK22060-0001-37] 9u (V23) 35d;;[DFSH407005-BLAC-40] 3u (I25) 35d | [DFSH407005-BLAC-41] 1u (I25) 35d | [DFSH407005-BLAC-39] 2u (I25) 35d | [DFSH407005-BLAC-36] 1u (I25) 35d | [DFSH407005-BLAC-37] 2u (I25) 35d | [DFSH407005-BLAC-38] 3u (I25) 35d | [DFSH407006-MINT-36] 1u (I25) 35d | [DFSH407006-MINT-37] 2u (I25) 35d | [DFSH407006-MINT-38] 3u (I25) 35d | [DFSH407006-MINT-39] 3u (I25) 35d | [DFSH407006-MINT-41] 1u (I25) 35d | [DFSH407006-MINT-36] 1u (I25) 35d | [DFSH407006-MINT-37] 2u (I25) 35d | [DFSH407006-MINT-38] 3u (I25) 35d | [DFSH407006-MINT-39] 3u (I25) 35d | [DFSH407006-MINT-41] 1u (I25) 35d;[DFSH407006-MINT-40] 2u (I25) 35d | [DFSH407006-MINT-40] 2u (I25) 35d
CLABD/Stock/EXTB2BBD/CLA-003-07-03-02;BLACK;I25;54;669.42;C+B+D;134;60;;[DFSH408003-TAUP-38] 2u (I25) 134d | [DFSH408003-TAUP-39] 2u (I25) 134d | [DFSH408003-TAUP-38] 2u (I25) 134d | [DFSH408003-TAUP-39] 2u (I25) 134d | [DFSH408003-TAUP-38] 2u (I25) 134d | [DFSH408003-TAUP-39] 2u (I25) 134d | [DFSH408003-TAUP-38] 2u (I25) 134d | [DFSH408003-TAUP-39] 2u (I25) 134d;[DFSH408003-TAUP-36] 1u (I25) 134d | [DFSH408003-TAUP-37] 2u (I25) 134d | [DFSH408003-TAUP-40] 1u (I25) 134d | [DFSH408003-TAUP-36] 1u (I25) 134d | [DFSH408003-TAUP-37] 2u (I25) 134d | [DFSH408003-TAUP-40] 1u (I25) 134d | [DFSH408003-TAUP-36] 1u (I25) 134d | [DFSH408003-TAUP-37] 2u (I25) 134d | [DFSH408003-TAUP-40] 1u (I25) 134d | [DFSH408003-TAUP-36] 1u (I25) 134d | [DFSH408003-TAUP-37] 2u (I25) 134d | [DFSH408003-TAUP-40] 1u (I25) 134d | [DFSH408003-CHES-36] 1u (I25) 134d | [DFSH408003-CHES-37] 2u (I25) 134d | [DFSH408003-CHES-38] 2u (I25) 134d | [DFSH408003-CHES-39] 2u (I25) 134d | [DFSH408003-CHES-40] 1u (I25) 134d | [DFSH408003-CHES-41] 1u (I25) 134d | [DFSH408003-BLAC-36] 1u (I25) 134d | [DFSH408003-BLAC-37] 2u (I25) 134d | [DFSH408003-BLAC-38] 2u (I25) 134d | [DFSH408003-BLAC-39] 2u (I25) 134d | [DFSH408003-BLAC-40] 1u (I25) 134d | [DFSH408003-BLAC-41] 1u (I25) 134d;[DFSH408003-TAUP-41] 1u (I25) 134d | [DFSH408003-TAUP-41] 1u (I25) 134d | [DFSH408003-TAUP-41] 1u (I25) 134d | [DFSH408003-TAUP-41] 1u (I25) 134d
CLABD/Stock/EXTB2BBD/CLA-007-09-02-03;BLACK;I25;10;74.06;B+D;161;10;;[DFSH370011-BROW-K-32] 2u (I25) 161d | [DFSH370011-BROW-K-33] 2u (I25) 161d | [DFSH370011-BROW-K-34] 2u (I25) 161d;;[DFSH370011-BROW-K-35] 2u (I25) 161d | [DFSH370011-BROW-K-36] 2u (I25) 161d
CLABD/Stock/EXTB2BBD/CLA-008-07-01-02;BLACK;I25;19;154.98;B+A+D;161;20;[DFSH370022-SAND-37] 2u (I25) 118d | [DFSH370022-SAND-38] 2u (I25) 118d | [DFSH370022-SAND-39] 2u (I25) 118d | [DFSH370022-SAND-40] 1u (I25) 118d | [DFSH370022-SAND-41] 1u (I25) 118d;[DFSH370022-SAND-36] 1u (I25) 118d | [DFSH370011-BROW-K-32] 2u (I25) 161d | [DFSH370011-BROW-K-33] 2u (I25) 161d | [DFSH370011-BROW-K-34] 2u (I25) 161d;;[DFSH370011-BROW-K-35] 2u (I25) 161d | [DFSH370011-BROW-K-36] 2u (I25) 161d
CLABD/Stock/StorageBD/CLA-058-07-02-01;BLACK;I25;96;1331.70;D+C+B;133;80;;[DFSH408005-BLAC-38] 3u (I25) 133d | [DFSH408005-BLAC-39] 3u (I25) 133d | [DFSH408005-BLAC-38] 3u (I25) 133d | [DFSH408005-BLAC-39] 3u (I25) 133d | [DFSH408005-BLAC-38] 3u (I25) 133d | [DFSH408005-BLAC-39] 3u (I25) 133d | [DFSH408004-BLAC-37] 2u (I25) 133d | [DFSH408004-BLAC-38] 3u (I25) 133d | [DFSH408004-BLAC-39] 3u (I25) 133d | [DFSH408004-BLAC-40] 2u (I25) 133d | [DFSH408004-BLAC-41] 1u (I25) 133d | [DFSH408004-BLAC-37] 2u (I25) 133d | [DFSH408004-BLAC-38] 3u (I25) 133d | [DFSH408004-BLAC-39] 3u (I25) 133d | [DFSH408004-BLAC-40] 2u (I25) 133d | [DFSH408004-BLAC-41] 1u (I25) 133d;[DFSH408005-CHES-37] 2u (I25) 133d | [DFSH408005-CHES-38] 3u (I25) 133d | [DFSH408005-CHES-39] 3u (I25) 133d | [DFSH408005-CHES-40] 2u (I25) 133d | [DFSH408005-CHES-41] 1u (I25) 133d | [DFSH408005-CHES-37] 2u (I25) 133d | [DFSH408005-CHES-38] 3u (I25) 133d | [DFSH408005-CHES-39] 3u (I25) 133d | [DFSH408005-CHES-40] 2u (I25) 133d | [DFSH408005-CHES-41] 1u (I25) 133d | [DFSH408005-CHES-37] 2u (I25) 133d | [DFSH408005-CHES-38] 3u (I25) 133d | [DFSH408005-CHES-39] 3u (I25) 133d | [DFSH408005-CHES-40] 2u (I25) 133d | [DFSH408005-CHES-41] 1u (I25) 133d | [DFSH408005-BLAC-36] 1u (I25) 133d | [DFSH408005-BLAC-37] 2u (I25) 133d | [DFSH408005-BLAC-40] 2u (I25) 133d | [DFSH408005-BLAC-41] 1u (I25) 133d | [DFSH408005-BLAC-36] 1u (I25) 133d | [DFSH408005-BLAC-37] 2u (I25) 133d | [DFSH408005-BLAC-40] 2u (I25) 133d | [DFSH408005-BLAC-41] 1u (I25) 133d | [DFSH408005-BLAC-36] 1u (I25) 133d | [DFSH408005-BLAC-37] 2u (I25) 133d | [DFSH408005-BLAC-40] 2u (I25) 133d | [DFSH408005-BLAC-41] 1u (I25) 133d | [DFSH408004-BLAC-36] 1u (I25) 133d | [DFSH408004-BLAC-36] 1u (I25) 133d;[DFSH408005-CHES-36] 1u (I25) 133d | [DFSH408005-CHES-36] 1u (I25) 133d | [DFSH408005-CHES-36] 1u (I25) 133d
CLABD/Stock/StorageBD/CLA-065-05-01-01;BLACK;V26+I25+V24;72;701.32;A+C+D+B;631;60;[DFSH387006-BLAC-41] 1u (V26) 156d | [DFSH387006-BLAC-42] 2u (V26) 156d | [DFSH387006-BLAC-45] 2u (V26) 156d | [DFSH387006-WHIT-41] 1u (V26) 156d;[DFSH387006-WHIT-40] 2u (V26) 156d;[DFSH387006-BLAC-43] 3u (V26) 156d | [DFSH387006-BLAC-44] 3u (V26) 156d | [DFSH387005-PPIN-37] 2u (I25) 156d | [DFSH387005-PPIN-38] 3u (I25) 156d | [DFSH387005-PPIN-39] 3u (I25) 156d | [DFSH387005-PPIN-40] 2u (I25) 156d | [DFSH387005-PPIN-41] 1u (I25) 156d | [DFSH387005-PPIN-37] 2u (I25) 156d | [DFSH387005-PPIN-38] 3u (I25) 156d | [DFSH387005-PPIN-39] 3u (I25) 156d | [DFSH387005-PPIN-40] 2u (I25) 156d | [DFSH387005-PPIN-41] 1u (I25) 156d | [DFSH387006-WHIT-36] 1u (V26) 156d | [DFSH387006-WHIT-37] 2u (V26) 156d | [DFSH387006-WHIT-38] 3u (V26) 156d | [DFSH387006-WHIT-39] 3u (V26) 156d | [DFSH392001-WHIT-36] 1u (V24) 631d | [DFSH392001-WHIT-37] 2u (V24) 631d | [DFSH392001-WHIT-38] 3u (V24) 631d | [DFSH392001-WHIT-39] 3u (V24) 631d | [DFSH392001-WHIT-40] 2u (V24) 631d | [DFSH392001-WHIT-41] 1u (V24) 631d | [DFSH392001-WHIT-36] 1u (V24) 631d | [DFSH392001-WHIT-37] 2u (V24) 631d | [DFSH392001-WHIT-38] 3u (V24) 631d | [DFSH392001-WHIT-39] 3u (V24) 631d | [DFSH392001-WHIT-40] 2u (V24) 631d | [DFSH392001-WHIT-41] 1u (V24) 631d;[DFSH387006-BLAC-46] 1u (V26) 156d | [DFSH387005-PPIN-36] 1u (I25) 156d | [DFSH387005-PPIN-36] 1u (I25) 156d
CLABD/Stock/StorageBD/CLA-065-07-01-02;GENERIC;I23+V19+V24+V26;245;1052.74;B+C+A+D;1190;65;[DFSH387006-BLAC-41] 1u (V26) 156d | [DFSH387006-BLAC-42] 2u (V26) 156d | [DFSH387006-BLAC-45] 2u (V26) 156d | [DFSH387006-BLAC-41] 1u (V26) 156d | [DFSH387006-BLAC-42] 2u (V26) 156d | [DFSH387006-BLAC-45] 2u (V26) 156d | [DFSH387006-BLAC-41] 1u (V26) 156d | [DFSH387006-BLAC-42] 2u (V26) 156d | [DFSH387006-BLAC-45] 2u (V26) 156d;[DFACBE2308-NAVY] 50u (I23) 737d | [DFACBE2308-PINK] 50u (I23) 737d;[DFKSUN1025] 100u (V19) 1190d | [DFSH394001-PURP-36] 1u (V24) 568d | [DFSH394001-PURP-37] 2u (V24) 583d | [DFSH394001-PURP-38] 2u (V24) 583d | [DFSH394001-PURP-39] 2u (V24) 583d | [DFSH394001-PURP-40] 1u (V24) 583d | [DFSH394001-PURP-41] 1u (V24) 583d | [DFSH387006-BLAC-43] 3u (V26) 156d | [DFSH387006-BLAC-44] 3u (V26) 156d | [DFSH387006-BLAC-43] 3u (V26) 156d | [DFSH387006-BLAC-44] 3u (V26) 156d | [DFSH387006-BLAC-43] 3u (V26) 156d | [DFSH387006-BLAC-44] 3u (V26) 156d;[DFSH387006-BLAC-46] 1u (V26) 156d | [DFSH387006-BLAC-46] 1u (V26) 156d | [DFSH387006-BLAC-46] 1u (V26) 156d
CLABD/Stock/StorageBD/CLA-067-01-01-02;BLACK;I25+V26;144;1714.90;D+C+B+A;156;120;[DFSH387005-BLAC-38] 3u (V26) 156d | [DFSH387005-BLAC-38] 3u (V26) 156d;[DFSH387005-CREA-38] 3u (I25) 156d | [DFSH387005-CREA-41] 1u (I25) 156d | [DFSH387005-CREA-38] 3u (I25) 156d | [DFSH387005-CREA-41] 1u (I25) 156d | [DFSH387005-CREA-38] 3u (I25) 156d | [DFSH387005-CREA-41] 1u (I25) 156d | [DFSH387005-CREA-38] 3u (I25) 156d | [DFSH387005-CREA-41] 1u (I25) 156d | [DFSH387005-CREA-38] 3u (I25) 156d | [DFSH387005-CREA-41] 1u (I25) 156d | [DFSH387005-CREA-38] 3u (I25) 156d | [DFSH387005-CREA-41] 1u (I25) 156d | [DFSH387005-CREA-38] 3u (I25) 156d | [DFSH387005-CREA-41] 1u (I25) 156d | [DFSH387005-BLAC-36] 1u (V26) 156d | [DFSH387005-BLAC-37] 2u (V26) 156d | [DFSH387005-BLAC-39] 3u (V26) 156d | [DFSH387005-BLAC-40] 2u (V26) 156d | [DFSH387005-BLAC-41] 1u (V26) 156d | [DFSH387005-BLAC-36] 1u (V26) 156d | [DFSH387005-BLAC-37] 2u (V26) 156d | [DFSH387005-BLAC-39] 3u (V26) 156d | [DFSH387005-BLAC-40] 2u (V26) 156d | [DFSH387005-BLAC-41] 1u (V26) 156d;[DFSH387005-SAGE-37] 2u (I25) 156d | [DFSH387005-SAGE-38] 3u (I25) 156d | [DFSH387005-SAGE-39] 3u (I25) 156d | [DFSH387005-SAGE-40] 2u (I25) 156d | [DFSH387005-SAGE-41] 1u (I25) 156d | [DFSH387005-SAGE-37] 2u (I25) 156d | [DFSH387005-SAGE-38] 3u (I25) 156d | [DFSH387005-SAGE-39] 3u (I25) 156d | [DFSH387005-SAGE-40] 2u (I25) 156d | [DFSH387005-SAGE-41] 1u (I25) 156d | [DFSH387005-SAGE-37] 2u (I25) 156d | [DFSH387005-SAGE-38] 3u (I25) 156d | [DFSH387005-SAGE-39] 3u (I25) 156d | [DFSH387005-SAGE-40] 2u (I25) 156d | [DFSH387005-SAGE-41] 1u (I25) 156d | [DFSH387005-CREA-36] 1u (I25) 156d | [DFSH387005-CREA-37] 2u (I25) 156d | [DFSH387005-CREA-39] 3u (I25) 156d | [DFSH387005-CREA-40] 2u (I25) 156d | [DFSH387005-CREA-36] 1u (I25) 156d | [DFSH387005-CREA-37] 2u (I25) 156d | [DFSH387005-CREA-39] 3u (I25) 156d | [DFSH387005-CREA-40] 2u (I25) 156d | [DFSH387005-CREA-36] 1u (I25) 156d | [DFSH387005-CREA-37] 2u (I25) 156d | [DFSH387005-CREA-39] 3u (I25) 156d | [DFSH387005-CREA-40] 2u (I25) 156d | [DFSH387005-CREA-36] 1u (I25) 156d | [DFSH387005-CREA-37] 2u (I25) 156d | [DFSH387005-CREA-39] 3u (I25) 156d | [DFSH387005-CREA-40] 2u (I25) 156d | [DFSH387005-CREA-36] 1u (I25) 156d | [DFSH387005-CREA-37] 2u (I25) 156d | [DFSH387005-CREA-39] 3u (I25) 156d | [DFSH387005-CREA-40] 2u (I25) 156d | [DFSH387005-CREA-36] 1u (I25) 156d | [DFSH387005-CREA-37] 2u (I25) 156d | [DFSH387005-CREA-39] 3u (I25) 156d | [DFSH387005-CREA-40] 2u (I25) 156d | [DFSH387005-CREA-36] 1u (I25) 156d | [DFSH387005-CREA-37] 2u (I25) 156d | [DFSH387005-CREA-39] 3u (I25) 156d | [DFSH387005-CREA-40] 2u (I25) 156d;[DFSH387005-SAGE-36] 1u (I25) 156d | [DFSH387005-SAGE-36] 1u (I25) 156d | [DFSH387005-SAGE-36] 1u (I25) 156d
CLABD/Stock/StorageBD/CLA-071-08-01-03;BLACK;V25+V24+V20+I23+I25;65;395.82;B+C+D+A;43;50;[DFSH397001-BLAC-43] 2u (V24) 43d;[DFSH404002-ABUR-39] 1u (V25) 43d | [DFSH334001-BEIG-44] 1u (V25) 43d | [DFSH334010-PINK-40] 1u (V24) 43d | [DFSH334001-PINK-38] 1u (V24) 43d | [DFSH404001-SILV-36] 1u (V25) 43d | [DFSH404001-SILV-39] 1u (V25) 43d | [DFSH404004-ORAN-38] 1u (V25) 43d | [DFSH334001-BLUE-44] 1u (V24) 43d | [DFSH404001-SILV-38] 1u (V25) 43d | [DFSH404001-SILV-37] 2u (V25) 43d | [DFSH404001-SILV-40] 2u (V25) 43d | [DFSH404004-ORAN-40] 1u (V25) 43d | [DFSH334001-BEIG-39] 1u (V25) 43d | [DFSH404001-SILV-41] 1u (V25) 43d | [DFSH404004-MULT-41] 1u (V25) 43d | [DFSH334001-BEIG-44] 1u (V25) 43d | [DFSH394001-BLAC-37] 1u (V25) 43d | [KV330025-0012-36] 1u (V20) 43d | [DFSH334011-ORAN-36] 1u (I23) 43d | [DFSH334011-ORAN-39] 1u (I23) 43d | [DFSH387005-CREA-38] 2u (I25) 43d | [DFSH387005-CREA-41] 1u (I25) 43d;[DFSH334001-BEIG-45] 5u (V25) 43d | [DFSH334009-ORAN-39] 1u (V24) 43d | [DFSH334001-BEIG-41] 1u (V25) 43d | [DFSH394002-BLAC-37] 1u (V25) 43d | [DFSH392001-SILV-37] 1u (V24) 43d | [DFSH392001-SILV-38] 2u (V24) 43d | [DFSH392001-SILV-39] 3u (V24) 43d | [DFSH392001-SILV-40] 2u (V24) 43d | [DFSH334011-PINK-37] 1u (I23) 43d | [DFSH394001-BLAC-36] 1u (V25) 43d | [DFSH334011-BLAC-39] 1u (I23) 43d | [DFSH334011-BLAC-40] 1u (I23) 43d | [DFSH397001-OFFW-42] 1u (V24) 43d | [DFSH397001-FBLA-37] 3u (V24) 43d | [DFSH397001-OFFW-41] 1u (V24) 43d | [DFSH397001-OFFW-40] 1u (V24) 43d | [DFSH397001-BLAC-41] 1u (V24) 43d | [DFSH397001-BLAC-42] 1u (V24) 43d | [DFSH397001-BLAC-44] 1u (V24) 43d | [DFSH387005-CREA-37] 2u (I25) 43d | [DFSH387005-CREA-36] 1u (I25) 43d | [DFSH387005-CREA-39] 2u (I25) 43d | [DFSH387005-CREA-40] 1u (I25) 43d;[DFSH334001-KHAK-40] 1u (V24) 43d | [DFSH334001-KHAK-37] 2u (V24) 43d
CLABD/Stock/EXTB2BBD/CLA-003-09-03-01;BLACK;I25;60;744.08;C+B+D;134;50;;[DFSH408003-TAUP-38] 3u (I25) 134d | [DFSH408003-TAUP-39] 3u (I25) 134d | [DFSH408003-TAUP-38] 3u (I25) 134d | [DFSH408003-TAUP-39] 3u (I25) 134d | [DFSH408003-TAUP-38] 3u (I25) 134d | [DFSH408003-TAUP-39] 3u (I25) 134d;[DFSH408003-TAUP-36] 1u (I25) 134d | [DFSH408003-TAUP-37] 2u (I25) 134d | [DFSH408003-TAUP-40] 2u (I25) 134d | [DFSH408003-TAUP-36] 1u (I25) 134d | [DFSH408003-TAUP-37] 2u (I25) 134d | [DFSH408003-TAUP-40] 2u (I25) 134d | [DFSH408003-TAUP-36] 1u (I25) 134d | [DFSH408003-TAUP-37] 2u (I25) 134d | [DFSH408003-TAUP-40] 2u (I25) 134d | [DFSH408003-BLAC-36] 1u (I25) 134d | [DFSH408003-BLAC-37] 2u (I25) 134d | [DFSH408003-BLAC-38] 3u (I25) 134d | [DFSH408003-BLAC-39] 3u (I25) 134d | [DFSH408003-BLAC-40] 2u (I25) 134d | [DFSH408003-BLAC-41] 1u (I25) 134d | [DFSH408003-BLAC-36] 1u (I25) 134d | [DFSH408003-BLAC-37] 2u (I25) 134d | [DFSH408003-BLAC-38] 3u (I25) 134d | [DFSH408003-BLAC-39] 3u (I25) 134d | [DFSH408003-BLAC-40] 2u (I25) 134d | [DFSH408003-BLAC-41] 1u (I25) 134d;[DFSH408003-TAUP-41] 1u (I25) 134d | [DFSH408003-TAUP-41] 1u (I25) 134d | [DFSH408003-TAUP-41] 1u (I25) 134d
CLABD/Stock/StorageBD/CLA-059-04-02-01;BLACK;I25;84;1090.43;D+C;133;70;;;[DFSH408005-CHES-37] 2u (I25) 133d | [DFSH408005-CHES-38] 3u (I25) 133d | [DFSH408005-CHES-39] 3u (I25) 133d | [DFSH408005-CHES-40] 2u (I25) 133d | [DFSH408005-CHES-41] 1u (I25) 133d | [DFSH408005-CHES-37] 2u (I25) 133d | [DFSH408005-CHES-38] 3u (I25) 133d | [DFSH408005-CHES-39] 3u (I25) 133d | [DFSH408005-CHES-40] 2u (I25) 133d | [DFSH408005-CHES-41] 1u (I25) 133d | [DFSH408003-CHES-36] 1u (I25) 133d | [DFSH408003-CHES-37] 2u (I25) 133d | [DFSH408003-CHES-38] 3u (I25) 133d | [DFSH408003-CHES-39] 3u (I25) 133d | [DFSH408003-CHES-40] 2u (I25) 133d | [DFSH408003-CHES-41] 1u (I25) 133d | [DFSH408003-CHES-36] 1u (I25) 133d | [DFSH408003-CHES-37] 2u (I25) 133d | [DFSH408003-CHES-38] 3u (I25) 133d | [DFSH408003-CHES-39] 3u (I25) 133d | [DFSH408003-CHES-40] 2u (I25) 133d | [DFSH408003-CHES-41] 1u (I25) 133d | [DFSH408003-CHES-36] 1u (I25) 133d | [DFSH408003-CHES-37] 2u (I25) 133d | [DFSH408003-CHES-38] 3u (I25) 133d | [DFSH408003-CHES-39] 3u (I25) 133d | [DFSH408003-CHES-40] 2u (I25) 133d | [DFSH408003-CHES-41] 1u (I25) 133d | [DFSH408003-CHES-36] 1u (I25) 133d | [DFSH408003-CHES-37] 2u (I25) 133d | [DFSH408003-CHES-38] 3u (I25) 133d | [DFSH408003-CHES-39] 3u (I25) 133d | [DFSH408003-CHES-40] 2u (I25) 133d | [DFSH408003-CHES-41] 1u (I25) 133d | [DFSH408003-CHES-36] 1u (I25) 133d | [DFSH408003-CHES-37] 2u (I25) 133d | [DFSH408003-CHES-38] 3u (I25) 133d | [DFSH408003-CHES-39] 3u (I25) 133d | [DFSH408003-CHES-40] 2u (I25) 133d | [DFSH408003-CHES-41] 1u (I25) 133d;[DFSH408005-CHES-36] 1u (I25) 133d | [DFSH408005-CHES-36] 1u (I25) 133d
CLABD/Stock/StorageBD/CLA-064-01-02-01;BLACK;I25;72;893.96;C+B+D;133;60;;[DFSH408003-TAUP-38] 3u (I25) 133d | [DFSH408003-TAUP-39] 3u (I25) 133d | [DFSH408003-TAUP-38] 3u (I25) 133d | [DFSH408003-TAUP-39] 3u (I25) 133d;[DFSH408003-TAUP-36] 1u (I25) 133d | [DFSH408003-TAUP-37] 2u (I25) 133d | [DFSH408003-TAUP-40] 2u (I25) 133d | [DFSH408003-TAUP-36] 1u (I25) 133d | [DFSH408003-TAUP-37] 2u (I25) 133d | [DFSH408003-TAUP-40] 2u (I25) 133d | [DFSH408003-CHES-36] 1u (I25) 133d | [DFSH408003-CHES-37] 2u (I25) 133d | [DFSH408003-CHES-38] 3u (I25) 133d | [DFSH408003-CHES-39] 3u (I25) 133d | [DFSH408003-CHES-40] 2u (I25) 133d | [DFSH408003-CHES-41] 1u (I25) 133d | [DFSH408003-CHES-36] 1u (I25) 133d | [DFSH408003-CHES-37] 2u (I25) 133d | [DFSH408003-CHES-38] 3u (I25) 133d | [DFSH408003-CHES-39] 3u (I25) 133d | [DFSH408003-CHES-40] 2u (I25) 133d | [DFSH408003-CHES-41] 1u (I25) 133d | [DFSH408003-BLAC-36] 1u (I25) 133d | [DFSH408003-BLAC-37] 2u (I25) 133d | [DFSH408003-BLAC-38] 3u (I25) 133d | [DFSH408003-BLAC-39] 3u (I25) 133d | [DFSH408003-BLAC-40] 2u (I25) 133d | [DFSH408003-BLAC-41] 1u (I25) 133d | [DFSH408003-BLAC-36] 1u (I25) 133d | [DFSH408003-BLAC-37] 2u (I25) 133d | [DFSH408003-BLAC-38] 3u (I25) 133d | [DFSH408003-BLAC-39] 3u (I25) 133d | [DFSH408003-BLAC-40] 2u (I25) 133d | [DFSH408003-BLAC-41] 1u (I25) 133d;[DFSH408003-TAUP-41] 1u (I25) 133d | [DFSH408003-TAUP-41] 1u (I25) 133d
CLABD/Stock/StorageBD/CLA-064-04-03-03;BLACK;V26+I25;48;563.03;A+C+D+B;156;40;[DFSH387006-BLAC-41] 1u (V26) 156d | [DFSH387006-BLAC-42] 2u (V26) 156d | [DFSH387006-BLAC-45] 2u (V26) 156d | [DFSH387006-BLAC-41] 1u (V26) 156d | [DFSH387006-BLAC-42] 2u (V26) 156d | [DFSH387006-BLAC-45] 2u (V26) 156d;[DFSH387005-CREA-41] 1u (I25) 156d | [DFSH387005-CREA-42] 2u (I25) 156d | [DFSH387005-CREA-43] 3u (I25) 156d | [DFSH387005-CREA-44] 3u (I25) 156d | [DFSH387005-CREA-45] 2u (I25) 156d | [DFSH387005-CREA-41] 1u (I25) 156d | [DFSH387005-CREA-42] 2u (I25) 156d | [DFSH387005-CREA-43] 3u (I25) 156d | [DFSH387005-CREA-44] 3u (I25) 156d | [DFSH387005-CREA-45] 2u (I25) 156d;[DFSH387006-BLAC-43] 3u (V26) 156d | [DFSH387006-BLAC-44] 3u (V26) 156d | [DFSH387006-BLAC-43] 3u (V26) 156d | [DFSH387006-BLAC-44] 3u (V26) 156d | [DFSH387005-CREA-46] 1u (I25) 156d | [DFSH387005-CREA-46] 1u (I25) 156d;[DFSH387006-BLAC-46] 1u (V26) 156d | [DFSH387006-BLAC-46] 1u (V26) 156d
CLABD/Stock/StorageBD/CLA-064-07-01-03;BLACK;V23+V26+I25;66;466.93;B+A+C+D;412;50;[DFSH387006-BLAC-41] 1u (V26) 156d | [DFSH387006-BLAC-42] 2u (V26) 156d | [DFSH387006-BLAC-45] 2u (V26) 156d;[NVK33410-0006-39] 4u (V23) 412d | [NVK33410-0006-38] 7u (V23) 412d | [NVK33410-0006-37] 1u (V23) 412d | [NVK33410-0006-40] 3u (V23) 412d | [NVK33410-0269-37] 4u (V23) 412d | [NVK33410-0020-38] 3u (V23) 412d | [NVK33410-0020-39] 4u (V23) 412d | [NVK33410-0020-40] 3u (V23) 412d | [NVK33410-0020-36] 1u (V23) 412d | [NVK33410-0269-38] 9u (V23) 412d | [NVK33410-0269-39] 2u (V23) 412d | [NVK33410-0269-37] 1u (V23) 412d;[DFSH387006-BLAC-43] 3u (V26) 156d | [DFSH387006-BLAC-44] 3u (V26) 156d | [DFSH387005-PPIN-37] 2u (I25) 156d | [DFSH387005-PPIN-38] 3u (I25) 156d | [DFSH387005-PPIN-39] 3u (I25) 156d | [DFSH387005-PPIN-40] 2u (I25) 156d | [DFSH387005-PPIN-41] 1u (I25) 156d;[DFSH387006-BLAC-46] 1u (V26) 156d | [DFSH387005-PPIN-36] 1u (I25) 156d
CLABD/Stock/StorageBD/CLA-064-08-03-01;BLACK;I25;120;1532.04;B+A+C+D;133;100;[DFSH408005-TAUP-38] 3u (I25) 133d | [DFSH408005-TAUP-39] 3u (I25) 133d | [DFSH408005-TAUP-38] 3u (I25) 133d | [DFSH408005-TAUP-39] 3u (I25) 133d | [DFSH408005-TAUP-38] 3u (I25) 133d | [DFSH408005-TAUP-39] 3u (I25) 133d;[DFSH408005-TAUP-36] 1u (I25) 133d | [DFSH408005-TAUP-37] 2u (I25) 133d | [DFSH408005-TAUP-40] 2u (I25) 133d | [DFSH408005-TAUP-41] 1u (I25) 133d | [DFSH408005-TAUP-36] 1u (I25) 133d | [DFSH408005-TAUP-37] 2u (I25) 133d | [DFSH408005-TAUP-40] 2u (I25) 133d | [DFSH408005-TAUP-41] 1u (I25) 133d | [DFSH408005-TAUP-36] 1u (I25) 133d | [DFSH408005-TAUP-37] 2u (I25) 133d | [DFSH408005-TAUP-40] 2u (I25) 133d | [DFSH408005-TAUP-41] 1u (I25) 133d | [DFSH408003-TAUP-38] 3u (I25) 133d | [DFSH408003-TAUP-39] 3u (I25) 133d | [DFSH408003-TAUP-38] 3u (I25) 133d | [DFSH408003-TAUP-39] 3u (I25) 133d;[DFSH408003-TAUP-36] 1u (I25) 133d | [DFSH408003-TAUP-37] 2u (I25) 133d | [DFSH408003-TAUP-40] 2u (I25) 133d | [DFSH408003-TAUP-36] 1u (I25) 133d | [DFSH408003-TAUP-37] 2u (I25) 133d | [DFSH408003-TAUP-40] 2u (I25) 133d | [DFSH408003-BLAC-36] 1u (I25) 133d | [DFSH408003-BLAC-37] 2u (I25) 133d | [DFSH408003-BLAC-38] 3u (I25) 133d | [DFSH408003-BLAC-39] 3u (I25) 133d | [DFSH408003-BLAC-40] 2u (I25) 133d | [DFSH408003-BLAC-41] 1u (I25) 133d | [DFSH408003-BLAC-36] 1u (I25) 133d | [DFSH408003-BLAC-37] 2u (I25) 133d | [DFSH408003-BLAC-38] 3u (I25) 133d | [DFSH408003-BLAC-39] 3u (I25) 133d | [DFSH408003-BLAC-40] 2u (I25) 133d | [DFSH408003-BLAC-41] 1u (I25) 133d | [DFSH408003-BLAC-36] 1u (I25) 133d | [DFSH408003-BLAC-37] 2u (I25) 133d | [DFSH408003-BLAC-38] 3u (I25) 133d | [DFSH408003-BLAC-39] 3u (I25) 133d | [DFSH408003-BLAC-40] 2u (I25) 133d | [DFSH408003-BLAC-41] 1u (I25) 133d | [DFSH408003-BLAC-36] 1u (I25) 133d | [DFSH408003-BLAC-37] 2u (I25) 133d | [DFSH408003-BLAC-38] 3u (I25) 133d | [DFSH408003-BLAC-39] 3u (I25) 133d | [DFSH408003-BLAC-40] 2u (I25) 133d | [DFSH408003-BLAC-41] 1u (I25) 133d | [DFSH408003-BLAC-36] 1u (I25) 133d | [DFSH408003-BLAC-37] 2u (I25) 133d | [DFSH408003-BLAC-38] 3u (I25) 133d | [DFSH408003-BLAC-39] 3u (I25) 133d | [DFSH408003-BLAC-40] 2u (I25) 133d | [DFSH408003-BLAC-41] 1u (I25) 133d;[DFSH408003-TAUP-41] 1u (I25) 133d | [DFSH408003-TAUP-41] 1u (I25) 133d
CLABD/Stock/StorageBD/CLA-064-09-02-03;BLACK;V24+V25;76;300.36;B+D+C;44;60;;[DFSH334001-BLUE-43] 7u (V24) 44d | [DFSH334009-BEIG-41] 1u (V24) 44d | [DFSH334001-BLUE-44] 2u (V24) 44d | [DFSH334001-BEIG-44] 1u (V25) 44d | [DFSH334001-BLUE-43] 3u (V24) 44d | [DFSH334001-BLUE-44] 1u (V24) 44d | [DFSH334001-BLUE-42] 1u (V24) 44d | [DFSH334001-BLUE-43] 1u (V24) 44d | [DFSH334001-BLUE-44] 5u (V24) 44d | [DFSH334001-FUCH-38] 1u (V25) 44d | [DFSH334001-BEIG-44] 1u (V25) 44d | [DFSH334001-FUCH-41] 1u (V25) 44d | [DFSH334001-GOLD-39] 1u (V25) 44d | [DFSH334001-GOLD-36] 1u (V25) 44d | [DFSH334001-BLUE-43] 2u (V24) 44d | [DFSH334001-BLUE-44] 1u (V24) 44d | [DFSH334001-FUCH-39] 1u (V25) 44d | [DFSH334001-FUCH-37] 1u (V25) 44d | [DFSH334001-FUCH-38] 2u (V25) 44d | [DFSH334001-BLUE-43] 1u (V24) 44d | [DFSH334001-FUCH-41] 1u (V25) 44d | [DFSH334001-BLUE-44] 5u (V24) 44d | [DFSH334001-BLUE-43] 3u (V24) 44d;[DFSH334001-BLUE-45] 1u (V24) 44d | [DFSH334009-GREY-39] 1u (V24) 44d | [DFSH334009-GREY-38] 1u (V24) 44d | [DFSH334001-BLUE-45] 3u (V24) 44d | [DFSH334001-BLAC-38] 1u (V25) 44d | [DFSH334001-BLAC-39] 1u (V25) 44d | [DFSH334009-ORAN-40] 1u (V24) 44d | [DFSH334001-BLUE-41] 1u (V24) 44d | [DFSH334001-BEIG-45] 1u (V25) 44d | [DFSH334001-ORAN-36] 1u (V24) 44d | [DFSH334001-BLUE-45] 2u (V24) 44d | [DFSH334001-ORAN-38] 1u (V24) 44d | [DFSH334001-BEIG-45] 1u (V25) 44d | [DFSH334009-ORAN-40] 1u (V24) 44d | [DFSH334009-GREY-36] 2u (V24) 44d | [DFSH334009-GREY-38] 1u (V24) 44d | [DFSH334009-ORAN-36] 1u (V24) 44d | [DFSH334001-BLUE-45] 2u (V24) 44d | [DFSH334001-ORAN-38] 1u (V24) 44d | [DFSH334009-BLAC-41] 1u (V24) 44d | [DFSH334001-BEIG-40] 1u (V25) 44d | [DFSH334001-BLUE-45] 1u (V24) 44d | [DFSH334001-BLAC-36] 1u (V25) 44d | [DFSH334001-BLUE-45] 2u (V24) 44d;[DFSH334001-KHAK-40] 1u (V24) 44d | [DFSH334001-KHAK-39] 1u (V24) 44d
CLABD/Stock/StorageBD/CLA-065-06-01-02;GENERIC;I25+V26;51;560.24;A+C+B+D;730;50;[DFSH371010-BEIG-41] 9u (I25) 714d | [DFSH370005-MUST-37] 9u (I25) 730d | [DFSH370005-MUST-36] 9u (I25) 730d | [DFSH387006-WHIT-41] 1u (V26) 156d | [DFSH387006-WHIT-41] 1u (V26) 156d;[DFSH387006-WHIT-43] 3u (V26) 156d | [DFSH387006-WHIT-44] 3u (V26) 156d | [DFSH387006-WHIT-45] 2u (V26) 156d | [DFSH387006-WHIT-43] 3u (V26) 156d | [DFSH387006-WHIT-44] 3u (V26) 156d | [DFSH387006-WHIT-45] 2u (V26) 156d;[DFSH387006-WHIT-42] 2u (V26) 156d | [DFSH387006-WHIT-42] 2u (V26) 156d;[DFSH387006-WHIT-46] 1u (V26) 156d | [DFSH387006-WHIT-46] 1u (V26) 156d
CLABD/Stock/StorageBD/CLA-067-01-01-03;BLACK;I25+V26;96;1172.31;D+C+B+A;156;80;[DFSH387005-BLAC-38] 3u (V26) 156d | [DFSH387005-BLAC-38] 3u (V26) 156d | [DFSH387005-BLAC-38] 3u (V26) 156d | [DFSH387005-BLAC-38] 3u (V26) 156d | [DFSH387005-BLAC-38] 3u (V26) 156d;[DFSH387005-CREA-38] 3u (I25) 156d | [DFSH387005-CREA-41] 1u (I25) 156d | [DFSH387005-BLAC-36] 1u (V26) 156d | [DFSH387005-BLAC-37] 2u (V26) 156d | [DFSH387005-BLAC-39] 3u (V26) 156d | [DFSH387005-BLAC-40] 2u (V26) 156d | [DFSH387005-BLAC-41] 1u (V26) 156d | [DFSH387005-BLAC-36] 1u (V26) 156d | [DFSH387005-BLAC-37] 2u (V26) 156d | [DFSH387005-BLAC-39] 3u (V26) 156d | [DFSH387005-BLAC-40] 2u (V26) 156d | [DFSH387005-BLAC-41] 1u (V26) 156d | [DFSH387005-BLAC-36] 1u (V26) 156d | [DFSH387005-BLAC-37] 2u (V26) 156d | [DFSH387005-BLAC-39] 3u (V26) 156d | [DFSH387005-BLAC-40] 2u (V26) 156d | [DFSH387005-BLAC-41] 1u (V26) 156d | [DFSH387005-BLAC-36] 1u (V26) 156d | [DFSH387005-BLAC-37] 2u (V26) 156d | [DFSH387005-BLAC-39] 3u (V26) 156d | [DFSH387005-BLAC-40] 2u (V26) 156d | [DFSH387005-BLAC-41] 1u (V26) 156d | [DFSH387005-BLAC-36] 1u (V26) 156d | [DFSH387005-BLAC-37] 2u (V26) 156d | [DFSH387005-BLAC-39] 3u (V26) 156d | [DFSH387005-BLAC-40] 2u (V26) 156d | [DFSH387005-BLAC-41] 1u (V26) 156d;[DFSH387005-SAGE-37] 2u (I25) 156d | [DFSH387005-SAGE-38] 3u (I25) 156d | [DFSH387005-SAGE-39] 3u (I25) 156d | [DFSH387005-SAGE-40] 2u (I25) 156d | [DFSH387005-SAGE-41] 1u (I25) 156d | [DFSH387005-SAGE-37] 2u (I25) 156d | [DFSH387005-SAGE-38] 3u (I25) 156d | [DFSH387005-SAGE-39] 3u (I25) 156d | [DFSH387005-SAGE-40] 2u (I25) 156d | [DFSH387005-SAGE-41] 1u (I25) 156d | [DFSH387005-CREA-36] 1u (I25) 156d | [DFSH387005-CREA-37] 2u (I25) 156d | [DFSH387005-CREA-39] 3u (I25) 156d | [DFSH387005-CREA-40] 2u (I25) 156d;[DFSH387005-SAGE-36] 1u (I25) 156d | [DFSH387005-SAGE-36] 1u (I25) 156d
CLABD/Stock/StorageBD/CLA-070-06-03-03;BLACK;I25;36;520.80;C+B+D;136;30;;[DFSH407007-LEOP-38] 3u (I25) 136d;[DFSH407007-LEOP-36] 1u (I25) 136d | [DFSH407007-LEOP-37] 2u (I25) 136d | [DFSH407007-LEOP-39] 3u (I25) 136d | [DFSH407007-LEOP-40] 2u (I25) 136d | [DFSH407007-LEOP-41] 1u (I25) 136d | [DFSH407006-MINT-36] 1u (I25) 136d | [DFSH407006-MINT-37] 2u (I25) 136d | [DFSH407006-MINT-38] 3u (I25) 136d | [DFSH407006-MINT-39] 3u (I25) 136d | [DFSH407006-MINT-41] 1u (I25) 136d | [DFSH407005-BLAC-36] 1u (I25) 136d | [DFSH407005-BLAC-37] 2u (I25) 136d | [DFSH407005-BLAC-38] 3u (I25) 136d | [DFSH407005-BLAC-39] 3u (I25) 136d | [DFSH407005-BLAC-40] 2u (I25) 136d | [DFSH407005-BLAC-41] 1u (I25) 136d;[DFSH407006-MINT-40] 2u (I25) 136d
CLABD/Stock/EXTB2BBD/CLA-006-04-02-01;BLACK;I25+V26;54;780.42;D+B+A;176;60;[DFSH401001-CREA-37] 2u (I25) 176d | [DFSH401001-CREA-38] 2u (I25) 176d | [DFSH401001-CREA-39] 2u (I25) 176d | [DFSH401001-CREA-40] 1u (I25) 176d | [DFSH401001-CREA-37] 2u (I25) 176d | [DFSH401001-CREA-38] 2u (I25) 176d | [DFSH401001-CREA-39] 2u (I25) 176d | [DFSH401001-CREA-40] 1u (I25) 176d;[DFSH401001-DKBL-42] 2u (I25) 176d | [DFSH401001-DKBL-43] 3u (I25) 176d | [DFSH401001-DKBL-44] 2u (I25) 176d | [DFSH401001-DKBL-45] 1u (I25) 176d | [DFSH401001-DKBL-42] 2u (I25) 176d | [DFSH401001-DKBL-43] 3u (I25) 176d | [DFSH401001-DKBL-44] 2u (I25) 176d | [DFSH401001-DKBL-45] 1u (I25) 176d | [DFSH401001-CREA-36] 1u (I25) 176d | [DFSH401001-CREA-41] 1u (I25) 176d | [DFSH401001-CREA-36] 1u (I25) 176d | [DFSH401001-CREA-41] 1u (I25) 176d | [DFSH401001-BGRE-41] 1u (V26) 176d | [DFSH401001-BGRE-42] 2u (V26) 176d | [DFSH401001-BGRE-43] 3u (V26) 176d | [DFSH401001-BGRE-44] 2u (V26) 176d | [DFSH401001-BGRE-45] 1u (V26) 176d | [DFSH401001-BGRE-41] 1u (V26) 176d | [DFSH401001-BGRE-42] 2u (V26) 176d | [DFSH401001-BGRE-43] 3u (V26) 176d | [DFSH401001-BGRE-44] 2u (V26) 176d | [DFSH401001-BGRE-45] 1u (V26) 176d;;[DFSH401001-DKBL-41] 1u (I25) 176d | [DFSH401001-DKBL-41] 1u (I25) 176d
CLABD/Stock/EXTB2BBD/CLA-007-05-03-03;BLACK;I25;24;476.39;A+D;183;20;[DFSH370003-BLAC-37] 1u (I25) 183d | [DFSH370003-BLAC-38] 2u (I25) 183d | [DFSH370003-BLAC-39] 3u (I25) 183d | [DFSH370003-BLAC-40] 3u (I25) 183d | [DFSH370003-BLAC-41] 2u (I25) 183d | [DFSH370003-BLAC-37] 1u (I25) 183d | [DFSH370003-BLAC-38] 2u (I25) 183d | [DFSH370003-BLAC-39] 3u (I25) 183d | [DFSH370003-BLAC-40] 3u (I25) 183d | [DFSH370003-BLAC-41] 2u (I25) 183d;;;[DFSH370003-BLAC-42] 1u (I25) 183d | [DFSH370003-BLAC-42] 1u (I25) 183d
CLABD/Stock/EXTB2BBD/CLA-007-07-03-03;BLACK;I25+V26;36;431.50;D+C+B;156;40;;[DFSH387005-PETR-42] 2u (I25) 156d | [DFSH387005-PETR-43] 3u (I25) 156d | [DFSH387005-PETR-44] 2u (I25) 156d | [DFSH387005-PETR-45] 1u (I25) 156d | [DFSH387005-PETR-42] 2u (I25) 156d | [DFSH387005-PETR-43] 3u (I25) 156d | [DFSH387005-PETR-44] 2u (I25) 156d | [DFSH387005-PETR-45] 1u (I25) 156d | [DFSH387005-BLAC-41] 1u (V26) 156d | [DFSH387005-BLAC-42] 2u (V26) 156d | [DFSH387005-BLAC-43] 2u (V26) 156d | [DFSH387005-BLAC-44] 2u (V26) 156d | [DFSH387005-BLAC-45] 1u (V26) 156d;[DFSH387005-SAGE-37] 2u (I25) 156d | [DFSH387005-SAGE-38] 2u (I25) 156d | [DFSH387005-SAGE-39] 2u (I25) 156d | [DFSH387005-SAGE-40] 1u (I25) 156d | [DFSH387005-SAGE-41] 1u (I25) 156d | [DFSH387005-PETR-41] 1u (I25) 156d | [DFSH387005-PETR-41] 1u (I25) 156d;[DFSH387005-SAGE-36] 1u (I25) 156d | [DFSH387005-BLAC-46] 1u (V26) 156d
CLABD/Stock/EXTB2BBD/CLA-008-06-02-03;BLACK;I25;48;585.83;B+A+C+D;156;50;[DFSH321100-WHIT-38] 2u (I25) 156d | [DFSH321100-WHIT-39] 2u (I25) 156d | [DFSH321100-WHIT-38] 2u (I25) 156d | [DFSH321100-WHIT-39] 2u (I25) 156d;[DFSH321100-WHIT-36] 1u (I25) 156d | [DFSH321100-WHIT-37] 2u (I25) 156d | [DFSH321100-WHIT-40] 1u (I25) 156d | [DFSH321100-WHIT-41] 1u (I25) 156d | [DFSH321100-WHIT-36] 1u (I25) 156d | [DFSH321100-WHIT-37] 2u (I25) 156d | [DFSH321100-WHIT-40] 1u (I25) 156d | [DFSH321100-WHIT-41] 1u (I25) 156d | [DFSH321100-BLAC-38] 2u (I25) 156d | [DFSH321100-BLAC-39] 2u (I25) 156d | [DFSH321100-BLAC-40] 2u (I25) 156d | [DFSH321100-BLAC-38] 3u (I25) 156d | [DFSH321100-BLAC-39] 3u (I25) 156d | [DFSH321100-BLAC-40] 2u (I25) 156d | [DFSH321099-COW-37] 1u (I25) 156d | [DFSH321099-COW-38] 2u (I25) 156d | [DFSH321099-COW-40] 2u (I25) 156d | [DFSH321099-COW-41] 1u (I25) 156d;[DFSH321100-BLAC-37] 1u (I25) 156d | [DFSH321100-BLAC-41] 1u (I25) 156d | [DFSH321100-BLAC-36] 1u (I25) 156d | [DFSH321100-BLAC-37] 2u (I25) 156d | [DFSH321100-BLAC-41] 1u (I25) 156d | [DFSH321099-COW-39] 2u (I25) 156d;[DFSH321100-BLAC-42] 1u (I25) 156d | [DFSH321099-COW-42] 1u (I25) 156d
CLABD/Stock/EXTB2BBD/CLA-010-07-01-01;BLACK;I25;21;185.85;C+B+D+A;197;20;[DFSH370021-BLAC-37] 1u (I25) 197d | [DFSH370021-BLAC-38] 2u (I25) 197d | [DFSH370021-BLAC-39] 3u (I25) 197d | [DFSH370021-BLAC-40] 3u (I25) 197d | [DFSH370021-BLAC-41] 2u (I25) 197d | [DFSH370021-BLAC-42] 1u (I25) 197d;[DFSH387009-LEOP-39] 2u (I25) 156d | [DFSH387009-LEOP-40] 2u (I25) 156d;[DFSH387009-LEOP-37] 1u (I25) 156d | [DFSH387009-LEOP-38] 2u (I25) 156d;[DFSH387009-LEOP-41] 1u (I25) 156d | [DFSH387009-LEOP-42] 1u (I25) 156d
CLABD/Stock/EXTB2BBD/CLA-010-07-02-02;BLACK;I25;10;86.22;C+B+D;149;10;;[DFSH370011-BEIG-K-34] 2u (I25) 149d;[DFSH370011-BEIG-K-32] 2u (I25) 149d | [DFSH370011-BEIG-K-33] 2u (I25) 149d | [DFSH370011-BEIG-K-35] 2u (I25) 149d;[DFSH370011-BEIG-K-36] 2u (I25) 149d
CLABD/Stock/EXTB2BBD/CLA-011-01-01-01;BLACK;I25+V25+V26;102;1374.86;A+D+B+C;521;100;[DFSH375006-TAN-36] 1u (I25) 153d | [DFSH375006-TAN-37] 2u (I25) 153d | [DFSH375006-TAN-38] 3u (I25) 153d | [DFSH375006-TAN-39] 3u (I25) 153d | [DFSH375006-TAN-40] 2u (I25) 153d | [DFSH375006-TAN-41] 1u (I25) 153d | [DFSH391004-BLAC-37] 2u (I25) 16d | [DFSH391004-BLAC-38] 2u (I25) 16d | [DFSH375003-BLAC-36] 1u (I25) 521d;[DFSH321102-BEIG-37] 1u (I25) 156d | [DFSH321102-BEIG-38] 2u (I25) 156d | [DFSH321102-BEIG-39] 2u (I25) 156d | [DFSH321102-BEIG-40] 2u (I25) 156d | [DFSH321102-BEIG-41] 1u (I25) 156d | [DFSH321101-BLAC-38] 2u (I25) 156d | [DFSH321101-BLAC-39] 2u (I25) 156d | [DFSH378005-WHIT-36] 1u (V25) 49d | [DFSH378005-WHIT-37] 2u (V25) 49d | [DFSH378005-WHIT-38] 2u (V25) 49d | [DFSH378005-WHIT-39] 2u (V25) 49d | [DFSH378005-WHIT-40] 1u (V25) 49d | [DFSH378005-WHIT-41] 1u (V25) 49d | [DFSH347008-SAND-37] 2u (I25) 120d | [DFSH347008-SAND-38] 2u (I25) 120d | [DFSH401001-WSIL-38] 3u (V26) 176d | [DFSH401001-WSIL-39] 3u (V26) 176d | [DFSH401001-WSIL-40] 2u (V26) 176d | [DFSH401001-WSIL-41] 1u (V26) 176d | [DFSH401001-WSIL-38] 3u (V26) 176d | [DFSH401001-WSIL-39] 3u (V26) 176d | [DFSH401001-WSIL-40] 2u (V26) 176d | [DFSH401001-WSIL-41] 1u (V26) 176d | [DFSH401001-WSIL-38] 3u (V26) 176d | [DFSH401001-WSIL-39] 3u (V26) 176d | [DFSH401001-WSIL-40] 2u (V26) 176d | [DFSH401001-WSIL-41] 1u (V26) 176d | [DFSH391004-BLAC-36] 1u (I25) 16d | [DFSH391004-BLAC-39] 2u (I25) 16d | [DFSH391004-BLAC-40] 1u (I25) 16d | [DFSH391004-BLAC-41] 1u (I25) 16d | [DFSH375003-BLAC-37] 2u (I25) 521d | [DFSH375003-BLAC-38] 2u (I25) 521d | [DFSH375003-BLAC-39] 2u (I25) 521d | [DFSH375003-BLAC-40] 1u (I25) 521d | [DFSH375003-BLAC-41] 1u (I25) 521d;[DFSH321101-BLAC-37] 1u (I25) 156d | [DFSH321101-BLAC-40] 2u (I25) 156d | [DFSH321101-BLAC-41] 1u (I25) 156d | [DFSH347008-SAND-36] 1u (I25) 120d | [DFSH347008-SAND-39] 2u (I25) 120d | [DFSH347008-SAND-40] 1u (I25) 120d | [DFSH347008-SAND-41] 1u (I25) 120d | [DFSH401001-WSIL-36] 1u (V26) 176d | [DFSH401001-WSIL-37] 2u (V26) 176d | [DFSH401001-WSIL-36] 1u (V26) 176d | [DFSH401001-WSIL-37] 2u (V26) 176d | [DFSH401001-WSIL-36] 1u (V26) 176d | [DFSH401001-WSIL-37] 2u (V26) 176d;[DFSH321102-BEIG-42] 1u (I25) 156d | [DFSH321101-BLAC-42] 1u (I25) 156d
CLABD/Stock/EXTB2BBD/CLA-011-05-01-02;BLACK;I25;42;368.24;A+C+B+D;149;40;[DFSH370005-CAME-41] 1u (I25) 72d | [DFSH370005-CAME-37] 2u (I25) 72d | [DFSH370005-CAME-40] 2u (I25) 72d | [DFSH370005-CAME-39] 3u (I25) 72d | [DFSH370005-CAME-36] 1u (I25) 72d | [DFSH370005-CAME-38] 3u (I25) 72d | [DFSH370005-BLAC-41] 1u (I25) 72d | [DFSH370005-BLAC-40] 2u (I25) 72d | [DFSH370005-BLAC-39] 2u (I25) 72d | [DFSH370005-BLAC-38] 3u (I25) 72d | [DFSH370005-BLAC-37] 2u (I25) 72d;[DFSH370011-BEIG-K-34] 2u (I25) 149d | [DFSH370004-SAND-K-34] 2u (I25) 118d | [DFSH370004-SAND-K-35] 2u (I25) 118d | [DFSH370004-SAND-K-36] 2u (I25) 118d;[DFSH370011-BEIG-K-32] 2u (I25) 149d | [DFSH370011-BEIG-K-33] 2u (I25) 149d | [DFSH370011-BEIG-K-35] 2u (I25) 149d | [DFSH370004-SAND-K-32] 2u (I25) 118d | [DFSH370004-SAND-K-33] 2u (I25) 118d;[DFSH370011-BEIG-K-36] 2u (I25) 149d
CLABD/Stock/EXTB2BBD/CLA-011-06-01-02;BLACK;I25+V26;129;1052.06;D+C+A+B;339;80;[DFSH370003-TAN-36] 1u (I25) 183d | [DFSH370003-TAN-37] 2u (I25) 183d | [DFSH370003-TAN-38] 2u (I25) 183d | [DFSH370003-TAN-39] 2u (I25) 183d | [DFSH370003-TAN-40] 1u (I25) 183d | [DFSH370003-TAN-41] 1u (I25) 183d | [DFSH370011-BURG-37] 2u (I25) 136d | [DFSH370011-BURG-38] 2u (I25) 136d | [DFSH370011-BURG-39] 2u (I25) 136d | [DFSH370011-BURG-40] 1u (I25) 136d | [DFSH370011-BURG-41] 1u (I25) 136d | [DFSH370011-BURG-37] 2u (I25) 136d | [DFSH370011-BURG-38] 2u (I25) 136d | [DFSH370011-BURG-39] 2u (I25) 136d | [DFSH370011-BURG-40] 1u (I25) 136d | [DFSH370011-BURG-41] 1u (I25) 136d;[DFSH370011-BURG-36] 1u (I25) 136d | [DFSH370011-BURG-36] 1u (I25) 136d | [DFBG24W110-BROW] 20u (V26) 339d;[DFSH370019-TAUP-37] 2u (I25) 153d | [DFSH370019-TAUP-38] 2u (I25) 153d | [DFSH370019-TAUP-39] 2u (I25) 153d | [DFSH370019-TAUP-40] 1u (I25) 153d | [DFACCA2502-RED] 6u (V26) 311d | [DFACCA2502-NAVY] 17u (V26) 311d | [DFACCA2505-NAVY] 25u (V26) 311d | [DFACCA2504-NAVY] 25u (V26) 311d;[DFSH370019-TAUP-36] 1u (I25) 153d | [DFSH370019-TAUP-41] 1u (I25) 153d
CLABD/Stock/StorageBD/CLA-058-08-03-02;BLACK;I25;72;946.37;D+C+B;133;60;;[DFSH408005-BLAC-38] 3u (I25) 133d | [DFSH408005-BLAC-39] 3u (I25) 133d | [DFSH408002-CHES-37] 2u (I25) 133d | [DFSH408002-CHES-38] 3u (I25) 133d | [DFSH408002-CHES-39] 3u (I25) 133d | [DFSH408002-CHES-40] 2u (I25) 133d | [DFSH408002-CHES-41] 1u (I25) 133d;[DFSH408005-CHES-37] 2u (I25) 133d | [DFSH408005-CHES-38] 3u (I25) 133d | [DFSH408005-CHES-39] 3u (I25) 133d | [DFSH408005-CHES-40] 2u (I25) 133d | [DFSH408005-CHES-41] 1u (I25) 133d | [DFSH408005-BLAC-36] 1u (I25) 133d | [DFSH408005-BLAC-37] 2u (I25) 133d | [DFSH408005-BLAC-40] 2u (I25) 133d | [DFSH408005-BLAC-41] 1u (I25) 133d | [DFSH408003-CHES-36] 1u (I25) 133d | [DFSH408003-CHES-37] 2u (I25) 133d | [DFSH408003-CHES-38] 3u (I25) 133d | [DFSH408003-CHES-39] 3u (I25) 133d | [DFSH408003-CHES-40] 2u (I25) 133d | [DFSH408003-CHES-41] 1u (I25) 133d | [DFSH408003-CHES-36] 1u (I25) 133d | [DFSH408003-CHES-37] 2u (I25) 133d | [DFSH408003-CHES-38] 3u (I25) 133d | [DFSH408003-CHES-39] 3u (I25) 133d | [DFSH408003-CHES-40] 2u (I25) 133d | [DFSH408003-CHES-41] 1u (I25) 133d | [DFSH408003-CHES-36] 1u (I25) 133d | [DFSH408003-CHES-37] 2u (I25) 133d | [DFSH408003-CHES-38] 3u (I25) 133d | [DFSH408003-CHES-39] 3u (I25) 133d | [DFSH408003-CHES-40] 2u (I25) 133d | [DFSH408003-CHES-41] 1u (I25) 133d | [DFSH408002-CHES-36] 1u (I25) 133d;[DFSH408005-CHES-36] 1u (I25) 133d
CLABD/Stock/StorageBD/CLA-059-07-03-01;BLACK;I25;60;798.39;D+C+B;133;50;;[DFSH408005-BLAC-38] 3u (I25) 133d | [DFSH408005-BLAC-39] 3u (I25) 133d | [DFSH408004-BLAC-37] 2u (I25) 133d | [DFSH408004-BLAC-38] 3u (I25) 133d | [DFSH408004-BLAC-39] 3u (I25) 133d | [DFSH408004-BLAC-40] 2u (I25) 133d | [DFSH408004-BLAC-41] 1u (I25) 133d | [DFSH408002-CHES-37] 2u (I25) 133d | [DFSH408002-CHES-38] 3u (I25) 133d | [DFSH408002-CHES-39] 3u (I25) 133d | [DFSH408002-CHES-40] 2u (I25) 133d | [DFSH408002-CHES-41] 1u (I25) 133d;[DFSH408005-CHES-37] 2u (I25) 133d | [DFSH408005-CHES-38] 3u (I25) 133d | [DFSH408005-CHES-39] 3u (I25) 133d | [DFSH408005-CHES-40] 2u (I25) 133d | [DFSH408005-CHES-41] 1u (I25) 133d | [DFSH408005-BLAC-36] 1u (I25) 133d | [DFSH408005-BLAC-37] 2u (I25) 133d | [DFSH408005-BLAC-40] 2u (I25) 133d | [DFSH408005-BLAC-41] 1u (I25) 133d | [DFSH408004-BLAC-36] 1u (I25) 133d | [DFSH408003-CHES-36] 1u (I25) 133d | [DFSH408003-CHES-37] 2u (I25) 133d | [DFSH408003-CHES-38] 3u (I25) 133d | [DFSH408003-CHES-39] 3u (I25) 133d | [DFSH408003-CHES-40] 2u (I25) 133d | [DFSH408003-CHES-41] 1u (I25) 133d | [DFSH408002-CHES-36] 1u (I25) 133d;[DFSH408005-CHES-36] 1u (I25) 133d
CLABD/Stock/StorageBD/CLA-061-01-01-03;BLACK;I25;36;469.48;D+C;133;30;;;[DFSH408005-CHES-37] 2u (I25) 133d | [DFSH408005-CHES-38] 3u (I25) 133d | [DFSH408005-CHES-39] 3u (I25) 133d | [DFSH408005-CHES-40] 2u (I25) 133d | [DFSH408005-CHES-41] 1u (I25) 133d | [DFSH408003-BLAC-36] 1u (I25) 133d | [DFSH408003-BLAC-37] 2u (I25) 133d | [DFSH408003-BLAC-38] 3u (I25) 133d | [DFSH408003-BLAC-39] 3u (I25) 133d | [DFSH408003-BLAC-40] 2u (I25) 133d | [DFSH408003-BLAC-41] 1u (I25) 133d | [DFSH408003-BLAC-36] 1u (I25) 133d | [DFSH408003-BLAC-37] 2u (I25) 133d | [DFSH408003-BLAC-38] 3u (I25) 133d | [DFSH408003-BLAC-39] 3u (I25) 133d | [DFSH408003-BLAC-40] 2u (I25) 133d | [DFSH408003-BLAC-41] 1u (I25) 133d;[DFSH408005-CHES-36] 1u (I25) 133d
CLABD/Stock/StorageBD/CLA-061-01-03-01;BLACK;I25;120;1520.74;C+B+D;133;100;;[DFSH408003-TAUP-38] 3u (I25) 133d | [DFSH408003-TAUP-39] 3u (I25) 133d | [DFSH408002-CHES-37] 2u (I25) 133d | [DFSH408002-CHES-38] 3u (I25) 133d | [DFSH408002-CHES-39] 3u (I25) 133d | [DFSH408002-CHES-40] 2u (I25) 133d | [DFSH408002-CHES-41] 1u (I25) 133d | [DFSH408002-CHES-37] 2u (I25) 133d | [DFSH408002-CHES-38] 3u (I25) 133d | [DFSH408002-CHES-39] 3u (I25) 133d | [DFSH408002-CHES-40] 2u (I25) 133d | [DFSH408002-CHES-41] 1u (I25) 133d | [DFSH408002-CHES-37] 2u (I25) 133d | [DFSH408002-CHES-38] 3u (I25) 133d | [DFSH408002-CHES-39] 3u (I25) 133d | [DFSH408002-CHES-40] 2u (I25) 133d | [DFSH408002-CHES-41] 1u (I25) 133d | [DFSH408002-CHES-37] 2u (I25) 133d | [DFSH408002-CHES-38] 3u (I25) 133d | [DFSH408002-CHES-39] 3u (I25) 133d | [DFSH408002-CHES-40] 2u (I25) 133d | [DFSH408002-CHES-41] 1u (I25) 133d | [DFSH408002-CHES-37] 2u (I25) 133d | [DFSH408002-CHES-38] 3u (I25) 133d | [DFSH408002-CHES-39] 3u (I25) 133d | [DFSH408002-CHES-40] 2u (I25) 133d | [DFSH408002-CHES-41] 1u (I25) 133d;[DFSH408003-TAUP-36] 1u (I25) 133d | [DFSH408003-TAUP-37] 2u (I25) 133d | [DFSH408003-TAUP-40] 2u (I25) 133d | [DFSH408003-CHES-36] 1u (I25) 133d | [DFSH408003-CHES-37] 2u (I25) 133d | [DFSH408003-CHES-38] 3u (I25) 133d | [DFSH408003-CHES-39] 3u (I25) 133d | [DFSH408003-CHES-40] 2u (I25) 133d | [DFSH408003-CHES-41] 1u (I25) 133d | [DFSH408003-CHES-36] 1u (I25) 133d | [DFSH408003-CHES-37] 2u (I25) 133d | [DFSH408003-CHES-38] 3u (I25) 133d | [DFSH408003-CHES-39] 3u (I25) 133d | [DFSH408003-CHES-40] 2u (I25) 133d | [DFSH408003-CHES-41] 1u (I25) 133d | [DFSH408003-CHES-36] 1u (I25) 133d | [DFSH408003-CHES-37] 2u (I25) 133d | [DFSH408003-CHES-38] 3u (I25) 133d | [DFSH408003-CHES-39] 3u (I25) 133d | [DFSH408003-CHES-40] 2u (I25) 133d | [DFSH408003-CHES-41] 1u (I25) 133d | [DFSH408003-CHES-36] 1u (I25) 133d | [DFSH408003-CHES-37] 2u (I25) 133d | [DFSH408003-CHES-38] 3u (I25) 133d | [DFSH408003-CHES-39] 3u (I25) 133d | [DFSH408003-CHES-40] 2u (I25) 133d | [DFSH408003-CHES-41] 1u (I25) 133d | [DFSH408002-CHES-36] 1u (I25) 133d | [DFSH408002-CHES-36] 1u (I25) 133d | [DFSH408002-CHES-36] 1u (I25) 133d | [DFSH408002-CHES-36] 1u (I25) 133d | [DFSH408002-CHES-36] 1u (I25) 133d;[DFSH408003-TAUP-41] 1u (I25) 133d
CLABD/Stock/StorageBD/CLA-062-02-02-01;BLACK;I25;114;1051.59;A+D+B+C;169;100;[DFSH371016-BRAS-36] 1u (I25) 118d | [DFSH371016-BRAS-37] 2u (I25) 118d | [DFSH371016-BRAS-38] 3u (I25) 118d | [DFSH371016-BRAS-39] 3u (I25) 118d | [DFSH371016-BRAS-40] 2u (I25) 118d | [DFSH371016-BRAS-41] 1u (I25) 118d | [DFSH371016-BRAS-36] 1u (I25) 118d | [DFSH371016-BRAS-37] 2u (I25) 118d | [DFSH371016-BRAS-38] 3u (I25) 118d | [DFSH371016-BRAS-39] 3u (I25) 118d | [DFSH371016-BRAS-40] 2u (I25) 118d | [DFSH371016-BRAS-41] 1u (I25) 118d | [DFSH375005-TAN-36] 1u (I25) 153d | [DFSH375005-TAN-37] 1u (I25) 153d | [DFSH375005-TAN-38] 3u (I25) 153d | [DFSH375005-TAN-39] 3u (I25) 153d | [DFSH375005-TAN-40] 2u (I25) 153d | [DFSH375005-TAN-41] 1u (I25) 153d | [DFSH375005-TAN-42] 1u (I25) 153d | [DFSH371016-BRON-37] 1u (I25) 118d | [DFSH371016-BRON-38] 2u (I25) 118d | [DFSH371016-BRON-39] 3u (I25) 118d | [DFSH371016-BRON-40] 3u (I25) 118d | [DFSH371016-BRON-41] 2u (I25) 118d | [DFSH371004-CHOC-37] 1u (I25) 149d | [DFSH371004-CHOC-40] 2u (I25) 149d | [DFSH371004-CHOC-37] 1u (I25) 149d | [DFSH371004-CHOC-40] 2u (I25) 149d | [DFSH370011-BURG-37] 2u (I25) 136d | [DFSH370011-BURG-38] 3u (I25) 136d | [DFSH370011-BURG-39] 3u (I25) 136d | [DFSH370011-BURG-40] 2u (I25) 136d | [DFSH370011-BURG-41] 1u (I25) 136d | [DFSH370006-GREY-37] 2u (I25) 169d | [DFSH370006-GREY-38] 3u (I25) 169d | [DFSH370006-GREY-39] 3u (I25) 169d | [DFSH370006-GREY-40] 2u (I25) 169d | [DFSH370006-GREY-37] 2u (I25) 169d | [DFSH370006-GREY-38] 3u (I25) 169d | [DFSH370006-GREY-39] 3u (I25) 169d | [DFSH370006-GREY-40] 2u (I25) 169d | [DFSH371016-BRAS-38] 12u (I25) 118d;[DFSH371004-CHOC-38] 2u (I25) 149d | [DFSH371004-CHOC-39] 2u (I25) 149d | [DFSH371004-CHOC-41] 1u (I25) 149d | [DFSH371004-CHOC-38] 2u (I25) 149d | [DFSH371004-CHOC-39] 2u (I25) 149d | [DFSH371004-CHOC-41] 1u (I25) 149d | [DFSH370011-BURG-36] 1u (I25) 136d | [DFSH370006-GREY-36] 1u (I25) 169d | [DFSH370006-GREY-41] 1u (I25) 169d | [DFSH370006-GREY-36] 1u (I25) 169d | [DFSH370006-GREY-41] 1u (I25) 169d;[DFSH371004-CHOC-42] 1u (I25) 149d | [DFSH371004-CHOC-42] 1u (I25) 149d;[DFSH371016-BRON-42] 1u (I25) 118d
CLABD/Stock/StorageBD/CLA-062-03-02-02;BLACK;I25;88;860.47;A+D+B+C;118;80;[DFSH371016-BRAS-36] 1u (I25) 118d | [DFSH371016-BRAS-37] 2u (I25) 118d | [DFSH371016-BRAS-38] 3u (I25) 118d | [DFSH371016-BRAS-39] 3u (I25) 118d | [DFSH371016-BRAS-40] 2u (I25) 118d | [DFSH371016-BRAS-41] 1u (I25) 118d | [DFSH371016-BRON-37] 1u (I25) 118d | [DFSH371016-BRON-38] 2u (I25) 118d | [DFSH371016-BRON-39] 3u (I25) 118d | [DFSH371016-BRON-40] 3u (I25) 118d | [DFSH371016-BRON-41] 2u (I25) 118d;[DFSH371017-LEOP-K-32] 2u (I25) 106d | [DFSH371017-LEOP-K-33] 2u (I25) 106d | [DFSH371017-LEOP-36] 12u (I25) 118d | [DFSH371017-LEOP-36] 12u (I25) 118d | [DFSH371017-LEOP-K-32] 2u (I25) 118d | [DFSH371017-LEOP-K-33] 2u (I25) 118d | [DFSH371017-LEOP-K-32] 2u (I25) 106d | [DFSH371017-LEOP-K-33] 2u (I25) 106d | [DFSH371017-LEOP-K-32] 2u (I25) 106d | [DFSH371017-LEOP-K-33] 2u (I25) 106d;[DFSH371017-LEOP-K-34] 2u (I25) 106d | [DFSH371017-LEOP-K-35] 2u (I25) 106d | [DFSH371017-LEOP-K-36] 2u (I25) 106d | [DFSH371017-LEOP-K-34] 2u (I25) 118d | [DFSH371017-LEOP-K-35] 2u (I25) 118d | [DFSH371017-LEOP-K-36] 2u (I25) 118d | [DFSH371017-LEOP-K-34] 2u (I25) 106d | [DFSH371017-LEOP-K-35] 2u (I25) 106d | [DFSH371017-LEOP-K-36] 2u (I25) 106d | [DFSH371017-LEOP-K-34] 2u (I25) 106d | [DFSH371017-LEOP-K-35] 2u (I25) 106d | [DFSH371017-LEOP-K-36] 2u (I25) 106d;[DFSH371016-BRON-42] 1u (I25) 118d
CLABD/Stock/StorageBD/CLA-062-09-02-03;BLACK;I25;72;900.05;C+B+D;133;60;;[DFSH408003-TAUP-38] 3u (I25) 133d | [DFSH408003-TAUP-39] 3u (I25) 133d | [DFSH408002-CHES-37] 2u (I25) 133d | [DFSH408002-CHES-38] 3u (I25) 133d | [DFSH408002-CHES-39] 3u (I25) 133d | [DFSH408002-CHES-40] 2u (I25) 133d | [DFSH408002-CHES-41] 1u (I25) 133d;[DFSH408003-TAUP-36] 1u (I25) 133d | [DFSH408003-TAUP-37] 2u (I25) 133d | [DFSH408003-TAUP-40] 2u (I25) 133d | [DFSH408003-CHES-36] 1u (I25) 133d | [DFSH408003-CHES-37] 2u (I25) 133d | [DFSH408003-CHES-38] 3u (I25) 133d | [DFSH408003-CHES-39] 3u (I25) 133d | [DFSH408003-CHES-40] 2u (I25) 133d | [DFSH408003-CHES-41] 1u (I25) 133d | [DFSH408003-CHES-36] 1u (I25) 133d | [DFSH408003-CHES-37] 2u (I25) 133d | [DFSH408003-CHES-38] 3u (I25) 133d | [DFSH408003-CHES-39] 3u (I25) 133d | [DFSH408003-CHES-40] 2u (I25) 133d | [DFSH408003-CHES-41] 1u (I25) 133d | [DFSH408003-BLAC-36] 1u (I25) 133d | [DFSH408003-BLAC-37] 2u (I25) 133d | [DFSH408003-BLAC-38] 3u (I25) 133d | [DFSH408003-BLAC-39] 3u (I25) 133d | [DFSH408003-BLAC-40] 2u (I25) 133d | [DFSH408003-BLAC-41] 1u (I25) 133d | [DFSH408003-BLAC-36] 1u (I25) 133d | [DFSH408003-BLAC-37] 2u (I25) 133d | [DFSH408003-BLAC-38] 3u (I25) 133d | [DFSH408003-BLAC-39] 3u (I25) 133d | [DFSH408003-BLAC-40] 2u (I25) 133d | [DFSH408003-BLAC-41] 1u (I25) 133d | [DFSH408002-CHES-36] 1u (I25) 133d;[DFSH408003-TAUP-41] 1u (I25) 133d
CLABD/Stock/StorageBD/CLA-063-06-02-01;BLACK;I25;72;948.96;B+A+C+D;133;60;[DFSH408005-TAUP-38] 3u (I25) 133d | [DFSH408005-TAUP-39] 3u (I25) 133d | [DFSH408005-TAUP-38] 3u (I25) 133d | [DFSH408005-TAUP-39] 3u (I25) 133d | [DFSH408005-TAUP-38] 3u (I25) 133d | [DFSH408005-TAUP-39] 3u (I25) 133d;[DFSH408005-TAUP-36] 1u (I25) 133d | [DFSH408005-TAUP-37] 2u (I25) 133d | [DFSH408005-TAUP-40] 2u (I25) 133d | [DFSH408005-TAUP-41] 1u (I25) 133d | [DFSH408005-TAUP-36] 1u (I25) 133d | [DFSH408005-TAUP-37] 2u (I25) 133d | [DFSH408005-TAUP-40] 2u (I25) 133d | [DFSH408005-TAUP-41] 1u (I25) 133d | [DFSH408005-TAUP-36] 1u (I25) 133d | [DFSH408005-TAUP-37] 2u (I25) 133d | [DFSH408005-TAUP-40] 2u (I25) 133d | [DFSH408005-TAUP-41] 1u (I25) 133d | [DFSH408003-TAUP-38] 3u (I25) 133d | [DFSH408003-TAUP-39] 3u (I25) 133d | [DFSH408002-CHES-37] 2u (I25) 133d | [DFSH408002-CHES-38] 3u (I25) 133d | [DFSH408002-CHES-39] 3u (I25) 133d | [DFSH408002-CHES-40] 2u (I25) 133d | [DFSH408002-CHES-41] 1u (I25) 133d | [DFSH408002-CHES-37] 2u (I25) 133d | [DFSH408002-CHES-38] 3u (I25) 133d | [DFSH408002-CHES-39] 3u (I25) 133d | [DFSH408002-CHES-40] 2u (I25) 133d | [DFSH408002-CHES-41] 1u (I25) 133d;[DFSH408003-TAUP-36] 1u (I25) 133d | [DFSH408003-TAUP-37] 2u (I25) 133d | [DFSH408003-TAUP-40] 2u (I25) 133d | [DFSH408002-CHES-36] 1u (I25) 133d | [DFSH408002-CHES-36] 1u (I25) 133d;[DFSH408003-TAUP-41] 1u (I25) 133d
CLABD/Stock/StorageBD/CLA-064-03-03-02;BLACK;V26;12;152.14;B+D;156;10;;[DFSH387005-BLAC-41] 1u (V26) 156d | [DFSH387005-BLAC-42] 2u (V26) 156d | [DFSH387005-BLAC-43] 3u (V26) 156d | [DFSH387005-BLAC-44] 3u (V26) 156d | [DFSH387005-BLAC-45] 2u (V26) 156d;;[DFSH387005-BLAC-46] 1u (V26) 156d
CLABD/Stock/StorageBD/CLA-064-07-01-01;BLACK;V26+I25;24;276.63;C+B+A+D;156;20;[DFSH387006-WHIT-41] 1u (V26) 156d;[DFSH387006-WHIT-40] 2u (V26) 156d;[DFSH387006-WHIT-36] 1u (V26) 156d | [DFSH387006-WHIT-37] 2u (V26) 156d | [DFSH387006-WHIT-38] 3u (V26) 156d | [DFSH387006-WHIT-39] 3u (V26) 156d | [DFSH387005-PPIN-37] 2u (I25) 156d | [DFSH387005-PPIN-38] 3u (I25) 156d | [DFSH387005-PPIN-39] 3u (I25) 156d | [DFSH387005-PPIN-40] 2u (I25) 156d | [DFSH387005-PPIN-41] 1u (I25) 156d;[DFSH387005-PPIN-36] 1u (I25) 156d
CLABD/Stock/StorageBD/CLA-069-08-01-02;BLACK;I25;41;483.78;A+B+D+C;177;50;[DFSH371006-BEIG-36] 2u (I25) 177d | [DFSH371006-BEIG-41] 2u (I25) 177d | [DFSH371006-BEIG-37] 3u (I25) 177d | [DFSH371006-BEIG-38] 2u (I25) 177d | [DFSH370011-BROW-38] 3u (I25) 177d | [DFSH370011-BROW-37] 1u (I25) 177d | [DFSH370011-BROW-41] 1u (I25) 177d | [DFSH370011-BROW-36] 1u (I25) 177d | [DFSH370011-BROW-39] 1u (I25) 177d | [DFSH370011-BROW-40] 1u (I25) 177d | [DFSH371010-BEIG-37] 2u (I25) 177d | [DFSH371010-BEIG-36] 1u (I25) 177d | [DFSH371010-BEIG-41] 1u (I25) 177d | [DFSH370006-NUT-37] 1u (I25) 177d | [DFSH371006-BEIG-37] 2u (I25) 177d | [DFSH370005-BLAC-37] 1u (I25) 177d | [DFSH371004-TAUP-41] 1u (I25) 177d | [DFSH371006-BEIG-36] 1u (I25) 177d;[DFSH371010-BEIG-40] 2u (I25) 177d | [DFSH407006-TAUP-38] 3u (I25) 136d;[DFSH407006-TAUP-37] 2u (I25) 136d | [DFSH407006-TAUP-39] 3u (I25) 136d | [DFSH407006-TAUP-40] 2u (I25) 136d | [DFSH407006-TAUP-41] 1u (I25) 136d;[DFSH407006-TAUP-36] 1u (I25) 136d
CLABD/Stock/EXTB2BBD/CLA-001-02-02-02;BLACK;I25;27;277.38;A+C+B+D;205;40;[DFSH370021-TAN-37] 1u (I25) 205d | [DFSH370021-TAN-38] 2u (I25) 205d | [DFSH370021-TAN-39] 2u (I25) 205d | [DFSH370021-TAN-40] 2u (I25) 205d | [DFSH370021-TAN-41] 1u (I25) 205d | [DFSH370021-TAN-42] 1u (I25) 205d;[DFSH408003-TAUP-38] 2u (I25) 134d | [DFSH408003-TAUP-39] 2u (I25) 134d;[DFSH408003-TAUP-36] 1u (I25) 134d | [DFSH408003-TAUP-37] 2u (I25) 134d | [DFSH408003-TAUP-40] 1u (I25) 134d | [DFSH408003-BLAC-36] 1u (I25) 134d | [DFSH408003-BLAC-37] 2u (I25) 134d | [DFSH408003-BLAC-38] 2u (I25) 134d | [DFSH408003-BLAC-39] 2u (I25) 134d | [DFSH408003-BLAC-40] 1u (I25) 134d | [DFSH408003-BLAC-41] 1u (I25) 134d;[DFSH408003-TAUP-41] 1u (I25) 134d
CLABD/Stock/EXTB2BBD/CLA-003-02-01-03;BLACK;I25;45;559.11;C+B+D;134;50;;[DFSH408003-TAUP-38] 2u (I25) 134d | [DFSH408003-TAUP-39] 2u (I25) 134d;[DFSH408003-CHES-36] 1u (I25) 134d | [DFSH408003-CHES-37] 2u (I25) 134d | [DFSH408003-CHES-38] 2u (I25) 134d | [DFSH408003-CHES-39] 2u (I25) 134d | [DFSH408003-CHES-40] 1u (I25) 134d | [DFSH408003-CHES-41] 1u (I25) 134d | [DFSH408003-TAUP-36] 1u (I25) 134d | [DFSH408003-TAUP-37] 2u (I25) 134d | [DFSH408003-TAUP-40] 1u (I25) 134d | [DFSH408003-CHES-36] 1u (I25) 134d | [DFSH408003-CHES-37] 2u (I25) 134d | [DFSH408003-CHES-38] 2u (I25) 134d | [DFSH408003-CHES-39] 2u (I25) 134d | [DFSH408003-CHES-40] 1u (I25) 134d | [DFSH408003-CHES-41] 1u (I25) 134d | [DFSH408003-CHES-36] 1u (I25) 134d | [DFSH408003-CHES-37] 2u (I25) 134d | [DFSH408003-CHES-38] 2u (I25) 134d | [DFSH408003-CHES-39] 2u (I25) 134d | [DFSH408003-CHES-40] 1u (I25) 134d | [DFSH408003-CHES-41] 1u (I25) 134d | [DFSH408003-CHES-36] 1u (I25) 134d | [DFSH408003-CHES-37] 2u (I25) 134d | [DFSH408003-CHES-38] 2u (I25) 134d | [DFSH408003-CHES-39] 2u (I25) 134d | [DFSH408003-CHES-40] 1u (I25) 134d | [DFSH408003-CHES-41] 1u (I25) 134d;[DFSH408003-TAUP-41] 1u (I25) 134d
CLABD/Stock/EXTB2BBD/CLA-003-05-03-02;BLACK;I25;9;64.99;B+D;142;10;;[DFSH370021-GREE-37] 1u (I25) 142d | [DFSH370021-GREE-38] 2u (I25) 142d | [DFSH370021-GREE-39] 2u (I25) 142d | [DFSH370021-GREE-40] 2u (I25) 142d | [DFSH370021-GREE-41] 1u (I25) 142d;;[DFSH370021-GREE-42] 1u (I25) 142d
CLABD/Stock/EXTB2BBD/CLA-003-09-01-02;BLACK;I25+V23;134;1446.27;A+B+C+D;699;110;[DFSH370006-NUT-37] 1u (I25) 212d | [DFSH370006-NUT-38] 2u (I25) 212d | [DFSH370006-NUT-39] 3u (I25) 212d | [DFSH370006-NUT-40] 3u (I25) 212d | [DFSH370006-NUT-41] 2u (I25) 212d | [DFSH370006-NUT-42] 1u (I25) 212d | [DFSH370006-NUT-37] 1u (I25) 212d | [DFSH370006-NUT-38] 2u (I25) 212d | [DFSH370006-NUT-39] 3u (I25) 212d | [DFSH370006-NUT-40] 3u (I25) 212d | [DFSH370006-NUT-41] 2u (I25) 212d | [DFSH370006-NUT-42] 1u (I25) 212d | [DFSH370006-NUT-37] 1u (I25) 212d | [DFSH370006-NUT-38] 2u (I25) 212d | [DFSH370006-NUT-39] 3u (I25) 212d | [DFSH370006-NUT-40] 3u (I25) 212d | [DFSH370006-NUT-41] 2u (I25) 212d | [DFSH370006-NUT-42] 1u (I25) 212d | [DFSH370006-NUT-37] 1u (I25) 212d | [DFSH370006-NUT-38] 2u (I25) 212d | [DFSH370006-NUT-39] 3u (I25) 212d | [DFSH370006-NUT-40] 3u (I25) 212d | [DFSH370006-NUT-41] 2u (I25) 212d | [DFSH370006-NUT-42] 1u (I25) 212d | [DFSH370021-TAN-36] 1u (I25) 205d | [DFSH370021-TAN-37] 2u (I25) 205d | [DFSH370021-TAN-38] 3u (I25) 205d | [DFSH370021-TAN-39] 3u (I25) 205d | [DFSH370021-TAN-40] 2u (I25) 205d | [DFSH370021-TAN-41] 1u (I25) 205d | [DFSH371016-BRAS-36] 1u (I25) 73d | [DFSH371016-BRAS-37] 2u (I25) 73d | [DFSH371016-BRAS-38] 2u (I25) 73d | [DFSH371016-BRAS-39] 2u (I25) 73d | [DFSH371016-BRAS-40] 1u (I25) 73d | [DFSH371016-BRAS-41] 1u (I25) 73d | [DFSH370006-NUT-36] 1u (I25) 212d | [DFSH370006-NUT-37] 2u (I25) 212d | [DFSH370006-NUT-38] 3u (I25) 212d | [DFSH370006-NUT-39] 3u (I25) 212d | [DFSH370006-NUT-40] 2u (I25) 212d | [DFSH370006-NUT-41] 1u (I25) 212d | [DFSH370006-NUT-36] 1u (I25) 212d | [DFSH370006-NUT-37] 2u (I25) 212d | [DFSH370006-NUT-38] 2u (I25) 212d | [DFSH370006-NUT-39] 2u (I25) 212d | [DFSH370006-NUT-40] 1u (I25) 212d | [DFSH370006-NUT-41] 1u (I25) 212d;[NVK33410-0020-40] 3u (V23) 699d | [NVK33410-0020-39] 6u (V23) 699d | [NVK33410-0020-38] 2u (V23) 699d | [NVK33410-0020-37] 4u (V23) 699d | [NVK33410-0020-36] 1u (V23) 699d | [NVK33410-0043-38] 3u (V23) 699d | [NVK33410-0043-40] 5u (V23) 699d | [NVK33410-0043-37] 2u (V23) 699d | [NVK33410-0043-41] 1u (V23) 699d | [NVK33410-0043-39] 3u (V23) 699d | [NVK33410-0020-38] 1u (V23) 699d | [NVK33410-0020-41] 1u (V23) 699d | [DFSH408003-TAUP-38] 3u (I25) 134d | [DFSH408003-TAUP-39] 3u (I25) 134d;[DFSH408003-TAUP-36] 1u (I25) 134d | [DFSH408003-TAUP-37] 2u (I25) 134d | [DFSH408003-TAUP-40] 2u (I25) 134d;[DFSH408003-TAUP-41] 1u (I25) 134d
CLABD/Stock/EXTB2BBD/CLA-005-09-01-02;BLACK;I25;33;299.23;A+C+B+D;205;30;[DFSH370005-BLAC-36] 1u (I25) 119d | [DFSH370005-BLAC-37] 2u (I25) 119d | [DFSH370005-BLAC-38] 2u (I25) 119d | [DFSH370005-BLAC-39] 2u (I25) 119d | [DFSH370005-BLAC-40] 1u (I25) 119d | [DFSH370005-BLAC-41] 1u (I25) 119d | [DFSH370021-TAN-36] 1u (I25) 205d | [DFSH370021-TAN-37] 2u (I25) 205d | [DFSH370021-TAN-38] 3u (I25) 205d | [DFSH370021-TAN-39] 2u (I25) 205d | [DFSH370021-TAN-40] 2u (I25) 205d | [DFSH370021-TAN-41] 1u (I25) 205d | [DFSH370021-TAN-42] 1u (I25) 205d;[DFSH387009-LEOP-39] 3u (I25) 156d | [DFSH387009-LEOP-40] 2u (I25) 156d;[DFSH387009-LEOP-36] 1u (I25) 156d | [DFSH387009-LEOP-37] 2u (I25) 156d | [DFSH387009-LEOP-38] 3u (I25) 156d;[DFSH387009-LEOP-41] 1u (I25) 156d
CLABD/Stock/EXTB2BBD/CLA-006-02-01-02;BLACK;I25;21;250.64;D+B+A;176;20;[DFSH371016-BRON-36] 1u (I25) 118d | [DFSH371016-BRON-37] 2u (I25) 118d | [DFSH371016-BRON-38] 3u (I25) 118d | [DFSH371016-BRON-39] 3u (I25) 118d | [DFSH371016-BRON-40] 2u (I25) 118d | [DFSH371016-BRON-41] 1u (I25) 118d;[DFSH401001-DKBL-42] 2u (I25) 176d | [DFSH401001-DKBL-43] 3u (I25) 176d | [DFSH401001-DKBL-44] 2u (I25) 176d | [DFSH401001-DKBL-45] 1u (I25) 176d;;[DFSH401001-DKBL-41] 1u (I25) 176d
CLABD/Stock/EXTB2BBD/CLA-006-03-01-03;BLACK;I25;9;81.66;C+D;153;10;;;[DFSH370019-BROW-36] 1u (I25) 153d | [DFSH370019-BROW-37] 2u (I25) 153d | [DFSH370019-BROW-38] 2u (I25) 153d | [DFSH370019-BROW-39] 2u (I25) 153d | [DFSH370019-BROW-41] 1u (I25) 153d;[DFSH370019-BROW-40] 1u (I25) 153d
CLABD/Stock/EXTB2BBD/CLA-006-03-02-03;BLACK;I25+V26;18;264.01;D+B;176;20;;[DFSH401001-DKBL-42] 2u (I25) 176d | [DFSH401001-DKBL-43] 3u (I25) 176d | [DFSH401001-DKBL-44] 2u (I25) 176d | [DFSH401001-DKBL-45] 1u (I25) 176d | [DFSH401001-BGRE-41] 1u (V26) 176d | [DFSH401001-BGRE-42] 2u (V26) 176d | [DFSH401001-BGRE-43] 3u (V26) 176d | [DFSH401001-BGRE-44] 2u (V26) 176d | [DFSH401001-BGRE-45] 1u (V26) 176d;;[DFSH401001-DKBL-41] 1u (I25) 176d
CLABD/Stock/EXTB2BBD/CLA-006-05-03-03;BLACK;I25+V26;36;536.28;B+A+D;174;40;[DFSH401002-PETR-43] 3u (I25) 174d;[DFSH401002-PETR-41] 1u (I25) 174d | [DFSH401002-PETR-42] 2u (I25) 174d | [DFSH401002-PETR-44] 2u (I25) 174d | [DFSH401002-PETR-45] 1u (I25) 174d | [DFSH401001-DKBL-42] 2u (I25) 174d | [DFSH401001-DKBL-43] 3u (I25) 174d | [DFSH401001-DKBL-44] 2u (I25) 174d | [DFSH401001-DKBL-45] 1u (I25) 174d | [DFSH401001-BGRE-41] 1u (V26) 174d | [DFSH401001-BGRE-42] 2u (V26) 174d | [DFSH401001-BGRE-43] 3u (V26) 174d | [DFSH401001-BGRE-44] 2u (V26) 174d | [DFSH401001-BGRE-45] 1u (V26) 174d | [DFSH401001-BGRE-41] 1u (V26) 174d | [DFSH401001-BGRE-42] 2u (V26) 174d | [DFSH401001-BGRE-43] 3u (V26) 174d | [DFSH401001-BGRE-44] 2u (V26) 174d | [DFSH401001-BGRE-45] 1u (V26) 174d;;[DFSH401001-DKBL-41] 1u (I25) 174d
CLABD/Stock/EXTB2BBD/CLA-006-06-01-03;BLACK;I25+V26;42;637.13;D+B+A;174;40;[DFSH401002-PETR-43] 3u (I25) 174d | [DFSH401002-PETR-43] 3u (I25) 174d;[DFSH401001-DKBL-42] 3u (I25) 174d | [DFSH401001-DKBL-43] 3u (I25) 174d | [DFSH401001-DKBL-44] 3u (I25) 174d | [DFSH401001-DKBL-45] 2u (I25) 174d | [DFSH401001-BGRE-41] 1u (V26) 174d | [DFSH401001-BGRE-42] 2u (V26) 174d | [DFSH401001-BGRE-43] 3u (V26) 174d | [DFSH401001-BGRE-44] 2u (V26) 174d | [DFSH401001-BGRE-45] 1u (V26) 174d | [DFSH401002-PETR-41] 1u (I25) 174d | [DFSH401002-PETR-42] 2u (I25) 174d | [DFSH401002-PETR-44] 2u (I25) 174d | [DFSH401002-PETR-45] 1u (I25) 174d | [DFSH401002-PETR-41] 1u (I25) 174d | [DFSH401002-PETR-42] 3u (I25) 174d | [DFSH401002-PETR-44] 3u (I25) 174d | [DFSH401002-PETR-45] 2u (I25) 174d;;[DFSH401001-DKBL-41] 1u (I25) 174d
CLABD/Stock/EXTB2BBD/CLA-006-09-01-01;BLACK;I25;27;233.13;A+D;119;30;[DFSH370021-TAN-42] 1u (I25) 37d | [DFSH370021-TAN-40] 2u (I25) 37d | [DFSH370021-TAN-37] 1u (I25) 37d | [DFSH370021-TAN-39] 2u (I25) 37d | [DFSH370021-TAN-41] 1u (I25) 37d | [DFSH370021-TAN-38] 2u (I25) 37d | [DFSH371006-BEIG-40] 2u (I25) 37d | [DFSH371006-BEIG-41] 1u (I25) 37d | [DFSH371006-BEIG-39] 2u (I25) 37d | [DFSH371006-BEIG-38] 2u (I25) 37d | [DFSH371006-BEIG-37] 1u (I25) 37d | [DFSH370012-TAUP-36] 1u (I25) 119d | [DFSH370012-TAUP-37] 2u (I25) 119d | [DFSH370012-TAUP-38] 2u (I25) 119d | [DFSH370012-TAUP-39] 2u (I25) 119d | [DFSH370012-TAUP-40] 1u (I25) 119d | [DFSH370012-TAUP-41] 1u (I25) 119d;;;[DFSH371006-BEIG-42] 1u (I25) 37d
CLABD/Stock/EXTB2BBD/CLA-007-01-01-01;BLACK;I25;30;335.92;D+A+B;183;30;[DFSH371007-WHIT-37] 1u (I25) 183d | [DFSH371007-WHIT-38] 2u (I25) 183d | [DFSH371007-WHIT-39] 3u (I25) 183d | [DFSH371007-WHIT-40] 3u (I25) 183d | [DFSH371007-WHIT-37] 2u (I25) 183d | [DFSH371007-WHIT-38] 2u (I25) 183d | [DFSH371007-WHIT-39] 2u (I25) 183d | [DFSH371007-WHIT-40] 1u (I25) 183d | [DFSH371007-WHIT-37] 2u (I25) 183d | [DFSH371007-WHIT-38] 2u (I25) 183d | [DFSH371007-WHIT-39] 2u (I25) 183d | [DFSH371007-WHIT-40] 1u (I25) 183d;[DFSH371007-WHIT-41] 2u (I25) 183d | [DFSH371007-WHIT-36] 1u (I25) 183d | [DFSH371007-WHIT-41] 1u (I25) 183d | [DFSH371007-WHIT-36] 1u (I25) 183d | [DFSH371007-WHIT-41] 1u (I25) 183d;;[DFSH371007-WHIT-42] 1u (I25) 183d
CLABD/Stock/EXTB2BBD/CLA-007-01-02-01;BLACK;I25;90;906.32;A+D;196;80;[DFSH370021-BLAC-37] 1u (I25) 136d | [DFSH370021-BLAC-38] 2u (I25) 136d | [DFSH370021-BLAC-39] 2u (I25) 136d | [DFSH370021-BLAC-40] 2u (I25) 136d | [DFSH370021-BLAC-41] 1u (I25) 136d | [DFSH370021-BLAC-42] 1u (I25) 136d | [DFSH370011-BEIG-36] 1u (I25) 120d | [DFSH370011-BEIG-37] 2u (I25) 120d | [DFSH370011-BEIG-38] 2u (I25) 120d | [DFSH370011-BEIG-39] 2u (I25) 120d | [DFSH370011-BEIG-40] 1u (I25) 120d | [DFSH370011-BEIG-41] 1u (I25) 120d | [DFSH370011-BEIG-36] 1u (I25) 120d | [DFSH370011-BEIG-37] 2u (I25) 120d | [DFSH370011-BEIG-38] 3u (I25) 120d | [DFSH370011-BEIG-39] 3u (I25) 120d | [DFSH370011-BEIG-40] 2u (I25) 120d | [DFSH370011-BEIG-41] 1u (I25) 120d | [DFSH370011-BEIG-36] 1u (I25) 120d | [DFSH370011-BEIG-37] 2u (I25) 120d | [DFSH370011-BEIG-38] 3u (I25) 120d | [DFSH370011-BEIG-39] 3u (I25) 120d | [DFSH370011-BEIG-40] 2u (I25) 120d | [DFSH370011-BEIG-41] 1u (I25) 120d | [DFSH370011-BEIG-36] 1u (I25) 149d | [DFSH370011-BEIG-37] 2u (I25) 149d | [DFSH370011-BEIG-38] 3u (I25) 149d | [DFSH370011-BEIG-39] 3u (I25) 149d | [DFSH370011-BEIG-40] 2u (I25) 149d | [DFSH370011-BEIG-41] 1u (I25) 149d | [DFSH370011-BEIG-36] 1u (I25) 149d | [DFSH370011-BEIG-37] 2u (I25) 149d | [DFSH370011-BEIG-38] 3u (I25) 149d | [DFSH370011-BEIG-39] 3u (I25) 149d | [DFSH370011-BEIG-40] 2u (I25) 149d | [DFSH370011-BEIG-41] 1u (I25) 149d | [DFSH370004-SAND-36] 1u (I25) 196d | [DFSH370004-SAND-37] 2u (I25) 196d | [DFSH370004-SAND-38] 3u (I25) 196d | [DFSH370004-SAND-39] 3u (I25) 196d | [DFSH370004-SAND-40] 2u (I25) 196d | [DFSH370004-SAND-41] 1u (I25) 196d | [DFSH370003-BLAC-37] 1u (I25) 183d | [DFSH370003-BLAC-38] 2u (I25) 183d | [DFSH370003-BLAC-39] 3u (I25) 183d | [DFSH370003-BLAC-40] 3u (I25) 183d | [DFSH370003-BLAC-41] 2u (I25) 183d;;;[DFSH370003-BLAC-42] 1u (I25) 183d
CLABD/Stock/EXTB2BBD/CLA-007-02-01-01;BLACK;I25;27;213.19;A+B+D;183;30;[DFSH370021-BEIG-36] 1u (I25) 183d | [DFSH370021-BEIG-37] 2u (I25) 183d | [DFSH370021-BEIG-38] 2u (I25) 183d | [DFSH370021-BEIG-39] 2u (I25) 183d | [DFSH370021-BEIG-36] 1u (I25) 183d | [DFSH370021-BEIG-37] 2u (I25) 183d | [DFSH370021-BEIG-38] 2u (I25) 183d | [DFSH370021-BEIG-39] 2u (I25) 183d | [DFSH371006-BLAC-37] 1u (I25) 183d | [DFSH371006-BLAC-38] 2u (I25) 183d | [DFSH371006-BLAC-39] 2u (I25) 183d | [DFSH371006-BLAC-40] 2u (I25) 183d | [DFSH371006-BLAC-41] 1u (I25) 183d;[DFSH370021-BEIG-40] 1u (I25) 183d | [DFSH370021-BEIG-41] 1u (I25) 183d | [DFSH370021-BEIG-40] 1u (I25) 183d | [DFSH370021-BEIG-41] 1u (I25) 183d;;[DFSH371006-BLAC-42] 1u (I25) 183d
CLABD/Stock/EXTB2BBD/CLA-007-02-01-03;BLACK;I25;84;779.80;A+B+D+C;224;70;[DFSH370021-TAUP-36] 1u (I25) 224d | [DFSH370021-TAUP-37] 2u (I25) 224d | [DFSH370021-TAUP-38] 3u (I25) 224d | [DFSH370021-TAUP-39] 3u (I25) 224d | [DFSH370021-TAUP-40] 2u (I25) 224d | [DFSH370021-TAUP-41] 1u (I25) 224d | [DFSH370021-TAUP-36] 1u (I25) 224d | [DFSH370021-TAUP-37] 2u (I25) 224d | [DFSH370021-TAUP-38] 3u (I25) 224d | [DFSH370021-TAUP-39] 3u (I25) 224d | [DFSH370021-TAUP-40] 2u (I25) 224d | [DFSH370021-TAUP-41] 1u (I25) 224d | [DFSH321085-WHIT-39] 3u (I25) 22d | [DFSH321085-WHIT-41] 2u (I25) 22d | [DFSH370022-TAUP-37] 1u (I25) 22d | [DFSH370022-TAUP-38] 2u (I25) 22d | [DFSH370022-TAUP-39] 3u (I25) 22d | [DFSH370022-TAUP-40] 3u (I25) 22d | [DFSH370022-TAUP-41] 2u (I25) 22d | [DFSH370022-TAUP-42] 1u (I25) 22d | [DFSH370021-TAN-37] 1u (I25) 22d | [DFSH370021-TAN-38] 2u (I25) 22d | [DFSH370021-TAN-39] 3u (I25) 22d | [DFSH370021-TAN-40] 3u (I25) 22d | [DFSH370021-TAN-41] 2u (I25) 22d | [DFSH370021-TAN-42] 1u (I25) 22d | [DFSH408005-TAUP-38] 3u (I25) 22d | [DFSH408005-TAUP-39] 3u (I25) 22d;[DFSH321085-WHIT-37] 1u (I25) 22d | [DFSH321085-WHIT-38] 2u (I25) 22d | [DFSH321085-WHIT-40] 3u (I25) 22d | [DFSH321085-WHIT-42] 1u (I25) 22d | [DFSH408005-TAUP-36] 1u (I25) 22d | [DFSH408005-TAUP-37] 2u (I25) 22d | [DFSH408005-TAUP-40] 2u (I25) 22d | [DFSH408005-TAUP-41] 1u (I25) 22d;[DFSH408005-CHES-37] 2u (I25) 22d | [DFSH408005-CHES-38] 3u (I25) 22d | [DFSH408005-CHES-39] 3u (I25) 22d | [DFSH408005-CHES-40] 2u (I25) 22d | [DFSH408005-CHES-41] 1u (I25) 22d;[DFSH408005-CHES-36] 1u (I25) 22d
CLABD/Stock/EXTB2BBD/CLA-007-04-01-01;BLACK;I25;12;131.92;A+D;183;10;[DFSH371006-BEIG-37] 1u (I25) 183d | [DFSH371006-BEIG-38] 2u (I25) 183d | [DFSH371006-BEIG-39] 3u (I25) 183d | [DFSH371006-BEIG-40] 3u (I25) 183d | [DFSH371006-BEIG-41] 2u (I25) 183d;;;[DFSH371006-BEIG-42] 1u (I25) 183d
CLABD/Stock/EXTB2BBD/CLA-007-05-03-02;BLACK;I25;9;107.75;A+D;183;10;[DFSH370003-TAN-37] 1u (I25) 183d | [DFSH370003-TAN-38] 2u (I25) 183d | [DFSH370003-TAN-39] 2u (I25) 183d | [DFSH370003-TAN-40] 2u (I25) 183d | [DFSH370003-TAN-41] 1u (I25) 183d;;;[DFSH370003-TAN-42] 1u (I25) 183d
CLABD/Stock/EXTB2BBD/CLA-008-02-03-01;BLACK;I25;33;374.21;B+C+D;156;30;;[DFSH321102-BEIG-36] 1u (I25) 156d | [DFSH321102-BEIG-37] 2u (I25) 156d | [DFSH321102-BEIG-38] 3u (I25) 156d | [DFSH321102-BEIG-39] 3u (I25) 156d | [DFSH321102-BEIG-40] 2u (I25) 156d | [DFSH321102-BEIG-41] 1u (I25) 156d | [DFSH321102-BEIG-36] 1u (I25) 156d | [DFSH321102-BEIG-37] 2u (I25) 156d | [DFSH321102-BEIG-38] 3u (I25) 156d | [DFSH321102-BEIG-39] 3u (I25) 156d | [DFSH321102-BEIG-40] 2u (I25) 156d | [DFSH321102-BEIG-41] 1u (I25) 156d | [DFSH321101-BLAC-38] 2u (I25) 156d | [DFSH321101-BLAC-39] 2u (I25) 156d;[DFSH321101-BLAC-37] 1u (I25) 156d | [DFSH321101-BLAC-40] 2u (I25) 156d | [DFSH321101-BLAC-41] 1u (I25) 156d;[DFSH321101-BLAC-42] 1u (I25) 156d
CLABD/Stock/EXTB2BBD/CLA-008-03-02-01;BLACK;I25;21;201.97;D+A;100;20;[DFSH371006-BLAC-37] 1u (I25) 100d | [DFSH371006-BLAC-38] 2u (I25) 100d | [DFSH371006-BLAC-39] 3u (I25) 100d | [DFSH371006-BLAC-40] 3u (I25) 100d | [DFSH371006-BLAC-41] 2u (I25) 100d | [DFSH371004-BLAC-37] 1u (I25) 100d | [DFSH371004-BLAC-38] 2u (I25) 100d | [DFSH371004-BLAC-39] 2u (I25) 100d | [DFSH371004-BLAC-40] 2u (I25) 100d | [DFSH371004-BLAC-41] 1u (I25) 100d | [DFSH371004-BLAC-42] 1u (I25) 100d;;;[DFSH371006-BLAC-42] 1u (I25) 100d
CLABD/Stock/EXTB2BBD/CLA-008-03-02-03;BLACK;I25;18;212.68;D+B;156;20;;[DFSH321102-BEIG-37] 1u (I25) 156d | [DFSH321102-BEIG-38] 2u (I25) 156d | [DFSH321102-BEIG-39] 2u (I25) 156d | [DFSH321102-BEIG-40] 2u (I25) 156d | [DFSH321102-BEIG-41] 1u (I25) 156d | [DFSH321102-BEIG-36] 1u (I25) 156d | [DFSH321102-BEIG-37] 2u (I25) 156d | [DFSH321102-BEIG-38] 2u (I25) 156d | [DFSH321102-BEIG-39] 2u (I25) 156d | [DFSH321102-BEIG-40] 1u (I25) 156d | [DFSH321102-BEIG-41] 1u (I25) 156d;;[DFSH321102-BEIG-42] 1u (I25) 156d
CLABD/Stock/EXTB2BBD/CLA-008-04-01-02;BLACK;I25;108;1510.00;A+B+C+D;156;120;[DFSH378012-LEOP-36] 1u (I25) 156d | [DFSH378012-LEOP-37] 2u (I25) 156d | [DFSH378012-LEOP-38] 2u (I25) 156d | [DFSH378012-LEOP-39] 2u (I25) 156d | [DFSH378012-LEOP-40] 1u (I25) 156d | [DFSH378012-LEOP-36] 1u (I25) 156d | [DFSH378012-LEOP-37] 2u (I25) 156d | [DFSH378012-LEOP-38] 2u (I25) 156d | [DFSH378012-LEOP-39] 2u (I25) 156d | [DFSH378012-LEOP-40] 1u (I25) 156d | [DFSH378012-LEOP-36] 1u (I25) 156d | [DFSH378012-LEOP-37] 2u (I25) 156d | [DFSH378012-LEOP-38] 2u (I25) 156d | [DFSH378012-LEOP-39] 2u (I25) 156d | [DFSH378012-LEOP-40] 1u (I25) 156d | [DFSH378012-LEOP-36] 1u (I25) 156d | [DFSH378012-LEOP-37] 2u (I25) 156d | [DFSH378012-LEOP-38] 2u (I25) 156d | [DFSH378012-LEOP-39] 2u (I25) 156d | [DFSH378012-LEOP-40] 1u (I25) 156d | [DFSH378012-LEOP-36] 1u (I25) 156d | [DFSH378012-LEOP-37] 2u (I25) 156d | [DFSH378012-LEOP-38] 2u (I25) 156d | [DFSH378012-LEOP-39] 2u (I25) 156d | [DFSH378012-LEOP-40] 1u (I25) 156d | [DFSH378012-LEOP-36] 1u (I25) 156d | [DFSH378012-LEOP-37] 2u (I25) 156d | [DFSH378012-LEOP-38] 2u (I25) 156d | [DFSH378012-LEOP-39] 2u (I25) 156d | [DFSH378012-LEOP-40] 1u (I25) 156d | [DFSH378012-LEOP-36] 1u (I25) 156d | [DFSH378012-LEOP-37] 2u (I25) 156d | [DFSH378012-LEOP-38] 2u (I25) 156d | [DFSH378012-LEOP-39] 2u (I25) 156d | [DFSH378012-LEOP-40] 1u (I25) 156d | [DFSH378012-LEOP-36] 1u (I25) 156d | [DFSH378012-LEOP-37] 2u (I25) 156d | [DFSH378012-LEOP-38] 2u (I25) 156d | [DFSH378012-LEOP-39] 2u (I25) 156d | [DFSH378012-LEOP-40] 1u (I25) 156d | [DFSH378012-LEOP-36] 1u (I25) 156d | [DFSH378012-LEOP-37] 2u (I25) 156d | [DFSH378012-LEOP-38] 2u (I25) 156d | [DFSH378012-LEOP-39] 2u (I25) 156d | [DFSH378012-LEOP-40] 1u (I25) 156d | [DFSH378012-LEOP-36] 1u (I25) 156d | [DFSH378012-LEOP-37] 2u (I25) 156d | [DFSH378012-LEOP-38] 2u (I25) 156d | [DFSH378012-LEOP-39] 2u (I25) 156d | [DFSH378012-LEOP-40] 1u (I25) 156d | [DFSH370021-TAUP-36] 1u (I25) 141d | [DFSH370021-TAUP-37] 2u (I25) 141d | [DFSH370021-TAUP-38] 2u (I25) 141d | [DFSH370021-TAUP-39] 2u (I25) 141d | [DFSH370021-TAUP-40] 1u (I25) 141d | [DFSH370021-TAUP-41] 1u (I25) 141d;[DFSH378012-LEOP-41] 1u (I25) 156d | [DFSH378012-LEOP-41] 1u (I25) 156d | [DFSH378012-LEOP-41] 1u (I25) 156d | [DFSH378012-LEOP-41] 1u (I25) 156d | [DFSH378012-LEOP-41] 1u (I25) 156d | [DFSH378012-LEOP-41] 1u (I25) 156d | [DFSH378012-LEOP-41] 1u (I25) 156d | [DFSH378012-LEOP-41] 1u (I25) 156d | [DFSH378012-LEOP-41] 1u (I25) 156d | [DFSH378012-LEOP-41] 1u (I25) 156d | [DFSH321101-BLAC-38] 2u (I25) 156d | [DFSH321101-BLAC-39] 2u (I25) 156d;[DFSH321101-BLAC-37] 1u (I25) 156d | [DFSH321101-BLAC-40] 2u (I25) 156d | [DFSH321101-BLAC-41] 1u (I25) 156d;[DFSH321101-BLAC-42] 1u (I25) 156d
CLABD/Stock/EXTB2BBD/CLA-008-04-02-03;BLACK;I25;36;489.59;B+C+D;156;40;;[DFSH321099-COW-37] 1u (I25) 156d | [DFSH321099-COW-38] 2u (I25) 156d | [DFSH321099-COW-40] 2u (I25) 156d | [DFSH321099-COW-41] 1u (I25) 156d | [DFSH321099-COW-37] 2u (I25) 156d | [DFSH321099-COW-38] 2u (I25) 156d | [DFSH321099-COW-40] 1u (I25) 156d | [DFSH321099-COW-41] 1u (I25) 156d | [DFSH321099-COW-37] 2u (I25) 156d | [DFSH321099-COW-38] 2u (I25) 156d | [DFSH321099-COW-40] 1u (I25) 156d | [DFSH321099-COW-41] 1u (I25) 156d | [DFSH321099-COW-37] 2u (I25) 156d | [DFSH321099-COW-38] 2u (I25) 156d | [DFSH321099-COW-40] 1u (I25) 156d | [DFSH321099-COW-41] 1u (I25) 156d;[DFSH321099-COW-39] 2u (I25) 156d | [DFSH321099-COW-36] 1u (I25) 156d | [DFSH321099-COW-39] 2u (I25) 156d | [DFSH321099-COW-36] 1u (I25) 156d | [DFSH321099-COW-39] 2u (I25) 156d | [DFSH321099-COW-36] 1u (I25) 156d | [DFSH321099-COW-39] 2u (I25) 156d;[DFSH321099-COW-42] 1u (I25) 156d
CLABD/Stock/EXTB2BBD/CLA-008-04-03-01;BLACK;I25;75;1011.40;C+B+A+D;156;80;[DFSH321100-WHIT-38] 2u (I25) 156d | [DFSH321100-WHIT-39] 2u (I25) 156d;[DFSH321099-LEOP-37] 2u (I25) 156d | [DFSH321099-LEOP-38] 2u (I25) 156d | [DFSH321099-LEOP-39] 2u (I25) 156d | [DFSH321099-LEOP-40] 1u (I25) 156d | [DFSH321100-WHIT-36] 1u (I25) 156d | [DFSH321100-WHIT-37] 2u (I25) 156d | [DFSH321100-WHIT-40] 1u (I25) 156d | [DFSH321100-WHIT-41] 1u (I25) 156d | [DFSH321099-LEOP-37] 2u (I25) 156d | [DFSH321099-LEOP-38] 2u (I25) 156d | [DFSH321099-LEOP-39] 2u (I25) 156d | [DFSH321099-LEOP-40] 1u (I25) 156d | [DFSH321099-LEOP-37] 2u (I25) 156d | [DFSH321099-LEOP-38] 2u (I25) 156d | [DFSH321099-LEOP-39] 2u (I25) 156d | [DFSH321099-LEOP-40] 1u (I25) 156d | [DFSH321099-LEOP-37] 2u (I25) 156d | [DFSH321099-LEOP-38] 2u (I25) 156d | [DFSH321099-LEOP-39] 2u (I25) 156d | [DFSH321099-LEOP-40] 1u (I25) 156d | [DFSH321099-LEOP-37] 2u (I25) 156d | [DFSH321099-LEOP-38] 2u (I25) 156d | [DFSH321099-LEOP-39] 2u (I25) 156d | [DFSH321099-LEOP-40] 1u (I25) 156d | [DFSH321099-LEOP-37] 1u (I25) 156d | [DFSH321099-LEOP-38] 2u (I25) 156d | [DFSH321099-LEOP-39] 3u (I25) 156d | [DFSH321099-LEOP-40] 3u (I25) 156d | [DFSH321099-LEOP-37] 2u (I25) 156d | [DFSH321099-LEOP-38] 2u (I25) 156d | [DFSH321099-LEOP-39] 2u (I25) 156d | [DFSH321099-LEOP-40] 1u (I25) 156d;[DFSH321099-LEOP-36] 1u (I25) 156d | [DFSH321099-LEOP-41] 1u (I25) 156d | [DFSH321099-LEOP-36] 1u (I25) 156d | [DFSH321099-LEOP-41] 1u (I25) 156d | [DFSH321099-LEOP-36] 1u (I25) 156d | [DFSH321099-LEOP-41] 1u (I25) 156d | [DFSH321099-LEOP-36] 1u (I25) 156d | [DFSH321099-LEOP-41] 1u (I25) 156d | [DFSH321099-LEOP-36] 1u (I25) 156d | [DFSH321099-LEOP-41] 1u (I25) 156d | [DFSH321099-LEOP-41] 2u (I25) 156d | [DFSH321099-LEOP-36] 1u (I25) 156d | [DFSH321099-LEOP-41] 1u (I25) 156d;[DFSH321099-LEOP-42] 1u (I25) 156d
CLABD/Stock/EXTB2BBD/CLA-008-05-02-03;BLACK;I25;9;105.44;D+B+C;156;10;;[DFSH321102-BLAC-37] 2u (I25) 156d | [DFSH321102-BLAC-39] 2u (I25) 156d;[DFSH321102-BLAC-38] 2u (I25) 156d | [DFSH321102-BLAC-40] 1u (I25) 156d | [DFSH321102-BLAC-41] 1u (I25) 156d;[DFSH321102-BLAC-36] 1u (I25) 156d
CLABD/Stock/EXTB2BBD/CLA-008-05-03-02;BLACK;I25;45;466.84;C+B+D;156;50;;[DFSH321101-BLAC-38] 2u (I25) 156d | [DFSH321101-BLAC-39] 2u (I25) 156d | [DFSH321085-BLAC-36] 1u (I25) 156d | [DFSH321085-BLAC-37] 2u (I25) 156d | [DFSH321085-BLAC-38] 2u (I25) 156d | [DFSH321085-BLAC-39] 2u (I25) 156d | [DFSH321085-BLAC-40] 1u (I25) 156d | [DFSH321085-BLAC-41] 1u (I25) 156d | [DFSH321085-BLAC-37] 1u (I25) 156d | [DFSH321085-BLAC-38] 2u (I25) 156d | [DFSH321085-BLAC-39] 2u (I25) 156d | [DFSH321085-BLAC-40] 2u (I25) 156d | [DFSH321085-BLAC-41] 1u (I25) 156d | [DFSH321085-BLAC-42] 1u (I25) 156d | [DFSH321085-BLAC-37] 1u (I25) 156d | [DFSH321085-BLAC-38] 2u (I25) 156d | [DFSH321085-BLAC-39] 2u (I25) 156d | [DFSH321085-BLAC-40] 2u (I25) 156d | [DFSH321085-BLAC-41] 1u (I25) 156d | [DFSH321085-BLAC-42] 1u (I25) 156d | [DFSH321085-BLAC-36] 1u (I25) 156d | [DFSH321085-BLAC-37] 2u (I25) 156d | [DFSH321085-BLAC-38] 2u (I25) 156d | [DFSH321085-BLAC-39] 2u (I25) 156d | [DFSH321085-BLAC-40] 1u (I25) 156d | [DFSH321085-BLAC-41] 1u (I25) 156d;[DFSH321101-BLAC-37] 1u (I25) 156d | [DFSH321101-BLAC-40] 2u (I25) 156d | [DFSH321101-BLAC-41] 1u (I25) 156d;[DFSH321101-BLAC-42] 1u (I25) 156d
CLABD/Stock/EXTB2BBD/CLA-008-06-03-02;BLACK;I25;33;414.85;B+C+D+A;196;30;[DFSH370004-SAND-36] 1u (I25) 196d | [DFSH370004-SAND-37] 2u (I25) 196d | [DFSH370004-SAND-38] 3u (I25) 196d | [DFSH370004-SAND-39] 3u (I25) 196d | [DFSH370004-SAND-40] 2u (I25) 196d | [DFSH370004-SAND-41] 1u (I25) 196d;[DFSH321099-LEOP-37] 1u (I25) 156d | [DFSH321099-LEOP-38] 2u (I25) 156d | [DFSH321099-LEOP-39] 3u (I25) 156d | [DFSH321099-LEOP-40] 3u (I25) 156d | [DFSH321099-LEOP-37] 2u (I25) 156d | [DFSH321099-LEOP-38] 2u (I25) 156d | [DFSH321099-LEOP-39] 2u (I25) 156d | [DFSH321099-LEOP-40] 1u (I25) 156d;[DFSH321099-LEOP-41] 2u (I25) 156d | [DFSH321099-LEOP-36] 1u (I25) 156d | [DFSH321099-LEOP-41] 1u (I25) 156d;[DFSH321099-LEOP-42] 1u (I25) 156d
CLABD/Stock/EXTB2BBD/CLA-010-04-01-03;BLACK;I25;33;289.56;B+D+A;142;30;[DFSH371016-BRON-36] 1u (I25) 118d | [DFSH371016-BRON-37] 2u (I25) 118d | [DFSH371016-BRON-38] 3u (I25) 118d | [DFSH371016-BRON-39] 3u (I25) 118d | [DFSH371016-BRON-40] 2u (I25) 118d | [DFSH371016-BRON-41] 1u (I25) 118d | [DFSH370011-LGRE-36] 1u (I25) 136d | [DFSH370011-LGRE-37] 2u (I25) 136d | [DFSH370011-LGRE-38] 3u (I25) 136d | [DFSH370011-LGRE-39] 3u (I25) 136d | [DFSH370011-LGRE-40] 2u (I25) 136d | [DFSH370011-LGRE-41] 1u (I25) 136d;[DFSH370021-GREE-37] 1u (I25) 142d | [DFSH370021-GREE-38] 2u (I25) 142d | [DFSH370021-GREE-39] 2u (I25) 142d | [DFSH370021-GREE-40] 2u (I25) 142d | [DFSH370021-GREE-41] 1u (I25) 142d;;[DFSH370021-GREE-42] 1u (I25) 142d
CLABD/Stock/EXTB2BBD/CLA-011-04-01-03;BLACK;I25;12;154.28;C+B+D;156;10;;[DFSH387009-LEOP-39] 3u (I25) 156d | [DFSH387009-LEOP-40] 2u (I25) 156d;[DFSH387009-LEOP-36] 1u (I25) 156d | [DFSH387009-LEOP-37] 2u (I25) 156d | [DFSH387009-LEOP-38] 3u (I25) 156d;[DFSH387009-LEOP-41] 1u (I25) 156d