ID_UBICACION;STOCK;MARCA;CLASES_ABC;ANTIGUEDAD_MAX_DIAS;OCUPACION_%;CONTENIDO_DETALLE
CLABD/Stock/StorageBD/CLA-004-01-01-01;200;BLACK;A+D;89;20;[IBGB2400000720896] [DFKSUN0164-0800_C_UNI_UNI_50] Pack Ultra Light SQ Low Navy / Black | [IBGB2400000719772] [DFSU921001-AMBE_C_50] PACK Jiggy Crystal Amber / Blue | [IBGB2400000719764] [DFSU921001-AMBE_C_50] PACK Jiggy Crystal Amber / Blue | [IBGB2400000719763] [DFSU921001-AMBE_C_50] PACK Jiggy Crystal Amber / Blue
CLABD/Stock/StorageBD/CLA-004-01-01-02;450;BLACK;A+D;89;45;[IBGB2400000719929] [DFSU921001-TRAN_C_50] Pack JIGGY TRANSPARENT / SMOKE x 50 unid | [IBGB2400000719879] [DFSU921001-GREE_C_50] Pack JIGGY CRYSTAL GREEN / SMOKE x 50 unid | [IBGB2400000719859] [DFSU921001-GREE_C_50] Pack JIGGY CRYSTAL GREEN / SMOKE x 50 unid | [IBGB2400000719850] [DFSU921001-GREE_C_50] Pack JIGGY CRYSTAL GREEN / SMOKE x 50 unid | [IBGB2400000719843] [DFSU921001-GREE_C_50] Pack JIGGY CRYSTAL GREEN / SMOKE x 50 unid | [IBGB2400000719834] [DFSU921001-BLAC_C_50] Pack JIGGY BLACK / BLACK x 50 unid | [IBGB2400000719830] [DFSU921001-BLAC_C_50] Pack JIGGY BLACK / BLACK x 50 unid | [IBGB2400000719795] [DFSU921001-BLAC_C_50] Pack JIGGY BLACK / BLACK x 50 unid | [IBGB2400000719756] [DFSU921001-AMBE_C_50] PACK Jiggy Crystal Amber / Blue
CLABD/Stock/StorageBD/CLA-004-01-02-01;550;BLACK;A+D;89;55;[IBGB2400000721062] [DFSU918001-TORT_C_50] Pack ULTRA LIGHT SQ MED TORTOISE / SMOKE x 50 unid | [IBGB2400000721061] [DFSU918001-TORT_C_50] Pack ULTRA LIGHT SQ MED TORTOISE / SMOKE x 50 unid | [IBGB2400000721044] [DFSU918001-TORT_C_50] Pack ULTRA LIGHT SQ MED TORTOISE / SMOKE x 50 unid | [IBGB2400000721034] [DFSU918001-GREE_C_50] Pack ULTRA LIGHT SQ MED CRYSTAL GREEN / GRAD SMOKE x 50 unid | [IBGB2400000721033] [DFSU918001-GREE_C_50] Pack ULTRA LIGHT SQ MED CRYSTAL GREEN / GRAD SMOKE x 50 unid | [IBGB2400000721019] [DFSU918001-GREE_C_50] Pack ULTRA LIGHT SQ MED CRYSTAL GREEN / GRAD SMOKE x 50 unid | [IBGB2400000721018] [DFSU918001-GREE_C_50] Pack ULTRA LIGHT SQ MED CRYSTAL GREEN / GRAD SMOKE x 50 unid | [IBGB2400000721011] [DFSU918001-GREE_C_50] Pack ULTRA LIGHT SQ MED CRYSTAL GREEN / GRAD SMOKE x 50 unid | [IBGB2400000720890] [DFKSUN0164-0800_C_UNI_UNI_50] Pack Ultra Light SQ Low Navy / Black | [IBGB2400000719791] [DFSU921001-BLAC_C_50] Pack JIGGY BLACK / BLACK x 50 unid | [IBGB2400000719773] [DFSU921001-AMBE_C_50] PACK Jiggy Crystal Amber / Blue
CLABD/Stock/StorageBD/CLA-004-01-02-02;1050;BLACK;A+D;89;105;[IBGB2400000721057] [DFSU918001-TORT_C_50] Pack ULTRA LIGHT SQ MED TORTOISE / SMOKE x 50 unid | [IBGB2400000721055] [DFSU918001-TORT_C_50] Pack ULTRA LIGHT SQ MED TORTOISE / SMOKE x 50 unid | [IBGB2400000720895] [DFKSUN0164-0800_C_UNI_UNI_50] Pack Ultra Light SQ Low Navy / Black | [IBGB2400000720530] [DFSU919001-BLUE_C_50] Pack ULTRA LIGHT S SQUARE BLACK / BLUE x 50 unid | [IBGB2400000719971] [DFSU921001-TRAN_C_50] Pack JIGGY TRANSPARENT / SMOKE x 50 unid | [IBGB2400000719969] [DFSU921001-TRAN_C_50] Pack JIGGY TRANSPARENT / SMOKE x 50 unid | [IBGB2400000719964] [DFSU921001-TRAN_C_50] Pack JIGGY TRANSPARENT / SMOKE x 50 unid | [IBGB2400000719962] [DFSU921001-TRAN_C_50] Pack JIGGY TRANSPARENT / SMOKE x 50 unid | [IBGB2400000719958] [DFSU921001-TRAN_C_50] Pack JIGGY TRANSPARENT / SMOKE x 50 unid | [IBGB2400000719944] [DFSU921001-TRAN_C_50] Pack JIGGY TRANSPARENT / SMOKE x 50 unid | [IBGB2400000719928] [DFSU921001-TRAN_C_50] Pack JIGGY TRANSPARENT / SMOKE x 50 unid | [IBGB2400000719900] [DFSU921001-GREE_C_50] Pack JIGGY CRYSTAL GREEN / SMOKE x 50 unid | [IBGB2400000719894] [DFSU921001-GREE_C_50] Pack JIGGY CRYSTAL GREEN / SMOKE x 50 unid | [IBGB2400000719889] [DFSU921001-GREE_C_50] Pack JIGGY CRYSTAL GREEN / SMOKE x 50 unid | [IBGB2400000719888] [DFSU921001-GREE_C_50] Pack JIGGY CRYSTAL GREEN / SMOKE x 50 unid | [IBGB2400000719854] [DFSU921001-GREE_C_50] Pack JIGGY CRYSTAL GREEN / SMOKE x 50 unid | [IBGB2400000719849] [DFSU921001-GREE_C_50] Pack JIGGY CRYSTAL GREEN / SMOKE x 50 unid | [IBGB2400000719847] [DFSU921001-GREE_C_50] Pack JIGGY CRYSTAL GREEN / SMOKE x 50 unid | [IBGB2400000719838] [DFSU921001-BLAC_C_50] Pack JIGGY BLACK / BLACK x 50 unid | [IBGB2400000719818] [DFSU921001-BLAC_C_50] Pack JIGGY BLACK / BLACK x 50 unid | [IBGB2400000719768] [DFSU921001-AMBE_C_50] PACK Jiggy Crystal Amber / Blue
CLABD/Stock/StorageBD/CLA-004-01-02-03;250;BLACK;A+D;89;25;[IBGB2400000720718] [DFKSUN0173-0800_C_UNI_UNI_50] Pack Ultra Light SQ High Navy / Black | [IBGB2400000720396] [DFKSUN0216-0813_C_50] Pack Ultra Light S Round Trans Brown / Trans Blue x 50 unid | [IBGB2400000720228] [DFKSUN0140-0801_C_UNI_UNI_50] Pack Ultra Light Max Black / Grad Black | [IBGB2400000719630] [DFSU944001-GREY_C_50] PACK Boyd Dark Grey / Brown | [IBGB2400000719623] [DFSU944001-BLAC_C_50] PACK Boyd Black / Black
CLABD/Stock/StorageBD/CLA-004-01-03-03;1150;BLACK;A+D;89;115;[IBGB2400000721051] [DFSU918001-TORT_C_50] Pack ULTRA LIGHT SQ MED TORTOISE / SMOKE x 50 unid | [IBGB2400000720986] [DFKSUN0182-0801_C_UNI_UNI_50] Pack ULTRA LIGHT SQ MED BLACK / GRAD BLACK | [IBGB2400000720970] [DFKSUN0182-0801_C_UNI_UNI_50] Pack ULTRA LIGHT SQ MED BLACK / GRAD BLACK | [IBGB2400000720945] [DFKSUN0181-0804_C_UNI_UNI_50] Pack Ultra Light SQ Med Black / G15 | [IBGB2400000720891] [DFKSUN0164-0800_C_UNI_UNI_50] Pack Ultra Light SQ Low Navy / Black | [IBGB2400000720882] [DFKSUN0163-0804_C_UNI_UNI_50] Pack ULTRA LIGHT SQ LOW MATTE BLACK / G15 | [IBGB2400000720543] [DFSU919001-LAVE_C_50] PACK Ultra Light S Square Trans / Photochromic Lavender | [IBGB2400000719972] [DFSU921001-TRAN_C_50] Pack JIGGY TRANSPARENT / SMOKE x 50 unid | [IBGB2400000719955] [DFSU921001-TRAN_C_50] Pack JIGGY TRANSPARENT / SMOKE x 50 unid | [IBGB2400000719947] [DFSU921001-TRAN_C_50] Pack JIGGY TRANSPARENT / SMOKE x 50 unid | [IBGB2400000719935] [DFSU921001-TRAN_C_50] Pack JIGGY TRANSPARENT / SMOKE x 50 unid | [IBGB2400000719918] [DFSU921001-TRAN_C_50] Pack JIGGY TRANSPARENT / SMOKE x 50 unid | [IBGB2400000719908] [DFSU921001-GREE_C_50] Pack JIGGY CRYSTAL GREEN / SMOKE x 50 unid | [IBGB2400000719902] [DFSU921001-GREE_C_50] Pack JIGGY CRYSTAL GREEN / SMOKE x 50 unid | [IBGB2400000719891] [DFSU921001-GREE_C_50] Pack JIGGY CRYSTAL GREEN / SMOKE x 50 unid | [IBGB2400000719866] [DFSU921001-GREE_C_50] Pack JIGGY CRYSTAL GREEN / SMOKE x 50 unid | [IBGB2400000719855] [DFSU921001-GREE_C_50] Pack JIGGY CRYSTAL GREEN / SMOKE x 50 unid | [IBGB2400000719852] [DFSU921001-GREE_C_50] Pack JIGGY CRYSTAL GREEN / SMOKE x 50 unid | [IBGB2400000719844] [DFSU921001-GREE_C_50] Pack JIGGY CRYSTAL GREEN / SMOKE x 50 unid | [IBGB2400000719839] [DFSU921001-BLAC_C_50] Pack JIGGY BLACK / BLACK x 50 unid | [IBGB2400000719766] [DFSU921001-AMBE_C_50] PACK Jiggy Crystal Amber / Blue | [IBGB2400000719765] [DFSU921001-AMBE_C_50] PACK Jiggy Crystal Amber / Blue | [IBGB2400000719761] [DFSU921001-AMBE_C_50] PACK Jiggy Crystal Amber / Blue
CLABD/Stock/StorageBD/CLA-004-02-01-01;650;BLACK;A+D;89;65;[IBGB2400000720888] [DFKSUN0163-0804_C_UNI_UNI_50] Pack ULTRA LIGHT SQ LOW MATTE BLACK / G15 | [IBGB2400000720695] [DFKSUN0172-0804_C_UNI_UNI_50] Pack ULTRA LIGHT SQ HIGH BLACK / G15 | [IBGB2400000720388] [DFKSUN0216-0813_C_50] Pack Ultra Light S Round Trans Brown / Trans Blue x 50 unid | [IBGB2400000720382] [DFKSUN0216-0813_C_50] Pack Ultra Light S Round Trans Brown / Trans Blue x 50 unid | [IBGB2400000720357] [DFKSUN0216-0813_C_50] Pack Ultra Light S Round Trans Brown / Trans Blue x 50 unid | [IBGB2400000720354] [DFKSUN0216-0813_C_50] Pack Ultra Light S Round Trans Brown / Trans Blue x 50 unid | [IBGB2400000720349] [DFKSUN0216-0813_C_50] Pack Ultra Light S Round Trans Brown / Trans Blue x 50 unid | [IBGB2400000720348] [DFKSUN0216-0813_C_50] Pack Ultra Light S Round Trans Brown / Trans Blue x 50 unid | [IBGB2400000720144] [DFSU939002-GREE_C_50] PACK Rift Matte Black / Green Revo | [IBGB2400000720100] [DFSU939001-SILV_C_50] PACK Rift Transperent / Silver | [IBGB2400000720069] [DFSU939001-BLAC_C_50] PACK Rift Black / Yellow Revo | [IBGB2400000720067] [DFSU939001-BLAC_C_50] PACK Rift Black / Yellow Revo | [IBGB2400000719624] [DFSU944001-BLAC_C_50] PACK Boyd Black / Black
CLABD/Stock/StorageBD/CLA-004-02-01-03;850;BLACK;A+D;89;85;[IBGB2400000720893] [DFKSUN0164-0800_C_UNI_UNI_50] Pack Ultra Light SQ Low Navy / Black | [IBGB2400000720887] [DFKSUN0163-0804_C_UNI_UNI_50] Pack ULTRA LIGHT SQ LOW MATTE BLACK / G15 | [IBGB2400000720731] [DFKSUN0174-0804_C_UNI_UNI_50] Pack Ultra Light SQ High Carey / G15 | [IBGB2400000720667] [DFKSUN0171-0800_C_UNI_UNI_50] Pack Ultra Light SQ High Black / Black | [IBGB2400000720391] [DFKSUN0216-0813_C_50] Pack Ultra Light S Round Trans Brown / Trans Blue x 50 unid | [IBGB2400000720376] [DFKSUN0216-0813_C_50] Pack Ultra Light S Round Trans Brown / Trans Blue x 50 unid | [IBGB2400000720375] [DFKSUN0216-0813_C_50] Pack Ultra Light S Round Trans Brown / Trans Blue x 50 unid | [IBGB2400000720234] [DFKSUN0142-0813_C_50] Pack Ultra Light Max Honey / Grad Blue x 50 unid | [IBGB2400000720229] [DFKSUN0142-0813_C_50] Pack Ultra Light Max Honey / Grad Blue x 50 unid | [IBGB2400000720223] [DFKSUN0140-0801_C_UNI_UNI_50] Pack Ultra Light Max Black / Grad Black | [IBGB2400000720211] [DFKSUN0140-0801_C_UNI_UNI_50] Pack Ultra Light Max Black / Grad Black | [IBGB2400000720106] [DFSU939002-BLAC_C_50] PACK Rift Matte Black / G15 | [IBGB2400000720098] [DFSU939001-SILV_C_50] PACK Rift Transperent / Silver | [IBGB2400000720088] [DFSU939001-GREY_C_50] PACK Rift Trans Grey / Blue Revo | [IBGB2400000720083] [DFSU939001-GREY_C_50] PACK Rift Trans Grey / Blue Revo | [IBGB2400000720070] [DFSU939001-DGRE_C_50] PACK Rift Trans Dark Grey / Red Revo | [IBGB2400000719632] [DFSU944001-GREY_C_50] PACK Boyd Dark Grey / Brown
CLABD/Stock/StorageBD/CLA-004-02-02-01;900;BLACK;A+D;89;90;[IBGB2400000720703] [DFKSUN0172-0804_C_UNI_UNI_50] Pack ULTRA LIGHT SQ HIGH BLACK / G15 | [IBGB2400000720698] [DFKSUN0172-0804_C_UNI_UNI_50] Pack ULTRA LIGHT SQ HIGH BLACK / G15 | [IBGB2400000720697] [DFKSUN0172-0804_C_UNI_UNI_50] Pack ULTRA LIGHT SQ HIGH BLACK / G15 | [IBGB2400000720394] [DFKSUN0216-0813_C_50] Pack Ultra Light S Round Trans Brown / Trans Blue x 50 unid | [IBGB2400000720383] [DFKSUN0216-0813_C_50] Pack Ultra Light S Round Trans Brown / Trans Blue x 50 unid | [IBGB2400000720366] [DFKSUN0216-0813_C_50] Pack Ultra Light S Round Trans Brown / Trans Blue x 50 unid | [IBGB2400000720355] [DFKSUN0216-0813_C_50] Pack Ultra Light S Round Trans Brown / Trans Blue x 50 unid | [IBGB2400000720333] [DFKSUN0214-0802_C_UNI_UNI_50] Pack Ultra Light S Round Amber / Brown | [IBGB2400000720331] [DFKSUN0214-0802_C_UNI_UNI_50] Pack Ultra Light S Round Amber / Brown | [IBGB2400000720254] [DFKSUN0143-0800_C_50] Pack Ultra Light Max Black / Black 50ud. | [IBGB2400000720209] [DFKSUN0140-0801_C_UNI_UNI_50] Pack Ultra Light Max Black / Grad Black | [IBGB2400000720126] [DFSU939002-BLAC_C_50] PACK Rift Matte Black / G15 | [IBGB2400000720081] [DFSU939001-GREY_C_50] PACK Rift Trans Grey / Blue Revo | [IBGB2400000720080] [DFSU939001-GREY_C_50] PACK Rift Trans Grey / Blue Revo | [IBGB2400000720073] [DFSU939001-DGRE_C_50] PACK Rift Trans Dark Grey / Red Revo | [IBGB2400000720072] [DFSU939001-DGRE_C_50] PACK Rift Trans Dark Grey / Red Revo | [IBGB2400000719663] [DFKSUN0245-0804_C_50] Pack Jackson Square Shiny Demi / G15 x 50 unid | [IBGB2400000719637] [DFSU944001-TORT_C_50] PACK Boyd Tort / Black
CLABD/Stock/StorageBD/CLA-004-02-02-03;1200;BLACK;A+D;89;120;[IBGB2400000720874] [DFKSUN0161-0800_C_UNI_UNI_50] Pack Ultra Light SQ Low Black / Black | [IBGB2400000720871] [DFKSUN0161-0800_C_UNI_UNI_50] Pack Ultra Light SQ Low Black / Black | [IBGB2400000720870] [DFKSUN0161-0800_C_UNI_UNI_50] Pack Ultra Light SQ Low Black / Black | [IBGB2400000720532] [DFSU919001-BLUE_C_50] Pack ULTRA LIGHT S SQUARE BLACK / BLUE x 50 unid | [IBGB2400000719984] [DFSU921001-TRAN_C_50] Pack JIGGY TRANSPARENT / SMOKE x 50 unid | [IBGB2400000719983] [DFSU921001-TRAN_C_50] Pack JIGGY TRANSPARENT / SMOKE x 50 unid | [IBGB2400000719979] [DFSU921001-TRAN_C_50] Pack JIGGY TRANSPARENT / SMOKE x 50 unid | [IBGB2400000719953] [DFSU921001-TRAN_C_50] Pack JIGGY TRANSPARENT / SMOKE x 50 unid | [IBGB2400000719937] [DFSU921001-TRAN_C_50] Pack JIGGY TRANSPARENT / SMOKE x 50 unid | [IBGB2400000719931] [DFSU921001-TRAN_C_50] Pack JIGGY TRANSPARENT / SMOKE x 50 unid | [IBGB2400000719915] [DFSU921001-GREE_C_50] Pack JIGGY CRYSTAL GREEN / SMOKE x 50 unid | [IBGB2400000719907] [DFSU921001-GREE_C_50] Pack JIGGY CRYSTAL GREEN / SMOKE x 50 unid | [IBGB2400000719895] [DFSU921001-GREE_C_50] Pack JIGGY CRYSTAL GREEN / SMOKE x 50 unid | [IBGB2400000719878] [DFSU921001-GREE_C_50] Pack JIGGY CRYSTAL GREEN / SMOKE x 50 unid | [IBGB2400000719873] [DFSU921001-GREE_C_50] Pack JIGGY CRYSTAL GREEN / SMOKE x 50 unid | [IBGB2400000719870] [DFSU921001-GREE_C_50] Pack JIGGY CRYSTAL GREEN / SMOKE x 50 unid | [IBGB2400000719857] [DFSU921001-GREE_C_50] Pack JIGGY CRYSTAL GREEN / SMOKE x 50 unid | [IBGB2400000719846] [DFSU921001-GREE_C_50] Pack JIGGY CRYSTAL GREEN / SMOKE x 50 unid | [IBGB2400000719832] [DFSU921001-BLAC_C_50] Pack JIGGY BLACK / BLACK x 50 unid | [IBGB2400000719827] [DFSU921001-BLAC_C_50] Pack JIGGY BLACK / BLACK x 50 unid | [IBGB2400000719826] [DFSU921001-BLAC_C_50] Pack JIGGY BLACK / BLACK x 50 unid | [IBGB2400000719824] [DFSU921001-BLAC_C_50] Pack JIGGY BLACK / BLACK x 50 unid | [IBGB2400000719792] [DFSU921001-BLAC_C_50] Pack JIGGY BLACK / BLACK x 50 unid | [IBGB2400000719754] [DFSU921001-AMBE_C_50] PACK Jiggy Crystal Amber / Blue
CLABD/Stock/StorageBD/CLA-004-02-03-01;1100;BLACK;A+D;89;110;[IBGB2400000720736] [DFSU917001-TRAN_C_50] Pack ULTRA LIGHT SQ HIGH TRANSPARENT / G15 x 50 unid | [IBGB2400000720705] [DFKSUN0172-0804_C_UNI_UNI_50] Pack ULTRA LIGHT SQ HIGH BLACK / G15 | [IBGB2400000720696] [DFKSUN0172-0804_C_UNI_UNI_50] Pack ULTRA LIGHT SQ HIGH BLACK / G15 | [IBGB2400000720692] [DFKSUN0172-0804_C_UNI_UNI_50] Pack ULTRA LIGHT SQ HIGH BLACK / G15 | [IBGB2400000720687] [DFKSUN0171-0800_C_UNI_UNI_50] Pack Ultra Light SQ High Black / Black | [IBGB2400000720400] [DFKSUN0216-0813_C_50] Pack Ultra Light S Round Trans Brown / Trans Blue x 50 unid | [IBGB2400000720390] [DFKSUN0216-0813_C_50] Pack Ultra Light S Round Trans Brown / Trans Blue x 50 unid | [IBGB2400000720381] [DFKSUN0216-0813_C_50] Pack Ultra Light S Round Trans Brown / Trans Blue x 50 unid | [IBGB2400000720371] [DFKSUN0216-0813_C_50] Pack Ultra Light S Round Trans Brown / Trans Blue x 50 unid | [IBGB2400000720369] [DFKSUN0216-0813_C_50] Pack Ultra Light S Round Trans Brown / Trans Blue x 50 unid | [IBGB2400000720329] [DFKSUN0214-0802_C_UNI_UNI_50] Pack Ultra Light S Round Amber / Brown | [IBGB2400000720249] [DFKSUN0143-0800_C_50] Pack Ultra Light Max Black / Black 50ud. | [IBGB2400000720226] [DFKSUN0140-0801_C_UNI_UNI_50] Pack Ultra Light Max Black / Grad Black | [IBGB2400000720214] [DFKSUN0140-0801_C_UNI_UNI_50] Pack Ultra Light Max Black / Grad Black | [IBGB2400000720114] [DFSU939002-BLAC_C_50] PACK Rift Matte Black / G15 | [IBGB2400000720101] [DFSU939001-SILV_C_50] PACK Rift Transperent / Silver | [IBGB2400000720085] [DFSU939001-GREY_C_50] PACK Rift Trans Grey / Blue Revo | [IBGB2400000720076] [DFSU939001-DGRE_C_50] PACK Rift Trans Dark Grey / Red Revo | [IBGB2400000719704] [DFKSUN0246-0800_C_UNI_UNI_50] Pack JACKSON SQUARE SHINY BLACK / SMOKE | [IBGB2400000719673] [DFKSUN0245-0804_C_50] Pack Jackson Square Shiny Demi / G15 x 50 unid | [IBGB2400000719622] [DFSU944001-BLAC_C_50] PACK Boyd Black / Black | [IBGB2400000719621] [DFSU944001-BLAC_C_50] PACK Boyd Black / Black
CLABD/Stock/StorageBD/CLA-004-02-03-03;700;BLACK;D+A;89;70;[IBGB2400000722839] [DFSU937001-BLAC_C_50] PACK Tokyo Low Black / Black | [IBGB2400000722833] [DFSU937001-BLAC_C_50] PACK Tokyo Low Black / Black | [IBGB2400000722788] [DFSU925001-GREE_C_50] Pack TOKYO GREEN / GRADIENT GREEN x 50 unid | [IBGB2400000722783] [DFSU925001-GREE_C_50] Pack TOKYO GREEN / GRADIENT GREEN x 50 unid | [IBGB2400000722775] [DFSU925001-GREE_C_50] Pack TOKYO GREEN / GRADIENT GREEN x 50 unid | [IBGB2400000722774] [DFSU925001-GREE_C_50] Pack TOKYO GREEN / GRADIENT GREEN x 50 unid | [IBGB2400000722773] [DFSU925001-GREE_C_50] Pack TOKYO GREEN / GRADIENT GREEN x 50 unid | [IBGB2400000722766] [DFSU925001-BROW_C_50] Pack TOKYO BROWN / BROWN x 50 unid | [IBGB2400000722765] [DFSU925001-BROW_C_50] Pack TOKYO BROWN / BROWN x 50 unid | [IBGB2400000722763] [DFSU925001-BROW_C_50] Pack TOKYO BROWN / BROWN x 50 unid | [IBGB2400000722752] [DFSU925001-BLAC_C_50] Pack TOKYO BLACK / BLACK x 50 unid | [IBGB2400000722618] [DFSU926001-CARE_C_50] Pack MONACO CAREY / GRADIENT BROWN x 50 unid | [IBGB2400000722592] [DFSU926001-BLAC_C_50] Pack MONACO BLACK / BLACK x 50 unid | [IBGB2400000722138] [DFKSUN5411-0003_C_50] Pack HURRICANE BLACK / RED x 50 unid
CLABD/Stock/StorageBD/CLA-004-04-02-03;81;BLACK;C+A;30;70;[IBGB2400000840619] [DFSH394001-ORAN-38] SONAX SLIDE ORANGE (38) | [IBGB2400000840619] [DFSH394001-BLAC-41] SONAX SLIDE BLACK (41) | [IBGB2400000840619] [DFSH394001-BLAC-38] SONAX SLIDE BLACK (38) | [IBGB2400000840619] [DFSH394001-BLAC-39] SONAX SLIDE BLACK (39) | [IBGB2400000840619] [DFSH394001-ORAN-37] SONAX SLIDE ORANGE (37) | [IBGB2400000840619] [DFSH394001-BLAC-36] SONAX SLIDE BLACK (36) | [IBGB2400000840619] [DFSH394001-BLAC-37] SONAX SLIDE BLACK (37) | [IBGB2400000840617] [DFSH394002-BEIG-40] SONAX CLOG BEIGE (40) | [IBGB2400000840617] [DFSH394001-BEIG-39] SONAX SLIDE BEIGE (39) | [IBGB2400000840617] [DFSH394001-BLAC-38] SONAX SLIDE BLACK (38) | [IBGB2400000840617] [DFSH394001-BLAC-39] SONAX SLIDE BLACK (39) | [IBGB2400000840617] [DFSH394001-PURP-37] SONAX SLIDE PURPLE (37) | [IBGB2400000840617] [DFSH394001-ORAN-40] SONAX SLIDE ORANGE (40) | [IBGB2400000840617] [DFSH394001-BLAC-37] SONAX SLIDE BLACK (37) | [IBGB2400000840617] [DFSH394001-BLAC-36] SONAX SLIDE BLACK (36) | [IBGB2400000840617] [DFSH394001-ORAN-41] SONAX SLIDE ORANGE (41) | [IBGB2400000840617] [DFSH394002-PURP-37] SONAX CLOG PURPLE (37) | [IBGB2400000840614] [DFSH394001-BLAC-38] SONAX SLIDE BLACK (38) | [IBGB2400000840614] [DFSH394001-BLAC-37] SONAX SLIDE BLACK (37) | [IBGB2400000840614] [DFSH394001-BLAC-39] SONAX SLIDE BLACK (39) | [IBGB2400000840614] [DFSH394001-PINK-37] SONAX SLIDE PINK (37) | [IBGB2400000840614] [DFSH394001-BLAC-36] SONAX SLIDE BLACK (36) | [IBGB2400000840614] [DFSH394001-BLAC-41] SONAX SLIDE BLACK (41) | [IBGB2400000840613] [DFSH394001-ORAN-38] SONAX SLIDE ORANGE (38) | [IBGB2400000840613] [DFSH394001-BLAC-36] SONAX SLIDE BLACK (36) | [IBGB2400000840613] [DFSH394001-BLAC-41] SONAX SLIDE BLACK (41) | [IBGB2400000840613] [DFSH394001-BLAC-39] SONAX SLIDE BLACK (39) | [IBGB2400000840613] [DFSH394001-BLAC-37] SONAX SLIDE BLACK (37) | [IBGB2400000840611] [DFSH394001-BLAC-39] SONAX SLIDE BLACK (39) | [IBGB2400000840611] [DFSH394001-BLAC-37] SONAX SLIDE BLACK (37) | [IBGB2400000840611] [DFSH394001-BLAC-41] SONAX SLIDE BLACK (41) | [IBGB2400000840611] [DFSH394001-PINK-37] SONAX SLIDE PINK (37) | [IBGB2400000840611] [DFSH394001-BEIG-39] SONAX SLIDE BEIGE (39) | [IBGB2400000840611] [DFSH394001-BLAC-36] SONAX SLIDE BLACK (36) | [IBGB2400000840611] [DFSH394001-BLAC-38] SONAX SLIDE BLACK (38) | [IBGB2400000840610] [DFSH394001-BLAC-37] SONAX SLIDE BLACK (37) | [IBGB2400000840610] [DFSH394001-BLAC-38] SONAX SLIDE BLACK (38) | [IBGB2400000840610] [DFSH394001-PURP-41] SONAX SLIDE PURPLE (41) | [IBGB2400000840610] [DFSH394002-BEIG-37] SONAX CLOG BEIGE (37) | [IBGB2400000840610] [DFSH394001-PURP-37] SONAX SLIDE PURPLE (37) | [IBGB2400000840610] [DFSH394001-BLAC-36] SONAX SLIDE BLACK (36) | [IBGB2400000840610] [DFSH394001-ORAN-38] SONAX SLIDE ORANGE (38) | [IBGB2400000840610] [DFSH394001-PINK-37] SONAX SLIDE PINK (37) | [IBGB2400000840606] [DFSH394001-PINK-38] SONAX SLIDE PINK (38) | [IBGB2400000840606] [DFSH394001-PINK-41] SONAX SLIDE PINK (41) | [IBGB2400000840606] [DFSH394001-PINK-37] SONAX SLIDE PINK (37) | [IBGB2400000840606] [DFSH394002-PURP-37] SONAX CLOG PURPLE (37) | [IBGB2400000840606] [DFSH394002-PURP-36] SONAX CLOG PURPLE (36)
CLABD/Stock/StorageBD/CLA-004-04-03-03;106;BLACK;B+C+A;30;120;[IBGB2400000840694] [DFSH361007-BLAC-40] FOREST NEO BLACK / BEIGE (40) | [IBGB2400000840694] [DFSH361004-BLAC-37] FOREST NEO BLACK / BLACK (37) | [IBGB2400000840694] [DFSH361009-LIME-37] FOREST NEO STRIPS NEON LIME  (37) | [IBGB2400000840694] [DFSH361009-FUCH-37] FOREST NEO STRIPS FUCHSIA (37) | [IBGB2400000840694] [DFSH361007-BLAC-36] FOREST NEO BLACK / BEIGE (36) | [IBGB2400000840694] [DFSH361007-BLAC-37] FOREST NEO BLACK / BEIGE (37) | [IBGB2400000840694] [DFSH361009-LIME-38] FOREST NEO STRIPS NEON LIME  (38) | [IBGB2400000840694] [DFSH361011-ABUR-37] FOREST NEO SLIDES ANIMAL BURGUNDY  (37) | [IBGB2400000840690] [DFSH361007-BEIG-36] FOREST NEO BEIGE / BEIGE (36) | [IBGB2400000840690] [DFSH361004-BLAC-38] FOREST NEO BLACK / BLACK (38) | [IBGB2400000840690] [DFSH361007-BLAC-36] FOREST NEO BLACK / BEIGE (36) | [IBGB2400000840690] [DFSH361007-BLAC-40] FOREST NEO BLACK / BEIGE (40) | [IBGB2400000840690] [DFSH334001-BEIG-37] BLOOMER BIO BEIGE (37) | [IBGB2400000840690] [DFSH361007-BLAC-37] FOREST NEO BLACK / BEIGE (37) | [IBGB2400000840690] [DFSH394001-BEIG-39] SONAX SLIDE BEIGE (39) | [IBGB2400000840690] [DFSH394001-BEIG-38] SONAX SLIDE BEIGE (38) | [IBGB2400000840690] [DFSH394001-BLAC-36] SONAX SLIDE BLACK (36) | [IBGB2400000840638] [DFSH394001-BLAC-37] SONAX SLIDE BLACK (37) | [IBGB2400000840638] [DFSH394001-BLAC-36] SONAX SLIDE BLACK (36) | [IBGB2400000840638] [DFSH394001-BLAC-39] SONAX SLIDE BLACK (39) | [IBGB2400000840638] [DFSH394001-BLAC-41] SONAX SLIDE BLACK (41) | [IBGB2400000840638] [DFSH394001-BLAC-38] SONAX SLIDE BLACK (38) | [IBGB2400000840636] [DFSH394001-ORAN-39] SONAX SLIDE ORANGE (39) | [IBGB2400000840636] [DFSH394001-ORAN-41] SONAX SLIDE ORANGE (41) | [IBGB2400000840636] [DFSH394001-PURP-41] SONAX SLIDE PURPLE (41) | [IBGB2400000840636] [DFSH394001-BLAC-37] SONAX SLIDE BLACK (37) | [IBGB2400000840636] [DFSH394001-BLAC-41] SONAX SLIDE BLACK (41) | [IBGB2400000840636] [DFSH394001-ORAN-37] SONAX SLIDE ORANGE (37) | [IBGB2400000840636] [DFSH394001-BLAC-36] SONAX SLIDE BLACK (36) | [IBGB2400000840636] [DFSH394001-BEIG-37] SONAX SLIDE BEIGE (37) | [IBGB2400000840635] [DFSH394001-BLAC-37] SONAX SLIDE BLACK (37) | [IBGB2400000840635] [DFSH394001-ORAN-41] SONAX SLIDE ORANGE (41) | [IBGB2400000840635] [DFSH394001-ORAN-36] SONAX SLIDE ORANGE (36) | [IBGB2400000840635] [DFSH394001-ORAN-40] SONAX SLIDE ORANGE (40) | [IBGB2400000840635] [DFSH394001-BEIG-36] SONAX SLIDE BEIGE (36) | [IBGB2400000840635] [DFSH394001-BEIG-39] SONAX SLIDE BEIGE (39) | [IBGB2400000840635] [DFSH394001-BEIG-37] SONAX SLIDE BEIGE (37) | [IBGB2400000840634] [DFSH394001-BEIG-36] SONAX SLIDE BEIGE (36) | [IBGB2400000840634] [DFSH394001-ORAN-39] SONAX SLIDE ORANGE (39) | [IBGB2400000840634] [DFSH394001-BEIG-38] SONAX SLIDE BEIGE (38) | [IBGB2400000840634] [DFSH394001-ORAN-41] SONAX SLIDE ORANGE (41) | [IBGB2400000840634] [DFSH394001-ORAN-37] SONAX SLIDE ORANGE (37) | [IBGB2400000840634] [DFSH394001-ORAN-36] SONAX SLIDE ORANGE (36) | [IBGB2400000840634] [DFSH394001-BLAC-37] SONAX SLIDE BLACK (37) | [IBGB2400000840633] [DFSH394001-BEIG-39] SONAX SLIDE BEIGE (39) | [IBGB2400000840633] [DFSH394001-ORAN-36] SONAX SLIDE ORANGE (36) | [IBGB2400000840633] [DFSH394001-BLAC-37] SONAX SLIDE BLACK (37) | [IBGB2400000840633] [DFSH394001-BLAC-36] SONAX SLIDE BLACK (36) | [IBGB2400000840633] [DFSH394001-BLAC-38] SONAX SLIDE BLACK (38) | [IBGB2400000840633] [DFSH394001-ORAN-39] SONAX SLIDE ORANGE (39) | [IBGB2400000840633] [DFSH394001-BLAC-39] SONAX SLIDE BLACK (39) | [IBGB2400000840632] [DFSH394001-BEIG-37] SONAX SLIDE BEIGE (37) | [IBGB2400000840632] [DFSH394001-BEIG-36] SONAX SLIDE BEIGE (36) | [IBGB2400000840632] [DFSH394001-BEIG-38] SONAX SLIDE BEIGE (38) | [IBGB2400000840632] [DFSH394002-PINK-39] SONAX CLOG PINK (39) | [IBGB2400000840631] [DFSH394001-BLAC-38] SONAX SLIDE BLACK (38) | [IBGB2400000840631] [DFSH394001-BLAC-37] SONAX SLIDE BLACK (37) | [IBGB2400000840631] [DFSH394001-BLAC-39] SONAX SLIDE BLACK (39) | [IBGB2400000840631] [DFSH394001-BEIG-39] SONAX SLIDE BEIGE (39) | [IBGB2400000840631] [DFSH394002-PINK-36] SONAX CLOG PINK (36) | [IBGB2400000840630] [DFSH394001-PURP-39] SONAX SLIDE PURPLE (39) | [IBGB2400000840630] [DFSH394001-BLAC-38] SONAX SLIDE BLACK (38) | [IBGB2400000840630] [DFSH394001-BEIG-39] SONAX SLIDE BEIGE (39) | [IBGB2400000840630] [DFSH394002-PURP-37] SONAX CLOG PURPLE (37) | [IBGB2400000840630] [DFSH394001-PINK-38] SONAX SLIDE PINK (38) | [IBGB2400000840630] [DFSH394001-PURP-37] SONAX SLIDE PURPLE (37) | [IBGB2400000840630] [DFSH394001-BLAC-36] SONAX SLIDE BLACK (36) | [IBGB2400000840629] [DFSH394002-PURP-37] SONAX CLOG PURPLE (37) | [IBGB2400000840629] [DFSH394001-BEIG-37] SONAX SLIDE BEIGE (37) | [IBGB2400000840629] [DFSH394001-PURP-37] SONAX SLIDE PURPLE (37) | [IBGB2400000840629] [DFSH394001-PURP-40] SONAX SLIDE PURPLE (40) | [IBGB2400000840629] [DFSH394001-PURP-41] SONAX SLIDE PURPLE (41) | [IBGB2400000840629] [DFSH394001-BLAC-37] SONAX SLIDE BLACK (37) | [IBGB2400000840629] [DFSH394001-BLAC-36] SONAX SLIDE BLACK (36) | [IBGB2400000840629] [DFSH394001-ORAN-38] SONAX SLIDE ORANGE (38) | [IBGB2400000840629] [DFSH394001-ORAN-41] SONAX SLIDE ORANGE (41) | [IBGB2400000840629] [DFSH394001-ORAN-39] SONAX SLIDE ORANGE (39) | [IBGB2400000840628] [DFSH394001-ORAN-37] SONAX SLIDE ORANGE (37) | [IBGB2400000840628] [DFSH394001-PURP-37] SONAX SLIDE PURPLE (37) | [IBGB2400000840628] [DFSH394001-BEIG-39] SONAX SLIDE BEIGE (39) | [IBGB2400000840628] [DFSH394001-ORAN-39] SONAX SLIDE ORANGE (39) | [IBGB2400000840628] [DFSH394001-BEIG-41] SONAX SLIDE BEIGE (41) | [IBGB2400000840628] [DFSH394001-BEIG-37] SONAX SLIDE BEIGE (37) | [IBGB2400000840628] [DFSH394001-ORAN-40] SONAX SLIDE ORANGE (40)
CLABD/Stock/StorageBD/CLA-004-05-01-01;1200;BLACK;A+D;89;120;[IBGB2400000723447] [DFKSUN0826-0058_C_UNI_UNI_50] Pack ROLLER TR90 TRANS GREY | [IBGB2400000723444] [DFKSUN0826-0058_C_UNI_UNI_50] Pack ROLLER TR90 TRANS GREY | [IBGB2400000723442] [DFKSUN0826-0058_C_UNI_UNI_50] Pack ROLLER TR90 TRANS GREY | [IBGB2400000723438] [DFKSUN0826-0058_C_UNI_UNI_50] Pack ROLLER TR90 TRANS GREY | [IBGB2400000723434] [DFKSUN0826-0058_C_UNI_UNI_50] Pack ROLLER TR90 TRANS GREY | [IBGB2400000723432] [DFKSUN0826-0058_C_UNI_UNI_50] Pack ROLLER TR90 TRANS GREY | [IBGB2400000723429] [DFKSUN0826-0058_C_UNI_UNI_50] Pack ROLLER TR90 TRANS GREY | [IBGB2400000723425] [DFKSUN0826-0058_C_UNI_UNI_50] Pack ROLLER TR90 TRANS GREY | [IBGB2400000723423] [DFKSUN0826-0058_C_UNI_UNI_50] Pack ROLLER TR90 TRANS GREY | [IBGB2400000720728] [DFKSUN0174-0804_C_UNI_UNI_50] Pack Ultra Light SQ High Carey / G15 | [IBGB2400000720725] [DFKSUN0174-0804_C_UNI_UNI_50] Pack Ultra Light SQ High Carey / G15 | [IBGB2400000720690] [DFKSUN0171-0800_C_UNI_UNI_50] Pack Ultra Light SQ High Black / Black | [IBGB2400000720676] [DFKSUN0171-0800_C_UNI_UNI_50] Pack Ultra Light SQ High Black / Black | [IBGB2400000720674] [DFKSUN0171-0800_C_UNI_UNI_50] Pack Ultra Light SQ High Black / Black | [IBGB2400000720668] [DFKSUN0171-0800_C_UNI_UNI_50] Pack Ultra Light SQ High Black / Black | [IBGB2400000720368] [DFKSUN0216-0813_C_50] Pack Ultra Light S Round Trans Brown / Trans Blue x 50 unid | [IBGB2400000720360] [DFKSUN0216-0813_C_50] Pack Ultra Light S Round Trans Brown / Trans Blue x 50 unid | [IBGB2400000720352] [DFKSUN0216-0813_C_50] Pack Ultra Light S Round Trans Brown / Trans Blue x 50 unid | [IBGB2400000720141] [DFSU939002-GREE_C_50] PACK Rift Matte Black / Green Revo | [IBGB2400000720137] [DFSU939002-GREE_C_50] PACK Rift Matte Black / Green Revo | [IBGB2400000720133] [DFSU939002-GREE_C_50] PACK Rift Matte Black / Green Revo | [IBGB2400000719691] [DFKSUN0246-0800_C_UNI_UNI_50] Pack JACKSON SQUARE SHINY BLACK / SMOKE | [IBGB2400000719638] [DFSU944001-TORT_C_50] PACK Boyd Tort / Black | [IBGB2400000719627] [DFSU944001-BLAC_C_50] PACK Boyd Black / Black
CLABD/Stock/StorageBD/CLA-004-05-03-01;1200;BLACK;A+D;89;120;[IBGB2400000720710] [DFKSUN0173-0800_C_UNI_UNI_50] Pack Ultra Light SQ High Navy / Black | [IBGB2400000720691] [DFKSUN0172-0804_C_UNI_UNI_50] Pack ULTRA LIGHT SQ HIGH BLACK / G15 | [IBGB2400000720402] [DFKSUN0216-0813_C_50] Pack Ultra Light S Round Trans Brown / Trans Blue x 50 unid | [IBGB2400000720398] [DFKSUN0216-0813_C_50] Pack Ultra Light S Round Trans Brown / Trans Blue x 50 unid | [IBGB2400000720389] [DFKSUN0216-0813_C_50] Pack Ultra Light S Round Trans Brown / Trans Blue x 50 unid | [IBGB2400000720385] [DFKSUN0216-0813_C_50] Pack Ultra Light S Round Trans Brown / Trans Blue x 50 unid | [IBGB2400000720379] [DFKSUN0216-0813_C_50] Pack Ultra Light S Round Trans Brown / Trans Blue x 50 unid | [IBGB2400000720377] [DFKSUN0216-0813_C_50] Pack Ultra Light S Round Trans Brown / Trans Blue x 50 unid | [IBGB2400000720374] [DFKSUN0216-0813_C_50] Pack Ultra Light S Round Trans Brown / Trans Blue x 50 unid | [IBGB2400000720372] [DFKSUN0216-0813_C_50] Pack Ultra Light S Round Trans Brown / Trans Blue x 50 unid | [IBGB2400000720346] [DFKSUN0216-0813_C_50] Pack Ultra Light S Round Trans Brown / Trans Blue x 50 unid | [IBGB2400000720326] [DFKSUN0214-0802_C_UNI_UNI_50] Pack Ultra Light S Round Amber / Brown | [IBGB2400000720247] [DFKSUN0143-0800_C_50] Pack Ultra Light Max Black / Black 50ud. | [IBGB2400000720119] [DFSU939002-BLAC_C_50] PACK Rift Matte Black / G15 | [IBGB2400000720102] [DFSU939001-SILV_C_50] PACK Rift Transperent / Silver | [IBGB2400000720099] [DFSU939001-SILV_C_50] PACK Rift Transperent / Silver | [IBGB2400000720097] [DFSU939001-SILV_C_50] PACK Rift Transperent / Silver | [IBGB2400000720091] [DFSU939001-GREY_C_50] PACK Rift Trans Grey / Blue Revo | [IBGB2400000720071] [DFSU939001-DGRE_C_50] PACK Rift Trans Dark Grey / Red Revo | [IBGB2400000719688] [DFKSUN0246-0800_C_UNI_UNI_50] Pack JACKSON SQUARE SHINY BLACK / SMOKE | [IBGB2400000719685] [DFKSUN0246-0800_C_UNI_UNI_50] Pack JACKSON SQUARE SHINY BLACK / SMOKE | [IBGB2400000719664] [DFKSUN0245-0804_C_50] Pack Jackson Square Shiny Demi / G15 x 50 unid | [IBGB2400000719631] [DFSU944001-GREY_C_50] PACK Boyd Dark Grey / Brown | [IBGB2400000719625] [DFSU944001-BLAC_C_50] PACK Boyd Black / Black
CLABD/Stock/StorageBD/CLA-004-05-03-02;1250;BLACK;A+D;89;125;[IBGB2400000720714] [DFKSUN0173-0800_C_UNI_UNI_50] Pack Ultra Light SQ High Navy / Black | [IBGB2400000720711] [DFKSUN0173-0800_C_UNI_UNI_50] Pack Ultra Light SQ High Navy / Black | [IBGB2400000720704] [DFKSUN0172-0804_C_UNI_UNI_50] Pack ULTRA LIGHT SQ HIGH BLACK / G15 | [IBGB2400000720689] [DFKSUN0171-0800_C_UNI_UNI_50] Pack Ultra Light SQ High Black / Black | [IBGB2400000720401] [DFKSUN0216-0813_C_50] Pack Ultra Light S Round Trans Brown / Trans Blue x 50 unid | [IBGB2400000720347] [DFKSUN0216-0813_C_50] Pack Ultra Light S Round Trans Brown / Trans Blue x 50 unid | [IBGB2400000720328] [DFKSUN0214-0802_C_UNI_UNI_50] Pack Ultra Light S Round Amber / Brown | [IBGB2400000720325] [DFKSUN0214-0802_C_UNI_UNI_50] Pack Ultra Light S Round Amber / Brown | [IBGB2400000720322] [DFKSUN0214-0802_C_UNI_UNI_50] Pack Ultra Light S Round Amber / Brown | [IBGB2400000720320] [DFKSUN0214-0802_C_UNI_UNI_50] Pack Ultra Light S Round Amber / Brown | [IBGB2400000720261] [DFSU913001-AMBE_C_50] PACK Ultra Light Max Amber / Blue | [IBGB2400000720244] [DFKSUN0143-0800_C_50] Pack Ultra Light Max Black / Black 50ud. | [IBGB2400000720237] [DFKSUN0142-0813_C_50] Pack Ultra Light Max Honey / Grad Blue x 50 unid | [IBGB2400000720116] [DFSU939002-BLAC_C_50] PACK Rift Matte Black / G15 | [IBGB2400000720113] [DFSU939002-BLAC_C_50] PACK Rift Matte Black / G15 | [IBGB2400000720112] [DFSU939002-BLAC_C_50] PACK Rift Matte Black / G15 | [IBGB2400000720110] [DFSU939002-BLAC_C_50] PACK Rift Matte Black / G15 | [IBGB2400000720109] [DFSU939002-BLAC_C_50] PACK Rift Matte Black / G15 | [IBGB2400000720107] [DFSU939002-BLAC_C_50] PACK Rift Matte Black / G15 | [IBGB2400000720103] [DFSU939001-SILV_C_50] PACK Rift Transperent / Silver | [IBGB2400000720084] [DFSU939001-GREY_C_50] PACK Rift Trans Grey / Blue Revo | [IBGB2400000720066] [DFSU939001-BLAC_C_50] PACK Rift Black / Yellow Revo | [IBGB2400000719708] [DFKSUN0246-0800_C_UNI_UNI_50] Pack JACKSON SQUARE SHINY BLACK / SMOKE | [IBGB2400000719705] [DFKSUN0246-0800_C_UNI_UNI_50] Pack JACKSON SQUARE SHINY BLACK / SMOKE | [IBGB2400000719634] [DFSU944001-TORT_C_50] PACK Boyd Tort / Black
CLABD/Stock/StorageBD/CLA-004-05-03-03;1200;BLACK;A+D;89;120;[IBGB2400000720739] [DFSU917001-TRAN_C_50] Pack ULTRA LIGHT SQ HIGH TRANSPARENT / G15 x 50 unid | [IBGB2400000720737] [DFSU917001-TRAN_C_50] Pack ULTRA LIGHT SQ HIGH TRANSPARENT / G15 x 50 unid | [IBGB2400000720707] [DFKSUN0172-0804_C_UNI_UNI_50] Pack ULTRA LIGHT SQ HIGH BLACK / G15 | [IBGB2400000720701] [DFKSUN0172-0804_C_UNI_UNI_50] Pack ULTRA LIGHT SQ HIGH BLACK / G15 | [IBGB2400000720693] [DFKSUN0172-0804_C_UNI_UNI_50] Pack ULTRA LIGHT SQ HIGH BLACK / G15 | [IBGB2400000720682] [DFKSUN0171-0800_C_UNI_UNI_50] Pack Ultra Light SQ High Black / Black | [IBGB2400000720384] [DFKSUN0216-0813_C_50] Pack Ultra Light S Round Trans Brown / Trans Blue x 50 unid | [IBGB2400000720380] [DFKSUN0216-0813_C_50] Pack Ultra Light S Round Trans Brown / Trans Blue x 50 unid | [IBGB2400000720359] [DFKSUN0216-0813_C_50] Pack Ultra Light S Round Trans Brown / Trans Blue x 50 unid | [IBGB2400000720318] [DFKSUN0214-0802_C_UNI_UNI_50] Pack Ultra Light S Round Amber / Brown | [IBGB2400000720317] [DFKSUN0214-0802_C_UNI_UNI_50] Pack Ultra Light S Round Amber / Brown | [IBGB2400000720248] [DFKSUN0143-0800_C_50] Pack Ultra Light Max Black / Black 50ud. | [IBGB2400000720127] [DFSU939002-BLAC_C_50] PACK Rift Matte Black / G15 | [IBGB2400000720120] [DFSU939002-BLAC_C_50] PACK Rift Matte Black / G15 | [IBGB2400000720117] [DFSU939002-BLAC_C_50] PACK Rift Matte Black / G15 | [IBGB2400000720086] [DFSU939001-GREY_C_50] PACK Rift Trans Grey / Blue Revo | [IBGB2400000720077] [DFSU939001-DGRE_C_50] PACK Rift Trans Dark Grey / Red Revo | [IBGB2400000719698] [DFKSUN0246-0800_C_UNI_UNI_50] Pack JACKSON SQUARE SHINY BLACK / SMOKE | [IBGB2400000719671] [DFKSUN0245-0804_C_50] Pack Jackson Square Shiny Demi / G15 x 50 unid | [IBGB2400000719629] [DFSU944001-BLAC_C_50] PACK Boyd Black / Black | [IBGB2400000719626] [DFSU944001-BLAC_C_50] PACK Boyd Black / Black | [IBGB2400000720395] [DFKSUN0216-0813_C_50] Pack Ultra Light S Round Trans Brown / Trans Blue x 50 unid | [IBGB2400000720330] [DFKSUN0214-0802_C_UNI_UNI_50] Pack Ultra Light S Round Amber / Brown | [IBGB2400000720316] [DFKSUN0214-0802_C_UNI_UNI_50] Pack Ultra Light S Round Amber / Brown
CLABD/Stock/StorageBD/CLA-004-06-01-02;900;BLACK;A+D;89;90;[IBGB2400000720967] [DFKSUN0182-0801_C_UNI_UNI_50] Pack ULTRA LIGHT SQ MED BLACK / GRAD BLACK | [IBGB2400000720937] [DFKSUN0181-0804_C_UNI_UNI_50] Pack Ultra Light SQ Med Black / G15 | [IBGB2400000720672] [DFKSUN0171-0800_C_UNI_UNI_50] Pack Ultra Light SQ High Black / Black | [IBGB2400000720533] [DFSU919001-BLUE_C_50] Pack ULTRA LIGHT S SQUARE BLACK / BLUE x 50 unid | [IBGB2400000720441] [DFKSUN0216-0813_C_50] Pack Ultra Light S Round Trans Brown / Trans Blue x 50 unid | [IBGB2400000720432] [DFKSUN0216-0813_C_50] Pack Ultra Light S Round Trans Brown / Trans Blue x 50 unid | [IBGB2400000720423] [DFKSUN0216-0813_C_50] Pack Ultra Light S Round Trans Brown / Trans Blue x 50 unid | [IBGB2400000720422] [DFKSUN0216-0813_C_50] Pack Ultra Light S Round Trans Brown / Trans Blue x 50 unid | [IBGB2400000720416] [DFKSUN0216-0813_C_50] Pack Ultra Light S Round Trans Brown / Trans Blue x 50 unid | [IBGB2400000720409] [DFKSUN0216-0813_C_50] Pack Ultra Light S Round Trans Brown / Trans Blue x 50 unid | [IBGB2400000720405] [DFKSUN0216-0813_C_50] Pack Ultra Light S Round Trans Brown / Trans Blue x 50 unid | [IBGB2400000720298] [DFKSUN0211-0802_C_50] Pack Ultra Light S Round Havana / Brown x 50 unid | [IBGB2400000720296] [DFKSUN0211-0802_C_50] Pack Ultra Light S Round Havana / Brown x 50 unid | [IBGB2400000720095] [DFSU939001-GREY_C_50] PACK Rift Trans Grey / Blue Revo | [IBGB2400000719713] [DFKSUN0246-0800_C_UNI_UNI_50] Pack JACKSON SQUARE SHINY BLACK / SMOKE | [IBGB2400000719682] [DFKSUN0245-0804_C_50] Pack Jackson Square Shiny Demi / G15 x 50 unid | [IBGB2400000719678] [DFKSUN0245-0804_C_50] Pack Jackson Square Shiny Demi / G15 x 50 unid | [IBGB2400000719674] [DFKSUN0245-0804_C_50] Pack Jackson Square Shiny Demi / G15 x 50 unid
CLABD/Stock/StorageBD/CLA-004-06-01-03;1100;BLACK;A+D;89;110;[IBGB2400000630038] [DFKSUN0181-0804_C_UNI_UNI_50] Pack Ultra Light SQ Med Black / G15 | [IBGB2400000630035] [DFKSUN0181-0804_C_UNI_UNI_50] Pack Ultra Light SQ Med Black / G15 | [IBGB2400000630028] [DFKSUN0181-0804_C_UNI_UNI_50] Pack Ultra Light SQ Med Black / G15 | [IBGB2400000629986] [DFKSUN0165-0803_C_UNI_UNI_50] Pack Ultra Light SQ Low Brown / Grad Brown | [IBGB2400000629937] [DFKSUN0161-0800_C_UNI_UNI_50] Pack Ultra Light SQ Low Black / Black | [IBGB2400000629936] [DFKSUN0161-0800_C_UNI_UNI_50] Pack Ultra Light SQ Low Black / Black | [IBGB2400000629880] [DFSU917001-TRAN_C_50] Pack ULTRA LIGHT SQ HIGH TRANSPARENT / G15 x 50 unid | [IBGB2400000629853] [DFSU917001-GREE_C_50] Pack ULTRA LIGHT SQ HIGH CRYSTAL GREEN / SMOKE x 50 unid | [IBGB2400000629852] [DFSU917001-GREE_C_50] Pack ULTRA LIGHT SQ HIGH CRYSTAL GREEN / SMOKE x 50 unid | [IBGB2400000629849] [DFSU917001-GREE_C_50] Pack ULTRA LIGHT SQ HIGH CRYSTAL GREEN / SMOKE x 50 unid | [IBGB2400000629846] [DFSU917001-GREE_C_50] Pack ULTRA LIGHT SQ HIGH CRYSTAL GREEN / SMOKE x 50 unid | [IBGB2400000629553] [DFSU919001-GREY_C_50] PACK Ultra Light S Square Gradient Grey / Brown | [IBGB2400000629353] [DFKSUN0211-0802_C_50] Pack Ultra Light S Round Havana / Brown x 50 unid | [IBGB2400000629343] [DFKSUN0211-0802_C_50] Pack Ultra Light S Round Havana / Brown x 50 unid | [IBGB2400000629334] [DFKSUN0211-0802_C_50] Pack Ultra Light S Round Havana / Brown x 50 unid | [IBGB2400000629332] [DFKSUN0211-0802_C_50] Pack Ultra Light S Round Havana / Brown x 50 unid | [IBGB2400000629325] [DFKSUN0211-0802_C_50] Pack Ultra Light S Round Havana / Brown x 50 unid | [IBGB2400000629318] [DFKSUN0211-0802_C_50] Pack Ultra Light S Round Havana / Brown x 50 unid | [IBGB2400000629316] [DFKSUN0211-0802_C_50] Pack Ultra Light S Round Havana / Brown x 50 unid | [IBGB2400000628379] [DFSU921001-GREE_C_50] Pack JIGGY CRYSTAL GREEN / SMOKE x 50 unid | [IBGB2400000628372] [DFSU921001-GREE_C_50] Pack JIGGY CRYSTAL GREEN / SMOKE x 50 unid | [IBGB2400000720406] [DFKSUN0216-0813_C_50] Pack Ultra Light S Round Trans Brown / Trans Blue x 50 unid
CLABD/Stock/StorageBD/CLA-004-06-02-02;950;BLACK;D+A;45;95;[IBGB2400000629706] [DFSU919001-TORT_C_50] PACK Ultra Light S Square Matte Tort / Photochromic Brown | [IBGB2400000629698] [DFSU919001-TORT_C_50] PACK Ultra Light S Square Matte Tort / Photochromic Brown | [IBGB2400000629697] [DFSU919001-TORT_C_50] PACK Ultra Light S Square Matte Tort / Photochromic Brown | [IBGB2400000629592] [DFSU919001-GREY_C_50] PACK Ultra Light S Square Gradient Grey / Brown | [IBGB2400000629573] [DFSU919001-GREY_C_50] PACK Ultra Light S Square Gradient Grey / Brown | [IBGB2400000629572] [DFSU919001-GREY_C_50] PACK Ultra Light S Square Gradient Grey / Brown | [IBGB2400000629547] [DFSU919001-GREY_C_50] PACK Ultra Light S Square Gradient Grey / Brown | [IBGB2400000629542] [DFSU919001-GREY_C_50] PACK Ultra Light S Square Gradient Grey / Brown | [IBGB2400000629522] [DFSU919001-BLUE_C_50] Pack ULTRA LIGHT S SQUARE BLACK / BLUE x 50 unid | [IBGB2400000629517] [DFSU919001-BLUE_C_50] Pack ULTRA LIGHT S SQUARE BLACK / BLUE x 50 unid | [IBGB2400000629507] [DFSU919001-BLUE_C_50] Pack ULTRA LIGHT S SQUARE BLACK / BLUE x 50 unid | [IBGB2400000629494] [DFSU919001-BLUE_C_50] Pack ULTRA LIGHT S SQUARE BLACK / BLUE x 50 unid | [IBGB2400000628861] [DFSU942001-TORT_C_50] PACK Ultra Light Ellipse Amber Tort / Blue | [IBGB2400000628847] [DFSU942001-BLAC_C_50] PACK Ultra Light Ellipse Black / Black | [IBGB2400000628842] [DFSU942001-BLAC_C_50] PACK Ultra Light Ellipse Black / Black | [IBGB2400000620390] [DFKSUN0218_C_50] Pack Ultra Light S Round Trans Grey / Grey x 50 unid | [IBGB2400000620374] [DFKSUN0218_C_50] Pack Ultra Light S Round Trans Grey / Grey x 50 unid | [IBGB2400000620053] [DFSU913001-TRAN_C_50] Pack ULTRA LIGHT MAX TRANSPARENT / G15 x 50 unid | [IBGB2400000620046] [DFSU913001-TRAN_C_50] Pack ULTRA LIGHT MAX TRANSPARENT / G15 x 50 unid
CLABD/Stock/StorageBD/CLA-004-06-03-01;750;BLACK;A+D;89;75;[IBGB2400000722237] [DFSU929001-PURP] Pack HURRICANE FIFTY GRAD PURPLE / BLUE x 50 unid | [IBGB2400000720996] [DFKSUN0184-0804_C_UNI_UNI_50] Pack ULTRA LIGHT SQ MED AMBER / G15 | [IBGB2400000720969] [DFKSUN0182-0801_C_UNI_UNI_50] Pack ULTRA LIGHT SQ MED BLACK / GRAD BLACK | [IBGB2400000720894] [DFKSUN0164-0800_C_UNI_UNI_50] Pack Ultra Light SQ Low Navy / Black | [IBGB2400000720885] [DFKSUN0163-0804_C_UNI_UNI_50] Pack ULTRA LIGHT SQ LOW MATTE BLACK / G15 | [IBGB2400000720433] [DFKSUN0216-0813_C_50] Pack Ultra Light S Round Trans Brown / Trans Blue x 50 unid | [IBGB2400000720413] [DFKSUN0216-0813_C_50] Pack Ultra Light S Round Trans Brown / Trans Blue x 50 unid | [IBGB2400000720345] [DFKSUN0214-0802_C_UNI_UNI_50] Pack Ultra Light S Round Amber / Brown | [IBGB2400000720300] [DFKSUN0211-0802_C_50] Pack Ultra Light S Round Havana / Brown x 50 unid | [IBGB2400000720221] [DFKSUN0140-0801_C_UNI_UNI_50] Pack Ultra Light Max Black / Grad Black | [IBGB2400000720130] [DFSU939002-BLAC_C_50] PACK Rift Matte Black / G15 | [IBGB2400000719784] [DFSU921001-AMBE_C_50] PACK Jiggy Crystal Amber / Blue | [IBGB2400000719779] [DFSU921001-AMBE_C_50] PACK Jiggy Crystal Amber / Blue | [IBGB2400000719716] [DFKSUN0246-0800_C_UNI_UNI_50] Pack JACKSON SQUARE SHINY BLACK / SMOKE | [IBGB2400000719676] [DFKSUN0245-0804_C_50] Pack Jackson Square Shiny Demi / G15 x 50 unid
CLABD/Stock/StorageBD/CLA-004-06-03-03;900;BLACK;A+D;124;90;[IBGB2400000722596] [DFSU926001-BLAC_C_50] Pack MONACO BLACK / BLACK x 50 unid | [IBGB2400000722388] [DFSU929001-RED_C_50] Pack HURRICANE FIFTY GRAD RED / RED x 50 unid | [IBGB2400000722160] [DFKSUN5411-0003_C_50] Pack HURRICANE BLACK / RED x 50 unid | [IBGB2400000721013] [DFSU918001-GREE_C_50] Pack ULTRA LIGHT SQ MED CRYSTAL GREEN / GRAD SMOKE x 50 unid | [IBGB2400000721004] [DFSU918001-GREE_C_50] Pack ULTRA LIGHT SQ MED CRYSTAL GREEN / GRAD SMOKE x 50 unid | [IBGB2400000720412] [DFKSUN0216-0813_C_50] Pack Ultra Light S Round Trans Brown / Trans Blue x 50 unid | [IBGB2400000720338] [DFKSUN0214-0802_C_UNI_UNI_50] Pack Ultra Light S Round Amber / Brown | [IBGB2400000720309] [DFKSUN0211-0802_C_50] Pack Ultra Light S Round Havana / Brown x 50 unid | [IBGB2400000720230] [DFKSUN0142-0813_C_50] Pack Ultra Light Max Honey / Grad Blue x 50 unid | [IBGB2400000720212] [DFKSUN0140-0801_C_UNI_UNI_50] Pack Ultra Light Max Black / Grad Black | [IBGB2400000720092] [DFSU939001-GREY_C_50] PACK Rift Trans Grey / Blue Revo | [IBGB2400000719723] [DFKSUN0246-0800_C_UNI_UNI_50] Pack JACKSON SQUARE SHINY BLACK / SMOKE | [IBGB2400000719720] [DFKSUN0246-0800_C_UNI_UNI_50] Pack JACKSON SQUARE SHINY BLACK / SMOKE | [IBGB2400000719715] [DFKSUN0246-0800_C_UNI_UNI_50] Pack JACKSON SQUARE SHINY BLACK / SMOKE | [IBGB2400000719710] [DFKSUN0246-0800_C_UNI_UNI_50] Pack JACKSON SQUARE SHINY BLACK / SMOKE | [IBGB2400000719709] [DFKSUN0246-0800_C_UNI_UNI_50] Pack JACKSON SQUARE SHINY BLACK / SMOKE | [IBGB2400000719680] [DFKSUN0245-0804_C_50] Pack Jackson Square Shiny Demi / G15 x 50 unid | [IBGB2400000621114] [DFSU938001-SAND_C_50] PACK Holly Sand / Gradient Amber
CLABD/Stock/StorageBD/CLA-004-07-01-03;650;BLACK;A+D;89;65;[IBGB2400000722745] [DFSU925001-BLAC_C_50] Pack TOKYO BLACK / BLACK x 50 unid | [IBGB2400000722443] [DFSU930001-GREE] Pack HURRICANE GRAD GREEN / ORANGE x 50 unid | [IBGB2400000722435] [DFSU930001-GREE] Pack HURRICANE GRAD GREEN / ORANGE x 50 unid | [IBGB2400000722382] [DFSU929001-RED_C_50] Pack HURRICANE FIFTY GRAD RED / RED x 50 unid | [IBGB2400000722360] [DFSU929001-RED_C_50] Pack HURRICANE FIFTY GRAD RED / RED x 50 unid | [IBGB2400000720985] [DFKSUN0182-0801_C_UNI_UNI_50] Pack ULTRA LIGHT SQ MED BLACK / GRAD BLACK | [IBGB2400000720965] [DFKSUN0182-0801_C_UNI_UNI_50] Pack ULTRA LIGHT SQ MED BLACK / GRAD BLACK | [IBGB2400000720936] [DFKSUN0181-0804_C_UNI_UNI_50] Pack Ultra Light SQ Med Black / G15 | [IBGB2400000720220] [DFKSUN0140-0801_C_UNI_UNI_50] Pack Ultra Light Max Black / Grad Black | [IBGB2400000719813] [DFSU921001-BLAC_C_50] Pack JIGGY BLACK / BLACK x 50 unid | [IBGB2400000719804] [DFSU921001-BLAC_C_50] Pack JIGGY BLACK / BLACK x 50 unid | [IBGB2400000719719] [DFKSUN0246-0800_C_UNI_UNI_50] Pack JACKSON SQUARE SHINY BLACK / SMOKE | [IBGB2400000719639] [DFSU944001-TORT_C_50] PACK Boyd Tort / Black
CLABD/Stock/StorageBD/CLA-004-07-02-01;850;BLACK;D+A;89;85;[IBGB2400000722846] [DFSU937001-BLAC_C_50] PACK Tokyo Low Black / Black | [IBGB2400000722842] [DFSU937001-BLAC_C_50] PACK Tokyo Low Black / Black | [IBGB2400000722829] [DFSU937001-BLAC_C_50] PACK Tokyo Low Black / Black | [IBGB2400000722827] [DFSU937001-BLAC_C_50] PACK Tokyo Low Black / Black | [IBGB2400000722795] [DFSU925001-GREE_C_50] Pack TOKYO GREEN / GRADIENT GREEN x 50 unid | [IBGB2400000722789] [DFSU925001-GREE_C_50] Pack TOKYO GREEN / GRADIENT GREEN x 50 unid | [IBGB2400000722787] [DFSU925001-GREE_C_50] Pack TOKYO GREEN / GRADIENT GREEN x 50 unid | [IBGB2400000722779] [DFSU925001-GREE_C_50] Pack TOKYO GREEN / GRADIENT GREEN x 50 unid | [IBGB2400000722778] [DFSU925001-GREE_C_50] Pack TOKYO GREEN / GRADIENT GREEN x 50 unid | [IBGB2400000722762] [DFSU925001-BROW_C_50] Pack TOKYO BROWN / BROWN x 50 unid | [IBGB2400000722750] [DFSU925001-BLAC_C_50] Pack TOKYO BLACK / BLACK x 50 unid | [IBGB2400000722733] [DFSU925001-BLAC_C_50] Pack TOKYO BLACK / BLACK x 50 unid | [IBGB2400000722731] [DFSU925001-BLAC_C_50] Pack TOKYO BLACK / BLACK x 50 unid | [IBGB2400000722619] [DFSU926001-CARE_C_50] Pack MONACO CAREY / GRADIENT BROWN x 50 unid | [IBGB2400000722602] [DFSU926001-BLAC_C_50] Pack MONACO BLACK / BLACK x 50 unid | [IBGB2400000722598] [DFSU926001-BLAC_C_50] Pack MONACO BLACK / BLACK x 50 unid | [IBGB2400000722594] [DFSU926001-BLAC_C_50] Pack MONACO BLACK / BLACK x 50 unid
CLABD/Stock/StorageBD/CLA-004-07-02-03;950;BLACK;A+D;89;95;[IBGB2400000722961] [DFKSUN0213-0800_C_50] Pack Ultra Light S Round Crystal Grey / Black x 50 unid | [IBGB2400000722386] [DFSU929001-RED_C_50] Pack HURRICANE FIFTY GRAD RED / RED x 50 unid | [IBGB2400000722364] [DFSU929001-RED_C_50] Pack HURRICANE FIFTY GRAD RED / RED x 50 unid | [IBGB2400000721035] [DFSU918001-GREE_C_50] Pack ULTRA LIGHT SQ MED CRYSTAL GREEN / GRAD SMOKE x 50 unid | [IBGB2400000720960] [DFKSUN0181-0804_C_UNI_UNI_50] Pack Ultra Light SQ Med Black / G15 | [IBGB2400000720881] [DFKSUN0161-0800_C_UNI_UNI_50] Pack Ultra Light SQ Low Black / Black | [IBGB2400000720721] [DFKSUN0173-0800_C_UNI_UNI_50] Pack Ultra Light SQ High Navy / Black | [IBGB2400000720720] [DFKSUN0173-0800_C_UNI_UNI_50] Pack Ultra Light SQ High Navy / Black | [IBGB2400000720439] [DFKSUN0216-0813_C_50] Pack Ultra Light S Round Trans Brown / Trans Blue x 50 unid | [IBGB2400000720434] [DFKSUN0216-0813_C_50] Pack Ultra Light S Round Trans Brown / Trans Blue x 50 unid | [IBGB2400000720425] [DFKSUN0216-0813_C_50] Pack Ultra Light S Round Trans Brown / Trans Blue x 50 unid | [IBGB2400000720424] [DFKSUN0216-0813_C_50] Pack Ultra Light S Round Trans Brown / Trans Blue x 50 unid | [IBGB2400000720408] [DFKSUN0216-0813_C_50] Pack Ultra Light S Round Trans Brown / Trans Blue x 50 unid | [IBGB2400000720305] [DFKSUN0211-0802_C_50] Pack Ultra Light S Round Havana / Brown x 50 unid | [IBGB2400000720297] [DFKSUN0211-0802_C_50] Pack Ultra Light S Round Havana / Brown x 50 unid | [IBGB2400000720295] [DFKSUN0211-0802_C_50] Pack Ultra Light S Round Havana / Brown x 50 unid | [IBGB2400000720222] [DFKSUN0140-0801_C_UNI_UNI_50] Pack Ultra Light Max Black / Grad Black | [IBGB2400000719711] [DFKSUN0246-0800_C_UNI_UNI_50] Pack JACKSON SQUARE SHINY BLACK / SMOKE | [IBGB2400000719628] [DFSU944001-BLAC_C_50] PACK Boyd Black / Black
CLABD/Stock/StorageBD/CLA-004-07-03-01;800;BLACK;A+D;89;80;[IBGB2400000723016] [DFKSUN0213-0800_C_50] Pack Ultra Light S Round Crystal Grey / Black x 50 unid | [IBGB2400000723015] [DFKSUN0213-0800_C_50] Pack Ultra Light S Round Crystal Grey / Black x 50 unid | [IBGB2400000722664] [DFSU935001-BROW_C_50] PACK Quad Legacy Gold / Brown | [IBGB2400000722663] [DFSU935001-BROW_C_50] PACK Quad Legacy Gold / Brown | [IBGB2400000722660] [DFSU935001-BROW_C_50] PACK Quad Legacy Gold / Brown | [IBGB2400000722451] [DFSU930001-PURP] Pack HURRICANE GRAD PURPLE / PINK x 50 unid | [IBGB2400000722342] [DFSU929001-RED_C_50] Pack HURRICANE FIFTY GRAD RED / RED x 50 unid | [IBGB2400000722281] [DFSU929001-PURP] Pack HURRICANE FIFTY GRAD PURPLE / BLUE x 50 unid | [IBGB2400000722275] [DFSU929001-PURP] Pack HURRICANE FIFTY GRAD PURPLE / BLUE x 50 unid | [IBGB2400000722270] [DFSU929001-PURP] Pack HURRICANE FIFTY GRAD PURPLE / BLUE x 50 unid | [IBGB2400000722268] [DFSU929001-PURP] Pack HURRICANE FIFTY GRAD PURPLE / BLUE x 50 unid | [IBGB2400000722264] [DFSU929001-PURP] Pack HURRICANE FIFTY GRAD PURPLE / BLUE x 50 unid | [IBGB2400000722259] [DFSU929001-PURP] Pack HURRICANE FIFTY GRAD PURPLE / BLUE x 50 unid | [IBGB2400000722157] [DFKSUN5411-0003_C_50] Pack HURRICANE BLACK / RED x 50 unid | [IBGB2400000722156] [DFKSUN5411-0003_C_50] Pack HURRICANE BLACK / RED x 50 unid | [IBGB2400000722141] [DFKSUN5411-0003_C_50] Pack HURRICANE BLACK / RED x 50 unid
CLABD/Stock/StorageBD/CLA-004-07-03-02;850;BLACK;D+A;89;85;[IBGB2400000722857] [DFSU937001-RUST_C_50] PACK Tokyo Low Rust / G15 | [IBGB2400000722845] [DFSU937001-BLAC_C_50] PACK Tokyo Low Black / Black | [IBGB2400000722841] [DFSU937001-BLAC_C_50] PACK Tokyo Low Black / Black | [IBGB2400000722838] [DFSU937001-BLAC_C_50] PACK Tokyo Low Black / Black | [IBGB2400000722798] [DFSU925001-GREE_C_50] Pack TOKYO GREEN / GRADIENT GREEN x 50 unid | [IBGB2400000722791] [DFSU925001-GREE_C_50] Pack TOKYO GREEN / GRADIENT GREEN x 50 unid | [IBGB2400000722784] [DFSU925001-GREE_C_50] Pack TOKYO GREEN / GRADIENT GREEN x 50 unid | [IBGB2400000722768] [DFSU925001-GREE_C_50] Pack TOKYO GREEN / GRADIENT GREEN x 50 unid | [IBGB2400000722754] [DFSU925001-BLAC_C_50] Pack TOKYO BLACK / BLACK x 50 unid | [IBGB2400000722741] [DFSU925001-BLAC_C_50] Pack TOKYO BLACK / BLACK x 50 unid | [IBGB2400000722738] [DFSU925001-BLAC_C_50] Pack TOKYO BLACK / BLACK x 50 unid | [IBGB2400000722732] [DFSU925001-BLAC_C_50] Pack TOKYO BLACK / BLACK x 50 unid | [IBGB2400000722616] [DFSU926001-CARE_C_50] Pack MONACO CAREY / GRADIENT BROWN x 50 unid | [IBGB2400000722615] [DFSU926001-CARE_C_50] Pack MONACO CAREY / GRADIENT BROWN x 50 unid | [IBGB2400000722614] [DFSU926001-CARE_C_50] Pack MONACO CAREY / GRADIENT BROWN x 50 unid | [IBGB2400000722600] [DFSU926001-BLAC_C_50] Pack MONACO BLACK / BLACK x 50 unid | [IBGB2400000722591] [DFSU926001-BLAC_C_50] Pack MONACO BLACK / BLACK x 50 unid
CLABD/Stock/StorageBD/CLA-004-07-03-03;850;BLACK;D+A;89;85;[IBGB2400000722853] [DFSU937001-RUST_C_50] PACK Tokyo Low Rust / G15 | [IBGB2400000722852] [DFSU937001-RUST_C_50] PACK Tokyo Low Rust / G15 | [IBGB2400000722850] [DFSU937001-BLAC_C_50] PACK Tokyo Low Black / Black | [IBGB2400000722843] [DFSU937001-BLAC_C_50] PACK Tokyo Low Black / Black | [IBGB2400000722799] [DFSU925001-GREE_C_50] Pack TOKYO GREEN / GRADIENT GREEN x 50 unid | [IBGB2400000722796] [DFSU925001-GREE_C_50] Pack TOKYO GREEN / GRADIENT GREEN x 50 unid | [IBGB2400000722793] [DFSU925001-GREE_C_50] Pack TOKYO GREEN / GRADIENT GREEN x 50 unid | [IBGB2400000722790] [DFSU925001-GREE_C_50] Pack TOKYO GREEN / GRADIENT GREEN x 50 unid | [IBGB2400000722785] [DFSU925001-GREE_C_50] Pack TOKYO GREEN / GRADIENT GREEN x 50 unid | [IBGB2400000722777] [DFSU925001-GREE_C_50] Pack TOKYO GREEN / GRADIENT GREEN x 50 unid | [IBGB2400000722776] [DFSU925001-GREE_C_50] Pack TOKYO GREEN / GRADIENT GREEN x 50 unid | [IBGB2400000722772] [DFSU925001-GREE_C_50] Pack TOKYO GREEN / GRADIENT GREEN x 50 unid | [IBGB2400000722761] [DFSU925001-BROW_C_50] Pack TOKYO BROWN / BROWN x 50 unid | [IBGB2400000722755] [DFSU925001-BLAC_C_50] Pack TOKYO BLACK / BLACK x 50 unid | [IBGB2400000722735] [DFSU925001-BLAC_C_50] Pack TOKYO BLACK / BLACK x 50 unid | [IBGB2400000722609] [DFSU926001-CARE_C_50] Pack MONACO CAREY / GRADIENT BROWN x 50 unid | [IBGB2400000722605] [DFSU926001-BLAC_C_50] Pack MONACO BLACK / BLACK x 50 unid
CLABD/Stock/StorageBD/CLA-004-08-01-02;1050;BLACK;D+A;108;105;[IBGB2400000627476] [DFSU946001-SILV_C_50] PACK Cuprum Round Silver / Black | [IBGB2400000627475] [DFSU946001-SILV_C_50] PACK Cuprum Round Silver / Black | [IBGB2400000627463] [DFSU946001-GOLD_C_50] PACK Cuprum Round Gold / G15 | [IBGB2400000627376] [DFSU947001-GOLD_C_50] PACK Cuprum Diamond Gold / G15 | [IBGB2400000627373] [DFSU947001-GOLD_C_50] PACK Cuprum Diamond Gold / G15 | [IBGB2400000626916] [DFSU936001-GREE_C_50] PACK Pitch Green / G15 | [IBGB2400000626915] [DFSU936001-GREE_C_50] PACK Pitch Green / G15 | [IBGB2400000626913] [DFSU936001-GREE_C_50] PACK Pitch Green / G15 | [IBGB2400000626910] [DFSU936001-GREE_C_50] PACK Pitch Green / G15 | [IBGB2400000626909] [DFSU936001-BURG_C_50] PACK Pitch Burgundy / Gradient Brown | [IBGB2400000626908] [DFSU936001-BURG_C_50] PACK Pitch Burgundy / Gradient Brown | [IBGB2400000626904] [DFSU936001-BURG_C_50] PACK Pitch Burgundy / Gradient Brown | [IBGB2400000626900] [DFSU936001-BLAC_C_50] PACK Pitch Black / Black | [IBGB2400000626897] [DFSU936001-BLAC_C_50] PACK Pitch Black / Black | [IBGB2400000626895] [DFSU936001-BLAC_C_50] PACK Pitch Black / Black | [IBGB2400000626894] [DFSU936001-BLAC_C_50] PACK Pitch Black / Black | [IBGB2400000626891] [DFSU936001-BLAC_C_50] PACK Pitch Black / Black | [IBGB2400000536215] [DFSU936001-BURG_C_50] PACK Pitch Burgundy / Gradient Brown | [IBGB2400000536213] [DFSU936001-BURG_C_50] PACK Pitch Burgundy / Gradient Brown | [IBGB2400000536212] [DFSU936001-BURG_C_50] PACK Pitch Burgundy / Gradient Brown | [IBGB2400000722340] [DFSU929001-RED_C_50] Pack HURRICANE FIFTY GRAD RED / RED x 50 unid
CLABD/Stock/StorageBD/CLA-004-08-02-01;950;BLACK;D+A;89;95;[IBGB2400000722661] [DFSU935001-BROW_C_50] PACK Quad Legacy Gold / Brown | [IBGB2400000722656] [DFSU935001-BLUE_C_50] PACK Quad Legacy Silver / Gradient Blue | [IBGB2400000722655] [DFSU935001-BLUE_C_50] PACK Quad Legacy Silver / Gradient Blue | [IBGB2400000722654] [DFSU935001-BLUE_C_50] PACK Quad Legacy Silver / Gradient Blue | [IBGB2400000722649] [DFSU935001-BLUE_C_50] PACK Quad Legacy Silver / Gradient Blue | [IBGB2400000722648] [DFSU935001-BLUE_C_50] PACK Quad Legacy Silver / Gradient Blue | [IBGB2400000722647] [DFSU935001-BLUE_C_50] PACK Quad Legacy Silver / Gradient Blue | [IBGB2400000722456] [DFSU930001-PURP] Pack HURRICANE GRAD PURPLE / PINK x 50 unid | [IBGB2400000722450] [DFSU930001-PURP] Pack HURRICANE GRAD PURPLE / PINK x 50 unid | [IBGB2400000722429] [DFSU930001-GREE] Pack HURRICANE GRAD GREEN / ORANGE x 50 unid | [IBGB2400000722349] [DFSU929001-RED_C_50] Pack HURRICANE FIFTY GRAD RED / RED x 50 unid | [IBGB2400000722273] [DFSU929001-PURP] Pack HURRICANE FIFTY GRAD PURPLE / BLUE x 50 unid | [IBGB2400000722200] [DFKSUN5411-0058_C_50] Pack HURRICANE BLACK / BLUE x 50 unid | [IBGB2400000722184] [DFKSUN5411-0058_C_50] Pack HURRICANE BLACK / BLUE x 50 unid | [IBGB2400000722178] [DFKSUN5411-0058_C_50] Pack HURRICANE BLACK / BLUE x 50 unid | [IBGB2400000722144] [DFKSUN5411-0003_C_50] Pack HURRICANE BLACK / RED x 50 unid | [IBGB2400000722140] [DFKSUN5411-0003_C_50] Pack HURRICANE BLACK / RED x 50 unid | [IBGB2400000722133] [DFKSUN5411-0003_C_50] Pack HURRICANE BLACK / RED x 50 unid | [IBGB2400000722132] [DFKSUN5411-0003_C_50] Pack HURRICANE BLACK / RED x 50 unid
CLABD/Stock/StorageBD/CLA-004-08-02-02;1200;BLACK;A+D;89;120;[IBGB2400000723422] [DFKSUN0826-0058_C_UNI_UNI_50] Pack ROLLER TR90 TRANS GREY | [IBGB2400000720717] [DFKSUN0173-0800_C_UNI_UNI_50] Pack Ultra Light SQ High Navy / Black | [IBGB2400000720713] [DFKSUN0173-0800_C_UNI_UNI_50] Pack Ultra Light SQ High Navy / Black | [IBGB2400000720712] [DFKSUN0173-0800_C_UNI_UNI_50] Pack Ultra Light SQ High Navy / Black | [IBGB2400000720684] [DFKSUN0171-0800_C_UNI_UNI_50] Pack Ultra Light SQ High Black / Black | [IBGB2400000720683] [DFKSUN0171-0800_C_UNI_UNI_50] Pack Ultra Light SQ High Black / Black | [IBGB2400000720670] [DFKSUN0171-0800_C_UNI_UNI_50] Pack Ultra Light SQ High Black / Black | [IBGB2400000720669] [DFKSUN0171-0800_C_UNI_UNI_50] Pack Ultra Light SQ High Black / Black | [IBGB2400000720397] [DFKSUN0216-0813_C_50] Pack Ultra Light S Round Trans Brown / Trans Blue x 50 unid | [IBGB2400000720362] [DFKSUN0216-0813_C_50] Pack Ultra Light S Round Trans Brown / Trans Blue x 50 unid | [IBGB2400000720264] [DFSU913001-AMBE_C_50] PACK Ultra Light Max Amber / Blue | [IBGB2400000720253] [DFKSUN0143-0800_C_50] Pack Ultra Light Max Black / Black 50ud. | [IBGB2400000720216] [DFKSUN0140-0801_C_UNI_UNI_50] Pack Ultra Light Max Black / Grad Black | [IBGB2400000720140] [DFSU939002-GREE_C_50] PACK Rift Matte Black / Green Revo | [IBGB2400000720139] [DFSU939002-GREE_C_50] PACK Rift Matte Black / Green Revo | [IBGB2400000720134] [DFSU939002-GREE_C_50] PACK Rift Matte Black / Green Revo | [IBGB2400000720132] [DFSU939002-GREE_C_50] PACK Rift Matte Black / Green Revo | [IBGB2400000720118] [DFSU939002-BLAC_C_50] PACK Rift Matte Black / G15 | [IBGB2400000719701] [DFKSUN0246-0800_C_UNI_UNI_50] Pack JACKSON SQUARE SHINY BLACK / SMOKE | [IBGB2400000719700] [DFKSUN0246-0800_C_UNI_UNI_50] Pack JACKSON SQUARE SHINY BLACK / SMOKE | [IBGB2400000719695] [DFKSUN0246-0800_C_UNI_UNI_50] Pack JACKSON SQUARE SHINY BLACK / SMOKE | [IBGB2400000719694] [DFKSUN0246-0800_C_UNI_UNI_50] Pack JACKSON SQUARE SHINY BLACK / SMOKE | [IBGB2400000719670] [DFKSUN0245-0804_C_50] Pack Jackson Square Shiny Demi / G15 x 50 unid | [IBGB2400000719667] [DFKSUN0245-0804_C_50] Pack Jackson Square Shiny Demi / G15 x 50 unid
CLABD/Stock/StorageBD/CLA-004-08-02-03;1000;BLACK;A+D;89;100;[IBGB2400000723012] [DFKSUN0213-0800_C_50] Pack Ultra Light S Round Crystal Grey / Black x 50 unid | [IBGB2400000723010] [DFKSUN0213-0800_C_50] Pack Ultra Light S Round Crystal Grey / Black x 50 unid | [IBGB2400000723003] [DFKSUN0213-0800_C_50] Pack Ultra Light S Round Crystal Grey / Black x 50 unid | [IBGB2400000722998] [DFKSUN0213-0800_C_50] Pack Ultra Light S Round Crystal Grey / Black x 50 unid | [IBGB2400000722996] [DFKSUN0213-0800_C_50] Pack Ultra Light S Round Crystal Grey / Black x 50 unid | [IBGB2400000722993] [DFKSUN0213-0800_C_50] Pack Ultra Light S Round Crystal Grey / Black x 50 unid | [IBGB2400000722990] [DFKSUN0213-0800_C_50] Pack Ultra Light S Round Crystal Grey / Black x 50 unid | [IBGB2400000722921] [DFKSUN0213-0800_C_50] Pack Ultra Light S Round Crystal Grey / Black x 50 unid | [IBGB2400000722657] [DFSU935001-BLUE_C_50] PACK Quad Legacy Silver / Gradient Blue | [IBGB2400000722513] [DFKSUN0244-0509_C_50] Pack JACKSON SQUARE SHINY BLACK / ORANGE x 50 unid | [IBGB2400000722510] [DFKSUN0244-0509_C_50] Pack JACKSON SQUARE SHINY BLACK / ORANGE x 50 unid | [IBGB2400000722503] [DFKSUN0244-0509_C_50] Pack JACKSON SQUARE SHINY BLACK / ORANGE x 50 unid | [IBGB2400000722449] [DFSU930001-PURP] Pack HURRICANE GRAD PURPLE / PINK x 50 unid | [IBGB2400000722447] [DFSU930001-PURP] Pack HURRICANE GRAD PURPLE / PINK x 50 unid | [IBGB2400000722444] [DFSU930001-GREE] Pack HURRICANE GRAD GREEN / ORANGE x 50 unid | [IBGB2400000722358] [DFSU929001-RED_C_50] Pack HURRICANE FIFTY GRAD RED / RED x 50 unid | [IBGB2400000722337] [DFSU929001-RED_C_50] Pack HURRICANE FIFTY GRAD RED / RED x 50 unid | [IBGB2400000722258] [DFSU929001-PURP] Pack HURRICANE FIFTY GRAD PURPLE / BLUE x 50 unid | [IBGB2400000722199] [DFKSUN5411-0058_C_50] Pack HURRICANE BLACK / BLUE x 50 unid | [IBGB2400000722142] [DFKSUN5411-0003_C_50] Pack HURRICANE BLACK / RED x 50 unid
CLABD/Stock/StorageBD/CLA-004-08-03-01;1100;BLACK;A+D;89;110;[IBGB2400000721046] [DFSU918001-TORT_C_50] Pack ULTRA LIGHT SQ MED TORTOISE / SMOKE x 50 unid | [IBGB2400000720990] [DFKSUN0182-0801_C_UNI_UNI_50] Pack ULTRA LIGHT SQ MED BLACK / GRAD BLACK | [IBGB2400000720983] [DFKSUN0182-0801_C_UNI_UNI_50] Pack ULTRA LIGHT SQ MED BLACK / GRAD BLACK | [IBGB2400000720979] [DFKSUN0182-0801_C_UNI_UNI_50] Pack ULTRA LIGHT SQ MED BLACK / GRAD BLACK | [IBGB2400000720973] [DFKSUN0182-0801_C_UNI_UNI_50] Pack ULTRA LIGHT SQ MED BLACK / GRAD BLACK | [IBGB2400000720956] [DFKSUN0181-0804_C_UNI_UNI_50] Pack Ultra Light SQ Med Black / G15 | [IBGB2400000720947] [DFKSUN0181-0804_C_UNI_UNI_50] Pack Ultra Light SQ Med Black / G15 | [IBGB2400000720875] [DFKSUN0161-0800_C_UNI_UNI_50] Pack Ultra Light SQ Low Black / Black | [IBGB2400000720869] [DFKSUN0161-0800_C_UNI_UNI_50] Pack Ultra Light SQ Low Black / Black | [IBGB2400000720865] [DFKSUN0161-0800_C_UNI_UNI_50] Pack Ultra Light SQ Low Black / Black | [IBGB2400000719963] [DFSU921001-TRAN_C_50] Pack JIGGY TRANSPARENT / SMOKE x 50 unid | [IBGB2400000719924] [DFSU921001-TRAN_C_50] Pack JIGGY TRANSPARENT / SMOKE x 50 unid | [IBGB2400000719906] [DFSU921001-GREE_C_50] Pack JIGGY CRYSTAL GREEN / SMOKE x 50 unid | [IBGB2400000719898] [DFSU921001-GREE_C_50] Pack JIGGY CRYSTAL GREEN / SMOKE x 50 unid | [IBGB2400000719893] [DFSU921001-GREE_C_50] Pack JIGGY CRYSTAL GREEN / SMOKE x 50 unid | [IBGB2400000719892] [DFSU921001-GREE_C_50] Pack JIGGY CRYSTAL GREEN / SMOKE x 50 unid | [IBGB2400000719881] [DFSU921001-GREE_C_50] Pack JIGGY CRYSTAL GREEN / SMOKE x 50 unid | [IBGB2400000719875] [DFSU921001-GREE_C_50] Pack JIGGY CRYSTAL GREEN / SMOKE x 50 unid | [IBGB2400000719874] [DFSU921001-GREE_C_50] Pack JIGGY CRYSTAL GREEN / SMOKE x 50 unid | [IBGB2400000719867] [DFSU921001-GREE_C_50] Pack JIGGY CRYSTAL GREEN / SMOKE x 50 unid | [IBGB2400000719786] [DFSU921001-AMBE_C_50] PACK Jiggy Crystal Amber / Blue | [IBGB2400000719762] [DFSU921001-AMBE_C_50] PACK Jiggy Crystal Amber / Blue
CLABD/Stock/StorageBD/CLA-004-09-01-01;1050;BLACK;A+D;89;105;[IBGB2400000721081] [DFSU918001-TRAN_C_50] Pack ULTRA LIGHT SQ MED TRANSPARENT / SMOKE x 50 unid | [IBGB2400000721039] [DFSU918001-TORT_C_50] Pack ULTRA LIGHT SQ MED TORTOISE / SMOKE x 50 unid | [IBGB2400000721028] [DFSU918001-GREE_C_50] Pack ULTRA LIGHT SQ MED CRYSTAL GREEN / GRAD SMOKE x 50 unid | [IBGB2400000721026] [DFSU918001-GREE_C_50] Pack ULTRA LIGHT SQ MED CRYSTAL GREEN / GRAD SMOKE x 50 unid | [IBGB2400000721016] [DFSU918001-GREE_C_50] Pack ULTRA LIGHT SQ MED CRYSTAL GREEN / GRAD SMOKE x 50 unid | [IBGB2400000721012] [DFSU918001-GREE_C_50] Pack ULTRA LIGHT SQ MED CRYSTAL GREEN / GRAD SMOKE x 50 unid | [IBGB2400000721007] [DFSU918001-GREE_C_50] Pack ULTRA LIGHT SQ MED CRYSTAL GREEN / GRAD SMOKE x 50 unid | [IBGB2400000721006] [DFSU918001-GREE_C_50] Pack ULTRA LIGHT SQ MED CRYSTAL GREEN / GRAD SMOKE x 50 unid | [IBGB2400000721000] [DFSU918001-GREE_C_50] Pack ULTRA LIGHT SQ MED CRYSTAL GREEN / GRAD SMOKE x 50 unid | [IBGB2400000720993] [DFKSUN0182-0801_C_UNI_UNI_50] Pack ULTRA LIGHT SQ MED BLACK / GRAD BLACK | [IBGB2400000720974] [DFKSUN0182-0801_C_UNI_UNI_50] Pack ULTRA LIGHT SQ MED BLACK / GRAD BLACK | [IBGB2400000720957] [DFKSUN0181-0804_C_UNI_UNI_50] Pack Ultra Light SQ Med Black / G15 | [IBGB2400000720948] [DFKSUN0181-0804_C_UNI_UNI_50] Pack Ultra Light SQ Med Black / G15 | [IBGB2400000719934] [DFSU921001-TRAN_C_50] Pack JIGGY TRANSPARENT / SMOKE x 50 unid | [IBGB2400000719884] [DFSU921001-GREE_C_50] Pack JIGGY CRYSTAL GREEN / SMOKE x 50 unid | [IBGB2400000719819] [DFSU921001-BLAC_C_50] Pack JIGGY BLACK / BLACK x 50 unid | [IBGB2400000719793] [DFSU921001-BLAC_C_50] Pack JIGGY BLACK / BLACK x 50 unid | [IBGB2400000719774] [DFSU921001-AMBE_C_50] PACK Jiggy Crystal Amber / Blue | [IBGB2400000719767] [DFSU921001-AMBE_C_50] PACK Jiggy Crystal Amber / Blue | [IBGB2400000719757] [DFSU921001-AMBE_C_50] PACK Jiggy Crystal Amber / Blue | [IBGB2400000722940] [DFKSUN0213-0800_C_50] Pack Ultra Light S Round Crystal Grey / Black x 50 unid
CLABD/Stock/StorageBD/CLA-004-09-01-02;1150;BLACK;A+D;89;115;[IBGB2400000723027] [DFKSUN0218_C_50] Pack Ultra Light S Round Trans Grey / Grey x 50 unid | [IBGB2400000723026] [DFKSUN0218_C_50] Pack Ultra Light S Round Trans Grey / Grey x 50 unid | [IBGB2400000723025] [DFKSUN0218_C_50] Pack Ultra Light S Round Trans Grey / Grey x 50 unid | [IBGB2400000723018] [DFKSUN0213-0800_C_50] Pack Ultra Light S Round Crystal Grey / Black x 50 unid | [IBGB2400000723014] [DFKSUN0213-0800_C_50] Pack Ultra Light S Round Crystal Grey / Black x 50 unid | [IBGB2400000723013] [DFKSUN0213-0800_C_50] Pack Ultra Light S Round Crystal Grey / Black x 50 unid | [IBGB2400000723009] [DFKSUN0213-0800_C_50] Pack Ultra Light S Round Crystal Grey / Black x 50 unid | [IBGB2400000723006] [DFKSUN0213-0800_C_50] Pack Ultra Light S Round Crystal Grey / Black x 50 unid | [IBGB2400000723005] [DFKSUN0213-0800_C_50] Pack Ultra Light S Round Crystal Grey / Black x 50 unid | [IBGB2400000722997] [DFKSUN0213-0800_C_50] Pack Ultra Light S Round Crystal Grey / Black x 50 unid | [IBGB2400000722988] [DFKSUN0213-0800_C_50] Pack Ultra Light S Round Crystal Grey / Black x 50 unid | [IBGB2400000722944] [DFKSUN0213-0800_C_50] Pack Ultra Light S Round Crystal Grey / Black x 50 unid | [IBGB2400000722942] [DFKSUN0213-0800_C_50] Pack Ultra Light S Round Crystal Grey / Black x 50 unid | [IBGB2400000722935] [DFKSUN0213-0800_C_50] Pack Ultra Light S Round Crystal Grey / Black x 50 unid | [IBGB2400000722934] [DFKSUN0213-0800_C_50] Pack Ultra Light S Round Crystal Grey / Black x 50 unid | [IBGB2400000722932] [DFKSUN0213-0800_C_50] Pack Ultra Light S Round Crystal Grey / Black x 50 unid | [IBGB2400000722652] [DFSU935001-BLUE_C_50] PACK Quad Legacy Silver / Gradient Blue | [IBGB2400000722526] [DFKSUN0244-0509_C_50] Pack JACKSON SQUARE SHINY BLACK / ORANGE x 50 unid | [IBGB2400000722446] [DFSU930001-PURP] Pack HURRICANE GRAD PURPLE / PINK x 50 unid | [IBGB2400000722263] [DFSU929001-PURP] Pack HURRICANE FIFTY GRAD PURPLE / BLUE x 50 unid | [IBGB2400000722139] [DFKSUN5411-0003_C_50] Pack HURRICANE BLACK / RED x 50 unid | [IBGB2400000722131] [DFKSUN5411-0003_C_50] Pack HURRICANE BLACK / RED x 50 unid | [IBGB2400000722433] [DFSU930001-GREE] Pack HURRICANE GRAD GREEN / ORANGE x 50 unid
CLABD/Stock/StorageBD/CLA-004-09-01-03;950;BLACK;D+A;89;95;[IBGB2400000722858] [DFSU937001-RUST_C_50] PACK Tokyo Low Rust / G15 | [IBGB2400000722769] [DFSU925001-GREE_C_50] Pack TOKYO GREEN / GRADIENT GREEN x 50 unid | [IBGB2400000722665] [DFSU935001-BROW_C_50] PACK Quad Legacy Gold / Brown | [IBGB2400000722662] [DFSU935001-BROW_C_50] PACK Quad Legacy Gold / Brown | [IBGB2400000722658] [DFSU935001-BLUE_C_50] PACK Quad Legacy Silver / Gradient Blue | [IBGB2400000722653] [DFSU935001-BLUE_C_50] PACK Quad Legacy Silver / Gradient Blue | [IBGB2400000722453] [DFSU930001-PURP] Pack HURRICANE GRAD PURPLE / PINK x 50 unid | [IBGB2400000722452] [DFSU930001-PURP] Pack HURRICANE GRAD PURPLE / PINK x 50 unid | [IBGB2400000722428] [DFSU930001-GREE] Pack HURRICANE GRAD GREEN / ORANGE x 50 unid | [IBGB2400000722276] [DFSU929001-PURP] Pack HURRICANE FIFTY GRAD PURPLE / BLUE x 50 unid | [IBGB2400000722269] [DFSU929001-PURP] Pack HURRICANE FIFTY GRAD PURPLE / BLUE x 50 unid | [IBGB2400000722198] [DFKSUN5411-0058_C_50] Pack HURRICANE BLACK / BLUE x 50 unid | [IBGB2400000722197] [DFKSUN5411-0058_C_50] Pack HURRICANE BLACK / BLUE x 50 unid | [IBGB2400000722196] [DFKSUN5411-0058_C_50] Pack HURRICANE BLACK / BLUE x 50 unid | [IBGB2400000722180] [DFKSUN5411-0058_C_50] Pack HURRICANE BLACK / BLUE x 50 unid | [IBGB2400000722162] [DFKSUN5411-0003_C_50] Pack HURRICANE BLACK / RED x 50 unid | [IBGB2400000722147] [DFKSUN5411-0003_C_50] Pack HURRICANE BLACK / RED x 50 unid | [IBGB2400000722137] [DFKSUN5411-0003_C_50] Pack HURRICANE BLACK / RED x 50 unid | [IBGB2400000722134] [DFKSUN5411-0003_C_50] Pack HURRICANE BLACK / RED x 50 unid
CLABD/Stock/StorageBD/CLA-004-09-02-01;1200;BLACK;A+D;89;120;[IBGB2400000721079] [DFSU918001-TRAN_C_50] Pack ULTRA LIGHT SQ MED TRANSPARENT / SMOKE x 50 unid | [IBGB2400000721074] [DFSU918001-TRAN_C_50] Pack ULTRA LIGHT SQ MED TRANSPARENT / SMOKE x 50 unid | [IBGB2400000721047] [DFSU918001-TORT_C_50] Pack ULTRA LIGHT SQ MED TORTOISE / SMOKE x 50 unid | [IBGB2400000721037] [DFSU918001-GREE_C_50] Pack ULTRA LIGHT SQ MED CRYSTAL GREEN / GRAD SMOKE x 50 unid | [IBGB2400000721031] [DFSU918001-GREE_C_50] Pack ULTRA LIGHT SQ MED CRYSTAL GREEN / GRAD SMOKE x 50 unid | [IBGB2400000721027] [DFSU918001-GREE_C_50] Pack ULTRA LIGHT SQ MED CRYSTAL GREEN / GRAD SMOKE x 50 unid | [IBGB2400000721022] [DFSU918001-GREE_C_50] Pack ULTRA LIGHT SQ MED CRYSTAL GREEN / GRAD SMOKE x 50 unid | [IBGB2400000721021] [DFSU918001-GREE_C_50] Pack ULTRA LIGHT SQ MED CRYSTAL GREEN / GRAD SMOKE x 50 unid | [IBGB2400000721017] [DFSU918001-GREE_C_50] Pack ULTRA LIGHT SQ MED CRYSTAL GREEN / GRAD SMOKE x 50 unid | [IBGB2400000721003] [DFSU918001-GREE_C_50] Pack ULTRA LIGHT SQ MED CRYSTAL GREEN / GRAD SMOKE x 50 unid | [IBGB2400000721002] [DFSU918001-GREE_C_50] Pack ULTRA LIGHT SQ MED CRYSTAL GREEN / GRAD SMOKE x 50 unid | [IBGB2400000721001] [DFSU918001-GREE_C_50] Pack ULTRA LIGHT SQ MED CRYSTAL GREEN / GRAD SMOKE x 50 unid | [IBGB2400000720988] [DFKSUN0182-0801_C_UNI_UNI_50] Pack ULTRA LIGHT SQ MED BLACK / GRAD BLACK | [IBGB2400000720982] [DFKSUN0182-0801_C_UNI_UNI_50] Pack ULTRA LIGHT SQ MED BLACK / GRAD BLACK | [IBGB2400000720977] [DFKSUN0182-0801_C_UNI_UNI_50] Pack ULTRA LIGHT SQ MED BLACK / GRAD BLACK | [IBGB2400000720953] [DFKSUN0181-0804_C_UNI_UNI_50] Pack Ultra Light SQ Med Black / G15 | [IBGB2400000720951] [DFKSUN0181-0804_C_UNI_UNI_50] Pack Ultra Light SQ Med Black / G15 | [IBGB2400000719936] [DFSU921001-TRAN_C_50] Pack JIGGY TRANSPARENT / SMOKE x 50 unid | [IBGB2400000719896] [DFSU921001-GREE_C_50] Pack JIGGY CRYSTAL GREEN / SMOKE x 50 unid | [IBGB2400000719887] [DFSU921001-GREE_C_50] Pack JIGGY CRYSTAL GREEN / SMOKE x 50 unid | [IBGB2400000719885] [DFSU921001-GREE_C_50] Pack JIGGY CRYSTAL GREEN / SMOKE x 50 unid | [IBGB2400000719836] [DFSU921001-BLAC_C_50] Pack JIGGY BLACK / BLACK x 50 unid | [IBGB2400000719760] [DFSU921001-AMBE_C_50] PACK Jiggy Crystal Amber / Blue | [IBGB2400000719758] [DFSU921001-AMBE_C_50] PACK Jiggy Crystal Amber / Blue
CLABD/Stock/StorageBD/CLA-004-09-02-02;1100;BLACK;A+D;89;110;[IBGB2400000721073] [DFSU918001-TRAN_C_50] Pack ULTRA LIGHT SQ MED TRANSPARENT / SMOKE x 50 unid | [IBGB2400000721050] [DFSU918001-TORT_C_50] Pack ULTRA LIGHT SQ MED TORTOISE / SMOKE x 50 unid | [IBGB2400000721038] [DFSU918001-TORT_C_50] Pack ULTRA LIGHT SQ MED TORTOISE / SMOKE x 50 unid | [IBGB2400000721032] [DFSU918001-GREE_C_50] Pack ULTRA LIGHT SQ MED CRYSTAL GREEN / GRAD SMOKE x 50 unid | [IBGB2400000721020] [DFSU918001-GREE_C_50] Pack ULTRA LIGHT SQ MED CRYSTAL GREEN / GRAD SMOKE x 50 unid | [IBGB2400000720987] [DFKSUN0182-0801_C_UNI_UNI_50] Pack ULTRA LIGHT SQ MED BLACK / GRAD BLACK | [IBGB2400000720946] [DFKSUN0181-0804_C_UNI_UNI_50] Pack Ultra Light SQ Med Black / G15 | [IBGB2400000720879] [DFKSUN0161-0800_C_UNI_UNI_50] Pack Ultra Light SQ Low Black / Black | [IBGB2400000720732] [DFKSUN0174-0804_C_UNI_UNI_50] Pack Ultra Light SQ High Carey / G15 | [IBGB2400000720727] [DFKSUN0174-0804_C_UNI_UNI_50] Pack Ultra Light SQ High Carey / G15 | [IBGB2400000720378] [DFKSUN0216-0813_C_50] Pack Ultra Light S Round Trans Brown / Trans Blue x 50 unid | [IBGB2400000720363] [DFKSUN0216-0813_C_50] Pack Ultra Light S Round Trans Brown / Trans Blue x 50 unid | [IBGB2400000720259] [DFSU913001-AMBE_C_50] PACK Ultra Light Max Amber / Blue | [IBGB2400000720241] [DFKSUN0143-0800_C_50] Pack Ultra Light Max Black / Black 50ud. | [IBGB2400000720122] [DFSU939002-BLAC_C_50] PACK Rift Matte Black / G15 | [IBGB2400000720121] [DFSU939002-BLAC_C_50] PACK Rift Matte Black / G15 | [IBGB2400000719977] [DFSU921001-TRAN_C_50] Pack JIGGY TRANSPARENT / SMOKE x 50 unid | [IBGB2400000719945] [DFSU921001-TRAN_C_50] Pack JIGGY TRANSPARENT / SMOKE x 50 unid | [IBGB2400000719841] [DFSU921001-GREE_C_50] Pack JIGGY CRYSTAL GREEN / SMOKE x 50 unid | [IBGB2400000719759] [DFSU921001-AMBE_C_50] PACK Jiggy Crystal Amber / Blue | [IBGB2400000719699] [DFKSUN0246-0800_C_UNI_UNI_50] Pack JACKSON SQUARE SHINY BLACK / SMOKE | [IBGB2400000719693] [DFKSUN0246-0800_C_UNI_UNI_50] Pack JACKSON SQUARE SHINY BLACK / SMOKE
CLABD/Stock/StorageBD/CLA-004-09-02-03;1250;BLACK;A+D;89;125;[IBGB2400000720740] [DFSU917001-TRAN_C_50] Pack ULTRA LIGHT SQ HIGH TRANSPARENT / G15 x 50 unid | [IBGB2400000720734] [DFKSUN0174-0804_C_UNI_UNI_50] Pack Ultra Light SQ High Carey / G15 | [IBGB2400000720726] [DFKSUN0174-0804_C_UNI_UNI_50] Pack Ultra Light SQ High Carey / G15 | [IBGB2400000720719] [DFKSUN0173-0800_C_UNI_UNI_50] Pack Ultra Light SQ High Navy / Black | [IBGB2400000720685] [DFKSUN0171-0800_C_UNI_UNI_50] Pack Ultra Light SQ High Black / Black | [IBGB2400000720681] [DFKSUN0171-0800_C_UNI_UNI_50] Pack Ultra Light SQ High Black / Black | [IBGB2400000720393] [DFKSUN0216-0813_C_50] Pack Ultra Light S Round Trans Brown / Trans Blue x 50 unid | [IBGB2400000720386] [DFKSUN0216-0813_C_50] Pack Ultra Light S Round Trans Brown / Trans Blue x 50 unid | [IBGB2400000720361] [DFKSUN0216-0813_C_50] Pack Ultra Light S Round Trans Brown / Trans Blue x 50 unid | [IBGB2400000720358] [DFKSUN0216-0813_C_50] Pack Ultra Light S Round Trans Brown / Trans Blue x 50 unid | [IBGB2400000720332] [DFKSUN0214-0802_C_UNI_UNI_50] Pack Ultra Light S Round Amber / Brown | [IBGB2400000720324] [DFKSUN0214-0802_C_UNI_UNI_50] Pack Ultra Light S Round Amber / Brown | [IBGB2400000720256] [DFKSUN0143-0800_C_50] Pack Ultra Light Max Black / Black 50ud. | [IBGB2400000720232] [DFKSUN0142-0813_C_50] Pack Ultra Light Max Honey / Grad Blue x 50 unid | [IBGB2400000720218] [DFKSUN0140-0801_C_UNI_UNI_50] Pack Ultra Light Max Black / Grad Black | [IBGB2400000720138] [DFSU939002-GREE_C_50] PACK Rift Matte Black / Green Revo | [IBGB2400000720096] [DFSU939001-SILV_C_50] PACK Rift Transperent / Silver | [IBGB2400000720089] [DFSU939001-GREY_C_50] PACK Rift Trans Grey / Blue Revo | [IBGB2400000720087] [DFSU939001-GREY_C_50] PACK Rift Trans Grey / Blue Revo | [IBGB2400000720075] [DFSU939001-DGRE_C_50] PACK Rift Trans Dark Grey / Red Revo | [IBGB2400000720068] [DFSU939001-BLAC_C_50] PACK Rift Black / Yellow Revo | [IBGB2400000719702] [DFKSUN0246-0800_C_UNI_UNI_50] Pack JACKSON SQUARE SHINY BLACK / SMOKE | [IBGB2400000719672] [DFKSUN0245-0804_C_50] Pack Jackson Square Shiny Demi / G15 x 50 unid | [IBGB2400000719666] [DFKSUN0245-0804_C_50] Pack Jackson Square Shiny Demi / G15 x 50 unid | [IBGB2400000719636] [DFSU944001-TORT_C_50] PACK Boyd Tort / Black
CLABD/Stock/StorageBD/CLA-004-09-03-01;1200;BLACK;A+D;89;120;[IBGB2400000721059] [DFSU918001-TORT_C_50] Pack ULTRA LIGHT SQ MED TORTOISE / SMOKE x 50 unid | [IBGB2400000721058] [DFSU918001-TORT_C_50] Pack ULTRA LIGHT SQ MED TORTOISE / SMOKE x 50 unid | [IBGB2400000721052] [DFSU918001-TORT_C_50] Pack ULTRA LIGHT SQ MED TORTOISE / SMOKE x 50 unid | [IBGB2400000721048] [DFSU918001-TORT_C_50] Pack ULTRA LIGHT SQ MED TORTOISE / SMOKE x 50 unid | [IBGB2400000721024] [DFSU918001-GREE_C_50] Pack ULTRA LIGHT SQ MED CRYSTAL GREEN / GRAD SMOKE x 50 unid | [IBGB2400000720976] [DFKSUN0182-0801_C_UNI_UNI_50] Pack ULTRA LIGHT SQ MED BLACK / GRAD BLACK | [IBGB2400000720975] [DFKSUN0182-0801_C_UNI_UNI_50] Pack ULTRA LIGHT SQ MED BLACK / GRAD BLACK | [IBGB2400000720968] [DFKSUN0182-0801_C_UNI_UNI_50] Pack ULTRA LIGHT SQ MED BLACK / GRAD BLACK | [IBGB2400000720958] [DFKSUN0181-0804_C_UNI_UNI_50] Pack Ultra Light SQ Med Black / G15 | [IBGB2400000720952] [DFKSUN0181-0804_C_UNI_UNI_50] Pack Ultra Light SQ Med Black / G15 | [IBGB2400000720949] [DFKSUN0181-0804_C_UNI_UNI_50] Pack Ultra Light SQ Med Black / G15 | [IBGB2400000720555] [DFSU919001-LAVE_C_50] PACK Ultra Light S Square Trans / Photochromic Lavender | [IBGB2400000720547] [DFSU919001-LAVE_C_50] PACK Ultra Light S Square Trans / Photochromic Lavender | [IBGB2400000719985] [DFSU921001-TRAN_C_50] Pack JIGGY TRANSPARENT / SMOKE x 50 unid | [IBGB2400000719968] [DFSU921001-TRAN_C_50] Pack JIGGY TRANSPARENT / SMOKE x 50 unid | [IBGB2400000719957] [DFSU921001-TRAN_C_50] Pack JIGGY TRANSPARENT / SMOKE x 50 unid | [IBGB2400000719954] [DFSU921001-TRAN_C_50] Pack JIGGY TRANSPARENT / SMOKE x 50 unid | [IBGB2400000719943] [DFSU921001-TRAN_C_50] Pack JIGGY TRANSPARENT / SMOKE x 50 unid | [IBGB2400000719910] [DFSU921001-GREE_C_50] Pack JIGGY CRYSTAL GREEN / SMOKE x 50 unid | [IBGB2400000719909] [DFSU921001-GREE_C_50] Pack JIGGY CRYSTAL GREEN / SMOKE x 50 unid | [IBGB2400000719863] [DFSU921001-GREE_C_50] Pack JIGGY CRYSTAL GREEN / SMOKE x 50 unid | [IBGB2400000719858] [DFSU921001-GREE_C_50] Pack JIGGY CRYSTAL GREEN / SMOKE x 50 unid | [IBGB2400000719771] [DFSU921001-AMBE_C_50] PACK Jiggy Crystal Amber / Blue | [IBGB2400000719755] [DFSU921001-AMBE_C_50] PACK Jiggy Crystal Amber / Blue
CLABD/Stock/StorageBD/CLA-004-09-03-02;1100;BLACK;A+D;89;110;[IBGB2400000721077] [DFSU918001-TRAN_C_50] Pack ULTRA LIGHT SQ MED TRANSPARENT / SMOKE x 50 unid | [IBGB2400000721069] [DFSU918001-TRAN_C_50] Pack ULTRA LIGHT SQ MED TRANSPARENT / SMOKE x 50 unid | [IBGB2400000721056] [DFSU918001-TORT_C_50] Pack ULTRA LIGHT SQ MED TORTOISE / SMOKE x 50 unid | [IBGB2400000721042] [DFSU918001-TORT_C_50] Pack ULTRA LIGHT SQ MED TORTOISE / SMOKE x 50 unid | [IBGB2400000721041] [DFSU918001-TORT_C_50] Pack ULTRA LIGHT SQ MED TORTOISE / SMOKE x 50 unid | [IBGB2400000721010] [DFSU918001-GREE_C_50] Pack ULTRA LIGHT SQ MED CRYSTAL GREEN / GRAD SMOKE x 50 unid | [IBGB2400000720995] [DFKSUN0182-0801_C_UNI_UNI_50] Pack ULTRA LIGHT SQ MED BLACK / GRAD BLACK | [IBGB2400000720991] [DFKSUN0182-0801_C_UNI_UNI_50] Pack ULTRA LIGHT SQ MED BLACK / GRAD BLACK | [IBGB2400000720984] [DFKSUN0182-0801_C_UNI_UNI_50] Pack ULTRA LIGHT SQ MED BLACK / GRAD BLACK | [IBGB2400000720981] [DFKSUN0182-0801_C_UNI_UNI_50] Pack ULTRA LIGHT SQ MED BLACK / GRAD BLACK | [IBGB2400000720980] [DFKSUN0182-0801_C_UNI_UNI_50] Pack ULTRA LIGHT SQ MED BLACK / GRAD BLACK | [IBGB2400000720978] [DFKSUN0182-0801_C_UNI_UNI_50] Pack ULTRA LIGHT SQ MED BLACK / GRAD BLACK | [IBGB2400000720959] [DFKSUN0181-0804_C_UNI_UNI_50] Pack Ultra Light SQ Med Black / G15 | [IBGB2400000720955] [DFKSUN0181-0804_C_UNI_UNI_50] Pack Ultra Light SQ Med Black / G15 | [IBGB2400000720944] [DFKSUN0181-0804_C_UNI_UNI_50] Pack Ultra Light SQ Med Black / G15 | [IBGB2400000720942] [DFKSUN0181-0804_C_UNI_UNI_50] Pack Ultra Light SQ Med Black / G15 | [IBGB2400000720938] [DFKSUN0181-0804_C_UNI_UNI_50] Pack Ultra Light SQ Med Black / G15 | [IBGB2400000720552] [DFSU919001-LAVE_C_50] PACK Ultra Light S Square Trans / Photochromic Lavender | [IBGB2400000720550] [DFSU919001-LAVE_C_50] PACK Ultra Light S Square Trans / Photochromic Lavender | [IBGB2400000720546] [DFSU919001-LAVE_C_50] PACK Ultra Light S Square Trans / Photochromic Lavender | [IBGB2400000720525] [DFSU919001-BLUE_C_50] Pack ULTRA LIGHT S SQUARE BLACK / BLUE x 50 unid | [IBGB2400000720518] [DFSU919001-BLUE_C_50] Pack ULTRA LIGHT S SQUARE BLACK / BLUE x 50 unid
CLABD/Stock/StorageBD/CLA-004-09-03-03;1050;BLACK;A+D;89;105;[IBGB2400000721080] [DFSU918001-TRAN_C_50] Pack ULTRA LIGHT SQ MED TRANSPARENT / SMOKE x 50 unid | [IBGB2400000721078] [DFSU918001-TRAN_C_50] Pack ULTRA LIGHT SQ MED TRANSPARENT / SMOKE x 50 unid | [IBGB2400000721063] [DFSU918001-TORT_C_50] Pack ULTRA LIGHT SQ MED TORTOISE / SMOKE x 50 unid | [IBGB2400000721049] [DFSU918001-TORT_C_50] Pack ULTRA LIGHT SQ MED TORTOISE / SMOKE x 50 unid | [IBGB2400000721045] [DFSU918001-TORT_C_50] Pack ULTRA LIGHT SQ MED TORTOISE / SMOKE x 50 unid | [IBGB2400000721043] [DFSU918001-TORT_C_50] Pack ULTRA LIGHT SQ MED TORTOISE / SMOKE x 50 unid | [IBGB2400000721023] [DFSU918001-GREE_C_50] Pack ULTRA LIGHT SQ MED CRYSTAL GREEN / GRAD SMOKE x 50 unid | [IBGB2400000721015] [DFSU918001-GREE_C_50] Pack ULTRA LIGHT SQ MED CRYSTAL GREEN / GRAD SMOKE x 50 unid | [IBGB2400000720998] [DFKSUN0184-0804_C_UNI_UNI_50] Pack ULTRA LIGHT SQ MED AMBER / G15 | [IBGB2400000720992] [DFKSUN0182-0801_C_UNI_UNI_50] Pack ULTRA LIGHT SQ MED BLACK / GRAD BLACK | [IBGB2400000720989] [DFKSUN0182-0801_C_UNI_UNI_50] Pack ULTRA LIGHT SQ MED BLACK / GRAD BLACK | [IBGB2400000720954] [DFKSUN0181-0804_C_UNI_UNI_50] Pack Ultra Light SQ Med Black / G15 | [IBGB2400000720950] [DFKSUN0181-0804_C_UNI_UNI_50] Pack Ultra Light SQ Med Black / G15 | [IBGB2400000720943] [DFKSUN0181-0804_C_UNI_UNI_50] Pack Ultra Light SQ Med Black / G15 | [IBGB2400000720554] [DFSU919001-LAVE_C_50] PACK Ultra Light S Square Trans / Photochromic Lavender | [IBGB2400000720549] [DFSU919001-LAVE_C_50] PACK Ultra Light S Square Trans / Photochromic Lavender | [IBGB2400000720542] [DFSU919001-LAVE_C_50] PACK Ultra Light S Square Trans / Photochromic Lavender | [IBGB2400000720531] [DFSU919001-BLUE_C_50] Pack ULTRA LIGHT S SQUARE BLACK / BLUE x 50 unid | [IBGB2400000720526] [DFSU919001-BLUE_C_50] Pack ULTRA LIGHT S SQUARE BLACK / BLUE x 50 unid | [IBGB2400000719903] [DFSU921001-GREE_C_50] Pack JIGGY CRYSTAL GREEN / SMOKE x 50 unid | [IBGB2400000719861] [DFSU921001-GREE_C_50] Pack JIGGY CRYSTAL GREEN / SMOKE x 50 unid
CLAGD/Stock/StorageGD/CLAGD/Stock/EXTB2BGD/CLA-009-04-03-03;60;GOLD;D+B+A;137;60;[IBGG2400000206040] [COSH542103-TAN_C_28_28_10] PACK AUSTRALIAN BOOT CHARM TAN  | [IBGG2400000203771] [BJSH543001-TAUP_C_40_40_10] Pack Australian Boots Water Repellent Taupe (40) x 10 unid | [IBGG2400000203763] [BJSH543001-TAUP_C_40_40_10] Pack Australian Boots Water Repellent Taupe (40) x 10 unid | [IBGG2400000203719] [BJSH543001-TAUP_C_38_38_10] Pack Australian Boots Water Repellent Taupe (38) x 10 unid | [IBGG2400000203697] [BJSH543001-TAUP_C_37_37_10] Pack Australian Boots Water Repellent Taupe (37) x 10 unid | [IBGG2400000199648] [BJSH542020-TAN_C_37_37_10] Pack Australian Boots Water Repellent Tan (37) x 10 unid
CLAGD/Stock/StorageGD/CLA-009-06-02-02;140;GOLD;D+A;136;140;[IBGG2400000206273] [COSH542105-TAN_C_35_35_10] PACK AUSTRALIAN BOOT STRASS BOW TAN | [IBGG2400000206269] [COSH542105-TAN_C_34_34_10] PACK AUSTRALIAN BOOT STRASS BOW TAN | [IBGG2400000206267] [COSH542105-TAN_C_34_34_10] PACK AUSTRALIAN BOOT STRASS BOW TAN | [IBGG2400000206266] [COSH542105-TAN_C_34_34_10] PACK AUSTRALIAN BOOT STRASS BOW TAN | [IBGG2400000206258] [COSH542105-TAN_C_33_33_10] PACK AUSTRALIAN BOOT STRASS BOW TAN | [IBGG2400000206229] [COSH542105-TAN_C_30_30_10] PACK AUSTRALIAN BOOT STRASS BOW TAN | [IBGG2400000206226] [COSH542105-TAN_C_29_29_10] PACK AUSTRALIAN BOOT STRASS BOW TAN | [IBGG2400000206215] [COSH542105-TAN_C_28_28_10] PACK AUSTRALIAN BOOT STRASS BOW TAN | [IBGG2400000206209] [COSH542105-TAN_C_27_27_10] PACK AUSTRALIAN BOOT STRASS BOW TAN | [IBGG2400000206206] [COSH542105-TAN_C_27_27_10] PACK AUSTRALIAN BOOT STRASS BOW TAN | [IBGG2400000206202] [COSH542105-TAN_C_26_26_10] PACK AUSTRALIAN BOOT STRASS BOW TAN | [IBGG2400000206200] [COSH542105-TAN_C_26_26_10] PACK AUSTRALIAN BOOT STRASS BOW TAN | [IBGG2400000206185] [COSH542105-TAN_C_22_22_10] PACK AUSTRALIAN BOOT STRASS BOW TAN | [IBGG2400000205505] [COSH542065-BEIG_C_33_33_10] Pack AUSTRALIAN BOOT FUR BEIGE (33) x 10 unid
CLAGD/Stock/StorageGD/CLAGD/Stock/EXTB2BGD/CLA-009-07-03-01;60;GOLD;D+A;137;60;[IBGG2400000206189] [COSH542105-TAN_C_24_24_10] PACK AUSTRALIAN BOOT STRASS BOW TAN | [IBGG2400000204313] [BJSH543008-TAUP_C_40_40_10] Pack AUSTRALIAN BOOT LOW TAUPE  (40) x 10 unid | [IBGG2400000203475] [BJSH543001-BLAC_C_37_37_10] Pack Australian Boots Water Repellent Black (37) x 10 unid | [IBGG2400000199653] [BJSH542020-TAN_C_37_37_10] Pack Australian Boots Water Repellent Tan (37) x 10 unid | [IBGG2400000199652] [BJSH542020-TAN_C_37_37_10] Pack Australian Boots Water Repellent Tan (37) x 10 unid | [IBGG2400000199270] [BJSH542020-BLAC_C_35_35_10] Pack Australian Boots Water Repellent Black (35) x 10 unid
CLAGD/Stock/StorageGD/CLAGD/Stock/StorageGD/CLA-009-08-02-01;130;GOLD;D+A+B;137;130;[IBGG2400000206247] [COSH542105-TAN_C_32_32_10] PACK AUSTRALIAN BOOT STRASS BOW TAN | [IBGG2400000206284] [COSH542105-TAN_C_36_36_10] PACK AUSTRALIAN BOOT STRASS BOW TAN | [IBGG2400000206255] [COSH542105-TAN_C_33_33_10] PACK AUSTRALIAN BOOT STRASS BOW TAN | [IBGG2400000206238] [COSH542105-TAN_C_31_31_10] PACK AUSTRALIAN BOOT STRASS BOW TAN | [IBGG2400000206236] [COSH542105-TAN_C_30_30_10] PACK AUSTRALIAN BOOT STRASS BOW TAN | [IBGG2400000206234] [COSH542105-TAN_C_30_30_10] PACK AUSTRALIAN BOOT STRASS BOW TAN | [IBGG2400000206186] [COSH542105-TAN_C_23_23_10] PACK AUSTRALIAN BOOT STRASS BOW TAN | [IBGG2400000205605] [COSH542065-TAUP_C_36_36_10] Pack AUSTRALIAN BOOTS PLUSH FUR TAUPE (36) x 10 unid | [IBGG2400000205595] [COSH542065-TAUP_C_34_34_10] Pack AUSTRALIAN BOOTS PLUSH FUR TAUPE (34) x 10 unid | [IBGG2400000205581] [COSH542065-TAUP_C_32_32_10] Pack AUSTRALIAN BOOTS PLUSH FUR TAUPE (32) x 10 unid | [IBGG2400000205576] [COSH542065-TAUP_C_31_31_10] Pack AUSTRALIAN BOOTS PLUSH FUR TAUPE (31) x 10 unid | [IBGG2400000205565] [COSH542065-TAUP_C_30_30_10] Pack AUSTRALIAN BOOTS PLUSH FUR TAUPE (30) x 10 unid | [IBGG2400000204314] [BJSH543008-TAUP_C_40_40_10] Pack AUSTRALIAN BOOT LOW TAUPE  (40) x 10 unid
CLAGD/Stock/StorageGD/CLAGD/Stock/StorageGD/CLA-009-08-02-03;150;GOLD;D+B+A;137;150;[IBGG2400000206286] [COSH542105-TAN_C_36_36_10] PACK AUSTRALIAN BOOT STRASS BOW TAN | [IBGG2400000206252] [COSH542105-TAN_C_32_32_10] PACK AUSTRALIAN BOOT STRASS BOW TAN | [IBGG2400000206243] [COSH542105-TAN_C_31_31_10] PACK AUSTRALIAN BOOT STRASS BOW TAN | [IBGG2400000206241] [COSH542105-TAN_C_31_31_10] PACK AUSTRALIAN BOOT STRASS BOW TAN | [IBGG2400000206207] [COSH542105-TAN_C_27_27_10] PACK AUSTRALIAN BOOT STRASS BOW TAN | [IBGG2400000205598] [COSH542065-TAUP_C_35_35_10] Pack AUSTRALIAN BOOTS PLUSH FUR TAUPE (35) x 10 unid | [IBGG2400000205591] [COSH542065-TAUP_C_34_34_10] Pack AUSTRALIAN BOOTS PLUSH FUR TAUPE (34) x 10 unid | [IBGG2400000205578] [COSH542065-TAUP_C_32_32_10] Pack AUSTRALIAN BOOTS PLUSH FUR TAUPE (32) x 10 unid | [IBGG2400000205572] [COSH542065-TAUP_C_31_31_10] Pack AUSTRALIAN BOOTS PLUSH FUR TAUPE (31) x 10 unid | [IBGG2400000205570] [COSH542065-TAUP_C_31_31_10] Pack AUSTRALIAN BOOTS PLUSH FUR TAUPE (31) x 10 unid | [IBGG2400000205567] [COSH542065-TAUP_C_30_30_10] Pack AUSTRALIAN BOOTS PLUSH FUR TAUPE (30) x 10 unid | [IBGG2400000205566] [COSH542065-TAUP_C_30_30_10] Pack AUSTRALIAN BOOTS PLUSH FUR TAUPE (30) x 10 unid | [IBGG2400000205563] [COSH542065-TAUP_C_29_29_10] Pack AUSTRALIAN BOOTS PLUSH FUR TAUPE (29) x 10 unid | [IBGG2400000205560] [COSH542065-TAUP_C_28_28_10] Pack AUSTRALIAN BOOTS PLUSH FUR TAUPE (28) x 10 unid | [IBGG2400000204310] [BJSH543008-TAUP_C_40_40_10] Pack AUSTRALIAN BOOT LOW TAUPE  (40) x 10 unid
CLAGD/Stock/StorageGD/CLAGD/Stock/StorageGD/CLA-009-08-03-01;40;GOLD;D+A;137;40;[IBGG2400000206288] [COSH542105-TAN_C_36_36_10] PACK AUSTRALIAN BOOT STRASS BOW TAN | [IBGG2400000206256] [COSH542105-TAN_C_33_33_10] PACK AUSTRALIAN BOOT STRASS BOW TAN | [IBGG2400000205607] [COSH542065-TAUP_C_36_36_10] Pack AUSTRALIAN BOOTS PLUSH FUR TAUPE (36) x 10 unid | [IBGG2400000204309] [BJSH543008-TAUP_C_40_40_10] Pack AUSTRALIAN BOOT LOW TAUPE  (40) x 10 unid
CLAGD/Stock/StorageGD/CLAGD/Stock/StorageGD/CLA-009-09-02-02;70;GOLD;A+B+C;107;70;[IBGG2400000205522] [COSH542065-TAN_C_29_29_10] Pack AUSTRALIAN BOOTS PLUSH FUR TAN (29) x 10 unid | [IBGG2400000205521] [COSH542065-TAN_C_28_28_10] Pack AUSTRALIAN BOOTS PLUSH FUR TAN (28) x 10 unid | [IBGG2400000205520] [COSH542065-TAN_C_27_27_10] Pack AUSTRALIAN BOOTS PLUSH FUR TAN (27) x 10 unid | [IBGG2400000205519] [COSH542065-TAN_C_26_26_10] Pack AUSTRALIAN BOOTS PLUSH FUR TAN (26) x 10 unid | [IBGG2400000205517] [COSH542065-TAN_C_24_24_10] Pack AUSTRALIAN BOOTS PLUSH FUR TAN (24) x 10 unid | [IBGG2400000205515] [COSH542065-TAN_C_22_22_10] Pack AUSTRALIAN BOOTS PLUSH FUR TAN (22) x 10 unid | [IBGG2400000205541] [COSH542065-TAN_C_35_35_10] Pack AUSTRALIAN BOOTS PLUSH FUR TAN (35) x 10 unid
CLAGD/Stock/StorageGD/CLA-031-07-02-02;60;GOLD;A+D;156;60;[IBGG2400000204144] [BJSH543008-TAN_C_35_35_10] Pack AUSTRALIAN BOOT LOW TAN  (35) x 10 unid | [IBGG2400000204151] [BJSH543008-TAN_C_35_35_10] Pack AUSTRALIAN BOOT LOW TAN  (35) x 10 unid | [IBGG2400000204150] [BJSH543008-TAN_C_35_35_10] Pack AUSTRALIAN BOOT LOW TAN  (35) x 10 unid | [IBGG2400000204148] [BJSH543008-TAN_C_35_35_10] Pack AUSTRALIAN BOOT LOW TAN  (35) x 10 unid | [IBGG2400000204145] [BJSH543008-TAN_C_35_35_10] Pack AUSTRALIAN BOOT LOW TAN  (35) x 10 unid | [IBGG2400000201234] [BJSH542096-BEIG_C_39_39_10] PACK AUSTRALIAN BOOT CROCHET BEIGE 
CLAGD/Stock/StorageGD/CLA-031-17-01-03;752;GOLD;B+A+D;444;10;[SIN_PAQUETE] [TECPLV004] PLV Tecnobaby Barefoot (copia) | [SIN_PAQUETE] [TECPLV005] PLV CONGUITOS TECNOBABY (copia) | [SIN_PAQUETE] [BWMEPLV001-BLACK] PLV BW BLACK BACKGROUND 170X170 | [SIN_PAQUETE] [COMEPLV001-WHIT] PLV Conguitos Brilla Oscuridad White | [SIN_PAQUETE] [COMEPLV005-WHIT] PLV Conguitos Vuelta al Cole White | [SIN_PAQUETE] [COMEPLV008-WHIT] PLV Conguitos Ceremonia White | [SIN_PAQUETE] [COMEPLV014-WHITE] PLV CONGUITOS DARK BLUE LOGO 100X170 | [SIN_PAQUETE] [COMEPLV015-WHITE] PLV CONGUITOS DARK BLUE LOGO 170X170 | [SIN_PAQUETE] [OSMEPLV001-WHIT] PLV Osito Brand Blue
CLAGD/Stock/StorageGD/CLA-040-01-01-01;125;GOLD;C+B+A+D;1299;80;[IBGB2400000297617] [LI230610-0011-33] HOME SLIPPER PINK METALLIC (33) | [IBGB2400000297617] [LI230610-0011-31] HOME SLIPPER PINK METALLIC (31) | [IBGB2400000297617] [LI230610-0207-30] Metallic Golden Light Home Slipper (30) | [IBGB2400000297617] [LI230609-0043-32] OPEN TOE HOME SLIPPER BEIGE (32) | [IBGB2400000297617] [LI230614-0043-31] Beige Home Slipper (31) | [IBGB2400000297617] [LI230609-0043-31] OPEN TOE HOME SLIPPER BEIGE (31) | [IBGB2400000297617] [LI230609-0011-28] Open Toe Pink Home Slipper (28) | [IBGB2400000297617] [LI230610-0207-31] Metallic Golden Light Home Slipper (31) | [IBGB2400000297617] [LI230610-0207-29] Metallic Golden Light Home Slipper (29) | [IBGB2400000297617] [LI230611-0064-33] Cow Home Slipper (33) | [IBGB2400000297617] [LI230609-0043-28] OPEN TOE HOME SLIPPER BEIGE (28) | [IBGB2400000297617] [LI230609-0043-33] OPEN TOE HOME SLIPPER BEIGE (33) | [IBGB2400000297617] [LI230614-0043-28] Beige Home Slipper (28) | [IBGB2400000297617] [LI230613-0054-33] HOME SLIPPER ZEBRA (33) | [IBGG2400000028215] [BJSH543001-BLAC_C_41_41_10] Pack Australian Boots Water Repellent Black (41) x 10 unid | [IBGG2400000010229] [COSH542020-NAVY_C_33_33_10] Pack AUSTRALIAN BOOTS WATER REPELLENT NAVY (33) x 10 unid | [IBGG2400000010962] [COSH542020-TAUP-35] AUSTRALIAN BOOTS WATER REPELLENT TAUPE (35) | [IBG2022000416191] [NV128325-0001-36] LONA WHITE (36) | [IBGG2400000068334] [MV231601-0020-37] BLACK                                              (37) | [IBGG2400000068334] [MV231601-0020-36] BLACK                                              (36) | [IBGG2400000068334] [MV231601-0020-38] BLACK                                              (38) | [IBGG2400000068334] [MV231601-0020-39] BLACK                                              (39) | [IBGG2400000068334] [MV231605-0020-36] Black / White Rider Platform Sneakers (36) | [IBGG2400000068334] [MV231601-0020-41] BLACK                                              (41) | [IBGG2400000068330] [MV231601-0020-38] BLACK                                              (38) | [IBGG2400000068330] [MV231601-0020-37] BLACK                                              (37) | [IBGG2400000068330] [MV231601-0020-41] BLACK                                              (41) | [IBGG2400000068330] [MV231611-0020-36] BLACK (36) | [IBGG2400000068330] [MV231601-0020-36] BLACK                                              (36) | [IBGG2400000036991] [COSH200001-NAVY-25] School Shoes Navy (25)
CLAGD/Stock/StorageGD/CLA-040-01-02-01;61;GOLD;B+C+D+A;11;60;[IBGG2400000400940] [LI228708-0020-38] Boots Haute V2 Black (38) | [IBGG2400000400940] [LI228708-0004-39] ANTIC GREEN (39) | [IBGG2400000400940] [LI231007-0020-37] Boots Kate Roll Down Black (37) | [IBGG2400000400940] [LI231007-0020-38] Boots Kate Roll Down Black (38) | [IBGG2400000400940] [LI231007-0020-41] Boots Kate Roll Down Black (41) | [IBGG2400000400933] [BWSH360001-LGOL-41] SANDALS STRIPS LIGHT GOLD  (41) | [IBGG2400000400933] [BWSH360001-LGOL-40] SANDALS STRIPS LIGHT GOLD  (40) | [IBGG2400000400933] [BWSH360001-LGOL-39] SANDALS STRIPS LIGHT GOLD  (39) | [IBGG2400000400933] [BWSH360001-LGOL-38] SANDALS STRIPS LIGHT GOLD  (38) | [IBGG2400000400933] [BWSH360001-LGOL-36] SANDALS STRIPS LIGHT GOLD  (36) | [IBGG2400000400933] [BWSH360001-LGOL-37] SANDALS STRIPS LIGHT GOLD  (37) | [IBGG2400000400929] [BJSH360003-BEIG-40] SANDALS STRIPS BEIG/MULTI (40) | [IBGG2400000400929] [BJSH360003-BEIG-38] SANDALS STRIPS BEIG/MULTI (38) | [IBGG2400000400929] [BJSH360003-BEIG-37] SANDALS STRIPS BEIG/MULTI (37) | [IBGG2400000400929] [BJSH360003-BEIG-33] SANDALS STRIPS BEIG/MULTI (33) | [IBGG2400000400929] [BJSH360003-BEIG-34] SANDALS STRIPS BEIG/MULTI (34) | [IBGG2400000400929] [BJSH360003-BEIG-39] SANDALS STRIPS BEIG/MULTI (39) | [IBGG2400000400929] [BJSH360003-BEIG-36] SANDALS STRIPS BEIG/MULTI (36) | [IBGG2400000400929] [BJSH360003-BEIG-35] SANDALS STRIPS BEIG/MULTI (35) | [IBGG2400000400928] [BJSH360003-BEIG-39] SANDALS STRIPS BEIG/MULTI (39) | [IBGG2400000400928] [BJSH360003-BEIG-40] SANDALS STRIPS BEIG/MULTI (40) | [IBGG2400000400928] [BJSH360003-BEIG-37] SANDALS STRIPS BEIG/MULTI (37) | [IBGG2400000400928] [BJSH360003-BEIG-36] SANDALS STRIPS BEIG/MULTI (36) | [IBGG2400000400928] [BJSH360003-BEIG-35] SANDALS STRIPS BEIG/MULTI (35) | [IBGG2400000400928] [BJSH360003-BEIG-33] SANDALS STRIPS BEIG/MULTI (33) | [IBGG2400000400928] [BJSH360003-BEIG-34] SANDALS STRIPS BEIG/MULTI (34) | [IBGG2400000400928] [BJSH360003-BEIG-38] SANDALS STRIPS BEIG/MULTI (38) | [IBGG2400000400919] [MV232105-0021-39] Grey/Green Colorful Sneakers (39) | [IBGG2400000400919] [MV232105-0021-41] Grey/Green Colorful Sneakers (41) | [IBGG2400000400919] [MV232104-0021-40] Grey/Pink Colorful Sneakers (40) | [IBGG2400000400919] [MV232104-0021-39] Grey/Pink Colorful Sneakers (39) | [IBGG2400000400919] [MV232106-0160-38] Colorful Solar Sneakers (38) | [IBGG2400000400919] [MV232106-0160-39] Colorful Solar Sneakers (39) | [IBGG2400000400919] [MV232105-0021-38] Grey/Green Colorful Sneakers (38) | [IBGG2400000400912] [OSSH501003-ROSE-22] TECNOBABY BOOTS AUSTRALIANA METALLIZED ROSE (22) | [IBGG2400000400912] [OSSH501003-ROSE-20] TECNOBABY BOOTS AUSTRALIANA METALLIZED ROSE (20) | [IBGG2400000400912] [OSSH501003-ROSE-25] TECNOBABY BOOTS AUSTRALIANA METALLIZED ROSE (25) | [IBGG2400000400912] [BJSH359001- BEIG-37] SNEAKERS BEIG MULTICOLOUR (37) | [IBGG2400000400912] [BJSH359001- BEIG-35] SNEAKERS BEIG MULTICOLOUR (35) | [IBGG2400000400912] [BJSH359001- BEIG-36] SNEAKERS BEIG MULTICOLOUR (36) | [IBGG2400000400912] [BJSH359001- BEIG-39] SNEAKERS BEIG MULTICOLOUR (39) | [IBGG2400000400912] [BJSH359001- BEIG-40] SNEAKERS BEIG MULTICOLOUR (40)
CLAGD/Stock/StorageGD/CLA-040-01-03-03;100;GOLD;B+D+A;432;100;[IBGG2400000161298] [COSH200006-NAVY_C_33_33_10] PACK School Shoes Navy | [IBGG2400000161285] [COSH200006-NAVY_C_31_31_10] PACK School Shoes Navy | [IBGG2400000161225] [COSH200001-NAVY_C_35_35_10] PACK School Shoes Navy | [IBGG2400000161224] [COSH200001-NAVY_C_35_35_10] PACK School Shoes Navy | [IBGG2400000161222] [COSH200001-NAVY_C_35_35_10] PACK School Shoes Navy | [IBGG2400000161218] [COSH200001-NAVY_C_34_34_10] PACK School Shoes Navy | [IBGG2400000010730] [COSH542020-TAUP_C_26_26_10] Pack AUSTRALIAN BOOTS WATER REPELLENT TAUPE (26) x 10 unid | [IBGG2400000010728] [COSH542020-TAUP_C_26_26_10] Pack AUSTRALIAN BOOTS WATER REPELLENT TAUPE (26) x 10 unid | [IBGG2400000010714] [COSH542020-TAUP_C_26_26_10] Pack AUSTRALIAN BOOTS WATER REPELLENT TAUPE (26) x 10 unid | [IBGG2400000010669] [COSH542020-TAUP_C_22_22_10] Pack AUSTRALIAN BOOTS WATER REPELLENT TAUPE (22) x 10 unid
CLAGD/Stock/StorageGD/CLA-040-02-01-01;56;GOLD;B+C+D+A;1073;50;[IBGB2400000320178] [MV231601-0020-39] BLACK                                              (39) | [IBGB2400000320178] [MV231605-0020-37] Black / White Rider Platform Sneakers (37) | [IBGB2400000320178] [MV231601-0020-41] BLACK                                              (41) | [IBGB2400000320178] [MV231601-0020-36] BLACK                                              (36) | [IBGB2400000320178] [MV231601-0020-38] BLACK                                              (38) | [IBGB2400000320178] [JVK25102-0121-38] Sneaker Wicker Berry (38) | [IBGB2400000320178] [MV231601-0020-40] BLACK                                              (40) | [IBGB2400000320178] [MV231601-0020-37] BLACK                                              (37) | [IBGG2400000010266] [COSH542020-NAVY_C_36_36_10] Pack AUSTRALIAN BOOTS WATER REPELLENT NAVY (36) x 10 unid | [IBGG2400000010240] [COSH542020-NAVY_C_33_33_10] Pack AUSTRALIAN BOOTS WATER REPELLENT NAVY (33) x 10 unid | [IBGG2400000020401] [BJSH542090-BLAC_C_39_39_10] Pack AUSTRALIAN BOOT BOMB BLACK  (39) x 10 unid | [IBGG2400000068333] [MV231601-0020-41] BLACK                                              (41) | [IBGG2400000068333] [MV231601-0020-38] BLACK                                              (38) | [IBGG2400000068333] [MV231601-0020-37] BLACK                                              (37) | [IBGG2400000068333] [MV231601-0020-36] BLACK                                              (36) | [IBGG2400000068333] [MV231611-0020-38] BLACK (38) | [IBGG2400000068333] [MV231601-0020-40] BLACK                                              (40) | [IBGG2400000068333] [MV231601-0020-39] BLACK                                              (39)
CLAGD/Stock/StorageGD/CLA-040-03-01-03;114;GOLD;C+B+A+D;725;100;[IBGG2400000298929] [OSSH143075-PINK-26] SANDALS CHAMPION PINK (26) | [IBGG2400000298929] [OSSH143075-PINK-21] SANDALS CHAMPION PINK (21) | [IBGG2400000298929] [OSSH143075-PINK-25] SANDALS CHAMPION PINK (25) | [IBGG2400000298929] [OSSH143075-PINK-24] SANDALS CHAMPION PINK (24) | [IBGG2400000298929] [OSSH143075-PINK-20] SANDALS CHAMPION PINK (20) | [IBGG2400000298929] [OSSH143075-PINK-22] SANDALS CHAMPION PINK (22) | [IBGG2400000298929] [OSSH143075-PINK-23] SANDALS CHAMPION PINK (23) | [IBG2023001268116] [COSH311001-BLAC_C_27_36_12] Pack SNEAKERS CANVA BLACK | [IBG2023001268116] [COSH311001-BLAC_C_27_36_12] Pack SNEAKERS CANVA BLACK | [IBG2023001268116] [COSH311001-BLAC_C_27_36_12] Pack SNEAKERS CANVA BLACK | [IBG2023001268116] [COSH311001-BLAC_C_27_36_12] Pack SNEAKERS CANVA BLACK | [IBG2023001268116] [COSH311001-BLAC_C_27_36_12] Pack SNEAKERS CANVA BLACK | [IBG2023001268116] [COSH311001-BLAC_C_27_36_12] Pack SNEAKERS CANVA BLACK | [IBG2023001268116] [COSH311001-BLAC_C_27_36_12] Pack SNEAKERS CANVA BLACK | [IBG2023001268116] [COSH311001-BLAC_C_27_36_12] Pack SNEAKERS CANVA BLACK | [IBG2023001268116] [COSH311001-BLAC_C_27_36_12] Pack SNEAKERS CANVA BLACK | [IBG2023001268116] [COSH311001-BLAC_C_27_36_12] Pack SNEAKERS CANVA BLACK | [IBG2023000708040] [COSH283005-BLAC_C_29_29_10] Pack Sneakers  Napa  Black (29) x 10 unid | [IBG2023000708019] [COSH283005-BLAC_C_29_29_10] Pack Sneakers  Napa  Black (29) x 10 unid | [IBG2023000707968] [COSH283005-BLAC_C_28_28_10] Pack Sneakers  Napa  Black (28) x 10 unid | [IBGG2400000185791] [COSH261031-SILV-29] SNEAKERS WITH LIGHTS SILVER (29) | [IBGG2400000185786] [COSH261031-SILV_C_29_29_10] PACK SNEAKERS WITH LIGHTS SILVER | [IBGG2400000185732] [COSH261030-PINK_C_29_29_10] PACK SNEAKERS WITH LIGHTS PINK | [IBGG2400000185726] [COSH261030-PINK_C_28_28_10] PACK SNEAKERS WITH LIGHTS PINK | [IBGG2400000185721] [COSH261030-PINK_C_28_28_10] PACK SNEAKERS WITH LIGHTS PINK
CLAGD/Stock/StorageGD/CLA-040-04-03-02;100;GOLD;A+D;432;100;[IBGG2400000010952] [COSH542020-TAUP_C_35_35_10] Pack AUSTRALIAN BOOTS WATER REPELLENT TAUPE (35) x 10 unid | [IBGG2400000010951] [COSH542020-TAUP_C_35_35_10] Pack AUSTRALIAN BOOTS WATER REPELLENT TAUPE (35) x 10 unid | [IBGG2400000010946] [COSH542020-TAUP_C_35_35_10] Pack AUSTRALIAN BOOTS WATER REPELLENT TAUPE (35) x 10 unid | [IBGG2400000010945] [COSH542020-TAUP_C_35_35_10] Pack AUSTRALIAN BOOTS WATER REPELLENT TAUPE (35) x 10 unid | [IBGG2400000010966] [COSH542020-TAUP_C_35_35_10] Pack AUSTRALIAN BOOTS WATER REPELLENT TAUPE (35) x 10 unid | [IBGG2400000010959] [COSH542020-TAUP_C_35_35_10] Pack AUSTRALIAN BOOTS WATER REPELLENT TAUPE (35) x 10 unid | [IBGG2400000010944] [COSH542020-TAUP_C_35_35_10] Pack AUSTRALIAN BOOTS WATER REPELLENT TAUPE (35) x 10 unid | [IBGG2400000010897] [COSH542020-TAUP_C_33_33_10] Pack AUSTRALIAN BOOTS WATER REPELLENT TAUPE (33) x 10 unid | [IBGG2400000010894] [COSH542020-TAUP_C_33_33_10] Pack AUSTRALIAN BOOTS WATER REPELLENT TAUPE (33) x 10 unid | [IBGG2400000049453] [COSH224050-MULT_C_31_31_10] PACK SNEAKERS STARTS FANTASY MULTI 
CLAGD/Stock/StorageGD/CLA-040-06-01-01;94;GOLD;C+B+A+D;1263;90;[IBGG2400000067867] [MV231601-0001-38] WHITE (38) | [IBGG2400000067867] [MV231601-0001-41] WHITE (41) | [IBGG2400000067867] [MV231601-0001-36] WHITE (36) | [IBGG2400000067867] [MV231601-0001-37] WHITE (37) | [IBGG2400000067867] [MV231601-0001-40] WHITE (40) | [IBGB2400000299364] [MV231601-0001-41] WHITE (41) | [IBGB2400000299364] [MV231601-0001-36] WHITE (36) | [IBGB2400000299364] [MV231601-0001-37] WHITE (37) | [IBGB2400000299364] [MV231601-0001-38] WHITE (38) | [IBGG2400000010713] [COSH542020-TAUP_C_26_26_10] Pack AUSTRALIAN BOOTS WATER REPELLENT TAUPE (26) x 10 unid | [IBGG2400000010711] [COSH542020-TAUP_C_26_26_10] Pack AUSTRALIAN BOOTS WATER REPELLENT TAUPE (26) x 10 unid | [IBGG2400000161235] [COSH200002-NAVY_C_28_28_10] PACK School Shoes Navy | [IBGG2400000024400] [NV128333-0001-36] LONA WHITE (36) | [IBGG2400000017290] [BWSH368001-BLAC_C_36_41_12] Pack SNEAKERS LOGO GLITTER BLACK | [IBGG2400000017290] [BWSH368001-BLAC_C_36_41_12] Pack SNEAKERS LOGO GLITTER BLACK | [IBGG2400000017290] [BWSH368001-BLAC_C_36_41_12] Pack SNEAKERS LOGO GLITTER BLACK | [IBGG2400000017290] [BWSH368001-BLAC_C_36_41_12] Pack SNEAKERS LOGO GLITTER BLACK | [IBGG2400000017290] [BWSH368001-BLAC_C_36_41_12] Pack SNEAKERS LOGO GLITTER BLACK | [IBGG2400000017290] [BWSH368001-BLAC_C_36_41_12] Pack SNEAKERS LOGO GLITTER BLACK | [IBGG2400000011096] [COSH542065-TAN_C_31_31_10] Pack AUSTRALIAN BOOTS PLUSH FUR TAN (31) x 10 unid | [IBG2022000518369] [NV121504-0043_C_24_34_12] Pack BATISTA BEIGE | [IBG2022000518369] [NV121504-0043_C_24_34_12] Pack BATISTA BEIGE | [IBG2022000518369] [NV121504-0043_C_24_34_12] Pack BATISTA BEIGE | [IBG2022000518369] [NV121504-0043_C_24_34_12] Pack BATISTA BEIGE | [IBG2022000518369] [NV121504-0043_C_24_34_12] Pack BATISTA BEIGE | [IBG2022000518369] [NV121504-0043_C_24_34_12] Pack BATISTA BEIGE | [IBG2022000518369] [NV121504-0043_C_24_34_12] Pack BATISTA BEIGE | [IBG2022000518369] [NV121504-0043_C_24_34_12] Pack BATISTA BEIGE | [IBG2022000518369] [NV121504-0043_C_24_34_12] Pack BATISTA BEIGE | [IBG2022000518369] [NV121504-0043_C_24_34_12] Pack BATISTA BEIGE | [IBG2022000518369] [NV121504-0043_C_24_34_12] Pack BATISTA BEIGE
CLAGD/Stock/StorageGD/CLA-040-06-02-02;40;GOLD;B+C+A;450;40;[IBGG2400000011121] [COSH542065-TAN_C_35_35_10] Pack AUSTRALIAN BOOTS PLUSH FUR TAN (35) x 10 unid | [IBGG2400000011090] [COSH542065-TAN_C_31_31_10] Pack AUSTRALIAN BOOTS PLUSH FUR TAN (31) x 10 unid | [IBGG2400000011084] [COSH542065-TAN_C_30_30_10] Pack AUSTRALIAN BOOTS PLUSH FUR TAN (30) x 10 unid | [IBGG2400000024552] [BJSH543008-BLAC_C_35_35_10] Pack AUSTRALIAN BOOT LOW BLACK  (35) x 10 unid
CLAGD/Stock/StorageGD/CLA-040-06-03-03;112;GOLD;A+D+B+C;579;110;[IBGG2400000010778] [COSH542020-TAUP_C_28_28_10] Pack AUSTRALIAN BOOTS WATER REPELLENT TAUPE (28) x 10 unid | [IBGG2400000010777] [COSH542020-TAUP_C_28_28_10] Pack AUSTRALIAN BOOTS WATER REPELLENT TAUPE (28) x 10 unid | [IBGG2400000010776] [COSH542020-TAUP_C_28_28_10] Pack AUSTRALIAN BOOTS WATER REPELLENT TAUPE (28) x 10 unid | [IBGG2400000010775] [COSH542020-TAUP_C_28_28_10] Pack AUSTRALIAN BOOTS WATER REPELLENT TAUPE (28) x 10 unid | [IBGG2400000010770] [COSH542020-TAUP_C_28_28_10] Pack AUSTRALIAN BOOTS WATER REPELLENT TAUPE (28) x 10 unid | [IBGG2400000010769] [COSH542020-TAUP_C_28_28_10] Pack AUSTRALIAN BOOTS WATER REPELLENT TAUPE (28) x 10 unid | [IBGG2400000010759] [COSH542020-TAUP_C_28_28_10] Pack AUSTRALIAN BOOTS WATER REPELLENT TAUPE (28) x 10 unid | [IBGG2400000010757] [COSH542020-TAUP_C_28_28_10] Pack AUSTRALIAN BOOTS WATER REPELLENT TAUPE (28) x 10 unid | [IBGG2400000010756] [COSH542020-TAUP_C_28_28_10] Pack AUSTRALIAN BOOTS WATER REPELLENT TAUPE (28) x 10 unid | [IBGG2400000010755] [COSH542020-TAUP_C_28_28_10] Pack AUSTRALIAN BOOTS WATER REPELLENT TAUPE (28) x 10 unid | [IBG2022000291880] [NV126520-0011_C_24_35_12] Pack METALIZADO ROSA | [IBG2022000291880] [NV126520-0011_C_24_35_12] Pack METALIZADO ROSA | [IBG2022000291880] [NV126520-0011_C_24_35_12] Pack METALIZADO ROSA | [IBG2022000291880] [NV126520-0011_C_24_35_12] Pack METALIZADO ROSA | [IBG2022000291880] [NV126520-0011_C_24_35_12] Pack METALIZADO ROSA | [IBG2022000291880] [NV126520-0011_C_24_35_12] Pack METALIZADO ROSA | [IBG2022000291880] [NV126520-0011_C_24_35_12] Pack METALIZADO ROSA | [IBG2022000291880] [NV126520-0011_C_24_35_12] Pack METALIZADO ROSA | [IBG2022000291880] [NV126520-0011_C_24_35_12] Pack METALIZADO ROSA | [IBG2022000291880] [NV126520-0011_C_24_35_12] Pack METALIZADO ROSA | [IBG2022000291880] [NV126520-0011_C_24_35_12] Pack METALIZADO ROSA | [IBG2022000291880] [NV126520-0011_C_24_35_12] Pack METALIZADO ROSA
CLAGD/Stock/StorageGD/CLA-040-07-01-01;80;GOLD;A+D+C+B;579;80;[IBGG2400000010969] [COSH542020-TAUP_C_35_35_10] Pack AUSTRALIAN BOOTS WATER REPELLENT TAUPE (35) x 10 unid | [IBGG2400000028140] [BJSH543001-BLAC_C_35_35_10] Pack Australian Boots Water Repellent Black (35) x 10 unid | [IBG2023001125105] [NV128524-0040_C_24_35_12] Pack METALIZADO PLATA | [IBGG2400000006212] [OSSH143073-BLUE_C_20_26_12] Pack SANDALS BLUE BIO BUCLE | [IBGG2400000006212] [OSSH143073-BLUE_C_20_26_12] Pack SANDALS BLUE BIO BUCLE | [IBGG2400000006212] [OSSH143073-BLUE_C_20_26_12] Pack SANDALS BLUE BIO BUCLE | [IBGG2400000006212] [OSSH143073-BLUE_C_20_26_12] Pack SANDALS BLUE BIO BUCLE | [IBGG2400000006212] [OSSH143073-BLUE_C_20_26_12] Pack SANDALS BLUE BIO BUCLE | [IBGG2400000006212] [OSSH143073-BLUE_C_20_26_12] Pack SANDALS BLUE BIO BUCLE | [IBGG2400000006212] [OSSH143073-BLUE_C_20_26_12] Pack SANDALS BLUE BIO BUCLE | [IBG2022000473088] [NV128527-0160_C_24_35_12] Pack ESTAMPADO CEBRA FLUOR | [IBG2022000473088] [NV128527-0160_C_24_35_12] Pack ESTAMPADO CEBRA FLUOR | [IBG2022000473088] [NV128527-0160_C_24_35_12] Pack ESTAMPADO CEBRA FLUOR | [IBG2022000473088] [NV128527-0160_C_24_35_12] Pack ESTAMPADO CEBRA FLUOR | [IBG2022000473088] [NV128527-0160_C_24_35_12] Pack ESTAMPADO CEBRA FLUOR | [IBG2022000473088] [NV128527-0160_C_24_35_12] Pack ESTAMPADO CEBRA FLUOR | [IBG2022000473088] [NV128527-0160_C_24_35_12] Pack ESTAMPADO CEBRA FLUOR | [IBG2022000473088] [NV128527-0160_C_24_35_12] Pack ESTAMPADO CEBRA FLUOR | [IBG2022000473088] [NV128527-0160_C_24_35_12] Pack ESTAMPADO CEBRA FLUOR | [IBG2022000473088] [NV128527-0160_C_24_35_12] Pack ESTAMPADO CEBRA FLUOR | [IBG2022000473088] [NV128527-0160_C_24_35_12] Pack ESTAMPADO CEBRA FLUOR | [IBG2022000473088] [NV128527-0160_C_24_35_12] Pack ESTAMPADO CEBRA FLUOR | [IBG2022000473040] [NV128527-0160-27] ESTAMPADO CEBRA FLUOR (27) | [IBG2022000473040] [NV128527-0160-28] ESTAMPADO CEBRA FLUOR (28) | [IBG2022000473040] [NV128527-0160-29] ESTAMPADO CEBRA FLUOR (29) | [IBG2022000473040] [NV128527-0160-30] ESTAMPADO CEBRA FLUOR (30) | [IBG2022000473040] [NV128527-0160-31] ESTAMPADO CEBRA FLUOR (31) | [IBG2022000473040] [NV128527-0160-32] ESTAMPADO CEBRA FLUOR (32) | [IBG2022000473040] [NV128527-0160-33] ESTAMPADO CEBRA FLUOR (33) | [IBG2022000473040] [NV128527-0160-34] ESTAMPADO CEBRA FLUOR (34) | [IBG2022000290883] [NV126507-0043_C_27_35_12] Pack CHAROL BEIGE | [IBG2022000290883] [NV126507-0043_C_27_35_12] Pack CHAROL BEIGE | [IBG2022000290883] [NV126507-0043_C_27_35_12] Pack CHAROL BEIGE | [IBG2022000290883] [NV126507-0043_C_27_35_12] Pack CHAROL BEIGE | [IBG2022000290883] [NV126507-0043_C_27_35_12] Pack CHAROL BEIGE | [IBG2022000290883] [NV126507-0043_C_27_35_12] Pack CHAROL BEIGE | [IBG2022000290883] [NV126507-0043_C_27_35_12] Pack CHAROL BEIGE | [IBG2022000290883] [NV126507-0043_C_27_35_12] Pack CHAROL BEIGE | [IBG2022000290883] [NV126507-0043_C_27_35_12] Pack CHAROL BEIGE | [IBGG2400000400711] [BJSH360003-BEIG-35] SANDALS STRIPS BEIG/MULTI (35) | [IBGG2400000400711] [BJSH360003-BEIG-36] SANDALS STRIPS BEIG/MULTI (36) | [IBGG2400000400711] [BJSH360003-BEIG-37] SANDALS STRIPS BEIG/MULTI (37) | [IBGG2400000400711] [BJSH360003-BEIG-38] SANDALS STRIPS BEIG/MULTI (38) | [IBGG2400000400711] [BJSH360003-BEIG-39] SANDALS STRIPS BEIG/MULTI (39) | [IBGG2400000400711] [BJSH360003-BEIG-33] SANDALS STRIPS BEIG/MULTI (33) | [IBGG2400000400711] [BJSH360003-BEIG-34] SANDALS STRIPS BEIG/MULTI (34) | [IBGG2400000400711] [BJSH360003-BEIG-40] SANDALS STRIPS BEIG/MULTI (40)
CLAGD/Stock/StorageGD/CLA-040-07-01-02;32;GOLD;C+B+A;432;30;[IBGG2400000111579] [COSH301085-WHIT_C_25_36_12] PACK SANDALS STRIPS BUCKLE FLORAL PRINT WHITE | [IBGG2400000111579] [COSH301085-WHIT_C_25_36_12] PACK SANDALS STRIPS BUCKLE FLORAL PRINT WHITE | [IBGG2400000111579] [COSH301085-WHIT_C_25_36_12] PACK SANDALS STRIPS BUCKLE FLORAL PRINT WHITE | [IBGG2400000111579] [COSH301085-WHIT_C_25_36_12] PACK SANDALS STRIPS BUCKLE FLORAL PRINT WHITE | [IBGG2400000111579] [COSH301085-WHIT_C_25_36_12] PACK SANDALS STRIPS BUCKLE FLORAL PRINT WHITE | [IBGG2400000111579] [COSH301085-WHIT_C_25_36_12] PACK SANDALS STRIPS BUCKLE FLORAL PRINT WHITE | [IBGG2400000111579] [COSH301085-WHIT_C_25_36_12] PACK SANDALS STRIPS BUCKLE FLORAL PRINT WHITE | [IBGG2400000111579] [COSH301085-WHIT_C_25_36_12] PACK SANDALS STRIPS BUCKLE FLORAL PRINT WHITE | [IBGG2400000111579] [COSH301085-WHIT_C_25_36_12] PACK SANDALS STRIPS BUCKLE FLORAL PRINT WHITE | [IBGG2400000111579] [COSH301085-WHIT_C_25_36_12] PACK SANDALS STRIPS BUCKLE FLORAL PRINT WHITE | [IBGG2400000111579] [COSH301085-WHIT_C_25_36_12] PACK SANDALS STRIPS BUCKLE FLORAL PRINT WHITE | [IBGG2400000111579] [COSH301085-WHIT_C_25_36_12] PACK SANDALS STRIPS BUCKLE FLORAL PRINT WHITE | [IBGG2400000010763] [COSH542020-TAUP_C_28_28_10] Pack AUSTRALIAN BOOTS WATER REPELLENT TAUPE (28) x 10 unid | [IBGG2400000200123] [BJSH542020-TAUP_C_39_39_10] Pack Australian Boots Water Repellent Taupe (39) x 10 unid
CLAGD/Stock/StorageGD/CLA-040-07-01-03;118;GOLD;D+B+A;725;100;[FGD 000055920075] [MV231601-0020_C_40_40_12] Pack BLACK | [FGD 000055920059] [MV231601-0020_C_39_39_12] Pack BLACK | [FGD 000055920045] [MV231601-0020_C_39_39_12] Pack BLACK | [FGD 000055920042] [MV231601-0020_C_38_39_12] Pack BLACK | [FGD 000055920042] [MV231601-0020_C_38_39_12] Pack BLACK | [FGD 000055920032] [MV231601-0020_C_38_38_12] Pack BLACK | [FGD 000055920031] [MV231601-0020_C_38_38_12] Pack BLACK | [FGD 000055920025] [MV231601-0020_C_38_38_12] Pack BLACK | [FGD 000055920021] [MV231601-0020_C_37_38_12] Pack BLACK | [FGD 000055920021] [MV231601-0020_C_37_38_12] Pack BLACK | [FGD 000055920016] [MV231601-0020_C_37_37_12] Pack BLACK | [IBGG2400000200124] [BJSH542020-TAUP_C_39_39_10] Pack Australian Boots Water Repellent Taupe (39) x 10 unid
CLAGD/Stock/StorageGD/CLA-040-07-02-01;64;GOLD;B+A+D+C;725;60;[FGD 000000027524] [LI231010-0020_C_36_41_12] Pack BOOTS KATE TROOPER BLACK | [FGD 000000027524] [LI231010-0020_C_36_41_12] Pack BOOTS KATE TROOPER BLACK | [FGD 000000027524] [LI231010-0020_C_36_41_12] Pack BOOTS KATE TROOPER BLACK | [FGD 000000027524] [LI231010-0020_C_36_41_12] Pack BOOTS KATE TROOPER BLACK | [FGD 000000027524] [LI231010-0020_C_36_41_12] Pack BOOTS KATE TROOPER BLACK | [FGD 000000027524] [LI231010-0020_C_36_41_12] Pack BOOTS KATE TROOPER BLACK | [FGD 000000010772] [LI231010-0020_C_36_41_12] Pack BOOTS KATE TROOPER BLACK | [FGD 000000010772] [LI231010-0020_C_36_41_12] Pack BOOTS KATE TROOPER BLACK | [FGD 000000010772] [LI231010-0020_C_36_41_12] Pack BOOTS KATE TROOPER BLACK | [FGD 000000010772] [LI231010-0020_C_36_41_12] Pack BOOTS KATE TROOPER BLACK | [FGD 000000010772] [LI231010-0020_C_36_41_12] Pack BOOTS KATE TROOPER BLACK | [FGD 000000010772] [LI231010-0020_C_36_41_12] Pack BOOTS KATE TROOPER BLACK | [IBGG2400000185789] [COSH261031-SILV_C_29_29_10] PACK SNEAKERS WITH LIGHTS SILVER | [IBGG2400000185777] [COSH261031-SILV_C_27_27_10] PACK SNEAKERS WITH LIGHTS SILVER | [FGD 000054150089] [MV232305-0020_C_39_39_10] Pack BLACK | [FGD 000054150088] [MV232305-0020_C_39_39_10] Pack BLACK
CLAGD/Stock/StorageGD/CLA-040-08-01-01;111;GOLD;C+D+B+A;725;110;[FGD 000038950059] [MV128301-0001_C_38_38_10] Pack LONA BLANCO | [IBG2023001125174] [NV128524-0040_C_24_35_12] Pack METALIZADO PLATA | [IBG2023001125174] [NV128524-0040_C_24_35_12] Pack METALIZADO PLATA | [IBG2023001125174] [NV128524-0040_C_24_35_12] Pack METALIZADO PLATA | [IBG2023001125174] [NV128524-0040_C_24_35_12] Pack METALIZADO PLATA | [IBG2023001125174] [NV128524-0040_C_24_35_12] Pack METALIZADO PLATA | [IBG2023001125174] [NV128524-0040_C_24_35_12] Pack METALIZADO PLATA | [IBG2023001125174] [NV128524-0040_C_24_35_12] Pack METALIZADO PLATA | [IBG2023001125174] [NV128524-0040_C_24_35_12] Pack METALIZADO PLATA | [IBG2023001125174] [NV128524-0040_C_24_35_12] Pack METALIZADO PLATA | [IBG2023001125174] [NV128524-0040_C_24_35_12] Pack METALIZADO PLATA | [IBG2023001125174] [NV128524-0040_C_24_35_12] Pack METALIZADO PLATA | [IBG2023001125174] [NV128524-0040_C_24_35_12] Pack METALIZADO PLATA | [IBGG2400000026855] [BJSH542083-TAUP_C_33_33_10] Pack AUSTRALIAN BOOT LOW TAUPE (33) x 10 unid | [IBGG2400000327937] [NV553401-0011-33-34] EVA PINK (33-34) | [IBGG2400000327937] [NV553401-0011-37-38] EVA PINK (37-38) | [IBGG2400000327937] [NV553401-0269-35-36] EVA CORAL (35-36) | [IBGG2400000327937] [NV553401-0269-39-40] EVA CORAL (39-40) | [IBGG2400000327937] [NV553401-0010-33-34] EVA LAVENDER (33-34) | [IBGG2400000327937] [NV553401-0058-33-34] EVA LT. BLUE (33-34) | [IBGG2400000327937] [NV553401-0011-31-32] EVA PINK (31-32) | [IBGG2400000327935] [COSH200002-NAVY-26] School Shoes Navy (26) | [IBGG2400000327933] [COSH200002-NAVY-31] School Shoes Navy (31) | [IBGG2400000327928] [COSH200002-NAVY-27] School Shoes Navy (27) | [IBGG2400000078262] [COSH300104-GOLD_C_25_36_12] PACK SANDALS STRIPS GOLD / MULTI | [IBGG2400000078262] [COSH300104-GOLD_C_25_36_12] PACK SANDALS STRIPS GOLD / MULTI | [IBGG2400000078262] [COSH300104-GOLD_C_25_36_12] PACK SANDALS STRIPS GOLD / MULTI | [IBGG2400000078262] [COSH300104-GOLD_C_25_36_12] PACK SANDALS STRIPS GOLD / MULTI | [IBGG2400000078262] [COSH300104-GOLD_C_25_36_12] PACK SANDALS STRIPS GOLD / MULTI | [IBGG2400000078262] [COSH300104-GOLD_C_25_36_12] PACK SANDALS STRIPS GOLD / MULTI | [IBGG2400000078262] [COSH300104-GOLD_C_25_36_12] PACK SANDALS STRIPS GOLD / MULTI | [IBGG2400000078262] [COSH300104-GOLD_C_25_36_12] PACK SANDALS STRIPS GOLD / MULTI | [IBGG2400000078262] [COSH300104-GOLD_C_25_36_12] PACK SANDALS STRIPS GOLD / MULTI | [IBGG2400000078262] [COSH300104-GOLD_C_25_36_12] PACK SANDALS STRIPS GOLD / MULTI | [IBGG2400000078262] [COSH300104-GOLD_C_25_36_12] PACK SANDALS STRIPS GOLD / MULTI | [IBGG2400000078262] [COSH300104-GOLD_C_25_36_12] PACK SANDALS STRIPS GOLD / MULTI | [IBGG2400000078229] [COSH300101-GOLD_C_25_36_12] PACK SANDALS BUCKLE STRIPS GOLD  | [IBGG2400000078229] [COSH300101-GOLD_C_25_36_12] PACK SANDALS BUCKLE STRIPS GOLD  | [IBGG2400000078229] [COSH300101-GOLD_C_25_36_12] PACK SANDALS BUCKLE STRIPS GOLD  | [IBGG2400000078229] [COSH300101-GOLD_C_25_36_12] PACK SANDALS BUCKLE STRIPS GOLD  | [IBGG2400000078229] [COSH300101-GOLD_C_25_36_12] PACK SANDALS BUCKLE STRIPS GOLD  | [IBGG2400000078229] [COSH300101-GOLD_C_25_36_12] PACK SANDALS BUCKLE STRIPS GOLD  | [IBGG2400000078229] [COSH300101-GOLD_C_25_36_12] PACK SANDALS BUCKLE STRIPS GOLD  | [IBGG2400000078229] [COSH300101-GOLD_C_25_36_12] PACK SANDALS BUCKLE STRIPS GOLD  | [IBGG2400000078229] [COSH300101-GOLD_C_25_36_12] PACK SANDALS BUCKLE STRIPS GOLD  | [IBGG2400000078229] [COSH300101-GOLD_C_25_36_12] PACK SANDALS BUCKLE STRIPS GOLD  | [IBGG2400000078229] [COSH300101-GOLD_C_25_36_12] PACK SANDALS BUCKLE STRIPS GOLD  | [IBGG2400000078229] [COSH300101-GOLD_C_25_36_12] PACK SANDALS BUCKLE STRIPS GOLD  | [FGD 000000010789] [LI231010-0020_C_36_41_12] Pack BOOTS KATE TROOPER BLACK | [FGD 000000010789] [LI231010-0020_C_36_41_12] Pack BOOTS KATE TROOPER BLACK | [FGD 000000010789] [LI231010-0020_C_36_41_12] Pack BOOTS KATE TROOPER BLACK | [FGD 000000010789] [LI231010-0020_C_36_41_12] Pack BOOTS KATE TROOPER BLACK | [FGD 000000010789] [LI231010-0020_C_36_41_12] Pack BOOTS KATE TROOPER BLACK | [FGD 000000010789] [LI231010-0020_C_36_41_12] Pack BOOTS KATE TROOPER BLACK | [IBG2023001236511] [COSH265039-SILV_C_24_35_12] Pack BALLERINAS MEIDEI SILVER
CLAGD/Stock/StorageGD/CLA-040-08-01-02;38;GOLD;D+B+A;11;40;[IBGG2400000400701] [BJSH360003-BEIG-35] SANDALS STRIPS BEIG/MULTI (35) | [IBGG2400000400701] [BJSH360003-BEIG-34] SANDALS STRIPS BEIG/MULTI (34) | [IBGG2400000400701] [BJSH360003-BEIG-33] SANDALS STRIPS BEIG/MULTI (33) | [IBGG2400000400701] [BJSH360003-BEIG-39] SANDALS STRIPS BEIG/MULTI (39) | [IBGG2400000400701] [BJSH360003-BEIG-36] SANDALS STRIPS BEIG/MULTI (36) | [IBGG2400000400701] [BJSH360003-BEIG-37] SANDALS STRIPS BEIG/MULTI (37) | [IBGG2400000400701] [BJSH360003-BEIG-38] SANDALS STRIPS BEIG/MULTI (38) | [IBGG2400000400701] [BJSH360003-BEIG-40] SANDALS STRIPS BEIG/MULTI (40) | [IBGG2400000400692] [COSH542020-TAUP-34] AUSTRALIAN BOOTS WATER REPELLENT TAUPE (34) | [IBGG2400000400677] [BJSH542083-TAN-38] Low Tan Australian Boots B&W (38) | [IBGG2400000400677] [BJSH542083-TAN-34] Low Tan Australian Boots B&W (34) | [IBGG2400000400674] [BJSH542083-TAN-35] Low Tan Australian Boots B&W (35) | [IBGG2400000400674] [BJSH542083-TAN-36] Low Tan Australian Boots B&W (36) | [IBGG2400000400674] [BJSH542083-TAN-34] Low Tan Australian Boots B&W (34)
CLAGD/Stock/StorageGD/CLA-040-08-01-03;66;GOLD;B+C+A;493;70;[IBGG2400000244804] [COSH283092-MULT-30] SNEAKERS FANTASY MULTICOLOR (30) | [IBGG2400000244804] [COSH283092-MULT-31] SNEAKERS FANTASY MULTICOLOR (31) | [IBGG2400000244804] [COSH283092-MULT-29] SNEAKERS FANTASY MULTICOLOR (29) | [IBGG2400000222364] [OSSH140110-PINK-27] BOOTS AUTRALIANA PLUSH PINK (27) | [IBGG2400000222364] [OSSH140110-PINK-28] BOOTS AUTRALIANA PLUSH PINK (28) | [IBGG2400000222364] [OSSH140110-PINK-29] BOOTS AUTRALIANA PLUSH PINK (29) | [IBGG2400000222364] [OSSH140110-PINK-26] BOOTS AUTRALIANA PLUSH PINK (26) | [IBGG2400000222364] [OSSH140110-PINK-25] BOOTS AUTRALIANA PLUSH PINK (25) | [IBGG2400000222364] [OSSH140110-PINK-24] BOOTS AUTRALIANA PLUSH PINK (24) | [IBGG2400000222364] [OSSH140110-PINK-30] BOOTS AUTRALIANA PLUSH PINK (30) | [IBGG2400000222364] [OSSH140110-PINK-31] BOOTS AUTRALIANA PLUSH PINK (31) | [IBGG2400000196175] [BJSH542090-GOLD-35] AUSTRALIAN BOOT BOMB GOLD (35) | [IBGG2400000196175] [BJSH542090-GOLD-34] AUSTRALIAN BOOT BOMB GOLD (34) | [IBGG2400000196175] [BJSH542090-PEWT-32] AUSTRALIAN BOOT BOMB PEWTER  (32) | [IBGG2400000196175] [BJSH542090-PEWT-34] AUSTRALIAN BOOT BOMB PEWTER  (34) | [IBGG2400000196048] [BJSH542090-BLAC-32] AUSTRALIAN BOOT BOMB BLACK  (32) | [IBGG2400000196048] [BJSH542090-BLAC-33] AUSTRALIAN BOOT BOMB BLACK  (33) | [IBGG2400000196048] [BJSH542090-PEWT-35] AUSTRALIAN BOOT BOMB PEWTER  (35) | [IBGG2400000196048] [BJSH542090-PEWT-36] AUSTRALIAN BOOT BOMB PEWTER  (36) | [IBGG2400000196048] [BJSH542090-PEWT-37] AUSTRALIAN BOOT BOMB PEWTER  (37) | [IBGG2400000196048] [BJSH542090-PEWT-38] AUSTRALIAN BOOT BOMB PEWTER  (38) | [IBGG2400000040653] [BJSH586092-PLOM_C_26_37_12] Pack BALLERINAS RIBBON PLOMO | [IBGG2400000040653] [BJSH586092-PLOM_C_26_37_12] Pack BALLERINAS RIBBON PLOMO | [IBGG2400000040653] [BJSH586092-PLOM_C_26_37_12] Pack BALLERINAS RIBBON PLOMO | [IBGG2400000040653] [BJSH586092-PLOM_C_26_37_12] Pack BALLERINAS RIBBON PLOMO | [IBGG2400000040653] [BJSH586092-PLOM_C_26_37_12] Pack BALLERINAS RIBBON PLOMO | [IBGG2400000040653] [BJSH586092-PLOM_C_26_37_12] Pack BALLERINAS RIBBON PLOMO | [IBGG2400000040653] [BJSH586092-PLOM_C_26_37_12] Pack BALLERINAS RIBBON PLOMO | [IBGG2400000040653] [BJSH586092-PLOM_C_26_37_12] Pack BALLERINAS RIBBON PLOMO | [IBGG2400000040653] [BJSH586092-PLOM_C_26_37_12] Pack BALLERINAS RIBBON PLOMO | [IBGG2400000040653] [BJSH586092-PLOM_C_26_37_12] Pack BALLERINAS RIBBON PLOMO | [IBGG2400000040653] [BJSH586092-PLOM_C_26_37_12] Pack BALLERINAS RIBBON PLOMO | [IBGG2400000040653] [BJSH586092-PLOM_C_26_37_12] Pack BALLERINAS RIBBON PLOMO | [IBGG2400000028651] [BWSH190015-BLACK_C_36_41_9] Pack AUTRALIAN BOOTS BASIC LOW BLACK | [IBGG2400000028651] [BWSH190015-BLACK_C_36_41_9] Pack AUTRALIAN BOOTS BASIC LOW BLACK | [IBGG2400000028651] [BWSH190015-BLACK_C_36_41_9] Pack AUTRALIAN BOOTS BASIC LOW BLACK | [IBGG2400000028651] [BWSH190015-BLACK_C_36_41_9] Pack AUTRALIAN BOOTS BASIC LOW BLACK | [IBGG2400000028651] [BWSH190015-BLACK_C_36_41_9] Pack AUTRALIAN BOOTS BASIC LOW BLACK | [IBGG2400000028651] [BWSH190015-BLACK_C_36_41_9] Pack AUTRALIAN BOOTS BASIC LOW BLACK | [IBGG2400000028646] [BWSH190015-BLACK_C_36_41_9] Pack AUTRALIAN BOOTS BASIC LOW BLACK | [IBGG2400000028646] [BWSH190015-BLACK_C_36_41_9] Pack AUTRALIAN BOOTS BASIC LOW BLACK | [IBGG2400000028646] [BWSH190015-BLACK_C_36_41_9] Pack AUTRALIAN BOOTS BASIC LOW BLACK | [IBGG2400000028646] [BWSH190015-BLACK_C_36_41_9] Pack AUTRALIAN BOOTS BASIC LOW BLACK | [IBGG2400000028646] [BWSH190015-BLACK_C_36_41_9] Pack AUTRALIAN BOOTS BASIC LOW BLACK | [IBGG2400000028646] [BWSH190015-BLACK_C_36_41_9] Pack AUTRALIAN BOOTS BASIC LOW BLACK
CLAGD/Stock/StorageGD/CLA-040-09-01-01;34;GOLD;C+A+D;579;30;[IBGG2400000247025] [MI124905-0011-28] WHITE - PINK (28) | [IBGG2400000247025] [MI124905-0011-29] WHITE - PINK (29) | [IBGG2400000247025] [MI124905-0011-30] WHITE - PINK (30) | [IBGG2400000200117] [BJSH542020-TAUP_C_39_39_10] Pack Australian Boots Water Repellent Taupe (39) x 10 unid | [IBG2022000291323] [NV126517-0040-27] METALIZADO PLATA (27) | [IBG2022000291323] [NV126517-0040-28] METALIZADO PLATA (28) | [IBG2022000291323] [NV126517-0040-29] METALIZADO PLATA (29) | [IBG2022000291323] [NV126517-0040-30] METALIZADO PLATA (30) | [IBG2022000291323] [NV126517-0040-31] METALIZADO PLATA (31) | [IBG2022000291323] [NV126517-0040-32] METALIZADO PLATA (32) | [IBG2022000291323] [NV126517-0040-33] METALIZADO PLATA (33) | [IBG2022000291323] [NV126517-0040-34] METALIZADO PLATA (34) | [IBG2022000291323] [NV126517-0040-35] METALIZADO PLATA (35)
CLAGD/Stock/StorageGD/CLA-041-01-01-01;168;GOLD;B+C+A;1319;140;[IBGG2400000392147] [KIX265034-GOLD-30] ORO (30) | [IBGG2400000392147] [KIX265034-GOLD-32] ORO (32) | [IBGG2400000392147] [LIS12243-0592-21] Baby's Titanium Mary Janes Patent Leather (21) | [IBGG2400000392147] [LIS12243-0592-20] Baby's Titanium Mary Janes Patent Leather (20) | [IBGG2400000392147] [LIS12244-0002-20] Baby's Navy Mary Janes Glitter (20) | [IBGG2400000392147] [MI126581-0021-35] CHAROL GRIS (35) | [IBGG2400000392147] [MI126581-0027-34] CHAROL MAQUILLAJE (34) | [IBGG2400000392147] [MI126581-0027-32] CHAROL MAQUILLAJE (32) | [IBGG2400000392147] [MI126581-0027-28] CHAROL MAQUILLAJE (28) | [IBGG2400000392147] [MI126581-0021-28] CHAROL GRIS (28) | [IBGG2400000392147] [KIS10219-0047-19] Baby's Bronze Metallized Mary Janes (19) | [IBGG2400000392147] [KIS10219-0047-24] Baby's Bronze Metallized Mary Janes (24) | [IBGG2400000392147] [28001-0020-25] Girl's Black Washable Leather School Shoes (25) | [IBGG2400000392147] [LIS12244-0002-22] Baby's Navy Mary Janes Glitter (22) | [IBGG2400000392147] [LIS12244-0002-24] Baby's Navy Mary Janes Glitter (24) | [IBGG2400000392147] [LIS12243-0592-22] Baby's Titanium Mary Janes Patent Leather (22) | [IBGG2400000392147] [LIS12244-0002-21] Baby's Navy Mary Janes Glitter (21) | [IBGG2400000392147] [LIS12244-0002-23] Baby's Navy Mary Janes Glitter (23) | [IBGG2400000392147] [LIS12243-0592-23] Baby's Titanium Mary Janes Patent Leather (23) | [IBGG2400000225760] [OSSH506001-NAVY-22] TECNOBABY BOOTIES SAFARI NAVY (22) | [IBGG2400000225760] [OSSH506001-NAVY-21] TECNOBABY BOOTIES SAFARI NAVY (21) | [IBGG2400000225760] [OSSH506001-NAVY-20] TECNOBABY BOOTIES SAFARI NAVY (20) | [IBGG2400000225760] [OSSH506001-NAVY-25] TECNOBABY BOOTIES SAFARI NAVY (25) | [IBGG2400000225760] [OSSH506001-NAVY-24] TECNOBABY BOOTIES SAFARI NAVY (24) | [IBGG2400000225760] [OSSH506001-NAVY-23] TECNOBABY BOOTIES SAFARI NAVY (23) | [IBGG2400000034722] [OSSH122071-PLOM_C_20_26_12] Pack BALLERINAS MONACO PLOMO | [IBGG2400000034722] [OSSH122071-PLOM_C_20_26_12] Pack BALLERINAS MONACO PLOMO | [IBGG2400000034722] [OSSH122071-PLOM_C_20_26_12] Pack BALLERINAS MONACO PLOMO | [IBGG2400000034722] [OSSH122071-PLOM_C_20_26_12] Pack BALLERINAS MONACO PLOMO | [IBGG2400000034722] [OSSH122071-PLOM_C_20_26_12] Pack BALLERINAS MONACO PLOMO | [IBGG2400000034722] [OSSH122071-PLOM_C_20_26_12] Pack BALLERINAS MONACO PLOMO | [IBGG2400000034722] [OSSH122071-PLOM_C_20_26_12] Pack BALLERINAS MONACO PLOMO | [IBGG2400000034679] [OSSH102102-NAVY_C_20_26_12] Pack BALLERINAS MONACO NAVY | [IBGG2400000034679] [OSSH102102-NAVY_C_20_26_12] Pack BALLERINAS MONACO NAVY | [IBGG2400000034679] [OSSH102102-NAVY_C_20_26_12] Pack BALLERINAS MONACO NAVY | [IBGG2400000034679] [OSSH102102-NAVY_C_20_26_12] Pack BALLERINAS MONACO NAVY | [IBGG2400000034679] [OSSH102102-NAVY_C_20_26_12] Pack BALLERINAS MONACO NAVY | [IBGG2400000034679] [OSSH102102-NAVY_C_20_26_12] Pack BALLERINAS MONACO NAVY | [IBGG2400000034679] [OSSH102102-NAVY_C_20_26_12] Pack BALLERINAS MONACO NAVY | [IBGG2400000034678] [OSSH102102-NAVY_C_19_26_12] Pack BALLERINAS MONACO NAVY | [IBGG2400000034678] [OSSH102102-NAVY_C_19_26_12] Pack BALLERINAS MONACO NAVY | [IBGG2400000034678] [OSSH102102-NAVY_C_19_26_12] Pack BALLERINAS MONACO NAVY | [IBGG2400000034678] [OSSH102102-NAVY_C_19_26_12] Pack BALLERINAS MONACO NAVY | [IBGG2400000034678] [OSSH102102-NAVY_C_19_26_12] Pack BALLERINAS MONACO NAVY | [IBGG2400000034678] [OSSH102102-NAVY_C_19_26_12] Pack BALLERINAS MONACO NAVY | [IBGG2400000034678] [OSSH102102-NAVY_C_19_26_12] Pack BALLERINAS MONACO NAVY | [IBGG2400000034678] [OSSH102102-NAVY_C_19_26_12] Pack BALLERINAS MONACO NAVY | [IBGG2400000034676] [OSSH102102-BORD_C_20_26_12] Pack BALLERINAS MONACO BURDEOS | [IBGG2400000034676] [OSSH102102-BORD_C_20_26_12] Pack BALLERINAS MONACO BURDEOS | [IBGG2400000034676] [OSSH102102-BORD_C_20_26_12] Pack BALLERINAS MONACO BURDEOS | [IBGG2400000034676] [OSSH102102-BORD_C_20_26_12] Pack BALLERINAS MONACO BURDEOS | [IBGG2400000034676] [OSSH102102-BORD_C_20_26_12] Pack BALLERINAS MONACO BURDEOS | [IBGG2400000034676] [OSSH102102-BORD_C_20_26_12] Pack BALLERINAS MONACO BURDEOS | [IBGG2400000034676] [OSSH102102-BORD_C_20_26_12] Pack BALLERINAS MONACO BURDEOS | [IBGG2400000034673] [OSSH102102-BORD_C_19_26_12] Pack BALLERINAS MONACO BURDEOS | [IBGG2400000034673] [OSSH102102-BORD_C_19_26_12] Pack BALLERINAS MONACO BURDEOS | [IBGG2400000034673] [OSSH102102-BORD_C_19_26_12] Pack BALLERINAS MONACO BURDEOS | [IBGG2400000034673] [OSSH102102-BORD_C_19_26_12] Pack BALLERINAS MONACO BURDEOS | [IBGG2400000034673] [OSSH102102-BORD_C_19_26_12] Pack BALLERINAS MONACO BURDEOS | [IBGG2400000034673] [OSSH102102-BORD_C_19_26_12] Pack BALLERINAS MONACO BURDEOS | [IBGG2400000034673] [OSSH102102-BORD_C_19_26_12] Pack BALLERINAS MONACO BURDEOS | [IBGG2400000034673] [OSSH102102-BORD_C_19_26_12] Pack BALLERINAS MONACO BURDEOS | [IBGG2400000028782] [BWSH347006-BLAC_C_36_41_12] Pack AUSTRALIAN BOOTS PLUSH BLACK | [IBGG2400000028782] [BWSH347006-BLAC_C_36_41_12] Pack AUSTRALIAN BOOTS PLUSH BLACK | [IBGG2400000028782] [BWSH347006-BLAC_C_36_41_12] Pack AUSTRALIAN BOOTS PLUSH BLACK | [IBGG2400000028782] [BWSH347006-BLAC_C_36_41_12] Pack AUSTRALIAN BOOTS PLUSH BLACK | [IBGG2400000028782] [BWSH347006-BLAC_C_36_41_12] Pack AUSTRALIAN BOOTS PLUSH BLACK | [IBGG2400000028782] [BWSH347006-BLAC_C_36_41_12] Pack AUSTRALIAN BOOTS PLUSH BLACK | [IBGG2400000012624] [OSSH505003-NAVY_C_20_25_12] Pack TECNOBABY SNEAKERS LOW NAVY | [IBGG2400000012624] [OSSH505003-NAVY_C_20_25_12] Pack TECNOBABY SNEAKERS LOW NAVY | [IBGG2400000012624] [OSSH505003-NAVY_C_20_25_12] Pack TECNOBABY SNEAKERS LOW NAVY | [IBGG2400000012624] [OSSH505003-NAVY_C_20_25_12] Pack TECNOBABY SNEAKERS LOW NAVY | [IBGG2400000012624] [OSSH505003-NAVY_C_20_25_12] Pack TECNOBABY SNEAKERS LOW NAVY | [IBGG2400000012624] [OSSH505003-NAVY_C_20_25_12] Pack TECNOBABY SNEAKERS LOW NAVY | [IBGG2400000012621] [OSSH505003-NAVY_C_20_25_12] Pack TECNOBABY SNEAKERS LOW NAVY | [IBGG2400000012621] [OSSH505003-NAVY_C_20_25_12] Pack TECNOBABY SNEAKERS LOW NAVY | [IBGG2400000012621] [OSSH505003-NAVY_C_20_25_12] Pack TECNOBABY SNEAKERS LOW NAVY | [IBGG2400000012621] [OSSH505003-NAVY_C_20_25_12] Pack TECNOBABY SNEAKERS LOW NAVY | [IBGG2400000012621] [OSSH505003-NAVY_C_20_25_12] Pack TECNOBABY SNEAKERS LOW NAVY | [IBGG2400000012621] [OSSH505003-NAVY_C_20_25_12] Pack TECNOBABY SNEAKERS LOW NAVY | [IBGB2400000340597] [LI231007-0022_-37] Boots Kate Roll Down Brown (37) | [IBGB2400000340597] [LI231007-0022_-40] Boots Kate Roll Down Brown (40) | [IBGB2400000340597] [LI231007-0022_-38] Boots Kate Roll Down Brown (38) | [IBGB2400000340597] [LI231007-0022_-39] Boots Kate Roll Down Brown (39) | [IBGB2400000340557] [LI231007-0022_-41] Boots Kate Roll Down Brown (41) | [IBGB2400000340557] [LI231007-0022_-40] Boots Kate Roll Down Brown (40) | [IBGB2400000340557] [LI231007-0022_-36] Boots Kate Roll Down Brown (36) | [IBGB2400000340557] [LI231007-0022_-38] Boots Kate Roll Down Brown (38) | [IBGB2400000340557] [LI231007-0022_-37] Boots Kate Roll Down Brown (37) | [IBGB2400000340436] [LI231007-0022_-38] Boots Kate Roll Down Brown (38) | [IBGB2400000340436] [LI231007-0022_-39] Boots Kate Roll Down Brown (39) | [IBGB2400000340436] [LI231007-0022_-37] Boots Kate Roll Down Brown (37) | [IBGB2400000340401] [LI231007-0022_-36] Boots Kate Roll Down Brown (36) | [IBGB2400000340401] [LI231007-0022_-38] Boots Kate Roll Down Brown (38) | [IBGB2400000340401] [LI231007-0022_-40] Boots Kate Roll Down Brown (40) | [IBGB2400000340401] [LI231007-0022_-37] Boots Kate Roll Down Brown (37)
CLAGD/Stock/StorageGD/CLA-041-01-01-03;51;GOLD;A+C+D;579;50;[IBGG2400000204638] [COSH542021-NAVY_C_29_29_10] Pack AUSTRALIAN BOOTS PLUSH WATER REPELLENT NAVY (29) x 10 unid | [IBGG2400000204629] [COSH542021-NAVY_C_28_28_10] Pack AUSTRALIAN BOOTS PLUSH WATER REPELLENT NAVY (28) x 10 unid | [IBGG2400000204622] [COSH542021-NAVY_C_28_28_10] Pack AUSTRALIAN BOOTS PLUSH WATER REPELLENT NAVY (28) x 10 unid | [FGD 000000026565] [MV232308-0020_C_36_40_12] Pack BLACK | [FGD 000000026565] [MV232308-0020_C_36_40_12] Pack BLACK | [FGD 000000026565] [MV232308-0020_C_36_40_12] Pack BLACK | [FGD 000000026565] [MV232308-0020_C_36_40_12] Pack BLACK | [FGD 000000026565] [MV232308-0020_C_36_40_12] Pack BLACK | [IBG2022000464321] [NV234401-0020_C_36_40_9] Pack BLACK | [IBG2022000464321] [NV234401-0020_C_36_40_9] Pack BLACK | [IBG2022000464321] [NV234401-0020_C_36_40_9] Pack BLACK | [IBG2022000464321] [NV234401-0020_C_36_40_9] Pack BLACK | [IBG2022000464321] [NV234401-0020_C_36_40_9] Pack BLACK
CLAGD/Stock/StorageGD/CLA-041-02-01-02;22;GOLD;A+C+B;579;20;[IBGG2400000204636] [COSH542021-NAVY_C_29_29_10] Pack AUSTRALIAN BOOTS PLUSH WATER REPELLENT NAVY (29) x 10 unid | [FGD 000050890108] [MV232106-0160_C_36_41_12] Pack UV MULTI | [FGD 000050890108] [MV232106-0160_C_36_41_12] Pack UV MULTI | [FGD 000050890108] [MV232106-0160_C_36_41_12] Pack UV MULTI | [FGD 000050890108] [MV232106-0160_C_36_41_12] Pack UV MULTI | [FGD 000050890108] [MV232106-0160_C_36_41_12] Pack UV MULTI | [FGD 000050890108] [MV232106-0160_C_36_41_12] Pack UV MULTI
CLAGD/Stock/StorageGD/CLA-041-02-01-03;77;GOLD;C+D+B+A;10;80;[IBGG2400000402292] [MV232305-0020-38] Black Open Platform Sandals (38) | [IBGG2400000402291] [COSH264013-MULT-33] SNEAKERS LOW CLOUD MULTI  (33) | [IBGG2400000402289] [COSH282104-MULT-30] SNEAKERS LOW START MULTI  (30) | [IBGG2400000402289] [COSH282104-MULT-29] SNEAKERS LOW START MULTI  (29) | [IBGG2400000402287] [BJSH543006-BLAC-40] AUSTRALIAN BOOT HIGH PLUSH BLACK  (40) | [IBGG2400000402272] [BJSH542076-BLAC-32] Black (32) | [IBGG2400000402272] [BJSH542076-BLAC-30] Black (30) | [IBGG2400000402272] [BJSH592001-BLAC-35] Black (35) | [IBGG2400000402272] [BJSH542065-TAN-30] Tan (30) | [IBGG2400000402272] [BJSH387004-MULT-37] SNEAKERS MULTI (37) | [IBGG2400000402272] [BJSH542076-BLAC-37] Black (37) | [IBGG2400000402268] [COSH264013-MULT-33] SNEAKERS LOW CLOUD MULTI  (33) | [IBGG2400000402264] [BJSH543002-TAN-40] Australian Boots Water Repellent Fur Tan (40) | [IBGG2400000402259] [MV232308-0020-40] Black Platform Sandals (40)
CLAGD/Stock/StorageGD/CLA-041-03-01-01;52;GOLD;C+D+A;632;60;[IBGB2400000051899] [LI230609-0020-33] OPEN TOE HOME SLIPPER BLACK (33) | [IBGG2400000401000] [NV234406-0207-37] LIGHT GOLD (37) | [IBGG2400000401000] [NV234406-0207-36] LIGHT GOLD (36) | [IBGG2400000401000] [NV234406-0207-38] LIGHT GOLD (38) | [IBGG2400000401000] [NV234406-0207-39] LIGHT GOLD (39) | [IBGG2400000401000] [NV234406-0207-40] LIGHT GOLD (40) | [IBGG2400000400997] [BJSH543008-TAN-35] AUSTRALIAN BOOT LOW TAN  (35) | [IBGG2400000400997] [BJSH543008-TAUP-34] AUSTRALIAN BOOT LOW TAUPE  (34) | [IBGG2400000400997] [BJSH543008-TAUP-36] AUSTRALIAN BOOT LOW TAUPE  (36) | [IBGG2400000400997] [BJSH543008-TAUP-35] AUSTRALIAN BOOT LOW TAUPE  (35) | [IBGG2400000400997] [BJSH543008-BLACK-39] AUSTRALIAN BOOT HIGH BLACK (39) | [IBGG2400000400970] [MV553202-0020-34] B&W Girl's Black Vichy Sport Sandals (34) | [IBGG2400000400970] [MV553202-0020-35] B&W Girl's Black Vichy Sport Sandals (35) | [IBGG2400000400970] [MV553202-0020-33] B&W Girl's Black Vichy Sport Sandals (33) | [IBGG2400000400970] [MV553202-0020-36] B&W Girl's Black Vichy Sport Sandals (36) | [IBGG2400000400970] [MV553202-0020-37] B&W Girl's Black Vichy Sport Sandals (37) | [IBGG2400000400970] [MV553202-0020-38] B&W Girl's Black Vichy Sport Sandals (38) | [IBGG2400000400970] [MV553202-0020-32] B&W Girl's Black Vichy Sport Sandals (32) | [IBGG2400000400970] [MV553202-0020-30] B&W Girl's Black Vichy Sport Sandals (30) | [IBGG2400000400970] [MV553202-0020-31] B&W Girl's Black Vichy Sport Sandals (31) | [IBGG2400000400908] [BJSH360003-BEIG-40] SANDALS STRIPS BEIG/MULTI (40) | [IBGG2400000400908] [BJSH360003-BEIG-34] SANDALS STRIPS BEIG/MULTI (34) | [IBGG2400000400908] [BJSH360003-BEIG-33] SANDALS STRIPS BEIG/MULTI (33) | [IBGG2400000400908] [BJSH360003-BEIG-39] SANDALS STRIPS BEIG/MULTI (39) | [IBGG2400000400908] [BJSH360003-BEIG-38] SANDALS STRIPS BEIG/MULTI (38) | [IBGG2400000400908] [BJSH360003-BEIG-37] SANDALS STRIPS BEIG/MULTI (37) | [IBGG2400000400908] [BJSH360003-BEIG-36] SANDALS STRIPS BEIG/MULTI (36) | [IBGG2400000400908] [BJSH360003-BEIG-35] SANDALS STRIPS BEIG/MULTI (35) | [IBGG2400000400899] [BJSH384001-OFFW-33] ESPARDILLES OFF WHITE (33) | [IBGG2400000400899] [BJSH384001-OFFW-38] ESPARDILLES OFF WHITE (38) | [IBGG2400000400899] [BJSH384001-OFFW-39] ESPARDILLES OFF WHITE (39) | [IBGG2400000400899] [BJSH384001-OFFW-40] ESPARDILLES OFF WHITE (40) | [IBGG2400000400899] [BJSH384001-OFFW-34] ESPARDILLES OFF WHITE (34) | [IBGG2400000400899] [BJSH384001-OFFW-35] ESPARDILLES OFF WHITE (35) | [IBGG2400000400899] [BJSH384001-OFFW-36] ESPARDILLES OFF WHITE (36) | [IBGG2400000400899] [BJSH384001-OFFW-37] ESPARDILLES OFF WHITE (37)
CLAGD/Stock/StorageGD/CLA-041-03-02-03;37;GOLD;A+C;1065;40;[IBGG2400000200134] [BJSH542020-TAUP_C_39_39_10] Pack Australian Boots Water Repellent Taupe (39) x 10 unid | [IBGG2400000200114] [BJSH542020-TAUP_C_39_39_10] Pack Australian Boots Water Repellent Taupe (39) x 10 unid | [IBGG2400000067882] [MV231603-0053-37] LEOPARD (37) | [IBGG2400000067882] [MV231603-0053-36] LEOPARD (36) | [IBGG2400000067882] [MV231603-0053-40] LEOPARD (40) | [IBGG2400000200125] [BJSH542020-TAUP_C_39_39_10] Pack Australian Boots Water Repellent Taupe (39) x 10 unid
CLAGD/Stock/StorageGD/CLA-041-04-01-03;130;GOLD;D+B+C+A;579;120;[IBGG2400000174118] [COTXTSH050-WHIT-6A] T-SHIRT PARADISE WHITE (6A) | [IBGG2400000392138] [KI226829-0078-41] Sneakers Bay High Top Platform Lead Nappa (41) | [IBGG2400000392138] [KI226829-0078-40] Sneakers Bay High Top Platform Lead Nappa (40) | [IBGG2400000392137] [KI226829-0078-41] Sneakers Bay High Top Platform Lead Nappa (41) | [IBGG2400000392137] [KI226831-0078-41] Sneakers Bay High Top Platform Snake (41) | [IBGG2400000392137] [KI226829-0078-40] Sneakers Bay High Top Platform Lead Nappa (40) | [IBGG2400000392137] [KI226826-0020-37] Sneakers Bay Platform Black Nappa (37) | [IBGG2400000040721] [BJSH588022-LEOP_C_32_39_12] PACK BALLERINAS BUCKLE LEOPARD  | [IBGG2400000040721] [BJSH588022-LEOP_C_32_39_12] PACK BALLERINAS BUCKLE LEOPARD  | [IBGG2400000040721] [BJSH588022-LEOP_C_32_39_12] PACK BALLERINAS BUCKLE LEOPARD  | [IBGG2400000040721] [BJSH588022-LEOP_C_32_39_12] PACK BALLERINAS BUCKLE LEOPARD  | [IBGG2400000040721] [BJSH588022-LEOP_C_32_39_12] PACK BALLERINAS BUCKLE LEOPARD  | [IBGG2400000040721] [BJSH588022-LEOP_C_32_39_12] PACK BALLERINAS BUCKLE LEOPARD  | [IBGG2400000040721] [BJSH588022-LEOP_C_32_39_12] PACK BALLERINAS BUCKLE LEOPARD  | [IBGG2400000040721] [BJSH588022-LEOP_C_32_39_12] PACK BALLERINAS BUCKLE LEOPARD  | [IBGG2400000040654] [BJSH586092-PLOM_C_26_37_12] Pack BALLERINAS RIBBON PLOMO | [IBGG2400000040654] [BJSH586092-PLOM_C_26_37_12] Pack BALLERINAS RIBBON PLOMO | [IBGG2400000040654] [BJSH586092-PLOM_C_26_37_12] Pack BALLERINAS RIBBON PLOMO | [IBGG2400000040654] [BJSH586092-PLOM_C_26_37_12] Pack BALLERINAS RIBBON PLOMO | [IBGG2400000040654] [BJSH586092-PLOM_C_26_37_12] Pack BALLERINAS RIBBON PLOMO | [IBGG2400000040654] [BJSH586092-PLOM_C_26_37_12] Pack BALLERINAS RIBBON PLOMO | [IBGG2400000040654] [BJSH586092-PLOM_C_26_37_12] Pack BALLERINAS RIBBON PLOMO | [IBGG2400000040654] [BJSH586092-PLOM_C_26_37_12] Pack BALLERINAS RIBBON PLOMO | [IBGG2400000040654] [BJSH586092-PLOM_C_26_37_12] Pack BALLERINAS RIBBON PLOMO | [IBGG2400000040654] [BJSH586092-PLOM_C_26_37_12] Pack BALLERINAS RIBBON PLOMO | [IBGG2400000040654] [BJSH586092-PLOM_C_26_37_12] Pack BALLERINAS RIBBON PLOMO | [IBGG2400000040654] [BJSH586092-PLOM_C_26_37_12] Pack BALLERINAS RIBBON PLOMO | [IBGG2400000040652] [BJSH586092-PLOM_C_26_37_12] Pack BALLERINAS RIBBON PLOMO | [IBGG2400000040652] [BJSH586092-PLOM_C_26_37_12] Pack BALLERINAS RIBBON PLOMO | [IBGG2400000040652] [BJSH586092-PLOM_C_26_37_12] Pack BALLERINAS RIBBON PLOMO | [IBGG2400000040652] [BJSH586092-PLOM_C_26_37_12] Pack BALLERINAS RIBBON PLOMO | [IBGG2400000040652] [BJSH586092-PLOM_C_26_37_12] Pack BALLERINAS RIBBON PLOMO | [IBGG2400000040652] [BJSH586092-PLOM_C_26_37_12] Pack BALLERINAS RIBBON PLOMO | [IBGG2400000040652] [BJSH586092-PLOM_C_26_37_12] Pack BALLERINAS RIBBON PLOMO | [IBGG2400000040652] [BJSH586092-PLOM_C_26_37_12] Pack BALLERINAS RIBBON PLOMO | [IBGG2400000040652] [BJSH586092-PLOM_C_26_37_12] Pack BALLERINAS RIBBON PLOMO | [IBGG2400000040652] [BJSH586092-PLOM_C_26_37_12] Pack BALLERINAS RIBBON PLOMO | [IBGG2400000040652] [BJSH586092-PLOM_C_26_37_12] Pack BALLERINAS RIBBON PLOMO | [IBGG2400000040652] [BJSH586092-PLOM_C_26_37_12] Pack BALLERINAS RIBBON PLOMO | [IBGG2400000027938] [BJSH373001-GOLD_C_32_40_12] Pack BOOT METALLIC GOLD | [IBGG2400000027938] [BJSH373001-GOLD_C_32_40_12] Pack BOOT METALLIC GOLD | [IBGG2400000027938] [BJSH373001-GOLD_C_32_40_12] Pack BOOT METALLIC GOLD | [IBGG2400000027938] [BJSH373001-GOLD_C_32_40_12] Pack BOOT METALLIC GOLD | [IBGG2400000027938] [BJSH373001-GOLD_C_32_40_12] Pack BOOT METALLIC GOLD | [IBGG2400000027938] [BJSH373001-GOLD_C_32_40_12] Pack BOOT METALLIC GOLD | [IBGG2400000027938] [BJSH373001-GOLD_C_32_40_12] Pack BOOT METALLIC GOLD | [IBGG2400000027938] [BJSH373001-GOLD_C_32_40_12] Pack BOOT METALLIC GOLD | [IBGG2400000027938] [BJSH373001-GOLD_C_32_40_12] Pack BOOT METALLIC GOLD | [IBGG2400000017130] [OSSH141064-PEWT_C_22_29_12] Pack HIGH SNEAKERS GLITTER PEWTER | [IBGG2400000017130] [OSSH141064-PEWT_C_22_29_12] Pack HIGH SNEAKERS GLITTER PEWTER | [IBGG2400000017130] [OSSH141064-PEWT_C_22_29_12] Pack HIGH SNEAKERS GLITTER PEWTER | [IBGG2400000017130] [OSSH141064-PEWT_C_22_29_12] Pack HIGH SNEAKERS GLITTER PEWTER | [IBGG2400000017130] [OSSH141064-PEWT_C_22_29_12] Pack HIGH SNEAKERS GLITTER PEWTER | [IBGG2400000017130] [OSSH141064-PEWT_C_22_29_12] Pack HIGH SNEAKERS GLITTER PEWTER | [IBGG2400000017130] [OSSH141064-PEWT_C_22_29_12] Pack HIGH SNEAKERS GLITTER PEWTER | [IBGG2400000017130] [OSSH141064-PEWT_C_22_29_12] Pack HIGH SNEAKERS GLITTER PEWTER | [IBGG2400000016948] [COSH283007-WHIT_C_27_36_12] Pack Sneakers  Napa White | [IBGG2400000016948] [COSH283007-WHIT_C_27_36_12] Pack Sneakers  Napa White | [IBGG2400000016948] [COSH283007-WHIT_C_27_36_12] Pack Sneakers  Napa White | [IBGG2400000016948] [COSH283007-WHIT_C_27_36_12] Pack Sneakers  Napa White | [IBGG2400000016948] [COSH283007-WHIT_C_27_36_12] Pack Sneakers  Napa White | [IBGG2400000016948] [COSH283007-WHIT_C_27_36_12] Pack Sneakers  Napa White | [IBGG2400000016948] [COSH283007-WHIT_C_27_36_12] Pack Sneakers  Napa White | [IBGG2400000016948] [COSH283007-WHIT_C_27_36_12] Pack Sneakers  Napa White | [IBGG2400000016948] [COSH283007-WHIT_C_27_36_12] Pack Sneakers  Napa White | [IBGG2400000016948] [COSH283007-WHIT_C_27_36_12] Pack Sneakers  Napa White | [IBGG2400000014671] [COSH283007-WHIT_C_29_36_12] PackSneakers  Napa White | [IBGG2400000014671] [COSH283007-WHIT_C_29_36_12] PackSneakers  Napa White | [IBGG2400000014671] [COSH283007-WHIT_C_29_36_12] PackSneakers  Napa White | [IBGG2400000014671] [COSH283007-WHIT_C_29_36_12] PackSneakers  Napa White | [IBGG2400000014671] [COSH283007-WHIT_C_29_36_12] PackSneakers  Napa White | [IBGG2400000014671] [COSH283007-WHIT_C_29_36_12] PackSneakers  Napa White | [IBGG2400000014671] [COSH283007-WHIT_C_29_36_12] PackSneakers  Napa White | [IBGG2400000014671] [COSH283007-WHIT_C_29_36_12] PackSneakers  Napa White | [IBGG2400000014631] [COSH283007-WHIT_C_27_36_12] Pack Sneakers  Napa White | [IBGG2400000014631] [COSH283007-WHIT_C_27_36_12] Pack Sneakers  Napa White | [IBGG2400000014631] [COSH283007-WHIT_C_27_36_12] Pack Sneakers  Napa White | [IBGG2400000014631] [COSH283007-WHIT_C_27_36_12] Pack Sneakers  Napa White | [IBGG2400000014631] [COSH283007-WHIT_C_27_36_12] Pack Sneakers  Napa White | [IBGG2400000014631] [COSH283007-WHIT_C_27_36_12] Pack Sneakers  Napa White | [IBGG2400000014631] [COSH283007-WHIT_C_27_36_12] Pack Sneakers  Napa White | [IBGG2400000014631] [COSH283007-WHIT_C_27_36_12] Pack Sneakers  Napa White | [IBGG2400000014631] [COSH283007-WHIT_C_27_36_12] Pack Sneakers  Napa White | [IBGG2400000014631] [COSH283007-WHIT_C_27_36_12] Pack Sneakers  Napa White | [FBW 000000027674] [HI222003-0020_C_36_41_9] Pack NEGRO | [FBW 000000027674] [HI222003-0020_C_36_41_9] Pack NEGRO | [FBW 000000027674] [HI222003-0020_C_36_41_9] Pack NEGRO | [FBW 000000027674] [HI222003-0020_C_36_41_9] Pack NEGRO | [FBW 000000027674] [HI222003-0020_C_36_41_9] Pack NEGRO | [FBW 000000027674] [HI222003-0020_C_36_41_9] Pack NEGRO
CLAGD/Stock/StorageGD/CLA-041-06-01-01;123;GOLD;B+A+D;480;150;[IBGG2400000037268] [COTXHOD014-PINK-10A] HODDIE PLUSH UNIVERSITY PINK (10A) | [IBGG2400000036902] [COTXDRE021-PINK-12A] DRESS HODDIE PRINT PINK (12A) | [IBGG2400000173945] [COTXSKI025-BEIG-6A] SKIRT BLOCK BEIG (6A) | [IBGG2400000173943] [COTXSKI025-BEIG-5A] SKIRT BLOCK BEIG (5A) | [IBGG2400000334731] [COTXHOD017-BEIG-8A] SWEETSHIRT HODDIE PRINT BEIG (8A) | [IBGG2400000334728] [COTXHOD017-BEIG-8A] SWEETSHIRT HODDIE PRINT BEIG (8A) | [IBGG2400000334722] [COTXHOD017-BEIG-5A] SWEETSHIRT HODDIE PRINT BEIG (5A) | [IBGG2400000334719] [COTXHOD017-BEIG-4A] SWEETSHIRT HODDIE PRINT BEIG (4A) | [IBGG2400000334718] [COTXHOD017-BEIG-4A] SWEETSHIRT HODDIE PRINT BEIG (4A) | [IBGG2400000334812] [COTXJOG015-PINK-12A] JOGGER PLUSH PINK (12A) | [IBGG2400000334810] [COTXJOG015-PINK-10A] JOGGER PLUSH PINK (10A) | [IBGG2400000334809] [COTXJOG015-PINK-10A] JOGGER PLUSH PINK (10A) | [IBGG2400000334716] [COTXHOD017-BEIG-12A] SWEETSHIRT HODDIE PRINT BEIG (12A) | [IBGG2400000037259] [COTXHOD014-PINK-5A] HODDIE PLUSH UNIVERSITY PINK (5A) | [IBGG2400000334798] [COTXJOG015-BURG-12A] BURGUNDY PLUSH JOGGERS (12A)
CLAGD/Stock/StorageGD/CLA-041-07-01-01;208;GOLD;B+D+A;480;250;[IBGG2400000037254] [COTXHOD014-GREY-10A] HODDIE PLUSH UNIVERSITY GREY (10A) | [IBGG2400000037253] [COTXHOD014-GREY-10A] HODDIE PLUSH UNIVERSITY GREY (10A) | [IBGG2400000037239] [COTXHOD014-GREY-4A] HODDIE PLUSH UNIVERSITY GREY (4A) | [IBGG2400000036990] [COTXDRE026-BEIG-12A] DRESS PRINTED FLOWERS BEIG (12A) | [IBGG2400000036985] [COTXDRE026-BEIG-10A] DRESS PRINTED FLOWERS BEIG (10A) | [IBGG2400000036983] [COTXDRE026-BEIG-8A] DRESS PRINTED FLOWERS BEIG (8A) | [IBGG2400000036982] [COTXDRE026-BEIG-8A] DRESS PRINTED FLOWERS BEIG (8A) | [IBGG2400000036918] [COTXDRE023-BEIG-10A] DRESS SWEETSHIRT PRINT BEIG (10A) | [IBGG2400000037087] [COTXSKI019-NAVY-10A] SKIRT PRINTED FLOWERS NAVY (10A) | [IBGG2400000037085] [COTXSKI019-NAVY-8A] SKIRT PRINTED FLOWERS NAVY (8A) | [IBGG2400000037082] [COTXSKI019-NAVY-8A] SKIRT PRINTED FLOWERS NAVY (8A) | [IBGG2400000037075] [COTXSKI019-NAVY-4A] SKIRT PRINTED FLOWERS NAVY (4A) | [IBGG2400000334695] [COTXHOD016-PINK-12A] SWEETSHIRT HODDIE LOGO PINK (12A) | [IBGG2400000334694] [COTXHOD016-PINK-10A] SWEETSHIRT HODDIE LOGO PINK (10A) | [IBGG2400000334693] [COTXHOD016-PINK-10A] SWEETSHIRT HODDIE LOGO PINK (10A) | [IBGG2400000334692] [COTXHOD016-PINK-10A] SWEETSHIRT HODDIE LOGO PINK (10A) | [IBGG2400000334691] [COTXHOD016-PINK-10A] SWEETSHIRT HODDIE LOGO PINK (10A) | [IBGG2400000334656] [COTXDRE036-GREY-12A] DRESS SWEETSHIRT HODDIE UNICORN GREY (12A) | [IBGG2400000334633] [COTXDRE035-BEIG-8A] DRESS SWEETSHIRT FLOWERS BEIG (8A) | [IBGG2400000334630] [COTXDRE035-BEIG-8A] DRESS SWEETSHIRT FLOWERS BEIG (8A) | [IBGG2400000334806] [COTXJOG015-BURG-8A] BURGUNDY PLUSH JOGGERS (8A) | [IBGG2400000334802] [COTXJOG015-BURG-6A] BURGUNDY PLUSH JOGGERS (6A) | [IBGG2400000334784] [COTXJOG015-BEIG-8A] JOGGER PLUSH BEIG (8A) | [IBGG2400000334783] [COTXJOG015-BEIG-6A] JOGGER PLUSH BEIG (6A) | [IBGG2400000334778] [COTXJOG015-BEIG-10A] JOGGER PLUSH BEIG (10A)
CLAGD/Stock/StorageGD/CLA-041-07-01-02;251;GOLD;B+C+A+D;480;250;[IBGG2400000037289] [COTXSWE013-BLAC-10A] SWEETSHIRT PLUSH PRINT BLACK (10A) | [IBGG2400000037255] [COTXHOD014-GREY-12A] HODDIE PLUSH UNIVERSITY GREY (12A) | [IBGG2400000037250] [COTXHOD014-GREY-8A] HODDIE PLUSH UNIVERSITY GREY (8A) | [IBGG2400000037249] [COTXHOD014-GREY-8A] HODDIE PLUSH UNIVERSITY GREY (8A) | [IBGG2400000037245] [COTXHOD014-GREY-6A] HODDIE PLUSH UNIVERSITY GREY (6A) | [IBGG2400000037244] [COTXHOD014-GREY-6A] HODDIE PLUSH UNIVERSITY GREY (6A) | [IBGG2400000037243] [COTXHOD014-GREY-6A] HODDIE PLUSH UNIVERSITY GREY (6A) | [IBGG2400000037092] [COTXSKI019-NAVY-12A] SKIRT PRINTED FLOWERS NAVY (12A) | [IBGG2400000037089] [COTXSKI019-NAVY-10A] SKIRT PRINTED FLOWERS NAVY (10A) | [IBGG2400000037088] [COTXSKI019-NAVY-10A] SKIRT PRINTED FLOWERS NAVY (10A) | [IBGG2400000037081] [COTXSKI019-NAVY-6A] SKIRT PRINTED FLOWERS NAVY (6A) | [IBGG2400000037080] [COTXSKI019-NAVY-6A] SKIRT PRINTED FLOWERS NAVY (6A) | [IBGG2400000037079] [COTXSKI019-NAVY-6A] SKIRT PRINTED FLOWERS NAVY (6A) | [IBGG2400000037076] [COTXSKI019-NAVY-5A] SKIRT PRINTED FLOWERS NAVY (5A) | [IBGG2400000334868] [COTXJOG016-PINK-5A] JOGGER JERSEY PINK (5A) | [IBGG2400000334864] [COTXJOG016-PINK-12A] JOGGER JERSEY PINK (12A) | [IBGG2400000334862] [COTXJOG016-PINK-10A] JOGGER JERSEY PINK (10A) | [IBGG2400000334791] [COTXJOG015-BLAC-6A] JOGGER PLUSH BLACK (6A) | [IBGG2400000334790] [COTXJOG015-BLAC-5A] JOGGER PLUSH BLACK (5A) | [IBGG2400000334787] [COTXJOG015-BLAC-10A] JOGGER PLUSH BLACK (10A) | [IBGG2400000335033] [COTXTSH057-OFFW-8A] T-SHIRT STAR PATCHWORK OFF WHITE (8A) | [IBGG2400000335031] [COTXTSH057-OFFW-6A] T-SHIRT STAR PATCHWORK OFF WHITE (6A) | [IBGG2400000335027] [COTXTSH057-OFFW-4A] T-SHIRT STAR PATCHWORK OFF WHITE (4A) | [IBGG2400000335010] [COTXTSH055-OFFW-8A] T-SHIRT HEART LOGO OFF WHITE (8A) | [IBGG2400000334837] [COTXJOG016-BLAC-8A] JOGGER JERSEY BLACK (8A)
CLAGD/Stock/StorageGD/CLA-041-07-01-03;127;GOLD;C+B+D+A;480;150;[IBGG2400000037261] [COTXHOD014-PINK-6A] HODDIE PLUSH UNIVERSITY PINK (6A) | [IBGG2400000037234] [COTXHOD011-MULT-10A] HODDIE PLUSH EMBROIDERY MULTI (10A) | [IBGG2400000037233] [COTXHOD011-MULT-10A] HODDIE PLUSH EMBROIDERY MULTI (10A) | [IBGG2400000037226] [COTXHOD011-MULT-6A] HODDIE PLUSH EMBROIDERY MULTI (6A) | [IBGG2400000037223] [COTXHOD011-MULT-5A] HODDIE PLUSH EMBROIDERY MULTI (5A) | [IBGG2400000037230] [COTXHOD011-MULT-6A] HODDIE PLUSH EMBROIDERY MULTI (6A) | [IBGG2400000037221] [COTXHOD011-MULT-4A] HODDIE PLUSH EMBROIDERY MULTI (4A) | [IBGG2400000036857] [COTXDRE020-BEIG-8A] DRESS HODDIE EMBROIDERY BEIG (8A) | [IBGG2400000036849] [COTXDRE020-BEIG-5A] DRESS HODDIE EMBROIDERY BEIG (5A) | [IBGG2400000173949] [COTXSKI025-BEIG-8A] SKIRT BLOCK BEIG (8A) | [IBGG2400000334726] [COTXHOD017-BEIG-6A] SWEETSHIRT HODDIE PRINT BEIG (6A) | [IBGG2400000334822] [COTXJOG015-PINK-8A] JOGGER PLUSH PINK (8A) | [IBGG2400000334821] [COTXJOG015-PINK-8A] JOGGER PLUSH PINK (8A) | [IBGG2400000334815] [COTXJOG015-PINK-5A] JOGGER PLUSH PINK (5A) | [IBGG2400000334894] [COTXSKI028-PINK-4A] PINK TUL SKIRT (4A)
CLAGD/Stock/StorageGD/CLA-041-07-03-02;84;GOLD;C+A;725;80;[FGD 000055920193] [MV231605-0001_C_38_38_12] Pack WHITE | [FGD 000055920192] [MV231605-0001_C_38_38_12] Pack WHITE | [IBGG2400000204230] [BJSH543008-TAN_C_39_39_10] Pack AUSTRALIAN BOOT LOW TAN  (39) x 10 unid | [IBGG2400000204218] [BJSH543008-TAN_C_39_39_10] Pack AUSTRALIAN BOOT LOW TAN  (39) x 10 unid | [IBGG2400000204216] [BJSH543008-TAN_C_39_39_10] Pack AUSTRALIAN BOOT LOW TAN  (39) x 10 unid | [IBGG2400000204192] [BJSH543008-TAN_C_37_37_10] Pack AUSTRALIAN BOOT LOW TAN  (37) x 10 unid | [IBGG2400000204181] [BJSH543008-TAN_C_37_37_10] Pack AUSTRALIAN BOOT LOW TAN  (37) x 10 unid | [IBGG2400000204172] [BJSH543008-TAN_C_36_36_10] Pack AUSTRALIAN BOOT LOW TAN  (36) x 10 unid
CLAGD/Stock/StorageGD/CLA-041-09-03-03;100;GOLD;B+D+A;513;100;[IBGG2400000012229] [COSH283092-MULT_C_28_28_10] Pack SNEAKERS FANTASY MULTICOLOR (28) x 10 unid | [IBGG2400000049466] [COSH224050-MULT_C_33_33_10] PACK SNEAKERS STARTS FANTASY MULTI  | [IBGG2400000049463] [COSH224050-MULT_C_33_33_10] PACK SNEAKERS STARTS FANTASY MULTI  | [IBGG2400000049461] [COSH224050-MULT_C_32_32_10] PACK SNEAKERS STARTS FANTASY MULTI  | [IBGG2400000049446] [COSH224050-MULT_C_30_30_10] PACK SNEAKERS STARTS FANTASY MULTI  | [IBGG2400000049442] [COSH224050-MULT_C_30_30_10] PACK SNEAKERS STARTS FANTASY MULTI  | [IBGG2400000049435] [COSH224050-MULT_C_29_29_10] PACK SNEAKERS STARTS FANTASY MULTI  | [IBGG2400000010724] [COSH542020-TAUP_C_26_26_10] Pack AUSTRALIAN BOOTS WATER REPELLENT TAUPE (26) x 10 unid | [IBGG2400000010680] [COSH542020-TAUP_C_23_23_10] Pack AUSTRALIAN BOOTS WATER REPELLENT TAUPE (23) x 10 unid | [IBGG2400000010667] [COSH542020-TAUP_C_22_22_10] Pack AUSTRALIAN BOOTS WATER REPELLENT TAUPE (22) x 10 unid
CLAGD/Stock/StorageGD/CLA-042-01-02-01;52;GOLD;A+D;207;50;[IBGG2400000200534] [BJSH542021-TAN_C_33_33_10] Pack Australian Boots Water Repellent Tan (33) x 10 unid | [IBGG2400000196398] [COSH317009-LEOP_C_27_36_12] PACK CAUSAL SNEAKERS LOGO LEOPARD | [IBGG2400000196398] [COSH317009-LEOP_C_27_36_12] PACK CAUSAL SNEAKERS LOGO LEOPARD | [IBGG2400000196398] [COSH317009-LEOP_C_27_36_12] PACK CAUSAL SNEAKERS LOGO LEOPARD | [IBGG2400000196398] [COSH317009-LEOP_C_27_36_12] PACK CAUSAL SNEAKERS LOGO LEOPARD | [IBGG2400000196398] [COSH317009-LEOP_C_27_36_12] PACK CAUSAL SNEAKERS LOGO LEOPARD | [IBGG2400000196398] [COSH317009-LEOP_C_27_36_12] PACK CAUSAL SNEAKERS LOGO LEOPARD | [IBGG2400000196398] [COSH317009-LEOP_C_27_36_12] PACK CAUSAL SNEAKERS LOGO LEOPARD | [IBGG2400000196398] [COSH317009-LEOP_C_27_36_12] PACK CAUSAL SNEAKERS LOGO LEOPARD | [IBGG2400000196398] [COSH317009-LEOP_C_27_36_12] PACK CAUSAL SNEAKERS LOGO LEOPARD | [IBGG2400000196398] [COSH317009-LEOP_C_27_36_12] PACK CAUSAL SNEAKERS LOGO LEOPARD | [IBGG2400000237609] [BJSH401003-BLAC_C_38_38_10] PACK BW GOFLEX SNEAKER LOW-CUT BLACK | [IBGG2400000237602] [BJSH401003-BLAC_C_36_36_10] PACK BW GOFLEX SNEAKER LOW-CUT BLACK | [IBGG2400000237598] [BJSH401003-BLAC_C_34_34_10] PACK BW GOFLEX SNEAKER LOW-CUT BLACK
CLAGD/Stock/StorageGD/CLA-042-04-01-01;54;GOLD;A+C+B;227;50;[IBGG2400000199278] [BJSH542020-BLAC_C_35_35_10] Pack Australian Boots Water Repellent Black (35) x 10 unid | [IBGG2400000199260] [BJSH542020-BLAC_C_34_34_10] Pack Australian Boots Water Repellent Black (34) x 10 unid | [IBGG2400000199259] [BJSH542020-BLAC_C_34_34_10] Pack Australian Boots Water Repellent Black (34) x 10 unid | [IBGG2400000229894] [COSH244004-PEWT-28] BOOTS LACES METALLIC PEWTER (28) | [IBGG2400000229894] [COSH244004-PEWT-29] BOOTS LACES METALLIC PEWTER (29) | [IBGG2400000229894] [COSH244004-PEWT-32] BOOTS LACES METALLIC PEWTER (32) | [IBGG2400000229878] [COSH244004-PEWT-31] BOOTS LACES METALLIC PEWTER (31)
CLAGD/Stock/StorageGD/CLA-042-05-02-03;94;GOLD;A+C+B;564;90;[IBGG2400000020123] [BJSH542020-NAVY_C_33_33_10] Pack Australian Boots Water Repellent Navy (33) x 10 unid | [IBGG2400000012208] [COSH283092-MULT_C_24_24_10] Pack SNEAKERS FANTASY MULTICOLOR (24) x 10 unid | [IBGG2400000012207] [COSH283092-MULT_C_23_23_10] Pack SNEAKERS FANTASY MULTICOLOR (23) x 10 unid | [IBGG2400000010709] [COSH542020-TAUP_C_25_25_10] Pack AUSTRALIAN BOOTS WATER REPELLENT TAUPE (25) x 10 unid | [IBGG2400000010707] [COSH542020-TAUP_C_25_25_10] Pack AUSTRALIAN BOOTS WATER REPELLENT TAUPE (25) x 10 unid | [IBGG2400000010704] [COSH542020-TAUP_C_25_25_10] Pack AUSTRALIAN BOOTS WATER REPELLENT TAUPE (25) x 10 unid | [IBGG2400000010690] [COSH542020-TAUP_C_24_24_10] Pack AUSTRALIAN BOOTS WATER REPELLENT TAUPE (24) x 10 unid | [IBGG2400000006213] [OSSH143073-BLUE_C_20_26_12] Pack SANDALS BLUE BIO BUCLE | [IBGG2400000006213] [OSSH143073-BLUE_C_20_26_12] Pack SANDALS BLUE BIO BUCLE | [IBGG2400000006213] [OSSH143073-BLUE_C_20_26_12] Pack SANDALS BLUE BIO BUCLE | [IBGG2400000006213] [OSSH143073-BLUE_C_20_26_12] Pack SANDALS BLUE BIO BUCLE | [IBGG2400000006213] [OSSH143073-BLUE_C_20_26_12] Pack SANDALS BLUE BIO BUCLE | [IBGG2400000006213] [OSSH143073-BLUE_C_20_26_12] Pack SANDALS BLUE BIO BUCLE | [IBGG2400000006213] [OSSH143073-BLUE_C_20_26_12] Pack SANDALS BLUE BIO BUCLE | [IBG2023000749913] [BJSH527060-OFFW_C_32_40_12] Pack CANVAS WHITE HIGH | [IBG2023000749913] [BJSH527060-OFFW_C_32_40_12] Pack CANVAS WHITE HIGH | [IBG2023000749913] [BJSH527060-OFFW_C_32_40_12] Pack CANVAS WHITE HIGH | [IBG2023000749913] [BJSH527060-OFFW_C_32_40_12] Pack CANVAS WHITE HIGH | [IBG2023000749913] [BJSH527060-OFFW_C_32_40_12] Pack CANVAS WHITE HIGH | [IBG2023000749913] [BJSH527060-OFFW_C_32_40_12] Pack CANVAS WHITE HIGH | [IBG2023000749913] [BJSH527060-OFFW_C_32_40_12] Pack CANVAS WHITE HIGH | [IBG2023000749913] [BJSH527060-OFFW_C_32_40_12] Pack CANVAS WHITE HIGH | [IBG2023000749913] [BJSH527060-OFFW_C_32_40_12] Pack CANVAS WHITE HIGH
CLAGD/Stock/StorageGD/CLA-042-06-01-02;121;GOLD;B+A+C;725;120;[IBGG2400000011021] [COSH542065-TAUP_C_29_29_10] Pack AUSTRALIAN BOOTS PLUSH FUR TAUPE (29) x 10 unid | [IBGG2400000011020] [COSH542065-TAUP_C_29_29_10] Pack AUSTRALIAN BOOTS PLUSH FUR TAUPE (29) x 10 unid | [IBGG2400000011006] [COSH542065-TAUP_C_26_26_10] Pack AUSTRALIAN BOOTS PLUSH FUR TAUPE (26) x 10 unid | [IBGG2400000010812] [COSH542020-TAUP_C_30_30_10] Pack AUSTRALIAN BOOTS WATER REPELLENT TAUPE (30) x 10 unid | [IBGG2400000010811] [COSH542020-TAUP_C_30_30_10] Pack AUSTRALIAN BOOTS WATER REPELLENT TAUPE (30) x 10 unid | [IBGG2400000010160] [COSH542020-NAVY_C_27_27_10] Pack AUSTRALIAN BOOTS WATER REPELLENT NAVY (27) x 10 unid | [IBGG2400000011411] [COSH264005-BLAC_C_22_22_10] Pack SNEAKERS PRINT ZEBRA BLACK (22) x 10 unid | [IBGG2400000020214] [BJSH542020-NAVY_C_41_41_10] Pack Australian Boots Water Repellent Navy (41) x 10 unid | [IBGG2400000020118] [BJSH542020-NAVY_C_33_33_10] Pack Australian Boots Water Repellent Navy (33) x 10 unid | [IBGG2400000244846] [BJSH527060-OFFW-35] CANVAS WHITE HIGH (35) | [IBGG2400000244846] [BJSH527060-OFFW-36] CANVAS WHITE HIGH (36) | [IBGG2400000244846] [BJSH527060-OFFW-37] CANVAS WHITE HIGH (37) | [FGD 000038980281] [MVS14163-0001_C_24_24_12] Pack LONA ESTRELLAS BLANCO | [FGD 000038980277] [MVS14163-0001_C_22_22_12] Pack LONA ESTRELLAS BLANCO
CLAGD/Stock/StorageGD/CLA-042-07-01-03;89;GOLD;D+B+A;725;90;[IBG2022000399845] [NV230069-0160_C_36_41_9] Pack FLOWERS | [IBG2022000399845] [NV230069-0160_C_36_41_9] Pack FLOWERS | [IBG2022000399845] [NV230069-0160_C_36_41_9] Pack FLOWERS | [IBG2022000399845] [NV230069-0160_C_36_41_9] Pack FLOWERS | [IBG2022000399845] [NV230069-0160_C_36_41_9] Pack FLOWERS | [IBG2022000399845] [NV230069-0160_C_36_41_9] Pack FLOWERS | [IBGG2400000205739] [COSH542083-TAUP_C_28_28_10] Pack AUSTRALIAN BOOT LOW TAUPE (28) x 10 unid | [IBGG2400000019972] [BJSH542020-BLAC_C_35_35_10] Pack Australian Boots Water Repellent Black (35) x 10 unid | [IBGG2400000019429] [BJSH542020-TAUP_C_36_36_10] Pack Australian Boots Water Repellent Taupe (36) x 10 unid | [IBGG2400000010813] [COSH542020-TAUP_C_30_30_10] Pack AUSTRALIAN BOOTS WATER REPELLENT TAUPE (30) x 10 unid | [IBGG2400000010264] [COSH542020-NAVY_C_35_35_10] Pack AUSTRALIAN BOOTS WATER REPELLENT NAVY (35) x 10 unid | [IBGG2400000010151] [COSH542020-NAVY_C_26_26_10] Pack AUSTRALIAN BOOTS WATER REPELLENT NAVY (26) x 10 unid | [IBG2023000793978] [BJSH542020-NAVY_C_25_25_10] Pack Australian Boots Water Repellent Navy (25) x 10 unid | [IBG2023000790427] [BJSH542021-NAVY_C_23_23_10] Pack Australian Boots Water Repellent Navy (23) x 10 unid
CLAGD/Stock/StorageGD/CLA-042-08-01-03;100;GOLD;D+B+A;725;100;[IBG2023001068242] [NV556205_C_34_34_10_] Pack LONA BEIGE (34) x 10 unid | [IBG2023001068235] [NV556205_C_33_33_10_] Pack LONA BEIGE (33) x 10 unid | [IBG2023000785300] [BJSH542021-TAN_C_23_23_10] Pack Australian Boots Water Repellent Tan (23) x 10 unid | [IBG2023000785119] [BJSH542021-TAN_C_23_23_10] Pack Australian Boots Water Repellent Tan (23) x 10 unid | [IBG2023000785065] [BJSH542021-TAN_C_23_23_10] Pack Australian Boots Water Repellent Tan (23) x 10 unid | [IBG2023001258483] [BJSH534002-BLAC_C_35_35_10] Pack SLIDES BLACK NIP (35) x 10 unid | [IBGG2400000205763] [COSH542083-TAUP_C_32_32_10] Pack AUSTRALIAN BOOT LOW TAUPE (32) x 10 unid | [IBGG2400000205747] [COSH542083-TAUP_C_29_29_10] Pack AUSTRALIAN BOOT LOW TAUPE (29) x 10 unid | [IBGG2400000200193] [BJSH542020-TAUP_C_41_41_10] Pack Australian Boots Water Repellent Taupe (41) x 10 unid | [IBGG2400000199923] [BJSH542020-TAUP_C_35_35_10] Pack Australian Boots Water Repellent Taupe (35) x 10 unid
CLAGD/Stock/StorageGD/CLA-042-09-01-02;26;GOLD;A+C+B;149;30;[IBGG2400000311749] [BJSH542083-TAN-38] Low Tan Australian Boots B&W (38) | [IBGG2400000311749] [BJSH542083-TAN-37] Low Tan Australian Boots B&W (37) | [IBGG2400000311749] [COSH113035-TAN-26] BOOTS PLUSH TAN  (26) | [IBGG2400000311749] [BJSH543008-BLAC-38] AUSTRALIAN BOOT LOW BLACK  (38) | [IBGG2400000204069] [BJSH543008-BLAC_C_34_34_10] Pack AUSTRALIAN BOOT LOW BLACK  (34) x 10 unid | [IBGG2400000203488] [BJSH543001-BLAC_C_38_38_10] Pack Australian Boots Water Repellent Black (38) x 10 unid
CLAGD/Stock/StorageGD/CLA-042-09-01-03;77;GOLD;C+B+A+D;1065;70;[IBGG2400000067881] [MV231603-0053-36] LEOPARD (36) | [IBGG2400000067881] [MV231603-0053-41] LEOPARD (41) | [IBGG2400000067881] [MV231603-0053-37] LEOPARD (37) | [IBGG2400000067881] [MV231603-0053-38] LEOPARD (38) | [IBGG2400000020464] [BJSH373001-GOLD_C_32_40_12] Pack BOOT METALLIC GOLD | [IBGG2400000020464] [BJSH373001-GOLD_C_32_40_12] Pack BOOT METALLIC GOLD | [IBGG2400000020464] [BJSH373001-GOLD_C_32_40_12] Pack BOOT METALLIC GOLD | [IBGG2400000020464] [BJSH373001-GOLD_C_32_40_12] Pack BOOT METALLIC GOLD | [IBGG2400000020464] [BJSH373001-GOLD_C_32_40_12] Pack BOOT METALLIC GOLD | [IBGG2400000020464] [BJSH373001-GOLD_C_32_40_12] Pack BOOT METALLIC GOLD | [IBGG2400000020464] [BJSH373001-GOLD_C_32_40_12] Pack BOOT METALLIC GOLD | [IBGG2400000020464] [BJSH373001-GOLD_C_32_40_12] Pack BOOT METALLIC GOLD | [IBGG2400000020464] [BJSH373001-GOLD_C_32_40_12] Pack BOOT METALLIC GOLD | [IBGG2400000199970] [BJSH542020-TAUP_C_37_37_10] Pack Australian Boots Water Repellent Taupe (37) x 10 unid | [IBGG2400000199968] [BJSH542020-TAUP_C_37_37_10] Pack Australian Boots Water Repellent Taupe (37) x 10 unid | [IBGG2400000199965] [BJSH542020-TAUP_C_37_37_10] Pack Australian Boots Water Repellent Taupe (37) x 10 unid | [IBGG2400000020136] [BJSH542020-NAVY_C_34_34_10] Pack Australian Boots Water Repellent Navy (34) x 10 unid | [IBGG2400000049789] [OSSH153016-WHIT_C_28_28_10] PACK SNEAKERS LOW FLOWERS WHITE 
CLAGD/Stock/StorageGD/CLA-042-09-02-03;60;GOLD;B+A+C;725;60;[IBGG2400000020129] [BJSH542020-NAVY_C_34_34_10] Pack Australian Boots Water Repellent Navy (34) x 10 unid | [IBGG2400000010342] [COSH542020-BLAC_C_35_35_10] Pack AUSTRALIAN BOOTS WATER REPELLENT BLACK (35) x 10 unid | [FGD 000054150142] [MV232310-0026_C_39_39_10] Pack LIGHT GOLD | [FGD 000054150059] [MV232304-0020_C_41_41_10] Pack BLACK | [FGD 000054150053] [MV232304-0020_C_39_40_10] Pack BLACK | [FGD 000054150053] [MV232304-0020_C_39_40_10] Pack BLACK | [FGD 000054150035] [MV232304-0020_C_37_37_10] Pack BLACK
CLAGD/Stock/StorageGD/CLA-043-01-02-02;69;GOLD;C+B+D+A;450;60;[IBGG2400000071089] [MV231603-0053-41] LEOPARD (41) | [IBGG2400000071089] [MV231603-0053-39] LEOPARD (39) | [IBGG2400000071088] [MV231603-0053-39] LEOPARD (39) | [IBGG2400000071088] [MV231611-0001-38] WHITE (38) | [IBGG2400000071088] [MV231611-0001-39] WHITE (39) | [IBGG2400000071088] [MV231603-0053-41] LEOPARD (41) | [IBGG2400000071088] [MV231611-0001-40] WHITE (40) | [IBGG2400000071088] [MV231611-0001-36] WHITE (36) | [IBGG2400000071088] [MV231611-0001-37] WHITE (37) | [IBGG2400000071087] [MV231603-0053-41] LEOPARD (41) | [IBGG2400000071087] [MV231603-0053-39] LEOPARD (39) | [IBGG2400000071086] [MV232304-0020-37] Black Buckle Platform Sandals (37) | [IBGG2400000071086] [MV232304-0037-40] Taupe Buckle Platform Sandals (40) | [IBGG2400000010333] [COSH542020-BLAC_C_35_35_10] Pack AUSTRALIAN BOOTS WATER REPELLENT BLACK (35) x 10 unid | [IBGG2400000010292] [COSH542020-BLAC_C_31_31_10] Pack AUSTRALIAN BOOTS WATER REPELLENT BLACK (31) x 10 unid
CLAGD/Stock/StorageGD/CLA-043-01-03-03;50;GOLD;C+A;725;50;[FGD 000054150105] [MV232305-0037_C_39_39_10] Pack TAUPE | [FGD 000054150075] [MV232305-0020_C_37_37_10] Pack BLACK | [FGD 000054150057] [MV232304-0020_C_40_40_10] Pack BLACK | [FGD 000054150021] [MV232301-0020_C_39_39_10] Pack BLACK | [IBGG2400000019416] [BJSH542020-TAUP_C_36_36_10] Pack Australian Boots Water Repellent Taupe (36) x 10 unid
CLAGD/Stock/StorageGD/CLA-043-05-01-02;62;GOLD;A+D;549;60;[IBGG2400000019444] [BJSH542020-TAUP_C_36_36_10] Pack Australian Boots Water Repellent Taupe (36) x 10 unid | [IBGG2400000019440] [BJSH542020-TAUP_C_36_36_10] Pack Australian Boots Water Repellent Taupe (36) x 10 unid | [IBGG2400000019427] [BJSH542020-TAUP_C_36_36_10] Pack Australian Boots Water Repellent Taupe (36) x 10 unid | [IBG2024001588402] [COSH249005-GREY_C_33_33_12] Pack Sneakers  Napa Grey (33) x 12 unid | [IBGG2400000019943] [BJSH542020-BLAC_C_33_33_10] Pack Australian Boots Water Repellent Black (33) x 10 unid | [IBGG2400000019976] [BJSH542020-BLAC_C_35_35_10] Pack Australian Boots Water Repellent Black (35) x 10 unid
CLAGD/Stock/StorageGD/CLA-043-06-01-03;84;GOLD;B+A+D+C;522;80;[IBGG2400000012245] [COSH283092-MULT_C_31_31_10] Pack SNEAKERS FANTASY MULTICOLOR (31) x 10 unid | [IBGG2400000018203] [OSSH129008-TAN_C_22_27_12] Pack BOOTS TAN  | [IBGG2400000018203] [OSSH129008-TAN_C_22_27_12] Pack BOOTS TAN  | [IBGG2400000018203] [OSSH129008-TAN_C_22_27_12] Pack BOOTS TAN  | [IBGG2400000018203] [OSSH129008-TAN_C_22_27_12] Pack BOOTS TAN  | [IBGG2400000018203] [OSSH129008-TAN_C_22_27_12] Pack BOOTS TAN  | [IBGG2400000018203] [OSSH129008-TAN_C_22_27_12] Pack BOOTS TAN  | [IBGG2400000011381] [COSH264004-NAVY_C_32_32_10] Pack SNEAKERS LETTERS NAVY (32) x 10 unid | [IBGG2400000011375] [COSH264004-NAVY_C_26_26_10] Pack SNEAKERS LETTERS NAVY (26) x 10 unid | [IBGG2400000275174] [COSH300105-WHIT-34] SANDALS STRIPS BUCKLE FLOWERS WHITE  (34) | [IBGG2400000275174] [COSH300105-WHIT-33] SANDALS STRIPS BUCKLE FLOWERS WHITE  (33) | [IBGG2400000275174] [COSH300105-WHIT-32] SANDALS STRIPS BUCKLE FLOWERS WHITE  (32) | [IBGG2400000275174] [COSH300105-WHIT-31] SANDALS STRIPS BUCKLE FLOWERS WHITE  (31) | [IBGG2400000275174] [COSH300105-WHIT-25] SANDALS STRIPS BUCKLE FLOWERS WHITE  (25) | [IBGG2400000275174] [COSH300105-WHIT-29] SANDALS STRIPS BUCKLE FLOWERS WHITE  (29) | [IBGG2400000275174] [COSH300105-WHIT-35] SANDALS STRIPS BUCKLE FLOWERS WHITE  (35) | [IBGG2400000275174] [COSH300105-WHIT-36] SANDALS STRIPS BUCKLE FLOWERS WHITE  (36) | [IBGG2400000275174] [COSH300105-WHIT-28] SANDALS STRIPS BUCKLE FLOWERS WHITE  (28) | [IBGG2400000275174] [COSH300105-WHIT-27] SANDALS STRIPS BUCKLE FLOWERS WHITE  (27) | [IBGG2400000275174] [COSH300105-WHIT-26] SANDALS STRIPS BUCKLE FLOWERS WHITE  (26) | [IBGG2400000060877] [MV232105-0021-40] Grey/Green Colorful Sneakers (40) | [IBGG2400000060877] [MV232105-0021-41] Grey/Green Colorful Sneakers (41) | [IBGG2400000060877] [MV232105-0021-38] Grey/Green Colorful Sneakers (38) | [IBGG2400000060877] [MV232104-0021-39] Grey/Pink Colorful Sneakers (39) | [IBGG2400000060877] [MV232104-0021-40] Grey/Pink Colorful Sneakers (40) | [IBGG2400000060877] [MV232104-0021-37] Grey/Pink Colorful Sneakers (37) | [IBGG2400000060876] [MV231508-0160-38] UV REACTIVE                                        (38) | [IBGG2400000060876] [MV231508-0160-36] UV REACTIVE                                        (36) | [IBGG2400000060876] [MV231508-0160-40] UV REACTIVE                                        (40) | [IBGG2400000060876] [MV231508-0160-37] UV REACTIVE                                        (37) | [IBGG2400000060876] [MV231508-0160-41] UV REACTIVE                                        (41) | [IBGG2400000060876] [MV231508-0160-39] UV REACTIVE                                        (39) | [IBGG2400000083961] [COSH283108-MULT_C_31_31_10] PACK SNEARKER HIGH UNICORN FANTASY MULTI
CLAGD/Stock/StorageGD/CLA-043-08-01-01;53;GOLD;D+C+B+A;450;40;[IBGG2400000126941] [MV231508-0160-38] UV REACTIVE                                        (38) | [IBGG2400000126941] [MV231508-0160-40] UV REACTIVE                                        (40) | [IBGG2400000126941] [MV231508-0160-37] UV REACTIVE                                        (37) | [IBGG2400000126941] [MV231508-0160-39] UV REACTIVE                                        (39) | [IBGG2400000126941] [MV231507-0001-39] White Metallized Basic Sneakers (39) | [IBGG2400000126941] [MV231507-0001-38] White Metallized Basic Sneakers (38) | [IBGG2400000024553] [BJSH543008-BLAC_C_35_35_10] Pack AUSTRALIAN BOOT LOW BLACK  (35) x 10 unid | [IBGG2400000195401] [OSSX102098-BLAC-24] BALLERINAS HEAR GLOW BLACK (24) | [IBGG2400000195401] [OSSX102098-BLAC-21] BALLERINAS HEAR GLOW BLACK (21) | [IBGG2400000195401] [OSSX102098-BLAC-23] BALLERINAS HEAR GLOW BLACK (23) | [IBGG2400000195401] [OSSX102098-BLAC-20] BALLERINAS HEAR GLOW BLACK (20) | [IBGG2400000195401] [OSSP122073-NAVY-21] BALLERINAS BARRETTE NAVY (21) | [IBGG2400000195401] [OSSP122032-NAVY-25] BALLERINA BUCKLE NAVY (25) | [IBGG2400000195401] [OSSP122032-NAVY-23] BALLERINA BUCKLE NAVY (23) | [IBGG2400000195401] [OSSX102103-PINK-26] BALLERINAS GLITTER PINK  (26) | [IBGG2400000195401] [COSP265068-PLOM-31] BALLERINA MEIDEI PLOMO (31) | [IBGG2400000195401] [OSSP122073-BLAC-24] BALLERINAS BARRETTE BLACK (24) | [IBGG2400000195401] [OSSP122073-BLAC-20] BALLERINAS BARRETTE BLACK (20) | [IBGG2400000195401] [OSSP122073-NAVY-23] BALLERINAS BARRETTE NAVY (23) | [IBGG2400000195401] [OSSP122073-NAVY-22] BALLERINAS BARRETTE NAVY (22) | [IBGG2400000010463] [COSH542020-TAN_C_28_28_10] Pack AUSTRALIAN BOOTS WATER REPELLENT TAN (28) x 10 unid
CLAGD/Stock/StorageGD/CLA-043-09-01-03;68;GOLD;A+D+C+B;725;70;[IBG2023000808863] [BJSH542076-BLAC_C_30_30_10] Pack Australian Boots Lace Up Black (30) x 10 unid | [IBG2023000650110] [COSH249005-GREY_C_36_36_12] Pack Sneakers  Napa Grey (36) x 12 unid | [FGD 000054150024] [MV232301-0020_C_40_40_10] Pack BLACK | [FGD 000054150014] [MV232301-0020_C_38_38_10] Pack BLACK | [IBG2023000650097] [COSH249005-GREY_C_34_34_12] Pack Sneakers  Napa Grey (34) x 12 unid | [IBGG2400000024406] [NV126509-0207-27] GLITTER PLATINO (27) | [IBG2022000415873] [NV128333-0001_C_34_34_12] Pack LONA WHITE (34) x 12 unid
CLAGD/Stock/StorageGD/CLA-044-01-01-01;51;GOLD;A+D+C;373;50;[IBGG2400000019684] [BJSH542020-TAN_C_34_34_10] Pack Australian Boots Water Repellent Tan (34) x 10 unid | [IBGG2400000019679] [BJSH542020-TAN_C_34_34_10] Pack Australian Boots Water Repellent Tan (34) x 10 unid | [IBGG2400000019661] [BJSH542020-TAN_C_33_33_10] Pack Australian Boots Water Repellent Tan (33) x 10 unid | [IBGG2400000088880] [OSSH143088-WHIT_C_20_26_12] PACK SANDALS BIOS IRIDISCENT WHITE | [IBGG2400000088880] [OSSH143088-WHIT_C_20_26_12] PACK SANDALS BIOS IRIDISCENT WHITE | [IBGG2400000088880] [OSSH143088-WHIT_C_20_26_12] PACK SANDALS BIOS IRIDISCENT WHITE | [IBGG2400000088880] [OSSH143088-WHIT_C_20_26_12] PACK SANDALS BIOS IRIDISCENT WHITE | [IBGG2400000088880] [OSSH143088-WHIT_C_20_26_12] PACK SANDALS BIOS IRIDISCENT WHITE | [IBGG2400000088880] [OSSH143088-WHIT_C_20_26_12] PACK SANDALS BIOS IRIDISCENT WHITE | [IBGG2400000088880] [OSSH143088-WHIT_C_20_26_12] PACK SANDALS BIOS IRIDISCENT WHITE | [IBGB2400000339377] [MV128399-0001-38] Girl's Unicorn Print Hi-Top Sneakers (38)
CLAGD/Stock/StorageGD/CLA-044-01-02-03;140;GOLD;C+B+A;107;140;[IBGG2400000205548] [COSH542065-TAN_C_36_36_10] Pack AUSTRALIAN BOOTS PLUSH FUR TAN (36) x 10 unid | [IBGG2400000205546] [COSH542065-TAN_C_36_36_10] Pack AUSTRALIAN BOOTS PLUSH FUR TAN (36) x 10 unid | [IBGG2400000205542] [COSH542065-TAN_C_35_35_10] Pack AUSTRALIAN BOOTS PLUSH FUR TAN (35) x 10 unid | [IBGG2400000205540] [COSH542065-TAN_C_35_35_10] Pack AUSTRALIAN BOOTS PLUSH FUR TAN (35) x 10 unid | [IBGG2400000205534] [COSH542065-TAN_C_34_34_10] Pack AUSTRALIAN BOOTS PLUSH FUR TAN (34) x 10 unid | [IBGG2400000205525] [COSH542065-TAN_C_30_30_10] Pack AUSTRALIAN BOOTS PLUSH FUR TAN (30) x 10 unid | [IBGG2400000205523] [COSH542065-TAN_C_30_30_10] Pack AUSTRALIAN BOOTS PLUSH FUR TAN (30) x 10 unid | [IBGG2400000205513] [COSH542065-BEIG_C_36_36_10] Pack AUSTRALIAN BOOT FUR BEIGE (36) x 10 unid | [IBGG2400000205509] [COSH542065-BEIG_C_35_35_10] Pack AUSTRALIAN BOOT FUR BEIGE (35) x 10 unid | [IBGG2400000205506] [COSH542065-BEIG_C_34_34_10] Pack AUSTRALIAN BOOT FUR BEIGE (34) x 10 unid | [IBGG2400000205504] [COSH542065-BEIG_C_33_33_10] Pack AUSTRALIAN BOOT FUR BEIGE (33) x 10 unid | [IBGG2400000205503] [COSH542065-BEIG_C_33_33_10] Pack AUSTRALIAN BOOT FUR BEIGE (33) x 10 unid | [IBGG2400000205500] [COSH542065-BEIG_C_32_32_10] Pack AUSTRALIAN BOOT FUR BEIGE (32) x 10 unid | [IBGG2400000205489] [COSH542065-BEIG_C_29_29_10] Pack AUSTRALIAN BOOT FUR BEIGE (29) x 10 unid
CLAGD/Stock/StorageGD/CLA-044-02-01-01;46;GOLD;A+D;299;40;[IBGG2400000019723] [BJSH542020-TAN_C_36_36_10] Pack Australian Boots Water Repellent Tan (36) x 10 unid | [IBGG2400000196986] [COSH328001-WPIN_C_25_36_12] PACK SCHOOL SPORT SHOE RESPECTFUL WHITE/PINK | [IBGG2400000196986] [COSH328001-WPIN_C_25_36_12] PACK SCHOOL SPORT SHOE RESPECTFUL WHITE/PINK | [IBGG2400000196986] [COSH328001-WPIN_C_25_36_12] PACK SCHOOL SPORT SHOE RESPECTFUL WHITE/PINK | [IBGG2400000196986] [COSH328001-WPIN_C_25_36_12] PACK SCHOOL SPORT SHOE RESPECTFUL WHITE/PINK | [IBGG2400000196986] [COSH328001-WPIN_C_25_36_12] PACK SCHOOL SPORT SHOE RESPECTFUL WHITE/PINK | [IBGG2400000196986] [COSH328001-WPIN_C_25_36_12] PACK SCHOOL SPORT SHOE RESPECTFUL WHITE/PINK | [IBGG2400000196986] [COSH328001-WPIN_C_25_36_12] PACK SCHOOL SPORT SHOE RESPECTFUL WHITE/PINK | [IBGG2400000196986] [COSH328001-WPIN_C_25_36_12] PACK SCHOOL SPORT SHOE RESPECTFUL WHITE/PINK | [IBGG2400000196986] [COSH328001-WPIN_C_25_36_12] PACK SCHOOL SPORT SHOE RESPECTFUL WHITE/PINK | [IBGG2400000196986] [COSH328001-WPIN_C_25_36_12] PACK SCHOOL SPORT SHOE RESPECTFUL WHITE/PINK | [IBGG2400000196986] [COSH328001-WPIN_C_25_36_12] PACK SCHOOL SPORT SHOE RESPECTFUL WHITE/PINK | [IBGG2400000196986] [COSH328001-WPIN_C_25_36_12] PACK SCHOOL SPORT SHOE RESPECTFUL WHITE/PINK | [IBGG2400000196528] [COSH328001-FNAV_C_25_36_12] PACK SCHOOL SPORT SHOE RESPECTFUL FULL NAVY | [IBGG2400000196528] [COSH328001-FNAV_C_25_36_12] PACK SCHOOL SPORT SHOE RESPECTFUL FULL NAVY | [IBGG2400000196528] [COSH328001-FNAV_C_25_36_12] PACK SCHOOL SPORT SHOE RESPECTFUL FULL NAVY | [IBGG2400000196528] [COSH328001-FNAV_C_25_36_12] PACK SCHOOL SPORT SHOE RESPECTFUL FULL NAVY | [IBGG2400000196528] [COSH328001-FNAV_C_25_36_12] PACK SCHOOL SPORT SHOE RESPECTFUL FULL NAVY | [IBGG2400000196528] [COSH328001-FNAV_C_25_36_12] PACK SCHOOL SPORT SHOE RESPECTFUL FULL NAVY | [IBGG2400000196528] [COSH328001-FNAV_C_25_36_12] PACK SCHOOL SPORT SHOE RESPECTFUL FULL NAVY | [IBGG2400000196528] [COSH328001-FNAV_C_25_36_12] PACK SCHOOL SPORT SHOE RESPECTFUL FULL NAVY | [IBGG2400000196528] [COSH328001-FNAV_C_25_36_12] PACK SCHOOL SPORT SHOE RESPECTFUL FULL NAVY | [IBGG2400000196528] [COSH328001-FNAV_C_25_36_12] PACK SCHOOL SPORT SHOE RESPECTFUL FULL NAVY | [IBGG2400000196528] [COSH328001-FNAV_C_25_36_12] PACK SCHOOL SPORT SHOE RESPECTFUL FULL NAVY | [IBGG2400000196528] [COSH328001-FNAV_C_25_36_12] PACK SCHOOL SPORT SHOE RESPECTFUL FULL NAVY | [IBGG2400000196365] [COSH317008-SILV_C_27_36_12] PACK CAUSAL SNEAKERS LOGO SILVER | [IBGG2400000196365] [COSH317008-SILV_C_27_36_12] PACK CAUSAL SNEAKERS LOGO SILVER | [IBGG2400000196365] [COSH317008-SILV_C_27_36_12] PACK CAUSAL SNEAKERS LOGO SILVER | [IBGG2400000196365] [COSH317008-SILV_C_27_36_12] PACK CAUSAL SNEAKERS LOGO SILVER | [IBGG2400000196365] [COSH317008-SILV_C_27_36_12] PACK CAUSAL SNEAKERS LOGO SILVER | [IBGG2400000196365] [COSH317008-SILV_C_27_36_12] PACK CAUSAL SNEAKERS LOGO SILVER | [IBGG2400000196365] [COSH317008-SILV_C_27_36_12] PACK CAUSAL SNEAKERS LOGO SILVER | [IBGG2400000196365] [COSH317008-SILV_C_27_36_12] PACK CAUSAL SNEAKERS LOGO SILVER | [IBGG2400000196365] [COSH317008-SILV_C_27_36_12] PACK CAUSAL SNEAKERS LOGO SILVER | [IBGG2400000196365] [COSH317008-SILV_C_27_36_12] PACK CAUSAL SNEAKERS LOGO SILVER
CLAGD/Stock/StorageGD/CLA-044-02-01-02;76;GOLD;A+D+B+C;156;70;[IBGG2400000200120] [BJSH542020-TAUP_C_39_39_10] Pack Australian Boots Water Repellent Taupe (39) x 10 unid | [IBGG2400000200073] [BJSH542020-TAUP_C_38_38_10] Pack Australian Boots Water Repellent Taupe (38) x 10 unid | [IBGG2400000200068] [BJSH542020-TAUP_C_38_38_10] Pack Australian Boots Water Repellent Taupe (38) x 10 unid | [IBGG2400000199977] [BJSH542020-TAUP_C_37_37_10] Pack Australian Boots Water Repellent Taupe (37) x 10 unid | [IBGG2400000335188] [NV128333-0001-36] LONA WHITE (36) | [IBGG2400000023412] [BJSH542090-PEWT_C_31_38_12] Pack AUSTRALIAN BOOT BOMB PEWTER  | [IBGG2400000023412] [BJSH542090-PEWT_C_31_38_12] Pack AUSTRALIAN BOOT BOMB PEWTER  | [IBGG2400000023412] [BJSH542090-PEWT_C_31_38_12] Pack AUSTRALIAN BOOT BOMB PEWTER  | [IBGG2400000023412] [BJSH542090-PEWT_C_31_38_12] Pack AUSTRALIAN BOOT BOMB PEWTER  | [IBGG2400000023412] [BJSH542090-PEWT_C_31_38_12] Pack AUSTRALIAN BOOT BOMB PEWTER  | [IBGG2400000023412] [BJSH542090-PEWT_C_31_38_12] Pack AUSTRALIAN BOOT BOMB PEWTER  | [IBGG2400000023412] [BJSH542090-PEWT_C_31_38_12] Pack AUSTRALIAN BOOT BOMB PEWTER  | [IBGG2400000023412] [BJSH542090-PEWT_C_31_38_12] Pack AUSTRALIAN BOOT BOMB PEWTER  | [IBGG2400000023407] [BJSH542090-PEWT_C_31_38_12] Pack AUSTRALIAN BOOT BOMB PEWTER  | [IBGG2400000023407] [BJSH542090-PEWT_C_31_38_12] Pack AUSTRALIAN BOOT BOMB PEWTER  | [IBGG2400000023407] [BJSH542090-PEWT_C_31_38_12] Pack AUSTRALIAN BOOT BOMB PEWTER  | [IBGG2400000023407] [BJSH542090-PEWT_C_31_38_12] Pack AUSTRALIAN BOOT BOMB PEWTER  | [IBGG2400000023407] [BJSH542090-PEWT_C_31_38_12] Pack AUSTRALIAN BOOT BOMB PEWTER  | [IBGG2400000023407] [BJSH542090-PEWT_C_31_38_12] Pack AUSTRALIAN BOOT BOMB PEWTER  | [IBGG2400000023407] [BJSH542090-PEWT_C_31_38_12] Pack AUSTRALIAN BOOT BOMB PEWTER  | [IBGG2400000023407] [BJSH542090-PEWT_C_31_38_12] Pack AUSTRALIAN BOOT BOMB PEWTER 
CLAGD/Stock/StorageGD/CLA-044-02-03-03;18;GOLD;B+A+C;241;20;[IBGG2400000229224] [OSSH140112-GOLD-25] BOOTS AUSTRALIANA BOMB GOLD (25) | [IBGG2400000229224] [OSSH140112-GOLD-27] BOOTS AUSTRALIANA BOMB GOLD (27) | [IBGG2400000229224] [OSSH140112-GOLD-28] BOOTS AUSTRALIANA BOMB GOLD (28) | [IBGG2400000229224] [OSSH140112-GOLD-29] BOOTS AUSTRALIANA BOMB GOLD (29) | [IBGG2400000229224] [OSSH140112-GOLD-30] BOOTS AUSTRALIANA BOMB GOLD (30) | [IBGG2400000229224] [OSSH140112-GOLD-31] BOOTS AUSTRALIANA BOMB GOLD (31) | [IBGG2400000229224] [OSSH140112-GOLD-24] BOOTS AUSTRALIANA BOMB GOLD (24) | [IBGG2400000229224] [OSSH140112-GOLD-26] BOOTS AUSTRALIANA BOMB GOLD (26) | [IBGG2400000196169] [OSSH140112-GOLD-25] BOOTS AUSTRALIANA BOMB GOLD (25) | [IBGG2400000196169] [OSSH140112-GOLD-27] BOOTS AUSTRALIANA BOMB GOLD (27) | [IBGG2400000196169] [OSSH140112-GOLD-28] BOOTS AUSTRALIANA BOMB GOLD (28) | [IBGG2400000196169] [OSSH140112-GOLD-29] BOOTS AUSTRALIANA BOMB GOLD (29)
CLAGD/Stock/StorageGD/CLA-044-04-01-01;95;GOLD;C+A+B+D;725;90;[FGD 000055920201] [MV231605-0001_C_39_39_12] Pack WHITE | [FGD 000000034778] [MV231605-0001_C_40_40_12] Pack WHITE | [IBGG2400000200172] [BJSH542020-TAUP_C_40_40_10] Pack Australian Boots Water Repellent Taupe (40) x 10 unid | [IBGG2400000200116] [BJSH542020-TAUP_C_39_39_10] Pack Australian Boots Water Repellent Taupe (39) x 10 unid | [IBGG2400000200075] [BJSH542020-TAUP_C_38_38_10] Pack Australian Boots Water Repellent Taupe (38) x 10 unid | [IBGG2400000164577] [COSH542020-TAN-23] AUSTRALIAN BOOTS WATER REPELLENT TAN (23) | [IBGG2400000164560] [MV232104-0021-38] Grey/Pink Colorful Sneakers (38) | [IBGG2400000164560] [MV232104-0021-39] Grey/Pink Colorful Sneakers (39) | [IBGG2400000164560] [MV232104-0021-37] Grey/Pink Colorful Sneakers (37) | [IBGG2400000080364] [BJSH387001-BLAC_C_32_40_12] PACK SNEAKERS BLACK | [IBGG2400000080364] [BJSH387001-BLAC_C_32_40_12] PACK SNEAKERS BLACK | [IBGG2400000080364] [BJSH387001-BLAC_C_32_40_12] PACK SNEAKERS BLACK | [IBGG2400000080364] [BJSH387001-BLAC_C_32_40_12] PACK SNEAKERS BLACK | [IBGG2400000080364] [BJSH387001-BLAC_C_32_40_12] PACK SNEAKERS BLACK | [IBGG2400000080364] [BJSH387001-BLAC_C_32_40_12] PACK SNEAKERS BLACK | [IBGG2400000080364] [BJSH387001-BLAC_C_32_40_12] PACK SNEAKERS BLACK | [IBGG2400000080364] [BJSH387001-BLAC_C_32_40_12] PACK SNEAKERS BLACK | [IBGG2400000080364] [BJSH387001-BLAC_C_32_40_12] PACK SNEAKERS BLACK | [IBG2023001191155] [BJSH355001-OFFW_C_34_34_12] Pack ESPADRILLES OFF WHITE (34) x 12 unid
CLAGD/Stock/StorageGD/CLA-044-04-01-03;74;GOLD;B+A+C+D;620;70;[IBGG2400000011103] [COSH542065-TAN_C_32_32_10] Pack AUSTRALIAN BOOTS PLUSH FUR TAN (32) x 10 unid | [IBGG2400000011083] [COSH542065-TAN_C_29_29_10] Pack AUSTRALIAN BOOTS PLUSH FUR TAN (29) x 10 unid | [IBG2023001191216] [BJSH355001-OFFW_C_36_36_12] Pack ESPADRILLES OFF WHITE (36) x 12 unid | [IBG2023001191124] [BJSH355001-OFFW_C_33_33_12] Pack ESPADRILLES OFF WHITE (33) x 12 unid | [IBGG2400000185744] [COSH261030-PINK_C_30_30_10] PACK SNEAKERS WITH LIGHTS PINK | [IBGG2400000185739] [COSH261030-PINK_C_29_29_10] PACK SNEAKERS WITH LIGHTS PINK | [IBGG2400000185729] [COSH261030-PINK_C_29_29_10] PACK SNEAKERS WITH LIGHTS PINK
CLAGD/Stock/StorageGD/CLA-044-05-01-01;74;GOLD;B+D+A;513;70;[IBGG2400000091025] [BJSH376001-WHIT_C_30_41_12] PACK SNEAKERS LACES WHITE | [IBGG2400000091025] [BJSH376001-WHIT_C_30_41_12] PACK SNEAKERS LACES WHITE | [IBGG2400000091025] [BJSH376001-WHIT_C_30_41_12] PACK SNEAKERS LACES WHITE | [IBGG2400000091025] [BJSH376001-WHIT_C_30_41_12] PACK SNEAKERS LACES WHITE | [IBGG2400000091025] [BJSH376001-WHIT_C_30_41_12] PACK SNEAKERS LACES WHITE | [IBGG2400000091025] [BJSH376001-WHIT_C_30_41_12] PACK SNEAKERS LACES WHITE | [IBGG2400000091025] [BJSH376001-WHIT_C_30_41_12] PACK SNEAKERS LACES WHITE | [IBGG2400000091025] [BJSH376001-WHIT_C_30_41_12] PACK SNEAKERS LACES WHITE | [IBGG2400000091025] [BJSH376001-WHIT_C_30_41_12] PACK SNEAKERS LACES WHITE | [IBGG2400000091025] [BJSH376001-WHIT_C_30_41_12] PACK SNEAKERS LACES WHITE | [IBGG2400000091025] [BJSH376001-WHIT_C_30_41_12] PACK SNEAKERS LACES WHITE | [IBGG2400000091025] [BJSH376001-WHIT_C_30_41_12] PACK SNEAKERS LACES WHITE | [IBGG2400000091023] [BJSH376001-BEIG_C_30_41_12] PACK SNEAKERS LACES BEIG | [IBGG2400000091023] [BJSH376001-BEIG_C_30_41_12] PACK SNEAKERS LACES BEIG | [IBGG2400000091023] [BJSH376001-BEIG_C_30_41_12] PACK SNEAKERS LACES BEIG | [IBGG2400000091023] [BJSH376001-BEIG_C_30_41_12] PACK SNEAKERS LACES BEIG | [IBGG2400000091023] [BJSH376001-BEIG_C_30_41_12] PACK SNEAKERS LACES BEIG | [IBGG2400000091023] [BJSH376001-BEIG_C_30_41_12] PACK SNEAKERS LACES BEIG | [IBGG2400000091023] [BJSH376001-BEIG_C_30_41_12] PACK SNEAKERS LACES BEIG | [IBGG2400000091023] [BJSH376001-BEIG_C_30_41_12] PACK SNEAKERS LACES BEIG | [IBGG2400000091023] [BJSH376001-BEIG_C_30_41_12] PACK SNEAKERS LACES BEIG | [IBGG2400000091023] [BJSH376001-BEIG_C_30_41_12] PACK SNEAKERS LACES BEIG | [IBGG2400000091023] [BJSH376001-BEIG_C_30_41_12] PACK SNEAKERS LACES BEIG | [IBGG2400000091023] [BJSH376001-BEIG_C_30_41_12] PACK SNEAKERS LACES BEIG | [IBGG2400000199867] [BJSH542020-TAN_C_41_41_10] Pack Australian Boots Water Repellent Tan (41) x 10 unid | [IBGG2400000199671] [BJSH542020-TAN_C_37_37_10] Pack Australian Boots Water Repellent Tan (37) x 10 unid | [IBGG2400000199482] [BJSH542020-TAN_C_41_41_10] Pack Australian Boots Water Repellent Tan (41) x 10 unid | [IBGG2400000012237] [COSH283092-MULT_C_29_29_10] Pack SNEAKERS FANTASY MULTICOLOR (29) x 10 unid | [IBGG2400000012235] [COSH283092-MULT_C_29_29_10] Pack SNEAKERS FANTASY MULTICOLOR (29) x 10 unid
CLAGD/Stock/StorageGD/CLA-044-05-02-02;114;GOLD;A+B+D;1319;100;[IBGG2400000028574] [OSSH501003-ROSE_C_20_25_12] Pack TECNOBABY BOOTS AUSTRALIANA METALLIZED ROSE | [IBGG2400000028574] [OSSH501003-ROSE_C_20_25_12] Pack TECNOBABY BOOTS AUSTRALIANA METALLIZED ROSE | [IBGG2400000028574] [OSSH501003-ROSE_C_20_25_12] Pack TECNOBABY BOOTS AUSTRALIANA METALLIZED ROSE | [IBGG2400000028574] [OSSH501003-ROSE_C_20_25_12] Pack TECNOBABY BOOTS AUSTRALIANA METALLIZED ROSE | [IBGG2400000028574] [OSSH501003-ROSE_C_20_25_12] Pack TECNOBABY BOOTS AUSTRALIANA METALLIZED ROSE | [IBGG2400000028574] [OSSH501003-ROSE_C_20_25_12] Pack TECNOBABY BOOTS AUSTRALIANA METALLIZED ROSE | [IBGG2400000028572] [OSSH501003-ROSE_C_20_25_12] Pack TECNOBABY BOOTS AUSTRALIANA METALLIZED ROSE | [IBGG2400000028572] [OSSH501003-ROSE_C_20_25_12] Pack TECNOBABY BOOTS AUSTRALIANA METALLIZED ROSE | [IBGG2400000028572] [OSSH501003-ROSE_C_20_25_12] Pack TECNOBABY BOOTS AUSTRALIANA METALLIZED ROSE | [IBGG2400000028572] [OSSH501003-ROSE_C_20_25_12] Pack TECNOBABY BOOTS AUSTRALIANA METALLIZED ROSE | [IBGG2400000028572] [OSSH501003-ROSE_C_20_25_12] Pack TECNOBABY BOOTS AUSTRALIANA METALLIZED ROSE | [IBGG2400000028572] [OSSH501003-ROSE_C_20_25_12] Pack TECNOBABY BOOTS AUSTRALIANA METALLIZED ROSE | [IBGG2400000028569] [OSSH501003-ROSE_C_20_25_12] Pack TECNOBABY BOOTS AUSTRALIANA METALLIZED ROSE | [IBGG2400000028569] [OSSH501003-ROSE_C_20_25_12] Pack TECNOBABY BOOTS AUSTRALIANA METALLIZED ROSE | [IBGG2400000028569] [OSSH501003-ROSE_C_20_25_12] Pack TECNOBABY BOOTS AUSTRALIANA METALLIZED ROSE | [IBGG2400000028569] [OSSH501003-ROSE_C_20_25_12] Pack TECNOBABY BOOTS AUSTRALIANA METALLIZED ROSE | [IBGG2400000028569] [OSSH501003-ROSE_C_20_25_12] Pack TECNOBABY BOOTS AUSTRALIANA METALLIZED ROSE | [IBGG2400000028569] [OSSH501003-ROSE_C_20_25_12] Pack TECNOBABY BOOTS AUSTRALIANA METALLIZED ROSE | [IBGG2400000021130] [OSSH501002-PINK_C_20_25_12] Pack TECNOBABY BOOTS AUSTRALIANA PINK | [IBGG2400000021130] [OSSH501002-PINK_C_20_25_12] Pack TECNOBABY BOOTS AUSTRALIANA PINK | [IBGG2400000021130] [OSSH501002-PINK_C_20_25_12] Pack TECNOBABY BOOTS AUSTRALIANA PINK | [IBGG2400000021130] [OSSH501002-PINK_C_20_25_12] Pack TECNOBABY BOOTS AUSTRALIANA PINK | [IBGG2400000021130] [OSSH501002-PINK_C_20_25_12] Pack TECNOBABY BOOTS AUSTRALIANA PINK | [IBGG2400000021130] [OSSH501002-PINK_C_20_25_12] Pack TECNOBABY BOOTS AUSTRALIANA PINK | [IBGG2400000021096] [OSSH501002-PINK_C_20_25_12] Pack TECNOBABY BOOTS AUSTRALIANA PINK | [IBGG2400000021096] [OSSH501002-PINK_C_20_25_12] Pack TECNOBABY BOOTS AUSTRALIANA PINK | [IBGG2400000021096] [OSSH501002-PINK_C_20_25_12] Pack TECNOBABY BOOTS AUSTRALIANA PINK | [IBGG2400000021096] [OSSH501002-PINK_C_20_25_12] Pack TECNOBABY BOOTS AUSTRALIANA PINK | [IBGG2400000021096] [OSSH501002-PINK_C_20_25_12] Pack TECNOBABY BOOTS AUSTRALIANA PINK | [IBGG2400000021096] [OSSH501002-PINK_C_20_25_12] Pack TECNOBABY BOOTS AUSTRALIANA PINK | [IBGB2400000337581] [LI231007-0022_-39] Boots Kate Roll Down Brown (39) | [IBGB2400000337581] [LI231007-0022_-40] Boots Kate Roll Down Brown (40) | [IBGB2400000337581] [LI231007-0022_-37] Boots Kate Roll Down Brown (37) | [IBGB2400000337581] [LI231007-0022_-38] Boots Kate Roll Down Brown (38) | [IBGB2400000337566] [LI231007-0022_-38] Boots Kate Roll Down Brown (38) | [IBGB2400000337566] [LI231007-0022_-40] Boots Kate Roll Down Brown (40) | [IBGB2400000337566] [LI231007-0022_-39] Boots Kate Roll Down Brown (39) | [FGD 000000019301] [LI558635-0160_C_26_36_11] Pack VACA | [FGD 000000019301] [LI558635-0160_C_26_36_11] Pack VACA | [FGD 000000019301] [LI558635-0160_C_26_36_11] Pack VACA | [FGD 000000019301] [LI558635-0160_C_26_36_11] Pack VACA | [FGD 000000019301] [LI558635-0160_C_26_36_11] Pack VACA | [FGD 000000019301] [LI558635-0160_C_26_36_11] Pack VACA | [FGD 000000019301] [LI558635-0160_C_26_36_11] Pack VACA | [FGD 000000019301] [LI558635-0160_C_26_36_11] Pack VACA | [FGD 000000019301] [LI558635-0160_C_26_36_11] Pack VACA | [FGD 000000019301] [LI558635-0160_C_26_36_11] Pack VACA | [FGD 000000019301] [LI558635-0160_C_26_36_11] Pack VACA | [FGD 000000017124] [LI558636-0054_C_28_37_12] Pack CEBRA | [FGD 000000017124] [LI558636-0054_C_28_37_12] Pack CEBRA | [FGD 000000017124] [LI558636-0054_C_28_37_12] Pack CEBRA | [FGD 000000017124] [LI558636-0054_C_28_37_12] Pack CEBRA | [FGD 000000017124] [LI558636-0054_C_28_37_12] Pack CEBRA | [FGD 000000017124] [LI558636-0054_C_28_37_12] Pack CEBRA | [FGD 000000017124] [LI558636-0054_C_28_37_12] Pack CEBRA | [FGD 000000017124] [LI558636-0054_C_28_37_12] Pack CEBRA | [FGD 000000017124] [LI558636-0054_C_28_37_12] Pack CEBRA | [FGD 000000017124] [LI558636-0054_C_28_37_12] Pack CEBRA | [FGD 000000000622] [LI553902-0207_C_28_38_12] Pack MICRO METALIZADA PLATINO | [FGD 000000000622] [LI553902-0207_C_28_38_12] Pack MICRO METALIZADA PLATINO | [FGD 000000000622] [LI553902-0207_C_28_38_12] Pack MICRO METALIZADA PLATINO | [FGD 000000000622] [LI553902-0207_C_28_38_12] Pack MICRO METALIZADA PLATINO | [FGD 000000000622] [LI553902-0207_C_28_38_12] Pack MICRO METALIZADA PLATINO | [FGD 000000000622] [LI553902-0207_C_28_38_12] Pack MICRO METALIZADA PLATINO | [FGD 000000000622] [LI553902-0207_C_28_38_12] Pack MICRO METALIZADA PLATINO | [FGD 000000000622] [LI553902-0207_C_28_38_12] Pack MICRO METALIZADA PLATINO | [FGD 000000000622] [LI553902-0207_C_28_38_12] Pack MICRO METALIZADA PLATINO | [FGD 000000000622] [LI553902-0207_C_28_38_12] Pack MICRO METALIZADA PLATINO | [FGD 000000000622] [LI553902-0207_C_28_38_12] Pack MICRO METALIZADA PLATINO
CLAGD/Stock/StorageGD/CLA-044-09-01-02;84;GOLD;A+B+C;579;80;[IBGG2400000010397] [COSH542020-TAN_C_25_25_10] Pack AUSTRALIAN BOOTS WATER REPELLENT TAN (25) x 10 unid | [IBGG2400000010372] [COSH542020-TAN_C_23_23_10] Pack AUSTRALIAN BOOTS WATER REPELLENT TAN (23) x 10 unid | [IBGG2400000010369] [COSH542020-TAN_C_23_23_10] Pack AUSTRALIAN BOOTS WATER REPELLENT TAN (23) x 10 unid | [IBGG2400000024841] [COSH542021-TAUP_C_28_28_10] Pack AUSTRALIAN BOOTS PLUSH WATER REPELLENT TAUPE (28) x 10 unid | [IBGG2400000018211] [OSSH129008-TAN_C_22_27_12] Pack BOOTS TAN  | [IBGG2400000018211] [OSSH129008-TAN_C_22_27_12] Pack BOOTS TAN  | [IBGG2400000018211] [OSSH129008-TAN_C_22_27_12] Pack BOOTS TAN  | [IBGG2400000018211] [OSSH129008-TAN_C_22_27_12] Pack BOOTS TAN  | [IBGG2400000018211] [OSSH129008-TAN_C_22_27_12] Pack BOOTS TAN  | [IBGG2400000018211] [OSSH129008-TAN_C_22_27_12] Pack BOOTS TAN  | [IBG2023001238379] [OSSH122060-WHIT_C_19_26_12] Pack BALLERINAS WHITE  | [IBG2023001238379] [OSSH122060-WHIT_C_19_26_12] Pack BALLERINAS WHITE  | [IBG2023001238379] [OSSH122060-WHIT_C_19_26_12] Pack BALLERINAS WHITE  | [IBG2023001238379] [OSSH122060-WHIT_C_19_26_12] Pack BALLERINAS WHITE  | [IBG2023001238379] [OSSH122060-WHIT_C_19_26_12] Pack BALLERINAS WHITE  | [IBG2023001238379] [OSSH122060-WHIT_C_19_26_12] Pack BALLERINAS WHITE  | [IBG2023001238379] [OSSH122060-WHIT_C_19_26_12] Pack BALLERINAS WHITE  | [IBG2023001238379] [OSSH122060-WHIT_C_19_26_12] Pack BALLERINAS WHITE  | [IBGG2400000026777] [BJSH542083-BLAC_C_34_34_10] Pack AUSTRALIAN BOOT LOW BLACK (34) x 10 unid | [IBGG2400000019371] [BJSH542020-TAUP_C_33_33_10] Pack Australian Boots Water Repellent Taupe (33) x 10 unid
CLAGD/Stock/StorageGD/CLA-044-09-01-03;94;GOLD;A+D+B;725;90;[IBGG2400000200999] [BJSH542021-TAUP_C_38_38_10] Pack Australian Boots Water Repellent Taupe (38) x 10 unid | [IBGG2400000200992] [BJSH542021-TAUP_C_38_38_10] Pack Australian Boots Water Repellent Taupe (38) x 10 unid | [IBGG2400000200988] [BJSH542021-TAUP_C_38_38_10] Pack Australian Boots Water Repellent Taupe (38) x 10 unid | [IBGG2400000200987] [BJSH542021-TAUP_C_38_38_10] Pack Australian Boots Water Repellent Taupe (38) x 10 unid | [IBGG2400000200986] [BJSH542021-TAUP_C_38_38_10] Pack Australian Boots Water Repellent Taupe (38) x 10 unid | [IBGG2400000200956] [BJSH542021-TAUP_C_37_37_10] Pack Australian Boots Water Repellent Taupe (37) x 10 unid | [IBGG2400000010753] [COSH542020-TAUP_C_27_27_10] Pack AUSTRALIAN BOOTS WATER REPELLENT TAUPE (27) x 10 unid | [IBG2022000415293] [NV128317-0011_C_36_36_12] Pack LONA PINK (36) x 12 unid | [IBGG2400000086628] [BJSH300113-MULT_C_33_40_12] PACK SNEAKER PATCHWORK HIGH DOTS | [IBGG2400000086628] [BJSH300113-MULT_C_33_40_12] PACK SNEAKER PATCHWORK HIGH DOTS | [IBGG2400000086628] [BJSH300113-MULT_C_33_40_12] PACK SNEAKER PATCHWORK HIGH DOTS | [IBGG2400000086628] [BJSH300113-MULT_C_33_40_12] PACK SNEAKER PATCHWORK HIGH DOTS | [IBGG2400000086628] [BJSH300113-MULT_C_33_40_12] PACK SNEAKER PATCHWORK HIGH DOTS | [IBGG2400000086628] [BJSH300113-MULT_C_33_40_12] PACK SNEAKER PATCHWORK HIGH DOTS | [IBGG2400000086628] [BJSH300113-MULT_C_33_40_12] PACK SNEAKER PATCHWORK HIGH DOTS | [IBGG2400000086628] [BJSH300113-MULT_C_33_40_12] PACK SNEAKER PATCHWORK HIGH DOTS
CLAGD/Stock/StorageGD/CLA-045-01-01-02;84;GOLD;A+B+D;299;80;[IBGG2400000203591] [BJSH543001-TAN_C_37_37_10] Pack Australian Boots Water Repellent Tan (37) x 10 unid | [IBGG2400000203547] [BJSH543001-TAN_C_35_35_10] Pack Australian Boots Water Repellent Tan (35) x 10 unid | [IBGG2400000200127] [BJSH542020-TAUP_C_39_39_10] Pack Australian Boots Water Repellent Taupe (39) x 10 unid | [IBGG2400000200106] [BJSH542020-TAUP_C_39_39_10] Pack Australian Boots Water Repellent Taupe (39) x 10 unid | [IBGG2400000199886] [BJSH542020-TAUP_C_33_33_10] Pack Australian Boots Water Repellent Taupe (33) x 10 unid | [IBGG2400000084201] [COSH284097-MULT_C_30_30_10] PACK SNEAKERS LOW RAINBOW GLITTER MULTI | [IBGG2400000078231] [COSH300101-GOLD_C_25_36_12] PACK SANDALS BUCKLE STRIPS GOLD  | [IBGG2400000078231] [COSH300101-GOLD_C_25_36_12] PACK SANDALS BUCKLE STRIPS GOLD  | [IBGG2400000078231] [COSH300101-GOLD_C_25_36_12] PACK SANDALS BUCKLE STRIPS GOLD  | [IBGG2400000078231] [COSH300101-GOLD_C_25_36_12] PACK SANDALS BUCKLE STRIPS GOLD  | [IBGG2400000078231] [COSH300101-GOLD_C_25_36_12] PACK SANDALS BUCKLE STRIPS GOLD  | [IBGG2400000078231] [COSH300101-GOLD_C_25_36_12] PACK SANDALS BUCKLE STRIPS GOLD  | [IBGG2400000078231] [COSH300101-GOLD_C_25_36_12] PACK SANDALS BUCKLE STRIPS GOLD  | [IBGG2400000078231] [COSH300101-GOLD_C_25_36_12] PACK SANDALS BUCKLE STRIPS GOLD  | [IBGG2400000078231] [COSH300101-GOLD_C_25_36_12] PACK SANDALS BUCKLE STRIPS GOLD  | [IBGG2400000078231] [COSH300101-GOLD_C_25_36_12] PACK SANDALS BUCKLE STRIPS GOLD  | [IBGG2400000078231] [COSH300101-GOLD_C_25_36_12] PACK SANDALS BUCKLE STRIPS GOLD  | [IBGG2400000078231] [COSH300101-GOLD_C_25_36_12] PACK SANDALS BUCKLE STRIPS GOLD  | [IBGG2400000078230] [COSH300101-GOLD_C_25_36_12] PACK SANDALS BUCKLE STRIPS GOLD  | [IBGG2400000078230] [COSH300101-GOLD_C_25_36_12] PACK SANDALS BUCKLE STRIPS GOLD  | [IBGG2400000078230] [COSH300101-GOLD_C_25_36_12] PACK SANDALS BUCKLE STRIPS GOLD  | [IBGG2400000078230] [COSH300101-GOLD_C_25_36_12] PACK SANDALS BUCKLE STRIPS GOLD  | [IBGG2400000078230] [COSH300101-GOLD_C_25_36_12] PACK SANDALS BUCKLE STRIPS GOLD  | [IBGG2400000078230] [COSH300101-GOLD_C_25_36_12] PACK SANDALS BUCKLE STRIPS GOLD  | [IBGG2400000078230] [COSH300101-GOLD_C_25_36_12] PACK SANDALS BUCKLE STRIPS GOLD  | [IBGG2400000078230] [COSH300101-GOLD_C_25_36_12] PACK SANDALS BUCKLE STRIPS GOLD  | [IBGG2400000078230] [COSH300101-GOLD_C_25_36_12] PACK SANDALS BUCKLE STRIPS GOLD  | [IBGG2400000078230] [COSH300101-GOLD_C_25_36_12] PACK SANDALS BUCKLE STRIPS GOLD  | [IBGG2400000078230] [COSH300101-GOLD_C_25_36_12] PACK SANDALS BUCKLE STRIPS GOLD  | [IBGG2400000078230] [COSH300101-GOLD_C_25_36_12] PACK SANDALS BUCKLE STRIPS GOLD 
CLAGD/Stock/StorageGD/CLA-045-01-01-03;104;GOLD;C+B+A;579;80;[IBGG2400000009500] [COSH285049-WHIT_C_27_35_12] Pack SANDALS CHAMPION WHITE | [IBGG2400000009500] [COSH285049-WHIT_C_27_35_12] Pack SANDALS CHAMPION WHITE | [IBGG2400000009500] [COSH285049-WHIT_C_27_35_12] Pack SANDALS CHAMPION WHITE | [IBGG2400000009500] [COSH285049-WHIT_C_27_35_12] Pack SANDALS CHAMPION WHITE | [IBGG2400000009500] [COSH285049-WHIT_C_27_35_12] Pack SANDALS CHAMPION WHITE | [IBGG2400000009500] [COSH285049-WHIT_C_27_35_12] Pack SANDALS CHAMPION WHITE | [IBGG2400000009500] [COSH285049-WHIT_C_27_35_12] Pack SANDALS CHAMPION WHITE | [IBGG2400000009500] [COSH285049-WHIT_C_27_35_12] Pack SANDALS CHAMPION WHITE | [IBGG2400000009500] [COSH285049-WHIT_C_27_35_12] Pack SANDALS CHAMPION WHITE | [IBG2023001502272] [COSH265050-WHIT-27] BALLERINAS WHITE HEARTS (27) | [IBG2023001502272] [COSH265050-WHIT-28] BALLERINAS WHITE HEARTS (28) | [IBG2023001502272] [COSH265050-WHIT-29] BALLERINAS WHITE HEARTS (29) | [IBG2023001502272] [COSH265050-WHIT-30] BALLERINAS WHITE HEARTS (30) | [IBG2023001502272] [COSH265050-WHIT-31] BALLERINAS WHITE HEARTS (31) | [IBG2023001502272] [COSH265050-WHIT-32] BALLERINAS WHITE HEARTS (32) | [IBG2023001502272] [COSH265050-WHIT-33] BALLERINAS WHITE HEARTS (33) | [IBG2023001502272] [COSH265050-WHIT-34] BALLERINAS WHITE HEARTS (34) | [IBG2023001502272] [COSH265050-WHIT-35] BALLERINAS WHITE HEARTS (35) | [IBG2023001240815] [COSH265050-WHIT_C_27_35_12] Pack BALLERINAS WHITE HEARTS | [IBG2023001240815] [COSH265050-WHIT_C_27_35_12] Pack BALLERINAS WHITE HEARTS | [IBG2023001240815] [COSH265050-WHIT_C_27_35_12] Pack BALLERINAS WHITE HEARTS | [IBG2023001240815] [COSH265050-WHIT_C_27_35_12] Pack BALLERINAS WHITE HEARTS | [IBG2023001240815] [COSH265050-WHIT_C_27_35_12] Pack BALLERINAS WHITE HEARTS | [IBG2023001240815] [COSH265050-WHIT_C_27_35_12] Pack BALLERINAS WHITE HEARTS | [IBG2023001240815] [COSH265050-WHIT_C_27_35_12] Pack BALLERINAS WHITE HEARTS | [IBG2023001240815] [COSH265050-WHIT_C_27_35_12] Pack BALLERINAS WHITE HEARTS | [IBG2023001240815] [COSH265050-WHIT_C_27_35_12] Pack BALLERINAS WHITE HEARTS | [IBG2023001240808] [COSH265050-WHIT-27] BALLERINAS WHITE HEARTS (27) | [IBG2023001240808] [COSH265050-WHIT-28] BALLERINAS WHITE HEARTS (28) | [IBG2023001240808] [COSH265050-WHIT-29] BALLERINAS WHITE HEARTS (29) | [IBG2023001240808] [COSH265050-WHIT-30] BALLERINAS WHITE HEARTS (30) | [IBG2023001240808] [COSH265050-WHIT-31] BALLERINAS WHITE HEARTS (31) | [IBG2023001240808] [COSH265050-WHIT-32] BALLERINAS WHITE HEARTS (32) | [IBG2023001240808] [COSH265050-WHIT-33] BALLERINAS WHITE HEARTS (33) | [IBG2023001240808] [COSH265050-WHIT-34] BALLERINAS WHITE HEARTS (34) | [IBG2023001240808] [COSH265050-WHIT-35] BALLERINAS WHITE HEARTS (35) | [IBG2023001503392] [COSH285049-WHIT_C_27_35_12] Pack SANDALS CHAMPION WHITE | [IBG2023001503392] [COSH285049-WHIT_C_27_35_12] Pack SANDALS CHAMPION WHITE | [IBG2023001503392] [COSH285049-WHIT_C_27_35_12] Pack SANDALS CHAMPION WHITE | [IBG2023001503392] [COSH285049-WHIT_C_27_35_12] Pack SANDALS CHAMPION WHITE | [IBG2023001503392] [COSH285049-WHIT_C_27_35_12] Pack SANDALS CHAMPION WHITE | [IBG2023001503392] [COSH285049-WHIT_C_27_35_12] Pack SANDALS CHAMPION WHITE | [IBG2023001503392] [COSH285049-WHIT_C_27_35_12] Pack SANDALS CHAMPION WHITE | [IBG2023001503392] [COSH285049-WHIT_C_27_35_12] Pack SANDALS CHAMPION WHITE | [IBG2023001503392] [COSH285049-WHIT_C_27_35_12] Pack SANDALS CHAMPION WHITE | [IBG2023001245230] [BJSH586086-PINK-26] BALLERINAS PINK WITH BOW (26) | [IBG2023001245230] [BJSH586086-PINK-27] BALLERINAS PINK WITH BOW (27) | [IBG2023001245230] [BJSH586086-PINK-28] BALLERINAS PINK WITH BOW (28) | [IBG2023001245230] [BJSH586086-PINK-29] BALLERINAS PINK WITH BOW (29) | [IBG2023001245230] [BJSH586086-PINK-30] BALLERINAS PINK WITH BOW (30) | [IBG2023001245230] [BJSH586086-PINK-31] BALLERINAS PINK WITH BOW (31) | [IBG2023001245230] [BJSH586086-PINK-32] BALLERINAS PINK WITH BOW (32) | [IBG2023001245230] [BJSH586086-PINK-33] BALLERINAS PINK WITH BOW (33) | [IBG2023001245230] [BJSH586086-PINK-34] BALLERINAS PINK WITH BOW (34) | [IBG2023001245230] [BJSH586086-PINK-35] BALLERINAS PINK WITH BOW (35) | [IBG2023001245230] [BJSH586086-PINK-36] BALLERINAS PINK WITH BOW (36) | [IBG2023001245230] [BJSH586086-PINK-37] BALLERINAS PINK WITH BOW (37) | [IBGG2400000024585] [BJSH543008-BLAC_C_40_40_10] Pack AUSTRALIAN BOOT LOW BLACK  (40) x 10 unid | [IBGG2400000019752] [BJSH542020-TAN_C_37_37_10] Pack Australian Boots Water Repellent Tan (37) x 10 unid
CLAGD/Stock/StorageGD/CLA-045-02-01-03;124;GOLD;B+D+A;416;120;[IBGG2400000082525] [OSSH127011-WHIT_C_22_29_12] PACK SNEAKERS LOW LETTER PRINT MULTI  | [IBGG2400000082525] [OSSH127011-WHIT_C_22_29_12] PACK SNEAKERS LOW LETTER PRINT MULTI  | [IBGG2400000082525] [OSSH127011-WHIT_C_22_29_12] PACK SNEAKERS LOW LETTER PRINT MULTI  | [IBGG2400000082525] [OSSH127011-WHIT_C_22_29_12] PACK SNEAKERS LOW LETTER PRINT MULTI  | [IBGG2400000082525] [OSSH127011-WHIT_C_22_29_12] PACK SNEAKERS LOW LETTER PRINT MULTI  | [IBGG2400000082525] [OSSH127011-WHIT_C_22_29_12] PACK SNEAKERS LOW LETTER PRINT MULTI  | [IBGG2400000082525] [OSSH127011-WHIT_C_22_29_12] PACK SNEAKERS LOW LETTER PRINT MULTI  | [IBGG2400000082525] [OSSH127011-WHIT_C_22_29_12] PACK SNEAKERS LOW LETTER PRINT MULTI  | [IBGG2400000082522] [OSSH127011-WHIT_C_22_29_12] PACK SNEAKERS LOW LETTER PRINT MULTI  | [IBGG2400000082522] [OSSH127011-WHIT_C_22_29_12] PACK SNEAKERS LOW LETTER PRINT MULTI  | [IBGG2400000082522] [OSSH127011-WHIT_C_22_29_12] PACK SNEAKERS LOW LETTER PRINT MULTI  | [IBGG2400000082522] [OSSH127011-WHIT_C_22_29_12] PACK SNEAKERS LOW LETTER PRINT MULTI  | [IBGG2400000082522] [OSSH127011-WHIT_C_22_29_12] PACK SNEAKERS LOW LETTER PRINT MULTI  | [IBGG2400000082522] [OSSH127011-WHIT_C_22_29_12] PACK SNEAKERS LOW LETTER PRINT MULTI  | [IBGG2400000082522] [OSSH127011-WHIT_C_22_29_12] PACK SNEAKERS LOW LETTER PRINT MULTI  | [IBGG2400000082522] [OSSH127011-WHIT_C_22_29_12] PACK SNEAKERS LOW LETTER PRINT MULTI  | [IBGG2400000049462] [COSH224050-MULT_C_33_33_10] PACK SNEAKERS STARTS FANTASY MULTI  | [IBGG2400000025314] [COSH542021-TAN_C_29_29_10] Pack AUSTRALIAN BOOTS PLUSH WATER REPELLENT TAN (29) x 10 unid | [IBGG2400000025313] [COSH542021-TAN_C_29_29_10] Pack AUSTRALIAN BOOTS PLUSH WATER REPELLENT TAN (29) x 10 unid | [IBGG2400000025284] [COSH542021-TAN_C_29_29_10] Pack AUSTRALIAN BOOTS PLUSH WATER REPELLENT TAN (29) x 10 unid | [IBGG2400000199438] [BJSH542020-NAVY_C_33_33_10] Pack Australian Boots Water Repellent Navy (33) x 10 unid | [IBGG2400000082475] [TESH500009-PINK_C_25_25_10] PACK TECNOBABY SNEAKERS LOW UNICORN FANTASY PINK | [IBGG2400000082460] [TESH500009-PINK_C_23_23_10] PACK TECNOBABY SNEAKERS LOW UNICORN FANTASY PINK | [IBGG2400000205718] [COSH542083-TAUP_C_25_25_10] Pack AUSTRALIAN BOOT LOW TAUPE (25) x 10 unid | [IBGG2400000205612] [COSH542083-TAN_C_22_22_10] Pack AUSTRALIAN BOOT LOW TAN (22) x 10 unid | [IBGG2400000205633] [COSH542083-TAN_C_27_27_10] Pack AUSTRALIAN BOOT LOW TAN (27) x 10 unid
CLAGD/Stock/StorageGD/CLA-045-06-01-03;80;GOLD;D+B+A;579;70;[IBGG2400000109951] [COSH586002-MULT_C_26_35_12] PACK BALLERINA BOW SNAKE MULTI | [IBGG2400000109951] [COSH586002-MULT_C_26_35_12] PACK BALLERINA BOW SNAKE MULTI | [IBGG2400000109951] [COSH586002-MULT_C_26_35_12] PACK BALLERINA BOW SNAKE MULTI | [IBGG2400000109951] [COSH586002-MULT_C_26_35_12] PACK BALLERINA BOW SNAKE MULTI | [IBGG2400000109951] [COSH586002-MULT_C_26_35_12] PACK BALLERINA BOW SNAKE MULTI | [IBGG2400000109951] [COSH586002-MULT_C_26_35_12] PACK BALLERINA BOW SNAKE MULTI | [IBGG2400000109951] [COSH586002-MULT_C_26_35_12] PACK BALLERINA BOW SNAKE MULTI | [IBGG2400000109951] [COSH586002-MULT_C_26_35_12] PACK BALLERINA BOW SNAKE MULTI | [IBGG2400000109951] [COSH586002-MULT_C_26_35_12] PACK BALLERINA BOW SNAKE MULTI | [IBGG2400000109951] [COSH586002-MULT_C_26_35_12] PACK BALLERINA BOW SNAKE MULTI | [IBGG2400000109949] [COSH586002-MULT_C_26_35_12] PACK BALLERINA BOW SNAKE MULTI | [IBGG2400000109949] [COSH586002-MULT_C_26_35_12] PACK BALLERINA BOW SNAKE MULTI | [IBGG2400000109949] [COSH586002-MULT_C_26_35_12] PACK BALLERINA BOW SNAKE MULTI | [IBGG2400000109949] [COSH586002-MULT_C_26_35_12] PACK BALLERINA BOW SNAKE MULTI | [IBGG2400000109949] [COSH586002-MULT_C_26_35_12] PACK BALLERINA BOW SNAKE MULTI | [IBGG2400000109949] [COSH586002-MULT_C_26_35_12] PACK BALLERINA BOW SNAKE MULTI | [IBGG2400000109949] [COSH586002-MULT_C_26_35_12] PACK BALLERINA BOW SNAKE MULTI | [IBGG2400000109949] [COSH586002-MULT_C_26_35_12] PACK BALLERINA BOW SNAKE MULTI | [IBGG2400000109949] [COSH586002-MULT_C_26_35_12] PACK BALLERINA BOW SNAKE MULTI | [IBGG2400000109949] [COSH586002-MULT_C_26_35_12] PACK BALLERINA BOW SNAKE MULTI | [IBGG2400000109945] [COSH586002-MULT_C_26_35_12] PACK BALLERINA BOW SNAKE MULTI | [IBGG2400000109945] [COSH586002-MULT_C_26_35_12] PACK BALLERINA BOW SNAKE MULTI | [IBGG2400000109945] [COSH586002-MULT_C_26_35_12] PACK BALLERINA BOW SNAKE MULTI | [IBGG2400000109945] [COSH586002-MULT_C_26_35_12] PACK BALLERINA BOW SNAKE MULTI | [IBGG2400000109945] [COSH586002-MULT_C_26_35_12] PACK BALLERINA BOW SNAKE MULTI | [IBGG2400000109945] [COSH586002-MULT_C_26_35_12] PACK BALLERINA BOW SNAKE MULTI | [IBGG2400000109945] [COSH586002-MULT_C_26_35_12] PACK BALLERINA BOW SNAKE MULTI | [IBGG2400000109945] [COSH586002-MULT_C_26_35_12] PACK BALLERINA BOW SNAKE MULTI | [IBGG2400000109945] [COSH586002-MULT_C_26_35_12] PACK BALLERINA BOW SNAKE MULTI | [IBGG2400000109945] [COSH586002-MULT_C_26_35_12] PACK BALLERINA BOW SNAKE MULTI | [IBGG2400000086652] [BJSH300115-WHIT_C_33_40_12] PACK SNEAKER CROCHET LOW WHIT | [IBGG2400000086652] [BJSH300115-WHIT_C_33_40_12] PACK SNEAKER CROCHET LOW WHIT | [IBGG2400000086652] [BJSH300115-WHIT_C_33_40_12] PACK SNEAKER CROCHET LOW WHIT | [IBGG2400000086652] [BJSH300115-WHIT_C_33_40_12] PACK SNEAKER CROCHET LOW WHIT | [IBGG2400000086652] [BJSH300115-WHIT_C_33_40_12] PACK SNEAKER CROCHET LOW WHIT | [IBGG2400000086652] [BJSH300115-WHIT_C_33_40_12] PACK SNEAKER CROCHET LOW WHIT | [IBGG2400000086652] [BJSH300115-WHIT_C_33_40_12] PACK SNEAKER CROCHET LOW WHIT | [IBGG2400000086652] [BJSH300115-WHIT_C_33_40_12] PACK SNEAKER CROCHET LOW WHIT | [IBGG2400000086603] [BJSH300110-LEOP_C_33_40_12] PACK SNEAKER LOW LEOPARD | [IBGG2400000086603] [BJSH300110-LEOP_C_33_40_12] PACK SNEAKER LOW LEOPARD | [IBGG2400000086603] [BJSH300110-LEOP_C_33_40_12] PACK SNEAKER LOW LEOPARD | [IBGG2400000086603] [BJSH300110-LEOP_C_33_40_12] PACK SNEAKER LOW LEOPARD | [IBGG2400000086603] [BJSH300110-LEOP_C_33_40_12] PACK SNEAKER LOW LEOPARD | [IBGG2400000086603] [BJSH300110-LEOP_C_33_40_12] PACK SNEAKER LOW LEOPARD | [IBGG2400000086603] [BJSH300110-LEOP_C_33_40_12] PACK SNEAKER LOW LEOPARD | [IBGG2400000086603] [BJSH300110-LEOP_C_33_40_12] PACK SNEAKER LOW LEOPARD | [IBGG2400000080371] [BJSH387001-WHIT-32] SNEAKERS WHITE (32) | [IBGG2400000080371] [BJSH387001-WHIT-33] SNEAKERS WHITE (33) | [IBGG2400000080371] [BJSH387001-WHIT-34] SNEAKERS WHITE (34) | [IBGG2400000080371] [BJSH387001-WHIT-35] SNEAKERS WHITE (35) | [IBGG2400000080371] [BJSH387001-WHIT-36] SNEAKERS WHITE (36) | [IBGG2400000080371] [BJSH387001-WHIT-37] SNEAKERS WHITE (37) | [IBGG2400000080371] [BJSH387001-WHIT-38] SNEAKERS WHITE (38) | [IBGG2400000080371] [BJSH387001-WHIT-39] SNEAKERS WHITE (39) | [IBGG2400000080371] [BJSH387001-WHIT-40] SNEAKERS WHITE (40) | [FGD 000000043503] [MI219001-0020_C_36_41_9] Pack WATERREPELLENT MICRO BLACK | [FGD 000000043503] [MI219001-0020_C_36_41_9] Pack WATERREPELLENT MICRO BLACK | [FGD 000000043503] [MI219001-0020_C_36_41_9] Pack WATERREPELLENT MICRO BLACK | [FGD 000000043503] [MI219001-0020_C_36_41_9] Pack WATERREPELLENT MICRO BLACK | [FGD 000000043503] [MI219001-0020_C_36_41_9] Pack WATERREPELLENT MICRO BLACK | [FGD 000000043503] [MI219001-0020_C_36_41_9] Pack WATERREPELLENT MICRO BLACK
CLAGD/Stock/StorageGD/CLA-045-08-01-02;77;GOLD;C+D+A+B;299;70;[IBGG2400000082849] [COSH264020-WHIT_C_29_29_10] PACK SNEAKERS LOW LOGO MULTI | [IBGG2400000229793] [COSH265073-BEIG-27] BALLERINA ELASTIC STRAP BEIGE (27) | [IBGG2400000229793] [COSH265073-BEIG-29] BALLERINA ELASTIC STRAP BEIGE (29) | [IBGG2400000229793] [COSH265073-BEIG-32] BALLERINA ELASTIC STRAP BEIGE (32) | [IBGG2400000229793] [COSH265073-BEIG-33] BALLERINA ELASTIC STRAP BEIGE (33) | [IBGG2400000229793] [COSH265073-WHIT-35] BALLERINA ELASTIC STRAP WHITE (35) | [IBGG2400000229793] [COSH265075-BEIG-25] BALLERINA NAPA FLOWER BEIGE (25) | [IBGG2400000229793] [COSH265075-PINK-25] BALLERINA NAPA FLOWER PINK (25) | [IBGG2400000229793] [COSH265075-PINK-26] BALLERINA NAPA FLOWER PINK (26) | [IBGG2400000229793] [COSH265075-PINK-28] BALLERINA NAPA FLOWER PINK (28) | [IBGG2400000229793] [COSH265075-PINK-31] BALLERINA NAPA FLOWER PINK (31) | [IBGG2400000200113] [BJSH542020-TAUP_C_39_39_10] Pack Australian Boots Water Repellent Taupe (39) x 10 unid | [IBGG2400000200111] [BJSH542020-TAUP_C_39_39_10] Pack Australian Boots Water Repellent Taupe (39) x 10 unid | [IBGG2400000200012] [BJSH542020-TAUP_C_37_37_10] Pack Australian Boots Water Repellent Taupe (37) x 10 unid | [IBGG2400000335186] [BJSH360006-BLAC-34] SANDALS STRIPS BLACK/MULTI (34) | [IBGG2400000335186] [BJSH360006-BLAC-35] SANDALS STRIPS BLACK/MULTI (35) | [IBGG2400000335186] [BJSH360006-BLAC-33] SANDALS STRIPS BLACK/MULTI (33) | [IBGG2400000335186] [BJSH360006-BLAC-38] SANDALS STRIPS BLACK/MULTI (38) | [IBGG2400000335186] [BJSH360006-BLAC-36] SANDALS STRIPS BLACK/MULTI (36) | [IBGG2400000335186] [BJSH360006-BLAC-39] SANDALS STRIPS BLACK/MULTI (39) | [IBGG2400000335186] [BJSH360006-BLAC-40] SANDALS STRIPS BLACK/MULTI (40) | [IBGG2400000335186] [BJSH360006-BLAC-37] SANDALS STRIPS BLACK/MULTI (37) | [IBGG2400000083862] [COSH283104-SILV_C_32_32_10] PACK SNEAKERS HIGH GLITTER SILVER 
CLAGD/Stock/StorageGD/CLA-045-08-01-03;75;GOLD;B+D+A;327;90;[IBGG2400000161324] [COSH280001-NAVY_C_30_30_10] PACK School Shoes Navy | [IBGG2400000161257] [COSH200002-NAVY_C_36_36_10] PACK School Shoes Navy | [IBGG2400000161239] [COSH200002-NAVY_C_30_30_10] PACK School Shoes Navy | [IBGG2400000161232] [COSH200002-NAVY_C_27_27_10] PACK School Shoes Navy | [IBGG2400000161231] [COSH200002-NAVY_C_26_26_10] PACK School Shoes Navy | [IBGG2400000080723] [COSH319002-GREE_C_26_31_12] PACK CLOG DINOSAUR GREEN | [IBGG2400000080723] [COSH319002-GREE_C_26_31_12] PACK CLOG DINOSAUR GREEN | [IBGG2400000080723] [COSH319002-GREE_C_26_31_12] PACK CLOG DINOSAUR GREEN | [IBGG2400000080723] [COSH319002-GREE_C_26_31_12] PACK CLOG DINOSAUR GREEN | [IBGG2400000080723] [COSH319002-GREE_C_26_31_12] PACK CLOG DINOSAUR GREEN | [IBGG2400000080723] [COSH319002-GREE_C_26_31_12] PACK CLOG DINOSAUR GREEN | [IBGG2400000204866] [COSH542021-TAN_C_28_28_10] Pack AUSTRALIAN BOOTS PLUSH WATER REPELLENT TAN (28) x 10 unid | [IBGG2400000335155] [COSH586018-ANTR-36] MARY JANE GLITTER ANTRACITA (36) | [IBGG2400000335146] [TESH515019-VISO-25] TECNOBABY SUEDE SAFARI BOOT VISON (25)
CLAGD/Stock/StorageGD/CLA-045-08-03-02;100;GOLD;D+B+A;299;100;[IBGG2400000084023] [COSH283110-MULT_C_33_33_10] PACK SNEAKERS LOW PATCHWORK GLITTER MULTI | [IBGG2400000084019] [COSH283110-MULT_C_31_31_10] PACK SNEAKERS LOW PATCHWORK GLITTER MULTI | [IBGG2400000084010] [COSH283110-MULT_C_29_29_10] PACK SNEAKERS LOW PATCHWORK GLITTER MULTI | [IBGG2400000084017] [COSH283110-MULT_C_31_31_10] PACK SNEAKERS LOW PATCHWORK GLITTER MULTI | [IBGG2400000083884] [COSH283106-WHIT_C_29_29_10] PACK SNEAKERS HIGH BASIC LOGO WHITE | [IBGG2400000083852] [COSH283104-SILV_C_31_31_10] PACK SNEAKERS HIGH GLITTER SILVER  | [IBGG2400000204774] [COSH542021-TAN_C_25_25_10] Pack AUSTRALIAN BOOTS PLUSH WATER REPELLENT TAN (25) x 10 unid | [IBGG2400000204772] [COSH542021-TAN_C_25_25_10] Pack AUSTRALIAN BOOTS PLUSH WATER REPELLENT TAN (25) x 10 unid | [IBGG2400000083889] [COSH283106-WHIT_C_30_30_10] PACK SNEAKERS HIGH BASIC LOGO WHITE | [IBGG2400000083880] [COSH283106-WHIT_C_28_28_10] PACK SNEAKERS HIGH BASIC LOGO WHITE
CLAGD/Stock/StorageGD/CLA-045-09-01-03;86;GOLD;C+B+A;341;80;[IBGG2400000082573] [OSSH141082-NAVY_C_22_29_12] Pack CANVAS NAVY | [IBGG2400000082573] [OSSH141082-NAVY_C_22_29_12] Pack CANVAS NAVY | [IBGG2400000082573] [OSSH141082-NAVY_C_22_29_12] Pack CANVAS NAVY | [IBGG2400000082573] [OSSH141082-NAVY_C_22_29_12] Pack CANVAS NAVY | [IBGG2400000082573] [OSSH141082-NAVY_C_22_29_12] Pack CANVAS NAVY | [IBGG2400000082573] [OSSH141082-NAVY_C_22_29_12] Pack CANVAS NAVY | [IBGG2400000082573] [OSSH141082-NAVY_C_22_29_12] Pack CANVAS NAVY | [IBGG2400000082573] [OSSH141082-NAVY_C_22_29_12] Pack CANVAS NAVY | [IBGG2400000224853] [COSH285049-WHIT-32] SANDALS CHAMPION WHITE (32) | [IBGG2400000224853] [COSH285049-WHIT-33] SANDALS CHAMPION WHITE (33) | [IBGG2400000224853] [COSH285049-WHIT-34] SANDALS CHAMPION WHITE (34) | [IBGG2400000224853] [COSH285049-WHIT-35] SANDALS CHAMPION WHITE (35) | [IBGG2400000224853] [COSH285049-WHIT-31] SANDALS CHAMPION WHITE (31) | [IBGG2400000224853] [COSH285049-WHIT-30] SANDALS CHAMPION WHITE (30) | [IBGG2400000224853] [COSH285049-WHIT-27] SANDALS CHAMPION WHITE (27) | [IBGG2400000224853] [COSH285049-WHIT-28] SANDALS CHAMPION WHITE (28) | [IBGG2400000224853] [COSH285049-WHIT-29] SANDALS CHAMPION WHITE (29) | [IBGG2400000224850] [COSH285049-WHIT-32] SANDALS CHAMPION WHITE (32) | [IBGG2400000224850] [COSH285049-WHIT-33] SANDALS CHAMPION WHITE (33) | [IBGG2400000224850] [COSH285049-WHIT-34] SANDALS CHAMPION WHITE (34) | [IBGG2400000224850] [COSH285049-WHIT-35] SANDALS CHAMPION WHITE (35) | [IBGG2400000224850] [COSH285049-WHIT-31] SANDALS CHAMPION WHITE (31) | [IBGG2400000224850] [COSH285049-WHIT-30] SANDALS CHAMPION WHITE (30) | [IBGG2400000224850] [COSH285049-WHIT-27] SANDALS CHAMPION WHITE (27) | [IBGG2400000224850] [COSH285049-WHIT-28] SANDALS CHAMPION WHITE (28) | [IBGG2400000224850] [COSH285049-WHIT-29] SANDALS CHAMPION WHITE (29) | [IBGG2400000224845] [COSH285049-WHIT-30] SANDALS CHAMPION WHITE (30) | [IBGG2400000224845] [COSH285049-WHIT-29] SANDALS CHAMPION WHITE (29) | [IBGG2400000224845] [COSH285049-WHIT-28] SANDALS CHAMPION WHITE (28) | [IBGG2400000224845] [COSH285049-WHIT-27] SANDALS CHAMPION WHITE (27) | [IBGG2400000224845] [COSH285049-WHIT-31] SANDALS CHAMPION WHITE (31) | [IBGG2400000224845] [COSH285049-WHIT-32] SANDALS CHAMPION WHITE (32) | [IBGG2400000224845] [COSH285049-WHIT-35] SANDALS CHAMPION WHITE (35) | [IBGG2400000224845] [COSH285049-WHIT-33] SANDALS CHAMPION WHITE (33) | [IBGG2400000224845] [COSH285049-WHIT-34] SANDALS CHAMPION WHITE (34) | [IBGG2400000224820] [COSH285049-WHIT-34] SANDALS CHAMPION WHITE (34) | [IBGG2400000224820] [COSH285049-WHIT-35] SANDALS CHAMPION WHITE (35) | [IBGG2400000224820] [COSH285049-WHIT-33] SANDALS CHAMPION WHITE (33) | [IBGG2400000224820] [COSH285049-WHIT-32] SANDALS CHAMPION WHITE (32) | [IBGG2400000224820] [COSH285049-WHIT-30] SANDALS CHAMPION WHITE (30) | [IBGG2400000224820] [COSH285049-WHIT-31] SANDALS CHAMPION WHITE (31) | [IBGG2400000224820] [COSH285049-WHIT-29] SANDALS CHAMPION WHITE (29) | [IBGG2400000224820] [COSH285049-WHIT-28] SANDALS CHAMPION WHITE (28) | [IBGG2400000224820] [COSH285049-WHIT-27] SANDALS CHAMPION WHITE (27) | [IBGG2400000224819] [COSH285049-WHIT-35] SANDALS CHAMPION WHITE (35) | [IBGG2400000224819] [COSH285049-WHIT-34] SANDALS CHAMPION WHITE (34) | [IBGG2400000224819] [COSH285049-WHIT-33] SANDALS CHAMPION WHITE (33) | [IBGG2400000224819] [COSH285049-WHIT-32] SANDALS CHAMPION WHITE (32) | [IBGG2400000224819] [COSH285049-WHIT-30] SANDALS CHAMPION WHITE (30) | [IBGG2400000224819] [COSH285049-WHIT-31] SANDALS CHAMPION WHITE (31) | [IBGG2400000224819] [COSH285049-WHIT-29] SANDALS CHAMPION WHITE (29) | [IBGG2400000224819] [COSH285049-WHIT-28] SANDALS CHAMPION WHITE (28) | [IBGG2400000224819] [COSH285049-WHIT-27] SANDALS CHAMPION WHITE (27) | [IBGG2400000199830] [BJSH542020-TAN_C_40_40_10] Pack Australian Boots Water Repellent Tan (40) x 10 unid | [IBGG2400000087737] [COSH261029-NAVY-27] SNEAKERS POP LOGO NAVY (27)
CLAGD/Stock/StorageGD/CLA-046-02-01-02;84;GOLD;D+A;372;70;[IBGG2400000285435] [TESH515019-TAN_C_20_25_12] PACK TECNOBABY SUEDE SAFARI BOOT TAN | [IBGG2400000285435] [TESH515019-TAN_C_20_25_12] PACK TECNOBABY SUEDE SAFARI BOOT TAN | [IBGG2400000285435] [TESH515019-TAN_C_20_25_12] PACK TECNOBABY SUEDE SAFARI BOOT TAN | [IBGG2400000285435] [TESH515019-TAN_C_20_25_12] PACK TECNOBABY SUEDE SAFARI BOOT TAN | [IBGG2400000285435] [TESH515019-TAN_C_20_25_12] PACK TECNOBABY SUEDE SAFARI BOOT TAN | [IBGG2400000285435] [TESH515019-TAN_C_20_25_12] PACK TECNOBABY SUEDE SAFARI BOOT TAN | [IBGG2400000285432] [TESH515019-TAN_C_20_25_12] PACK TECNOBABY SUEDE SAFARI BOOT TAN | [IBGG2400000285432] [TESH515019-TAN_C_20_25_12] PACK TECNOBABY SUEDE SAFARI BOOT TAN | [IBGG2400000285432] [TESH515019-TAN_C_20_25_12] PACK TECNOBABY SUEDE SAFARI BOOT TAN | [IBGG2400000285432] [TESH515019-TAN_C_20_25_12] PACK TECNOBABY SUEDE SAFARI BOOT TAN | [IBGG2400000285432] [TESH515019-TAN_C_20_25_12] PACK TECNOBABY SUEDE SAFARI BOOT TAN | [IBGG2400000285432] [TESH515019-TAN_C_20_25_12] PACK TECNOBABY SUEDE SAFARI BOOT TAN | [IBGG2400000285430] [TESH515019-TAN_C_20_25_12] PACK TECNOBABY SUEDE SAFARI BOOT TAN | [IBGG2400000285430] [TESH515019-TAN_C_20_25_12] PACK TECNOBABY SUEDE SAFARI BOOT TAN | [IBGG2400000285430] [TESH515019-TAN_C_20_25_12] PACK TECNOBABY SUEDE SAFARI BOOT TAN | [IBGG2400000285430] [TESH515019-TAN_C_20_25_12] PACK TECNOBABY SUEDE SAFARI BOOT TAN | [IBGG2400000285430] [TESH515019-TAN_C_20_25_12] PACK TECNOBABY SUEDE SAFARI BOOT TAN | [IBGG2400000285430] [TESH515019-TAN_C_20_25_12] PACK TECNOBABY SUEDE SAFARI BOOT TAN | [IBGG2400000285429] [TESH515019-TAN_C_20_25_12] PACK TECNOBABY SUEDE SAFARI BOOT TAN | [IBGG2400000285429] [TESH515019-TAN_C_20_25_12] PACK TECNOBABY SUEDE SAFARI BOOT TAN | [IBGG2400000285429] [TESH515019-TAN_C_20_25_12] PACK TECNOBABY SUEDE SAFARI BOOT TAN | [IBGG2400000285429] [TESH515019-TAN_C_20_25_12] PACK TECNOBABY SUEDE SAFARI BOOT TAN | [IBGG2400000285429] [TESH515019-TAN_C_20_25_12] PACK TECNOBABY SUEDE SAFARI BOOT TAN | [IBGG2400000285429] [TESH515019-TAN_C_20_25_12] PACK TECNOBABY SUEDE SAFARI BOOT TAN | [IBGG2400000285426] [TESH515019-TAN_C_20_25_12] PACK TECNOBABY SUEDE SAFARI BOOT TAN | [IBGG2400000285426] [TESH515019-TAN_C_20_25_12] PACK TECNOBABY SUEDE SAFARI BOOT TAN | [IBGG2400000285426] [TESH515019-TAN_C_20_25_12] PACK TECNOBABY SUEDE SAFARI BOOT TAN | [IBGG2400000285426] [TESH515019-TAN_C_20_25_12] PACK TECNOBABY SUEDE SAFARI BOOT TAN | [IBGG2400000285426] [TESH515019-TAN_C_20_25_12] PACK TECNOBABY SUEDE SAFARI BOOT TAN | [IBGG2400000285426] [TESH515019-TAN_C_20_25_12] PACK TECNOBABY SUEDE SAFARI BOOT TAN | [IBGG2400000285422] [TESH515019-TAN_C_20_25_12] PACK TECNOBABY SUEDE SAFARI BOOT TAN | [IBGG2400000285422] [TESH515019-TAN_C_20_25_12] PACK TECNOBABY SUEDE SAFARI BOOT TAN | [IBGG2400000285422] [TESH515019-TAN_C_20_25_12] PACK TECNOBABY SUEDE SAFARI BOOT TAN | [IBGG2400000285422] [TESH515019-TAN_C_20_25_12] PACK TECNOBABY SUEDE SAFARI BOOT TAN | [IBGG2400000285422] [TESH515019-TAN_C_20_25_12] PACK TECNOBABY SUEDE SAFARI BOOT TAN | [IBGG2400000285422] [TESH515019-TAN_C_20_25_12] PACK TECNOBABY SUEDE SAFARI BOOT TAN | [IBGG2400000021115] [OSSH501002-PINK_C_20_25_12] Pack TECNOBABY BOOTS AUSTRALIANA PINK | [IBGG2400000021115] [OSSH501002-PINK_C_20_25_12] Pack TECNOBABY BOOTS AUSTRALIANA PINK | [IBGG2400000021115] [OSSH501002-PINK_C_20_25_12] Pack TECNOBABY BOOTS AUSTRALIANA PINK | [IBGG2400000021115] [OSSH501002-PINK_C_20_25_12] Pack TECNOBABY BOOTS AUSTRALIANA PINK | [IBGG2400000021115] [OSSH501002-PINK_C_20_25_12] Pack TECNOBABY BOOTS AUSTRALIANA PINK | [IBGG2400000021115] [OSSH501002-PINK_C_20_25_12] Pack TECNOBABY BOOTS AUSTRALIANA PINK
CLAGD/Stock/StorageGD/CLA-046-02-01-03;88;GOLD;C+B+A;206;90;[IBGG2400000250429] [BWSH328029-BLAC-38] SANDALS BLACK NYLON (38) | [IBGG2400000250429] [BWSH328029-BLAC-39] SANDALS BLACK NYLON (39) | [IBGG2400000250429] [BWSH328029-BLAC-37] SANDALS BLACK NYLON (37) | [IBGG2400000250429] [BWSH328029-BLAC-41] SANDALS BLACK NYLON (41) | [IBGG2400000250429] [BWSH328029-MULT-40] SANDALS MULTI NYLON (40) | [IBGG2400000250429] [BWSH328029-MULT-37] SANDALS MULTI NYLON (37) | [IBGG2400000250429] [BWSH328029-MULT-36] SANDALS MULTI NYLON (36) | [IBGG2400000205910] [COSH542084-PEWT_C_26_26_10] Pack AUSTRALIAN BOOT PLUSH PEWTER (26) x 10 unid | [IBGG2400000205908] [COSH542084-PEWT_C_26_26_10] Pack AUSTRALIAN BOOT PLUSH PEWTER (26) x 10 unid | [IBGG2400000205892] [COSH542084-BRON_C_35_35_10] Pack AUSTRALIAN BOOT PLUSH BRONZE (35) x 10 unid | [IBGG2400000205869] [COSH542084-BRON_C_33_33_10] Pack AUSTRALIAN BOOT PLUSH BRONZE (33) x 10 unid | [IBGG2400000205814] [COSH542084-BRON_C_26_26_10] Pack AUSTRALIAN BOOT PLUSH BRONZE (26) x 10 unid | [IBGG2400000205813] [COSH542084-BRON_C_26_26_10] Pack AUSTRALIAN BOOT PLUSH BRONZE (26) x 10 unid | [IBGG2400000205803] [COSH542084-BRON_C_24_24_10] Pack AUSTRALIAN BOOT PLUSH BRONZE (24) x 10 unid | [IBGG2400000205801] [COSH542084-BRON_C_24_24_10] Pack AUSTRALIAN BOOT PLUSH BRONZE (24) x 10 unid
CLAGD/Stock/StorageGD/CLA-046-07-01-02;80;GOLD;B+A+C;173;80;[IBGG2400000205974] [COSH542084-PEWT_C_36_36_10] Pack AUSTRALIAN BOOT PLUSH PEWTER (36) x 10 unid | [IBGG2400000205946] [COSH542084-PEWT_C_32_32_10] Pack AUSTRALIAN BOOT PLUSH PEWTER (32) x 10 unid | [IBGG2400000205945] [COSH542084-PEWT_C_32_32_10] Pack AUSTRALIAN BOOT PLUSH PEWTER (32) x 10 unid | [IBGG2400000205942] [COSH542084-PEWT_C_32_32_10] Pack AUSTRALIAN BOOT PLUSH PEWTER (32) x 10 unid | [IBGG2400000205938] [COSH542084-PEWT_C_31_31_10] Pack AUSTRALIAN BOOT PLUSH PEWTER (31) x 10 unid | [IBGG2400000205937] [COSH542084-PEWT_C_31_31_10] Pack AUSTRALIAN BOOT PLUSH PEWTER (31) x 10 unid | [IBGG2400000205886] [COSH542084-BRON_C_35_35_10] Pack AUSTRALIAN BOOT PLUSH BRONZE (35) x 10 unid | [IBGG2400000205816] [COSH542084-BRON_C_26_26_10] Pack AUSTRALIAN BOOT PLUSH BRONZE (26) x 10 unid
CLAGD/Stock/StorageGD/CLA-046-08-01-01;162;GOLD;D+C+A+B;618;90;[SIN_PAQUETE] [COSH200002-NAVY-30] School Shoes Navy (30) | [IBGG2400000238757] [COSH542065-TAN-26] AUSTRALIAN BOOTS PLUSH FUR TAN (26) | [IBGG2400000238757] [COSH542065-TAN-29] AUSTRALIAN BOOTS PLUSH FUR TAN (29) | [IBGG2400000238757] [COSH542065-TAN-30] AUSTRALIAN BOOTS PLUSH FUR TAN (30) | [IBGG2400000238757] [COSH542065-TAN-25] AUSTRALIAN BOOTS PLUSH FUR TAN (25) | [IBGG2400000238757] [COSH542065-TAN-24] AUSTRALIAN BOOTS PLUSH FUR TAN (24) | [IBGG2400000238755] [BJSH542083-BLAC-41] Low Black Australian Boots B&W (41) | [IBGG2400000238747] [COSH542065-TAUP-23] AUSTRALIAN BOOTS PLUSH FUR TAUPE (23) | [IBGG2400000238747] [COSH542065-TAUP-22] AUSTRALIAN BOOTS PLUSH FUR TAUPE (22) | [IBGG2400000238747] [COSH542065-TAUP-27] AUSTRALIAN BOOTS PLUSH FUR TAUPE (27) | [IBGG2400000238747] [COSH542065-TAUP-28] AUSTRALIAN BOOTS PLUSH FUR TAUPE (28) | [IBGG2400000238747] [COSH542065-TAUP-31] AUSTRALIAN BOOTS PLUSH FUR TAUPE (31) | [IBGG2400000238742] [COSH542065-TAN-23] AUSTRALIAN BOOTS PLUSH FUR TAN (23) | [IBGG2400000238742] [COSH542065-TAN-24] AUSTRALIAN BOOTS PLUSH FUR TAN (24) | [IBGG2400000238740] [COSH542065-BEIG-32] AUSTRALIAN BOOT FUR BEIGE (32) | [IBGG2400000238740] [COSH542065-BEIG-31] AUSTRALIAN BOOT FUR BEIGE (31) | [IBGG2400000238740] [COSH542065-BEIG-29] AUSTRALIAN BOOT FUR BEIGE (29) | [IBGG2400000238740] [COSH542065-BEIG-34] AUSTRALIAN BOOT FUR BEIGE (34) | [IBGG2400000238740] [COSH542065-BEIG-35] AUSTRALIAN BOOT FUR BEIGE (35) | [IBGG2400000238740] [COSH542065-BEIG-33] AUSTRALIAN BOOT FUR BEIGE (33) | [IBGG2400000238627] [COSH542083-TAUP-28] AUSTRALIAN BOOT LOW TAUPE (28) | [IBGG2400000238627] [COSH542083-TAUP-32] AUSTRALIAN BOOT LOW TAUPE (32) | [IBGG2400000238627] [COSH542083-TAUP-22] AUSTRALIAN BOOT LOW TAUPE (22) | [IBGG2400000238627] [COSH542083-TAUP-25] AUSTRALIAN BOOT LOW TAUPE (25) | [IBGG2400000238627] [COSH542083-TAUP-36] AUSTRALIAN BOOT LOW TAUPE (36) | [IBGG2400000238626] [COSH542083-TAN-26] AUSTRALIAN BOOT LOW TAN (26) | [IBGG2400000238626] [COSH542083-TAN-22] AUSTRALIAN BOOT LOW TAN (22) | [IBGG2400000238626] [COSH542083-TAN-24] AUSTRALIAN BOOT LOW TAN (24) | [IBGG2400000238626] [COSH542083-TAN-23] AUSTRALIAN BOOT LOW TAN (23) | [IBGG2400000238626] [COSH542083-TAN-27] AUSTRALIAN BOOT LOW TAN (27) | [IBGG2400000238626] [COSH542083-TAN-25] AUSTRALIAN BOOT LOW TAN (25) | [IBGG2400000238610] [COSH542083-TAUP-34] AUSTRALIAN BOOT LOW TAUPE (34)
CLAGD/Stock/StorageGD/CLA-047-03-01-01;74;GOLD;A+B+C+D;579;90;[IBGG2400000238381] [COSH542021-TAN-33] AUSTRALIAN BOOTS PLUSH WATER REPELLENT TAN (33) | [IBGG2400000238381] [COSH542021-TAN-32] AUSTRALIAN BOOTS PLUSH WATER REPELLENT TAN (32) | [IBGG2400000238380] [COSH542021-TAN-29] AUSTRALIAN BOOTS PLUSH WATER REPELLENT TAN (29) | [IBGG2400000238378] [COSH542021-TAN-35] AUSTRALIAN BOOTS PLUSH WATER REPELLENT TAN (35) | [IBGG2400000238378] [COSH542021-TAN-34] AUSTRALIAN BOOTS PLUSH WATER REPELLENT TAN (34) | [IBGG2400000238378] [COSH542021-TAN-30] AUSTRALIAN BOOTS PLUSH WATER REPELLENT TAN (30) | [IBGG2400000238302] [COSH542021-NAVY-25] AUSTRALIAN BOOTS PLUSH WATER REPELLENT NAVY (25) | [IBGG2400000238302] [COSH542021-NAVY-22] AUSTRALIAN BOOTS PLUSH WATER REPELLENT NAVY (22) | [IBGG2400000238302] [COSH542021-NAVY-23] AUSTRALIAN BOOTS PLUSH WATER REPELLENT NAVY (23) | [IBGG2400000238302] [COSH542021-NAVY-24] AUSTRALIAN BOOTS PLUSH WATER REPELLENT NAVY (24) | [IBGG2400000238302] [COSH542021-NAVY-27] AUSTRALIAN BOOTS PLUSH WATER REPELLENT NAVY (27) | [IBGG2400000238216] [COSH542021-TAN-25] AUSTRALIAN BOOTS PLUSH WATER REPELLENT TAN (25) | [IBGG2400000238212] [COSH542021-TAN-30] AUSTRALIAN BOOTS PLUSH WATER REPELLENT TAN (30) | [IBGG2400000238212] [COSH542021-TAN-28] AUSTRALIAN BOOTS PLUSH WATER REPELLENT TAN (28) | [IBGG2400000238212] [COSH542021-TAN-29] AUSTRALIAN BOOTS PLUSH WATER REPELLENT TAN (29) | [IBGG2400000083607] [COSH542021-TAN-27] AUSTRALIAN BOOTS PLUSH WATER REPELLENT TAN (27) | [IBGG2400000017301] [BWSH368001-BLAC_C_36_41_9] Pack SNEAKERS LOGO GLITTER BLACK | [IBGG2400000017301] [BWSH368001-BLAC_C_36_41_9] Pack SNEAKERS LOGO GLITTER BLACK | [IBGG2400000017301] [BWSH368001-BLAC_C_36_41_9] Pack SNEAKERS LOGO GLITTER BLACK | [IBGG2400000017301] [BWSH368001-BLAC_C_36_41_9] Pack SNEAKERS LOGO GLITTER BLACK | [IBGG2400000017301] [BWSH368001-BLAC_C_36_41_9] Pack SNEAKERS LOGO GLITTER BLACK | [IBGG2400000017301] [BWSH368001-BLAC_C_36_41_9] Pack SNEAKERS LOGO GLITTER BLACK | [FBW 000000024494] [HI222003-0020_C_36_40_12] Pack NEGRO | [FBW 000000024494] [HI222003-0020_C_36_40_12] Pack NEGRO | [FBW 000000024494] [HI222003-0020_C_36_40_12] Pack NEGRO | [FBW 000000024494] [HI222003-0020_C_36_40_12] Pack NEGRO | [FBW 000000024494] [HI222003-0020_C_36_40_12] Pack NEGRO
CLAGD/Stock/StorageGD/CLA-047-03-01-03;70;GOLD;A+B+D+C;794;70;[IBGG2400000238460] [BJSH542021-BLAC-38] Australian Boots Water Repellent Black (38) | [IBGG2400000238460] [BJSH542021-TAN-22] Australian Boots Water Repellent Tan (22) | [IBGG2400000238460] [BJSH542021-BLAC-36] Australian Boots Water Repellent Black (36) | [IBGG2400000238460] [BJSH542021-NAVY-22] Australian Boots Water Repellent Navy (22) | [IBGG2400000238460] [BJSH542021-NAVY-25] Australian Boots Water Repellent Navy (25) | [IBGG2400000238387] [BJSH542021-TAUP-33] Australian Boots Water Repellent Taupe (33) | [IBGG2400000238387] [BJSH542021-TAUP-31] Australian Boots Water Repellent Taupe (31) | [IBGG2400000238387] [BJSH542021-TAUP-35] Australian Boots Water Repellent Taupe (35) | [IBGB2400000322346] [OSSH122064-SILV-22] BALLERINAS SILVER (22) | [IBGB2400000322346] [OSSH122066-GOLD-24] BALLERINAS GOLD (24) | [IBGB2400000322346] [OSSH122066-GOLD-25] BALLERINAS GOLD (25) | [IBGB2400000322346] [OSSH122064-SILV-26] BALLERINAS SILVER (26) | [IBGB2400000322346] [OSSH122064-SILV-24] BALLERINAS SILVER (24) | [IBGB2400000322346] [OSSH122066-GOLD-22] BALLERINAS GOLD (22) | [IBGB2400000322346] [OSSH122064-SILV-20] BALLERINAS SILVER (20) | [IBG2023001253150] [COSH300094-WHIT_C_25_36_12] Pack SANDALS NAPA WHITE  | [IBG2023001253150] [COSH300094-WHIT_C_25_36_12] Pack SANDALS NAPA WHITE  | [IBG2023001253150] [COSH300094-WHIT_C_25_36_12] Pack SANDALS NAPA WHITE  | [IBG2023001253150] [COSH300094-WHIT_C_25_36_12] Pack SANDALS NAPA WHITE  | [IBG2023001253150] [COSH300094-WHIT_C_25_36_12] Pack SANDALS NAPA WHITE  | [IBG2023001253150] [COSH300094-WHIT_C_25_36_12] Pack SANDALS NAPA WHITE  | [IBG2023001253150] [COSH300094-WHIT_C_25_36_12] Pack SANDALS NAPA WHITE  | [IBG2023001253150] [COSH300094-WHIT_C_25_36_12] Pack SANDALS NAPA WHITE  | [IBG2023001253150] [COSH300094-WHIT_C_25_36_12] Pack SANDALS NAPA WHITE  | [IBG2023001253150] [COSH300094-WHIT_C_25_36_12] Pack SANDALS NAPA WHITE  | [IBG2023001253150] [COSH300094-WHIT_C_25_36_12] Pack SANDALS NAPA WHITE  | [IBG2023001253150] [COSH300094-WHIT_C_25_36_12] Pack SANDALS NAPA WHITE  | [IBG2023001253112] [COSH300094-WHIT_C_25_36_12] Pack SANDALS NAPA WHITE  | [IBG2023001253112] [COSH300094-WHIT_C_25_36_12] Pack SANDALS NAPA WHITE  | [IBG2023001253112] [COSH300094-WHIT_C_25_36_12] Pack SANDALS NAPA WHITE  | [IBG2023001253112] [COSH300094-WHIT_C_25_36_12] Pack SANDALS NAPA WHITE  | [IBG2023001253112] [COSH300094-WHIT_C_25_36_12] Pack SANDALS NAPA WHITE  | [IBG2023001253112] [COSH300094-WHIT_C_25_36_12] Pack SANDALS NAPA WHITE  | [IBG2023001253112] [COSH300094-WHIT_C_25_36_12] Pack SANDALS NAPA WHITE  | [IBG2023001253112] [COSH300094-WHIT_C_25_36_12] Pack SANDALS NAPA WHITE  | [IBG2023001253112] [COSH300094-WHIT_C_25_36_12] Pack SANDALS NAPA WHITE  | [IBG2023001253112] [COSH300094-WHIT_C_25_36_12] Pack SANDALS NAPA WHITE  | [IBG2023001253112] [COSH300094-WHIT_C_25_36_12] Pack SANDALS NAPA WHITE  | [IBG2023001253112] [COSH300094-WHIT_C_25_36_12] Pack SANDALS NAPA WHITE  | [IBG2023001253099] [COSH300094-WHIT_C_25_36_12] Pack SANDALS NAPA WHITE  | [IBG2023001253099] [COSH300094-WHIT_C_25_36_12] Pack SANDALS NAPA WHITE  | [IBG2023001253099] [COSH300094-WHIT_C_25_36_12] Pack SANDALS NAPA WHITE  | [IBG2023001253099] [COSH300094-WHIT_C_25_36_12] Pack SANDALS NAPA WHITE  | [IBG2023001253099] [COSH300094-WHIT_C_25_36_12] Pack SANDALS NAPA WHITE  | [IBG2023001253099] [COSH300094-WHIT_C_25_36_12] Pack SANDALS NAPA WHITE  | [IBG2023001253099] [COSH300094-WHIT_C_25_36_12] Pack SANDALS NAPA WHITE  | [IBG2023001253099] [COSH300094-WHIT_C_25_36_12] Pack SANDALS NAPA WHITE  | [IBG2023001253099] [COSH300094-WHIT_C_25_36_12] Pack SANDALS NAPA WHITE  | [IBG2023001253099] [COSH300094-WHIT_C_25_36_12] Pack SANDALS NAPA WHITE  | [IBG2023001253099] [COSH300094-WHIT_C_25_36_12] Pack SANDALS NAPA WHITE  | [IBG2023001253099] [COSH300094-WHIT_C_25_36_12] Pack SANDALS NAPA WHITE  | [IBG2023001252566] [COSH300092-WHIT_C_25_36_12] Pack SANDALS NAPA WHITE  | [IBG2023001252566] [COSH300092-WHIT_C_25_36_12] Pack SANDALS NAPA WHITE  | [IBG2023001252566] [COSH300092-WHIT_C_25_36_12] Pack SANDALS NAPA WHITE  | [IBG2023001252566] [COSH300092-WHIT_C_25_36_12] Pack SANDALS NAPA WHITE  | [IBG2023001252566] [COSH300092-WHIT_C_25_36_12] Pack SANDALS NAPA WHITE  | [IBG2023001252566] [COSH300092-WHIT_C_25_36_12] Pack SANDALS NAPA WHITE  | [IBG2023001252566] [COSH300092-WHIT_C_25_36_12] Pack SANDALS NAPA WHITE  | [IBG2023001252566] [COSH300092-WHIT_C_25_36_12] Pack SANDALS NAPA WHITE  | [IBG2023001252566] [COSH300092-WHIT_C_25_36_12] Pack SANDALS NAPA WHITE  | [IBG2023001252566] [COSH300092-WHIT_C_25_36_12] Pack SANDALS NAPA WHITE  | [IBG2023001252566] [COSH300092-WHIT_C_25_36_12] Pack SANDALS NAPA WHITE  | [IBG2023001252566] [COSH300092-WHIT_C_25_36_12] Pack SANDALS NAPA WHITE 
CLAGD/Stock/StorageGD/CLA-047-04-03-01;220;GOLD;A+D;193;220;[IBGG2400000204053] [BJSH543002-TAUP_C_40_40_10] Pack Australian Boots Water Repellent Fur Taupe (40) x 10 unid | [IBGG2400000204043] [BJSH543002-TAUP_C_39_39_10] Pack Australian Boots Water Repellent Fur Taupe (39) x 10 unid | [IBGG2400000204040] [BJSH543002-TAUP_C_39_39_10] Pack Australian Boots Water Repellent Fur Taupe (39) x 10 unid | [IBGG2400000204036] [BJSH543002-TAUP_C_39_39_10] Pack Australian Boots Water Repellent Fur Taupe (39) x 10 unid | [IBGG2400000204035] [BJSH543002-TAUP_C_39_39_10] Pack Australian Boots Water Repellent Fur Taupe (39) x 10 unid | [IBGG2400000204031] [BJSH543002-TAUP_C_39_39_10] Pack Australian Boots Water Repellent Fur Taupe (39) x 10 unid | [IBGG2400000204026] [BJSH543002-TAUP_C_38_38_10] Pack Australian Boots Water Repellent Fur Taupe (38) x 10 unid | [IBGG2400000204003] [BJSH543002-TAUP_C_37_37_10] Pack Australian Boots Water Repellent Fur Taupe (37) x 10 unid | [IBGG2400000203993] [BJSH543002-TAUP_C_36_36_10] Pack Australian Boots Water Repellent Fur Taupe (36) x 10 unid | [IBGG2400000203991] [BJSH543002-TAUP_C_36_36_10] Pack Australian Boots Water Repellent Fur Taupe (36) x 10 unid | [IBGG2400000203985] [BJSH543002-TAUP_C_36_36_10] Pack Australian Boots Water Repellent Fur Taupe (36) x 10 unid | [IBGG2400000203982] [BJSH543002-TAUP_C_35_35_10] Pack Australian Boots Water Repellent Fur Taupe (35) x 10 unid | [IBGG2400000185558] [COSH224055-PEWT_C_33_33_10] PACK HIGH CUT SNEAKERS WITH LIGHTS PEWTER | [IBGG2400000185557] [COSH224055-PEWT_C_33_33_10] PACK HIGH CUT SNEAKERS WITH LIGHTS PEWTER | [IBGG2400000185550] [COSH224055-PEWT_C_31_31_10] PACK HIGH CUT SNEAKERS WITH LIGHTS PEWTER | [IBGG2400000185548] [COSH224055-PEWT_C_31_31_10] PACK HIGH CUT SNEAKERS WITH LIGHTS PEWTER | [IBGG2400000185545] [COSH224055-PEWT_C_30_30_10] PACK HIGH CUT SNEAKERS WITH LIGHTS PEWTER | [IBGG2400000185539] [COSH224055-PEWT_C_29_29_10] PACK HIGH CUT SNEAKERS WITH LIGHTS PEWTER | [IBGG2400000185520] [COSH224054-PINK_C_34_34_10] PACK HIGH CUT SNEAKERS WITH LIGHTS PINK | [IBGG2400000185517] [COSH224054-PINK_C_33_33_10] PACK HIGH CUT SNEAKERS WITH LIGHTS PINK | [IBGG2400000185507] [COSH224054-PINK_C_30_30_10] PACK HIGH CUT SNEAKERS WITH LIGHTS PINK | [IBGG2400000185504] [COSH224054-PINK_C_30_30_10] PACK HIGH CUT SNEAKERS WITH LIGHTS PINK
CLAGD/Stock/StorageGD/CLA-047-06-03-03;140;GOLD;B+A+C;173;140;[IBGG2400000205971] [COSH542084-PEWT_C_36_36_10] Pack AUSTRALIAN BOOT PLUSH PEWTER (36) x 10 unid | [IBGG2400000205962] [COSH542084-PEWT_C_35_35_10] Pack AUSTRALIAN BOOT PLUSH PEWTER (35) x 10 unid | [IBGG2400000205955] [COSH542084-PEWT_C_34_34_10] Pack AUSTRALIAN BOOT PLUSH PEWTER (34) x 10 unid | [IBGG2400000205953] [COSH542084-PEWT_C_33_33_10] Pack AUSTRALIAN BOOT PLUSH PEWTER (33) x 10 unid | [IBGG2400000205943] [COSH542084-PEWT_C_32_32_10] Pack AUSTRALIAN BOOT PLUSH PEWTER (32) x 10 unid | [IBGG2400000205936] [COSH542084-PEWT_C_31_31_10] Pack AUSTRALIAN BOOT PLUSH PEWTER (31) x 10 unid | [IBGG2400000205905] [COSH542084-PEWT_C_25_25_10] Pack AUSTRALIAN BOOT PLUSH PEWTER (25) x 10 unid | [IBGG2400000205888] [COSH542084-BRON_C_35_35_10] Pack AUSTRALIAN BOOT PLUSH BRONZE (35) x 10 unid | [IBGG2400000205884] [COSH542084-BRON_C_34_34_10] Pack AUSTRALIAN BOOT PLUSH BRONZE (34) x 10 unid | [IBGG2400000205881] [COSH542084-BRON_C_34_34_10] Pack AUSTRALIAN BOOT PLUSH BRONZE (34) x 10 unid | [IBGG2400000205876] [COSH542084-BRON_C_34_34_10] Pack AUSTRALIAN BOOT PLUSH BRONZE (34) x 10 unid | [IBGG2400000205863] [COSH542084-BRON_C_32_32_10] Pack AUSTRALIAN BOOT PLUSH BRONZE (32) x 10 unid | [IBGG2400000205843] [COSH542084-BRON_C_30_30_10] Pack AUSTRALIAN BOOT PLUSH BRONZE (30) x 10 unid | [IBGG2400000205835] [COSH542084-BRON_C_29_29_10] Pack AUSTRALIAN BOOT PLUSH BRONZE (29) x 10 unid
CLAGD/Stock/StorageGD/CLA-047-07-01-01;186;GOLD;B+A+D+C;579;170;[IBGG2400000239910] [BJSH542090-BLAC-41] AUSTRALIAN BOOT BOMB BLACK  (41) | [IBGG2400000239910] [BJSH542090-BLAC-34] AUSTRALIAN BOOT BOMB BLACK  (34) | [IBGG2400000239909] [BJSH542090-GOLD-38] AUSTRALIAN BOOT BOMB GOLD (38) | [IBGG2400000239909] [BJSH542090-GOLD-37] AUSTRALIAN BOOT BOMB GOLD (37) | [IBGG2400000171617] [COSH249005-PINK_C_33_33_10] PACK Sneakers  Napa Pink | [IBGG2400000171602] [COSH249005-PINK_C_31_31_10] PACK Sneakers  Napa Pink | [IBGG2400000171599] [COSH249005-PINK_C_30_30_10] PACK Sneakers  Napa Pink | [IBGG2400000171452] [COSH249005-GREY_C_28_28_10] PACK Sneakers  Napa Grey | [IBGG2400000017762] [COSH283005-WHIT_C_29_36_12] PackSneakers  Napa White | [IBGG2400000017762] [COSH283005-WHIT_C_29_36_12] PackSneakers  Napa White | [IBGG2400000017762] [COSH283005-WHIT_C_29_36_12] PackSneakers  Napa White | [IBGG2400000017762] [COSH283005-WHIT_C_29_36_12] PackSneakers  Napa White | [IBGG2400000017762] [COSH283005-WHIT_C_29_36_12] PackSneakers  Napa White | [IBGG2400000017762] [COSH283005-WHIT_C_29_36_12] PackSneakers  Napa White | [IBGG2400000017762] [COSH283005-WHIT_C_29_36_12] PackSneakers  Napa White | [IBGG2400000017762] [COSH283005-WHIT_C_29_36_12] PackSneakers  Napa White | [IBGG2400000014888] [COSH283093-WHIT_C_29_36_12] PackSNEAKERS LETTER WHITE | [IBGG2400000014888] [COSH283093-WHIT_C_29_36_12] PackSNEAKERS LETTER WHITE | [IBGG2400000014888] [COSH283093-WHIT_C_29_36_12] PackSNEAKERS LETTER WHITE | [IBGG2400000014888] [COSH283093-WHIT_C_29_36_12] PackSNEAKERS LETTER WHITE | [IBGG2400000014888] [COSH283093-WHIT_C_29_36_12] PackSNEAKERS LETTER WHITE | [IBGG2400000014888] [COSH283093-WHIT_C_29_36_12] PackSNEAKERS LETTER WHITE | [IBGG2400000014888] [COSH283093-WHIT_C_29_36_12] PackSNEAKERS LETTER WHITE | [IBGG2400000014888] [COSH283093-WHIT_C_29_36_12] PackSNEAKERS LETTER WHITE | [IBGG2400000013954] [COSH264004-NAVY_C_29_36_12] PackSNEAKERS LETTERS NAVY | [IBGG2400000013954] [COSH264004-NAVY_C_29_36_12] PackSNEAKERS LETTERS NAVY | [IBGG2400000013954] [COSH264004-NAVY_C_29_36_12] PackSNEAKERS LETTERS NAVY | [IBGG2400000013954] [COSH264004-NAVY_C_29_36_12] PackSNEAKERS LETTERS NAVY | [IBGG2400000013954] [COSH264004-NAVY_C_29_36_12] PackSNEAKERS LETTERS NAVY | [IBGG2400000013954] [COSH264004-NAVY_C_29_36_12] PackSNEAKERS LETTERS NAVY | [IBGG2400000013954] [COSH264004-NAVY_C_29_36_12] PackSNEAKERS LETTERS NAVY | [IBGG2400000013954] [COSH264004-NAVY_C_29_36_12] PackSNEAKERS LETTERS NAVY | [IBGG2400000013914] [COSH264004-NAVY_C_29_36_12] PackSNEAKERS LETTERS NAVY | [IBGG2400000013914] [COSH264004-NAVY_C_29_36_12] PackSNEAKERS LETTERS NAVY | [IBGG2400000013914] [COSH264004-NAVY_C_29_36_12] PackSNEAKERS LETTERS NAVY | [IBGG2400000013914] [COSH264004-NAVY_C_29_36_12] PackSNEAKERS LETTERS NAVY | [IBGG2400000013914] [COSH264004-NAVY_C_29_36_12] PackSNEAKERS LETTERS NAVY | [IBGG2400000013914] [COSH264004-NAVY_C_29_36_12] PackSNEAKERS LETTERS NAVY | [IBGG2400000013914] [COSH264004-NAVY_C_29_36_12] PackSNEAKERS LETTERS NAVY | [IBGG2400000013914] [COSH264004-NAVY_C_29_36_12] PackSNEAKERS LETTERS NAVY | [IBGG2400000013912] [COSH264004-NAVY_C_29_36_12] PackSNEAKERS LETTERS NAVY | [IBGG2400000013912] [COSH264004-NAVY_C_29_36_12] PackSNEAKERS LETTERS NAVY | [IBGG2400000013912] [COSH264004-NAVY_C_29_36_12] PackSNEAKERS LETTERS NAVY | [IBGG2400000013912] [COSH264004-NAVY_C_29_36_12] PackSNEAKERS LETTERS NAVY | [IBGG2400000013912] [COSH264004-NAVY_C_29_36_12] PackSNEAKERS LETTERS NAVY | [IBGG2400000013912] [COSH264004-NAVY_C_29_36_12] PackSNEAKERS LETTERS NAVY | [IBGG2400000013912] [COSH264004-NAVY_C_29_36_12] PackSNEAKERS LETTERS NAVY | [IBGG2400000013912] [COSH264004-NAVY_C_29_36_12] PackSNEAKERS LETTERS NAVY | [IBGG2400000013832] [COSH264004-NAVY_C_29_36_12] PackSNEAKERS LETTERS NAVY | [IBGG2400000013832] [COSH264004-NAVY_C_29_36_12] PackSNEAKERS LETTERS NAVY | [IBGG2400000013832] [COSH264004-NAVY_C_29_36_12] PackSNEAKERS LETTERS NAVY | [IBGG2400000013832] [COSH264004-NAVY_C_29_36_12] PackSNEAKERS LETTERS NAVY | [IBGG2400000013832] [COSH264004-NAVY_C_29_36_12] PackSNEAKERS LETTERS NAVY | [IBGG2400000013832] [COSH264004-NAVY_C_29_36_12] PackSNEAKERS LETTERS NAVY | [IBGG2400000013832] [COSH264004-NAVY_C_29_36_12] PackSNEAKERS LETTERS NAVY | [IBGG2400000013832] [COSH264004-NAVY_C_29_36_12] PackSNEAKERS LETTERS NAVY | [IBG2023001083771] [COSH265031-TITA_C_24_35_12] Pack Ballerina Strass Titanium | [IBG2023001083771] [COSH265031-TITA_C_24_35_12] Pack Ballerina Strass Titanium | [IBG2023001083771] [COSH265031-TITA_C_24_35_12] Pack Ballerina Strass Titanium | [IBG2023001083771] [COSH265031-TITA_C_24_35_12] Pack Ballerina Strass Titanium | [IBG2023001083771] [COSH265031-TITA_C_24_35_12] Pack Ballerina Strass Titanium | [IBG2023001083771] [COSH265031-TITA_C_24_35_12] Pack Ballerina Strass Titanium | [IBG2023001083771] [COSH265031-TITA_C_24_35_12] Pack Ballerina Strass Titanium | [IBG2023001083771] [COSH265031-TITA_C_24_35_12] Pack Ballerina Strass Titanium | [IBG2023001083771] [COSH265031-TITA_C_24_35_12] Pack Ballerina Strass Titanium | [IBG2023001083771] [COSH265031-TITA_C_24_35_12] Pack Ballerina Strass Titanium | [IBG2023001083771] [COSH265031-TITA_C_24_35_12] Pack Ballerina Strass Titanium | [IBG2023001083771] [COSH265031-TITA_C_24_35_12] Pack Ballerina Strass Titanium | [IBG2023001083733] [COSH265031-TITA_C_24_35_12] Pack Ballerina Strass Titanium | [IBG2023001083733] [COSH265031-TITA_C_24_35_12] Pack Ballerina Strass Titanium | [IBG2023001083733] [COSH265031-TITA_C_24_35_12] Pack Ballerina Strass Titanium | [IBG2023001083733] [COSH265031-TITA_C_24_35_12] Pack Ballerina Strass Titanium | [IBG2023001083733] [COSH265031-TITA_C_24_35_12] Pack Ballerina Strass Titanium | [IBG2023001083733] [COSH265031-TITA_C_24_35_12] Pack Ballerina Strass Titanium | [IBG2023001083733] [COSH265031-TITA_C_24_35_12] Pack Ballerina Strass Titanium | [IBG2023001083733] [COSH265031-TITA_C_24_35_12] Pack Ballerina Strass Titanium | [IBG2023001083733] [COSH265031-TITA_C_24_35_12] Pack Ballerina Strass Titanium | [IBG2023001083733] [COSH265031-TITA_C_24_35_12] Pack Ballerina Strass Titanium | [IBG2023001083733] [COSH265031-TITA_C_24_35_12] Pack Ballerina Strass Titanium | [IBG2023001083733] [COSH265031-TITA_C_24_35_12] Pack Ballerina Strass Titanium | [IBG2023001083719] [COSH265031-PINK_C_27_35_12] Pack Ballerina Strass Pink | [IBG2023001083719] [COSH265031-PINK_C_27_35_12] Pack Ballerina Strass Pink | [IBG2023001083719] [COSH265031-PINK_C_27_35_12] Pack Ballerina Strass Pink | [IBG2023001083719] [COSH265031-PINK_C_27_35_12] Pack Ballerina Strass Pink | [IBG2023001083719] [COSH265031-PINK_C_27_35_12] Pack Ballerina Strass Pink | [IBG2023001083719] [COSH265031-PINK_C_27_35_12] Pack Ballerina Strass Pink | [IBG2023001083719] [COSH265031-PINK_C_27_35_12] Pack Ballerina Strass Pink | [IBG2023001083719] [COSH265031-PINK_C_27_35_12] Pack Ballerina Strass Pink | [IBG2023001083719] [COSH265031-PINK_C_27_35_12] Pack Ballerina Strass Pink | [IBG2023001083481] [COSH265031-NAVY_C_24_35_12] Pack Ballerina Strass Navy | [IBG2023001083481] [COSH265031-NAVY_C_24_35_12] Pack Ballerina Strass Navy | [IBG2023001083481] [COSH265031-NAVY_C_24_35_12] Pack Ballerina Strass Navy | [IBG2023001083481] [COSH265031-NAVY_C_24_35_12] Pack Ballerina Strass Navy | [IBG2023001083481] [COSH265031-NAVY_C_24_35_12] Pack Ballerina Strass Navy | [IBG2023001083481] [COSH265031-NAVY_C_24_35_12] Pack Ballerina Strass Navy | [IBG2023001083481] [COSH265031-NAVY_C_24_35_12] Pack Ballerina Strass Navy | [IBG2023001083481] [COSH265031-NAVY_C_24_35_12] Pack Ballerina Strass Navy | [IBG2023001083481] [COSH265031-NAVY_C_24_35_12] Pack Ballerina Strass Navy | [IBG2023001083481] [COSH265031-NAVY_C_24_35_12] Pack Ballerina Strass Navy | [IBG2023001083481] [COSH265031-NAVY_C_24_35_12] Pack Ballerina Strass Navy | [IBG2023001083481] [COSH265031-NAVY_C_24_35_12] Pack Ballerina Strass Navy | [FBW 000000025207] [HI222003-0020_C_36_40_12] Pack NEGRO | [FBW 000000025207] [HI222003-0020_C_36_40_12] Pack NEGRO | [FBW 000000025207] [HI222003-0020_C_36_40_12] Pack NEGRO | [FBW 000000025207] [HI222003-0020_C_36_40_12] Pack NEGRO | [FBW 000000025207] [HI222003-0020_C_36_40_12] Pack NEGRO
CLAGD/Stock/StorageGD/CLA-047-07-01-02;56;GOLD;C+A+B;883;60;[IBGG2400000239938] [JVK25102-0598-37] Sneaker Wicker Jeans Black (37) | [IBGG2400000239938] [JVK25102-0598-38] Sneaker Wicker Jeans Black (38) | [IBGG2400000239930] [BJSH542090-GOLD-33] AUSTRALIAN BOOT BOMB GOLD (33) | [IBGG2400000239892] [BJSH542090-GOLD-41] AUSTRALIAN BOOT BOMB GOLD (41) | [IBGG2400000239892] [BJSH542090-GOLD-34] AUSTRALIAN BOOT BOMB GOLD (34) | [IBGG2400000323434] [BWSH360003-BEIG-38] SANDALS STRIPS BEIG/MULTI (38) | [IBGG2400000323434] [BWSH360003-BEIG-37] SANDALS STRIPS BEIG/MULTI (37) | [IBGG2400000323434] [BWSH360003-BEIG-36] SANDALS STRIPS BEIG/MULTI (36) | [IBGG2400000323434] [BWSH360003-BEIG-39] SANDALS STRIPS BEIG/MULTI (39) | [IBGG2400000323434] [BWSH360003-BEIG-41] SANDALS STRIPS BEIG/MULTI (41) | [IBGG2400000323434] [BWSH360003-BEIG-40] SANDALS STRIPS BEIG/MULTI (40) | [IBGG2400000323433] [BWSH360003-BEIG-36] SANDALS STRIPS BEIG/MULTI (36) | [IBGG2400000323433] [BWSH360003-BEIG-37] SANDALS STRIPS BEIG/MULTI (37) | [IBGG2400000323433] [BWSH360003-BEIG-38] SANDALS STRIPS BEIG/MULTI (38) | [IBGG2400000323433] [BWSH360003-BEIG-39] SANDALS STRIPS BEIG/MULTI (39) | [IBGG2400000323433] [BWSH360003-BEIG-40] SANDALS STRIPS BEIG/MULTI (40) | [IBGG2400000323433] [BWSH360003-BEIG-41] SANDALS STRIPS BEIG/MULTI (41) | [IBGG2400000323426] [BWSH360003-BEIG-36] SANDALS STRIPS BEIG/MULTI (36) | [IBGG2400000323426] [BWSH360003-BEIG-37] SANDALS STRIPS BEIG/MULTI (37) | [IBGG2400000323426] [BWSH360003-BEIG-38] SANDALS STRIPS BEIG/MULTI (38) | [IBGG2400000323426] [BWSH360003-BEIG-39] SANDALS STRIPS BEIG/MULTI (39) | [IBGG2400000323426] [BWSH360003-BEIG-40] SANDALS STRIPS BEIG/MULTI (40) | [IBGG2400000323426] [BWSH360003-BEIG-41] SANDALS STRIPS BEIG/MULTI (41)
CLAGD/Stock/StorageGD/CLA-047-07-01-03;68;GOLD;D+B+C+A;382;70;[IBGG2400000086634] [BJSH300114-BLAC-34] SNEAKER PATCHWORK LOW BLACK (34) | [IBGG2400000086634] [BJSH300114-BLAC-35] SNEAKER PATCHWORK LOW BLACK (35) | [IBGG2400000086634] [BJSH300114-BLAC-36] SNEAKER PATCHWORK LOW BLACK (36) | [IBGG2400000086634] [BJSH300114-BLAC-37] SNEAKER PATCHWORK LOW BLACK (37) | [IBGG2400000086634] [BJSH300114-BLAC-38] SNEAKER PATCHWORK LOW BLACK (38) | [IBGG2400000086634] [BJSH300114-BLAC-39] SNEAKER PATCHWORK LOW BLACK (39) | [IBGG2400000086634] [BJSH300114-BLAC-40] SNEAKER PATCHWORK LOW BLACK (40) | [IBGG2400000086627] [BJSH300113-MULT-34] SNEAKER PATCHWORK HIGH DOTS (34) | [IBGG2400000086627] [BJSH300113-MULT-35] SNEAKER PATCHWORK HIGH DOTS (35) | [IBGG2400000086627] [BJSH300113-MULT-36] SNEAKER PATCHWORK HIGH DOTS (36) | [IBGG2400000086627] [BJSH300113-MULT-37] SNEAKER PATCHWORK HIGH DOTS (37) | [IBGG2400000086627] [BJSH300113-MULT-38] SNEAKER PATCHWORK HIGH DOTS (38) | [IBGG2400000086627] [BJSH300113-MULT-39] SNEAKER PATCHWORK HIGH DOTS (39) | [IBGG2400000086627] [BJSH300113-MULT-40] SNEAKER PATCHWORK HIGH DOTS (40) | [IBGG2400000084058] [COSH283111-MULT-30] SNEAKERS HIGH PATCHWORK GLITTER MULTI (30) | [IBGG2400000082851] [COSH264020-WHIT-30] SNEAKERS LOW LOGO MULTI (30) | [IBGG2400000079953] [OSSH104003-KHAK-22] SANDALS STRIPS CLOSED KHAKI (22) | [IBGG2400000079953] [OSSH104003-KHAK-23] SANDALS STRIPS CLOSED KHAKI (23) | [IBGG2400000079953] [OSSH104003-KHAK-24] SANDALS STRIPS CLOSED KHAKI (24) | [IBGG2400000079953] [OSSH104003-KHAK-25] SANDALS STRIPS CLOSED KHAKI (25) | [IBGG2400000079953] [OSSH104003-KHAK-26] SANDALS STRIPS CLOSED KHAKI (26) | [IBGG2400000079953] [OSSH104003-KHAK-27] SANDALS STRIPS CLOSED KHAKI (27) | [IBGG2400000079953] [OSSH104003-KHAK-28] SANDALS STRIPS CLOSED KHAKI (28) | [IBGG2400000079953] [OSSH104003-KHAK-29] SANDALS STRIPS CLOSED KHAKI (29) | [IBGG2400000079188] [COSH260012-NAVY-27] SANDAL SPORT POP NAVY / ORANGE LIGHT (27) | [IBGG2400000079188] [COSH260012-NAVY-28] SANDAL SPORT POP NAVY / ORANGE LIGHT (28) | [IBGG2400000079188] [COSH260012-NAVY-29] SANDAL SPORT POP NAVY / ORANGE LIGHT (29) | [IBGG2400000079188] [COSH260012-NAVY-30] SANDAL SPORT POP NAVY / ORANGE LIGHT (30) | [IBGG2400000079188] [COSH260012-NAVY-31] SANDAL SPORT POP NAVY / ORANGE LIGHT (31) | [IBGG2400000079188] [COSH260012-NAVY-32] SANDAL SPORT POP NAVY / ORANGE LIGHT (32) | [IBGG2400000079188] [COSH260012-NAVY-33] SANDAL SPORT POP NAVY / ORANGE LIGHT (33) | [IBGG2400000079188] [COSH260012-NAVY-34] SANDAL SPORT POP NAVY / ORANGE LIGHT (34) | [IBGG2400000239900] [BJSH542090-GOLD-34] AUSTRALIAN BOOT BOMB GOLD (34) | [IBGG2400000239900] [BJSH542090-GOLD-41] AUSTRALIAN BOOT BOMB GOLD (41)
CLAGD/Stock/StorageGD/CLA-047-08-01-01;81;GOLD;B+D+C+A;579;80;[IBGG2400000171558] [COSH249005-PINK_C_25_25_10] PACK Sneakers  Napa Pink | [IBGG2400000112106] [COSH215043-SILV_C_24_34_12] PACK ESPARDILLES METALLISED WIRE BUCKLE  SILVER | [IBGG2400000112106] [COSH215043-SILV_C_24_34_12] PACK ESPARDILLES METALLISED WIRE BUCKLE  SILVER | [IBGG2400000112106] [COSH215043-SILV_C_24_34_12] PACK ESPARDILLES METALLISED WIRE BUCKLE  SILVER | [IBGG2400000112106] [COSH215043-SILV_C_24_34_12] PACK ESPARDILLES METALLISED WIRE BUCKLE  SILVER | [IBGG2400000112106] [COSH215043-SILV_C_24_34_12] PACK ESPARDILLES METALLISED WIRE BUCKLE  SILVER | [IBGG2400000112106] [COSH215043-SILV_C_24_34_12] PACK ESPARDILLES METALLISED WIRE BUCKLE  SILVER | [IBGG2400000112106] [COSH215043-SILV_C_24_34_12] PACK ESPARDILLES METALLISED WIRE BUCKLE  SILVER | [IBGG2400000112106] [COSH215043-SILV_C_24_34_12] PACK ESPARDILLES METALLISED WIRE BUCKLE  SILVER | [IBGG2400000112106] [COSH215043-SILV_C_24_34_12] PACK ESPARDILLES METALLISED WIRE BUCKLE  SILVER | [IBGG2400000112106] [COSH215043-SILV_C_24_34_12] PACK ESPARDILLES METALLISED WIRE BUCKLE  SILVER | [IBGG2400000112106] [COSH215043-SILV_C_24_34_12] PACK ESPARDILLES METALLISED WIRE BUCKLE  SILVER | [IBG2023001252658] [COSH300093-GOLD_C_25_36_12] Pack SANDALS NAPA GOLD | [IBG2023001252658] [COSH300093-GOLD_C_25_36_12] Pack SANDALS NAPA GOLD | [IBG2023001252658] [COSH300093-GOLD_C_25_36_12] Pack SANDALS NAPA GOLD | [IBG2023001252658] [COSH300093-GOLD_C_25_36_12] Pack SANDALS NAPA GOLD | [IBG2023001252658] [COSH300093-GOLD_C_25_36_12] Pack SANDALS NAPA GOLD | [IBG2023001252658] [COSH300093-GOLD_C_25_36_12] Pack SANDALS NAPA GOLD | [IBG2023001252658] [COSH300093-GOLD_C_25_36_12] Pack SANDALS NAPA GOLD | [IBG2023001252658] [COSH300093-GOLD_C_25_36_12] Pack SANDALS NAPA GOLD | [IBG2023001252658] [COSH300093-GOLD_C_25_36_12] Pack SANDALS NAPA GOLD | [IBG2023001252658] [COSH300093-GOLD_C_25_36_12] Pack SANDALS NAPA GOLD | [IBG2023001252658] [COSH300093-GOLD_C_25_36_12] Pack SANDALS NAPA GOLD | [IBG2023001252658] [COSH300093-GOLD_C_25_36_12] Pack SANDALS NAPA GOLD | [IBGG2400000112461] [COSH215043-SILV_C_24_34_12] PACK ESPARDILLES METALLISED WIRE BUCKLE  SILVER | [IBGG2400000112461] [COSH215043-SILV_C_24_34_12] PACK ESPARDILLES METALLISED WIRE BUCKLE  SILVER | [IBGG2400000112461] [COSH215043-SILV_C_24_34_12] PACK ESPARDILLES METALLISED WIRE BUCKLE  SILVER | [IBGG2400000112461] [COSH215043-SILV_C_24_34_12] PACK ESPARDILLES METALLISED WIRE BUCKLE  SILVER | [IBGG2400000112461] [COSH215043-SILV_C_24_34_12] PACK ESPARDILLES METALLISED WIRE BUCKLE  SILVER | [IBGG2400000112461] [COSH215043-SILV_C_24_34_12] PACK ESPARDILLES METALLISED WIRE BUCKLE  SILVER | [IBGG2400000112461] [COSH215043-SILV_C_24_34_12] PACK ESPARDILLES METALLISED WIRE BUCKLE  SILVER | [IBGG2400000112461] [COSH215043-SILV_C_24_34_12] PACK ESPARDILLES METALLISED WIRE BUCKLE  SILVER | [IBGG2400000112461] [COSH215043-SILV_C_24_34_12] PACK ESPARDILLES METALLISED WIRE BUCKLE  SILVER | [IBGG2400000112461] [COSH215043-SILV_C_24_34_12] PACK ESPARDILLES METALLISED WIRE BUCKLE  SILVER | [IBGG2400000112461] [COSH215043-SILV_C_24_34_12] PACK ESPARDILLES METALLISED WIRE BUCKLE  SILVER | [IBGG2400000372156] [KI226826-0020-37] Sneakers Bay Platform Black Nappa (37) | [IBGG2400000372156] [KI226826-0020-39] Sneakers Bay Platform Black Nappa (39) | [IBGG2400000372156] [KI226826-0020-36] Sneakers Bay Platform Black Nappa (36) | [IBGG2400000372156] [KI226826-0020-38] Sneakers Bay Platform Black Nappa (38) | [IBGG2400000372156] [KI226826-0020-41] Sneakers Bay Platform Black Nappa (41) | [IBGG2400000372156] [KIX102025-BLAC-26] NEGRO (26) | [IBGG2400000372156] [KIX102025-BLAC-24] NEGRO (24) | [IBGG2400000372149] [KIX102025-BLAC-26] NEGRO (26) | [IBGG2400000372149] [KI226826-0020-37] Sneakers Bay Platform Black Nappa (37) | [IBGG2400000372149] [KI226826-0020-38] Sneakers Bay Platform Black Nappa (38) | [IBGG2400000372149] [KI226826-0020-39] Sneakers Bay Platform Black Nappa (39) | [IBGG2400000372149] [KV226811-0020-41] Sneakers Bay Platform Black (41) | [IBGG2400000372149] [KI226826-0020-36] Sneakers Bay Platform Black Nappa (36) | [IBGG2400000372146] [KI226826-0020-38] Sneakers Bay Platform Black Nappa (38) | [IBGG2400000372146] [KI226826-0020-39] Sneakers Bay Platform Black Nappa (39) | [IBGG2400000372146] [KI226826-0020-36] Sneakers Bay Platform Black Nappa (36) | [IBGG2400000372146] [KI226831-0078-40] Sneakers Bay High Top Platform Snake (40) | [IBGG2400000372146] [KI226831-0078-41] Sneakers Bay High Top Platform Snake (41) | [IBGG2400000372146] [KI226826-0020-37] Sneakers Bay Platform Black Nappa (37) | [IBGG2400000372080] [COSH327001-TAN-33] CONGUITOS GOFLEX WATER REPELLENT AUSTRALIAN BOOT TAN (33) | [IBGG2400000372080] [COSH327001-TAUP-33] CONGUITOS GOFLEX WATER REPELLENT AUSTRALIAN BOOT TAUPE (33) | [IBGG2400000372080] [COSH327003-TAN-32] CONGUITOS GOFLEX WATER REPELLENT AUSTRALIAN BOOT TAN (32) | [IBGG2400000372080] [COSH327003-TAUP-32] CONGUITOS GOFLEX WATER REPELLENT AUSTRALIAN BOOT TAUPE (32) | [IBGG2400000372080] [COSH327001-NAVY-33] CONGUITOS GOFLEX WATER REPELLENT AUSTRALIAN BOOT NAVY (33) | [IBGG2400000372080] [BJSH543002-TAUP-37] Australian Boots Water Repellent Fur Taupe (37)
CLAGD/Stock/StorageGD/CLA-047-09-01-01;100;GOLD;B+C+A;173;100;[IBGG2400000205954] [COSH542084-PEWT_C_33_33_10] Pack AUSTRALIAN BOOT PLUSH PEWTER (33) x 10 unid | [IBGG2400000205950] [COSH542084-PEWT_C_33_33_10] Pack AUSTRALIAN BOOT PLUSH PEWTER (33) x 10 unid | [IBGG2400000205940] [COSH542084-PEWT_C_31_31_10] Pack AUSTRALIAN BOOT PLUSH PEWTER (31) x 10 unid | [IBGG2400000205939] [COSH542084-PEWT_C_31_31_10] Pack AUSTRALIAN BOOT PLUSH PEWTER (31) x 10 unid | [IBGG2400000205929] [COSH542084-PEWT_C_30_30_10] Pack AUSTRALIAN BOOT PLUSH PEWTER (30) x 10 unid | [IBGG2400000205927] [COSH542084-PEWT_C_29_29_10] Pack AUSTRALIAN BOOT PLUSH PEWTER (29) x 10 unid | [IBGG2400000205926] [COSH542084-PEWT_C_29_29_10] Pack AUSTRALIAN BOOT PLUSH PEWTER (29) x 10 unid | [IBGG2400000205923] [COSH542084-PEWT_C_29_29_10] Pack AUSTRALIAN BOOT PLUSH PEWTER (29) x 10 unid | [IBGG2400000205918] [COSH542084-PEWT_C_28_28_10] Pack AUSTRALIAN BOOT PLUSH PEWTER (28) x 10 unid | [IBGG2400000205914] [COSH542084-PEWT_C_27_27_10] Pack AUSTRALIAN BOOT PLUSH PEWTER (27) x 10 unid
CLAGD/Stock/StorageGD/CLA-047-09-01-02;84;GOLD;D+C+A;579;80;[IBGG2400000310604] [BJSH377003-WHIT-33] SNEAKERS LACES LOGO WHITE (33) | [IBGG2400000310604] [COSH280001-NAVY-34] School Shoes Navy (34) | [IBGG2400000310594] [BJSH582012-BLAC-40] LOAFERS BUCKLE BLACK (40) | [IBGG2400000199800] [BJSH542020-TAN_C_39_39_10] Pack Australian Boots Water Repellent Tan (39) x 10 unid | [IBG2022000520294] [NV551769-0207_C_28_39_12] Pack METALIZADO PLATINO | [IBG2022000520294] [NV551769-0207_C_28_39_12] Pack METALIZADO PLATINO | [IBG2022000520294] [NV551769-0207_C_28_39_12] Pack METALIZADO PLATINO | [IBG2022000520294] [NV551769-0207_C_28_39_12] Pack METALIZADO PLATINO | [IBG2022000520294] [NV551769-0207_C_28_39_12] Pack METALIZADO PLATINO | [IBG2022000520294] [NV551769-0207_C_28_39_12] Pack METALIZADO PLATINO | [IBG2022000520294] [NV551769-0207_C_28_39_12] Pack METALIZADO PLATINO | [IBG2022000520294] [NV551769-0207_C_28_39_12] Pack METALIZADO PLATINO | [IBG2022000520294] [NV551769-0207_C_28_39_12] Pack METALIZADO PLATINO | [IBG2022000520294] [NV551769-0207_C_28_39_12] Pack METALIZADO PLATINO | [IBG2022000520294] [NV551769-0207_C_28_39_12] Pack METALIZADO PLATINO | [IBG2022000520294] [NV551769-0207_C_28_39_12] Pack METALIZADO PLATINO | [IBG2022000518499] [NV121504-0043_C_24_34_12] Pack BATISTA BEIGE | [IBG2022000518499] [NV121504-0043_C_24_34_12] Pack BATISTA BEIGE | [IBG2022000518499] [NV121504-0043_C_24_34_12] Pack BATISTA BEIGE | [IBG2022000518499] [NV121504-0043_C_24_34_12] Pack BATISTA BEIGE | [IBG2022000518499] [NV121504-0043_C_24_34_12] Pack BATISTA BEIGE | [IBG2022000518499] [NV121504-0043_C_24_34_12] Pack BATISTA BEIGE | [IBG2022000518499] [NV121504-0043_C_24_34_12] Pack BATISTA BEIGE | [IBG2022000518499] [NV121504-0043_C_24_34_12] Pack BATISTA BEIGE | [IBG2022000518499] [NV121504-0043_C_24_34_12] Pack BATISTA BEIGE | [IBG2022000518499] [NV121504-0043_C_24_34_12] Pack BATISTA BEIGE | [IBG2022000518499] [NV121504-0043_C_24_34_12] Pack BATISTA BEIGE | [IBG2022000518482] [NV121504-0043_C_24_34_12] Pack BATISTA BEIGE | [IBG2022000518482] [NV121504-0043_C_24_34_12] Pack BATISTA BEIGE | [IBG2022000518482] [NV121504-0043_C_24_34_12] Pack BATISTA BEIGE | [IBG2022000518482] [NV121504-0043_C_24_34_12] Pack BATISTA BEIGE | [IBG2022000518482] [NV121504-0043_C_24_34_12] Pack BATISTA BEIGE | [IBG2022000518482] [NV121504-0043_C_24_34_12] Pack BATISTA BEIGE | [IBG2022000518482] [NV121504-0043_C_24_34_12] Pack BATISTA BEIGE | [IBG2022000518482] [NV121504-0043_C_24_34_12] Pack BATISTA BEIGE | [IBG2022000518482] [NV121504-0043_C_24_34_12] Pack BATISTA BEIGE | [IBG2022000518482] [NV121504-0043_C_24_34_12] Pack BATISTA BEIGE | [IBG2022000518482] [NV121504-0043_C_24_34_12] Pack BATISTA BEIGE | [IBG2022000518475] [NV121504-0043_C_24_34_12] Pack BATISTA BEIGE | [IBG2022000518475] [NV121504-0043_C_24_34_12] Pack BATISTA BEIGE | [IBG2022000518475] [NV121504-0043_C_24_34_12] Pack BATISTA BEIGE | [IBG2022000518475] [NV121504-0043_C_24_34_12] Pack BATISTA BEIGE | [IBG2022000518475] [NV121504-0043_C_24_34_12] Pack BATISTA BEIGE | [IBG2022000518475] [NV121504-0043_C_24_34_12] Pack BATISTA BEIGE | [IBG2022000518475] [NV121504-0043_C_24_34_12] Pack BATISTA BEIGE | [IBG2022000518475] [NV121504-0043_C_24_34_12] Pack BATISTA BEIGE | [IBG2022000518475] [NV121504-0043_C_24_34_12] Pack BATISTA BEIGE | [IBG2022000518475] [NV121504-0043_C_24_34_12] Pack BATISTA BEIGE | [IBG2022000518475] [NV121504-0043_C_24_34_12] Pack BATISTA BEIGE | [IBG2022000518451] [NV121504-0043_C_24_34_12] Pack BATISTA BEIGE | [IBG2022000518451] [NV121504-0043_C_24_34_12] Pack BATISTA BEIGE | [IBG2022000518451] [NV121504-0043_C_24_34_12] Pack BATISTA BEIGE | [IBG2022000518451] [NV121504-0043_C_24_34_12] Pack BATISTA BEIGE | [IBG2022000518451] [NV121504-0043_C_24_34_12] Pack BATISTA BEIGE | [IBG2022000518451] [NV121504-0043_C_24_34_12] Pack BATISTA BEIGE | [IBG2022000518451] [NV121504-0043_C_24_34_12] Pack BATISTA BEIGE | [IBG2022000518451] [NV121504-0043_C_24_34_12] Pack BATISTA BEIGE | [IBG2022000518451] [NV121504-0043_C_24_34_12] Pack BATISTA BEIGE | [IBG2022000518451] [NV121504-0043_C_24_34_12] Pack BATISTA BEIGE | [IBG2022000518451] [NV121504-0043_C_24_34_12] Pack BATISTA BEIGE
CLAWD/Stock/StorageWD/CLA-048-03-01-02;50;WHITE;D+A;96;20;[IBGW2400000077201] [KAACSCA012-RED_C_25] PACK Scarf Vision Red & Pink Kalk | [IBGW2400000077048] [KAACSCA011-BLUE_C_25] Pack Scarf First Blue Kalk x 25 unid
CLABD/Stock/StorageBD/CLA-048-05-01-03;48;BLACK;D+A;129;40;[IBGB2400000549106] [DFSH371004-BURG_C_36_41_12] PACK NORDIC V2 BASIC LOW BURGUNDY | [IBGB2400000549106] [DFSH371004-BURG_C_36_41_12] PACK NORDIC V2 BASIC LOW BURGUNDY | [IBGB2400000549106] [DFSH371004-BURG_C_36_41_12] PACK NORDIC V2 BASIC LOW BURGUNDY | [IBGB2400000549106] [DFSH371004-BURG_C_36_41_12] PACK NORDIC V2 BASIC LOW BURGUNDY | [IBGB2400000549106] [DFSH371004-BURG_C_36_41_12] PACK NORDIC V2 BASIC LOW BURGUNDY | [IBGB2400000549106] [DFSH371004-BURG_C_36_41_12] PACK NORDIC V2 BASIC LOW BURGUNDY | [IBGB2400000549100] [DFSH371004-BURG_C_36_41_12] PACK NORDIC V2 BASIC LOW BURGUNDY | [IBGB2400000549100] [DFSH371004-BURG_C_36_41_12] PACK NORDIC V2 BASIC LOW BURGUNDY | [IBGB2400000549100] [DFSH371004-BURG_C_36_41_12] PACK NORDIC V2 BASIC LOW BURGUNDY | [IBGB2400000549100] [DFSH371004-BURG_C_36_41_12] PACK NORDIC V2 BASIC LOW BURGUNDY | [IBGB2400000549100] [DFSH371004-BURG_C_36_41_12] PACK NORDIC V2 BASIC LOW BURGUNDY | [IBGB2400000549100] [DFSH371004-BURG_C_36_41_12] PACK NORDIC V2 BASIC LOW BURGUNDY | [IBGB2400000549095] [DFSH371004-BURG_C_36_41_12] PACK NORDIC V2 BASIC LOW BURGUNDY | [IBGB2400000549095] [DFSH371004-BURG_C_36_41_12] PACK NORDIC V2 BASIC LOW BURGUNDY | [IBGB2400000549095] [DFSH371004-BURG_C_36_41_12] PACK NORDIC V2 BASIC LOW BURGUNDY | [IBGB2400000549095] [DFSH371004-BURG_C_36_41_12] PACK NORDIC V2 BASIC LOW BURGUNDY | [IBGB2400000549095] [DFSH371004-BURG_C_36_41_12] PACK NORDIC V2 BASIC LOW BURGUNDY | [IBGB2400000549095] [DFSH371004-BURG_C_36_41_12] PACK NORDIC V2 BASIC LOW BURGUNDY | [IBGB2400000545725] [DFSH370012-TAUP_C_42_42_12] PACK Nordic  Trk Fur Gradient Taupe
CLAWD/Stock/StorageWD/CLA-048-05-02-03;225;WHITE;D+A;96;90;[IBGW2400000077199] [KAACSCA012-RED_C_25] PACK Scarf Vision Red & Pink Kalk | [IBGW2400000077195] [KAACSCA012-RED_C_25] PACK Scarf Vision Red & Pink Kalk | [IBGW2400000077184] [KAACSCA012-RED_C_25] PACK Scarf Vision Red & Pink Kalk | [IBGW2400000077182] [KAACSCA012-RED_C_25] PACK Scarf Vision Red & Pink Kalk | [IBGW2400000077163] [KAACSCA012-GREE_C_25] PACK Scarf Vision Green & Fuchsia Kalk | [IBGW2400000077161] [KAACSCA012-GREE_C_25] PACK Scarf Vision Green & Fuchsia Kalk | [IBGW2400000077127] [KAACSCA011-RED_C_25] Pack Scarf First Red Kalk x 25 unid | [IBGW2400000077116] [KAACSCA011-RED_C_25] Pack Scarf First Red Kalk x 25 unid | [IBGW2400000077113] [KAACSCA011-RED_C_25] Pack Scarf First Red Kalk x 25 unid
CLABD/Stock/StorageBD/CLA-048-05-03-01;546;BLACK;A+C;214;170;[IBGW2400000059430] [KASU000002-TRAN_C_50] PACK DIANA TRANS PINK / WINE | [IBGW2400000059425] [KASU000002-TRAN_C_50] PACK DIANA TRANS PINK / WINE | [IBGW2400000059424] [KASU000002-TRAN_C_50] PACK DIANA TRANS PINK / WINE | [IBGW2400000059410] [KASU000002-BROW_C_50] PACK DIANA BROWN TORT / BLUE | [IBGW2400000059403] [KASU000002-BROW_C_50] PACK DIANA BROWN TORT / BLUE | [IBGW2400000059394] [KASU000002-BROW_C_50] PACK DIANA BROWN TORT / BLUE | [IBGW2400000059392] [KASU000002-BROW_C_50] PACK DIANA BROWN TORT / BLUE | [IBGW2400000059383] [KASU000004-SILV_C_50] PACK GAIA SILVER / BLACK | [IBGW2400000059375] [KASU000004-ROSE_C_50] PACK GAIA ROSE GOLD / GRADIENT PINK | [IBGB2400000781582] [DFSH371004-TAN-39] BOOTS NORDIC.V2 BASIC LOW TAN (39) | [IBGB2400000781582] [DFSH371004-TAN-40] BOOTS NORDIC.V2 BASIC LOW TAN (40) | [IBGB2400000781582] [DFSH371004-TAN-41] BOOTS NORDIC.V2 BASIC LOW TAN (41) | [IBGB2400000781582] [DFSH371004-TAN-36] BOOTS NORDIC.V2 BASIC LOW TAN (36) | [IBGB2400000781582] [DFSH371004-TAN-37] BOOTS NORDIC.V2 BASIC LOW TAN (37) | [IBGB2400000781582] [DFSH371004-TAN-38] BOOTS NORDIC.V2 BASIC LOW TAN (38) | [IBGB2400000781578] [DFSH371004-TAN-36] BOOTS NORDIC.V2 BASIC LOW TAN (36) | [IBGB2400000781578] [DFSH371004-TAN-37] BOOTS NORDIC.V2 BASIC LOW TAN (37) | [IBGB2400000781578] [DFSH371004-TAN-38] BOOTS NORDIC.V2 BASIC LOW TAN (38) | [IBGB2400000781578] [DFSH371004-TAN-39] BOOTS NORDIC.V2 BASIC LOW TAN (39) | [IBGB2400000781578] [DFSH371004-TAN-40] BOOTS NORDIC.V2 BASIC LOW TAN (40) | [IBGB2400000781578] [DFSH371004-TAN-41] BOOTS NORDIC.V2 BASIC LOW TAN (41) | [IBGB2400000781568] [DFSH371004-TAN-39] BOOTS NORDIC.V2 BASIC LOW TAN (39) | [IBGB2400000781568] [DFSH371004-TAN-40] BOOTS NORDIC.V2 BASIC LOW TAN (40) | [IBGB2400000781568] [DFSH371004-TAN-41] BOOTS NORDIC.V2 BASIC LOW TAN (41) | [IBGB2400000781568] [DFSH371004-TAN-36] BOOTS NORDIC.V2 BASIC LOW TAN (36) | [IBGB2400000781568] [DFSH371004-TAN-37] BOOTS NORDIC.V2 BASIC LOW TAN (37) | [IBGB2400000781568] [DFSH371004-TAN-38] BOOTS NORDIC.V2 BASIC LOW TAN (38) | [IBGB2400000781563] [DFSH371004-TAN-36] BOOTS NORDIC.V2 BASIC LOW TAN (36) | [IBGB2400000781563] [DFSH371004-TAN-37] BOOTS NORDIC.V2 BASIC LOW TAN (37) | [IBGB2400000781563] [DFSH371004-TAN-38] BOOTS NORDIC.V2 BASIC LOW TAN (38) | [IBGB2400000781563] [DFSH371004-TAN-39] BOOTS NORDIC.V2 BASIC LOW TAN (39) | [IBGB2400000781563] [DFSH371004-TAN-40] BOOTS NORDIC.V2 BASIC LOW TAN (40) | [IBGB2400000781563] [DFSH371004-TAN-41] BOOTS NORDIC.V2 BASIC LOW TAN (41) | [IBGB2400000781545] [DFSH371004-TAN-39] BOOTS NORDIC.V2 BASIC LOW TAN (39) | [IBGB2400000781545] [DFSH371004-TAN-40] BOOTS NORDIC.V2 BASIC LOW TAN (40) | [IBGB2400000781545] [DFSH371004-TAN-41] BOOTS NORDIC.V2 BASIC LOW TAN (41) | [IBGB2400000781545] [DFSH371004-TAN-36] BOOTS NORDIC.V2 BASIC LOW TAN (36) | [IBGB2400000781545] [DFSH371004-TAN-37] BOOTS NORDIC.V2 BASIC LOW TAN (37) | [IBGB2400000781545] [DFSH371004-TAN-38] BOOTS NORDIC.V2 BASIC LOW TAN (38) | [IBGB2400000781544] [DFSH371004-TAN-36] BOOTS NORDIC.V2 BASIC LOW TAN (36) | [IBGB2400000781544] [DFSH371004-TAN-37] BOOTS NORDIC.V2 BASIC LOW TAN (37) | [IBGB2400000781544] [DFSH371004-TAN-38] BOOTS NORDIC.V2 BASIC LOW TAN (38) | [IBGB2400000781544] [DFSH371004-TAN-39] BOOTS NORDIC.V2 BASIC LOW TAN (39) | [IBGB2400000781544] [DFSH371004-TAN-40] BOOTS NORDIC.V2 BASIC LOW TAN (40) | [IBGB2400000781544] [DFSH371004-TAN-41] BOOTS NORDIC.V2 BASIC LOW TAN (41) | [IBGB2400000781540] [DFSH371004-TAN-38] BOOTS NORDIC.V2 BASIC LOW TAN (38) | [IBGB2400000781540] [DFSH371004-TAN-37] BOOTS NORDIC.V2 BASIC LOW TAN (37) | [IBGB2400000781540] [DFSH371004-TAN-36] BOOTS NORDIC.V2 BASIC LOW TAN (36) | [IBGB2400000781540] [DFSH371004-TAN-41] BOOTS NORDIC.V2 BASIC LOW TAN (41) | [IBGB2400000781540] [DFSH371004-TAN-40] BOOTS NORDIC.V2 BASIC LOW TAN (40) | [IBGB2400000781540] [DFSH371004-TAN-39] BOOTS NORDIC.V2 BASIC LOW TAN (39) | [IBGB2400000781537] [DFSH371004-TAN-39] BOOTS NORDIC.V2 BASIC LOW TAN (39) | [IBGB2400000781537] [DFSH371004-TAN-40] BOOTS NORDIC.V2 BASIC LOW TAN (40) | [IBGB2400000781537] [DFSH371004-TAN-41] BOOTS NORDIC.V2 BASIC LOW TAN (41) | [IBGB2400000781537] [DFSH371004-TAN-36] BOOTS NORDIC.V2 BASIC LOW TAN (36) | [IBGB2400000781537] [DFSH371004-TAN-37] BOOTS NORDIC.V2 BASIC LOW TAN (37) | [IBGB2400000781537] [DFSH371004-TAN-38] BOOTS NORDIC.V2 BASIC LOW TAN (38)
CLAWD/Stock/StorageWD/CLA-048-05-03-01;546;WHITE;A+C;214;170;[IBGW2400000059430] [KASU000002-TRAN_C_50] PACK DIANA TRANS PINK / WINE | [IBGW2400000059425] [KASU000002-TRAN_C_50] PACK DIANA TRANS PINK / WINE | [IBGW2400000059424] [KASU000002-TRAN_C_50] PACK DIANA TRANS PINK / WINE | [IBGW2400000059410] [KASU000002-BROW_C_50] PACK DIANA BROWN TORT / BLUE | [IBGW2400000059403] [KASU000002-BROW_C_50] PACK DIANA BROWN TORT / BLUE | [IBGW2400000059394] [KASU000002-BROW_C_50] PACK DIANA BROWN TORT / BLUE | [IBGW2400000059392] [KASU000002-BROW_C_50] PACK DIANA BROWN TORT / BLUE | [IBGW2400000059383] [KASU000004-SILV_C_50] PACK GAIA SILVER / BLACK | [IBGW2400000059375] [KASU000004-ROSE_C_50] PACK GAIA ROSE GOLD / GRADIENT PINK | [IBGB2400000781582] [DFSH371004-TAN-39] BOOTS NORDIC.V2 BASIC LOW TAN (39) | [IBGB2400000781582] [DFSH371004-TAN-40] BOOTS NORDIC.V2 BASIC LOW TAN (40) | [IBGB2400000781582] [DFSH371004-TAN-41] BOOTS NORDIC.V2 BASIC LOW TAN (41) | [IBGB2400000781582] [DFSH371004-TAN-36] BOOTS NORDIC.V2 BASIC LOW TAN (36) | [IBGB2400000781582] [DFSH371004-TAN-37] BOOTS NORDIC.V2 BASIC LOW TAN (37) | [IBGB2400000781582] [DFSH371004-TAN-38] BOOTS NORDIC.V2 BASIC LOW TAN (38) | [IBGB2400000781578] [DFSH371004-TAN-36] BOOTS NORDIC.V2 BASIC LOW TAN (36) | [IBGB2400000781578] [DFSH371004-TAN-37] BOOTS NORDIC.V2 BASIC LOW TAN (37) | [IBGB2400000781578] [DFSH371004-TAN-38] BOOTS NORDIC.V2 BASIC LOW TAN (38) | [IBGB2400000781578] [DFSH371004-TAN-39] BOOTS NORDIC.V2 BASIC LOW TAN (39) | [IBGB2400000781578] [DFSH371004-TAN-40] BOOTS NORDIC.V2 BASIC LOW TAN (40) | [IBGB2400000781578] [DFSH371004-TAN-41] BOOTS NORDIC.V2 BASIC LOW TAN (41) | [IBGB2400000781568] [DFSH371004-TAN-39] BOOTS NORDIC.V2 BASIC LOW TAN (39) | [IBGB2400000781568] [DFSH371004-TAN-40] BOOTS NORDIC.V2 BASIC LOW TAN (40) | [IBGB2400000781568] [DFSH371004-TAN-41] BOOTS NORDIC.V2 BASIC LOW TAN (41) | [IBGB2400000781568] [DFSH371004-TAN-36] BOOTS NORDIC.V2 BASIC LOW TAN (36) | [IBGB2400000781568] [DFSH371004-TAN-37] BOOTS NORDIC.V2 BASIC LOW TAN (37) | [IBGB2400000781568] [DFSH371004-TAN-38] BOOTS NORDIC.V2 BASIC LOW TAN (38) | [IBGB2400000781563] [DFSH371004-TAN-36] BOOTS NORDIC.V2 BASIC LOW TAN (36) | [IBGB2400000781563] [DFSH371004-TAN-37] BOOTS NORDIC.V2 BASIC LOW TAN (37) | [IBGB2400000781563] [DFSH371004-TAN-38] BOOTS NORDIC.V2 BASIC LOW TAN (38) | [IBGB2400000781563] [DFSH371004-TAN-39] BOOTS NORDIC.V2 BASIC LOW TAN (39) | [IBGB2400000781563] [DFSH371004-TAN-40] BOOTS NORDIC.V2 BASIC LOW TAN (40) | [IBGB2400000781563] [DFSH371004-TAN-41] BOOTS NORDIC.V2 BASIC LOW TAN (41) | [IBGB2400000781545] [DFSH371004-TAN-39] BOOTS NORDIC.V2 BASIC LOW TAN (39) | [IBGB2400000781545] [DFSH371004-TAN-40] BOOTS NORDIC.V2 BASIC LOW TAN (40) | [IBGB2400000781545] [DFSH371004-TAN-41] BOOTS NORDIC.V2 BASIC LOW TAN (41) | [IBGB2400000781545] [DFSH371004-TAN-36] BOOTS NORDIC.V2 BASIC LOW TAN (36) | [IBGB2400000781545] [DFSH371004-TAN-37] BOOTS NORDIC.V2 BASIC LOW TAN (37) | [IBGB2400000781545] [DFSH371004-TAN-38] BOOTS NORDIC.V2 BASIC LOW TAN (38) | [IBGB2400000781544] [DFSH371004-TAN-36] BOOTS NORDIC.V2 BASIC LOW TAN (36) | [IBGB2400000781544] [DFSH371004-TAN-37] BOOTS NORDIC.V2 BASIC LOW TAN (37) | [IBGB2400000781544] [DFSH371004-TAN-38] BOOTS NORDIC.V2 BASIC LOW TAN (38) | [IBGB2400000781544] [DFSH371004-TAN-39] BOOTS NORDIC.V2 BASIC LOW TAN (39) | [IBGB2400000781544] [DFSH371004-TAN-40] BOOTS NORDIC.V2 BASIC LOW TAN (40) | [IBGB2400000781544] [DFSH371004-TAN-41] BOOTS NORDIC.V2 BASIC LOW TAN (41) | [IBGB2400000781540] [DFSH371004-TAN-38] BOOTS NORDIC.V2 BASIC LOW TAN (38) | [IBGB2400000781540] [DFSH371004-TAN-37] BOOTS NORDIC.V2 BASIC LOW TAN (37) | [IBGB2400000781540] [DFSH371004-TAN-36] BOOTS NORDIC.V2 BASIC LOW TAN (36) | [IBGB2400000781540] [DFSH371004-TAN-41] BOOTS NORDIC.V2 BASIC LOW TAN (41) | [IBGB2400000781540] [DFSH371004-TAN-40] BOOTS NORDIC.V2 BASIC LOW TAN (40) | [IBGB2400000781540] [DFSH371004-TAN-39] BOOTS NORDIC.V2 BASIC LOW TAN (39) | [IBGB2400000781537] [DFSH371004-TAN-39] BOOTS NORDIC.V2 BASIC LOW TAN (39) | [IBGB2400000781537] [DFSH371004-TAN-40] BOOTS NORDIC.V2 BASIC LOW TAN (40) | [IBGB2400000781537] [DFSH371004-TAN-41] BOOTS NORDIC.V2 BASIC LOW TAN (41) | [IBGB2400000781537] [DFSH371004-TAN-36] BOOTS NORDIC.V2 BASIC LOW TAN (36) | [IBGB2400000781537] [DFSH371004-TAN-37] BOOTS NORDIC.V2 BASIC LOW TAN (37) | [IBGB2400000781537] [DFSH371004-TAN-38] BOOTS NORDIC.V2 BASIC LOW TAN (38)
CLAWD/Stock/StorageWD/CLA-048-06-01-01;100;WHITE;D+A;96;40;[IBGW2400000077197] [KAACSCA012-RED_C_25] PACK Scarf Vision Red & Pink Kalk | [IBGW2400000077146] [KAACSCA012-GREE_C_25] PACK Scarf Vision Green & Fuchsia Kalk | [IBGW2400000077125] [KAACSCA011-RED_C_25] Pack Scarf First Red Kalk x 25 unid | [IBGW2400000077115] [KAACSCA011-RED_C_25] Pack Scarf First Red Kalk x 25 unid
CLAWD/Stock/StorageWD/CLA-048-06-03-02;175;WHITE;D+A;96;70;[IBGW2400000077220] [KAACSCA012-WINE_C_25] PACK Scarf Vision Wine & Blue Kalk | [IBGW2400000077218] [KAACSCA012-WINE_C_25] PACK Scarf Vision Wine & Blue Kalk | [IBGW2400000077216] [KAACSCA012-WINE_C_25] PACK Scarf Vision Wine & Blue Kalk | [IBGW2400000077210] [KAACSCA012-WINE_C_25] PACK Scarf Vision Wine & Blue Kalk | [IBGW2400000077097] [KAACSCA011-GREE_C_25] Pack Scarf First Green Kalk x 25 unid | [IBGW2400000077082] [KAACSCA011-FUCH_C_25] Pack Scarf First Fuchsia Kalk x 25 unid | [IBGW2400000077031] [KAACSCA011-BLAC_C_25] PACK Scarf First Black Kalk
CLAWD/Stock/StorageWD/CLA-048-06-03-03;50;WHITE;D+A;96;20;[IBGW2400000077212] [KAACSCA012-WINE_C_25] PACK Scarf Vision Wine & Blue Kalk | [IBGW2400000077025] [KAACSCA011-BLAC_C_25] PACK Scarf First Black Kalk
CLAWD/Stock/StorageWD/CLA-048-07-01-01;650;WHITE;A+C;214;130;[IBGW2400000059382] [KASU000004-SILV_C_50] PACK GAIA SILVER / BLACK | [IBGW2400000059380] [KASU000004-SILV_C_50] PACK GAIA SILVER / BLACK | [IBGW2400000059379] [KASU000004-SILV_C_50] PACK GAIA SILVER / BLACK | [IBGW2400000059378] [KASU000004-ROSE_C_50] PACK GAIA ROSE GOLD / GRADIENT PINK | [IBGW2400000059377] [KASU000004-ROSE_C_50] PACK GAIA ROSE GOLD / GRADIENT PINK | [IBGW2400000059374] [KASU000004-ROSE_C_50] PACK GAIA ROSE GOLD / GRADIENT PINK | [IBGW2400000059372] [KASU000004-GOLD_C_50] PACK GAIA GOLD / G15 | [IBGW2400000059369] [KASU000004-GOLD_C_50] PACK GAIA GOLD / G15 | [IBGW2400000059367] [KASU000004-GOLD_C_50] PACK GAIA GOLD / G15 | [IBGW2400000059365] [KASU000004-BROW_C_50] PACK GAIA GOLD / BROWN | [IBGW2400000059356] [KASU000003-BROW_C_50] PACK VEGA TRANS BROWN / WINE | [IBGW2400000057825] [KASU000002-LIGH_C_50] PACK DIANA LIGHT TORT / BLACK | [IBGW2400000057821] [KASU000002-BROW_C_50] PACK DIANA BROWN TORT / BLUE
CLAWD/Stock/StorageWD/CLA-048-07-01-03;600;WHITE;A+C;299;120;[IBGW2400000059407] [KASU000002-BROW_C_50] PACK DIANA BROWN TORT / BLUE | [IBGW2400000059404] [KASU000002-BROW_C_50] PACK DIANA BROWN TORT / BLUE | [IBGW2400000059400] [KASU000002-BROW_C_50] PACK DIANA BROWN TORT / BLUE | [IBGW2400000059395] [KASU000002-BROW_C_50] PACK DIANA BROWN TORT / BLUE | [IBGW2400000059391] [KASU000002-BROW_C_50] PACK DIANA BROWN TORT / BLUE | [IBGW2400000057823] [KASU000002-LIGH_C_50] PACK DIANA LIGHT TORT / BLACK | [IBGW2400000045167] [KASU000003-GREE_C_50] PACK VEGA TRANS GREEN / SMOKE BLACK | [IBGW2400000045166] [KASU000003-GREE_C_50] PACK VEGA TRANS GREEN / SMOKE BLACK | [IBGW2400000045155] [KASU000003-BLUE_C_50] PACK VEGA TRANS BLUE / BLACK | [IBGW2400000045154] [KASU000003-BLUE_C_50] PACK VEGA TRANS BLUE / BLACK | [IBGW2400000045153] [KASU000003-BLUE_C_50] PACK VEGA TRANS BLUE / BLACK | [IBGW2400000045097] [KASU000001-MILK_C_50] PACK AUDREY MILKY OFF-WHITE / BROWN
CLAWD/Stock/StorageWD/CLA-048-09-02-01;150;WHITE;D+A;96;60;[IBGW2400000077172] [KAACSCA012-GREE_C_25] PACK Scarf Vision Green & Fuchsia Kalk | [IBGW2400000077170] [KAACSCA012-GREE_C_25] PACK Scarf Vision Green & Fuchsia Kalk | [IBGW2400000077166] [KAACSCA012-GREE_C_25] PACK Scarf Vision Green & Fuchsia Kalk | [IBGW2400000077160] [KAACSCA012-GREE_C_25] PACK Scarf Vision Green & Fuchsia Kalk | [IBGW2400000077122] [KAACSCA011-RED_C_25] Pack Scarf First Red Kalk x 25 unid | [IBGW2400000077071] [KAACSCA011-FUCH_C_25] Pack Scarf First Fuchsia Kalk x 25 unid
CLAWD/Stock/StorageWD/CLA-049-01-02-01;125;WHITE;D+A;96;50;[IBGW2400000077222] [KAACSCA012-WINE_C_25] PACK Scarf Vision Wine & Blue Kalk | [IBGW2400000077209] [KAACSCA012-WINE_C_25] PACK Scarf Vision Wine & Blue Kalk | [IBGW2400000077204] [KAACSCA012-WINE_C_25] PACK Scarf Vision Wine & Blue Kalk | [IBGW2400000077070] [KAACSCA011-FUCH_C_25] Pack Scarf First Fuchsia Kalk x 25 unid | [IBGW2400000077023] [KAACSCA011-BLAC_C_25] PACK Scarf First Black Kalk
CLAWD/Stock/StorageWD/CLA-049-01-02-02;275;WHITE;D+A;96;110;[IBGW2400000077208] [KAACSCA012-WINE_C_25] PACK Scarf Vision Wine & Blue Kalk | [IBGW2400000077047] [KAACSCA011-BLUE_C_25] Pack Scarf First Blue Kalk x 25 unid | [IBGW2400000077046] [KAACSCA011-BLUE_C_25] Pack Scarf First Blue Kalk x 25 unid | [IBGW2400000077039] [KAACSCA011-BLUE_C_25] Pack Scarf First Blue Kalk x 25 unid | [IBGW2400000077038] [KAACSCA011-BLUE_C_25] Pack Scarf First Blue Kalk x 25 unid | [IBGW2400000077033] [KAACSCA011-BLAC_C_25] PACK Scarf First Black Kalk | [IBGW2400000077032] [KAACSCA011-BLAC_C_25] PACK Scarf First Black Kalk | [IBGW2400000077027] [KAACSCA011-BLAC_C_25] PACK Scarf First Black Kalk | [IBGW2400000077026] [KAACSCA011-BLAC_C_25] PACK Scarf First Black Kalk | [IBGW2400000077022] [KAACSCA011-BLAC_C_25] PACK Scarf First Black Kalk | [IBGW2400000077021] [KAACSCA011-BLAC_C_25] PACK Scarf First Black Kalk
CLAWD/Stock/StorageWD/CLA-049-01-02-03;175;WHITE;D+A;96;70;[IBGW2400000077107] [KAACSCA011-ORAN_C_25] PACK Scarf First Orange Kalk | [IBGW2400000077096] [KAACSCA011-GREE_C_25] Pack Scarf First Green Kalk x 25 unid | [IBGW2400000076982] [KAACSCA004-FUCH_C_25] Pack Scarf Vibrant Kalk x 25 unid | [IBGW2400000076966] [KAACSCA004-FUCH_C_25] Pack Scarf Vibrant Kalk x 25 unid | [IBGW2400000076960] [KAACSCA004-FUCH_C_25] Pack Scarf Vibrant Kalk x 25 unid | [IBGW2400000076944] [KAACSCA004-FUCH_C_25] Pack Scarf Vibrant Kalk x 25 unid | [IBGW2400000076924] [KAACSCA004-FUCH_C_25] Pack Scarf Vibrant Kalk x 25 unid
CLAWD/Stock/StorageWD/CLA-049-02-01-01;1900;WHITE;C+A+B;309;410;[IBGW2400000038623] [KLATOP21-0269_C_S_S_50] PACK PAMELA TOP CORAL | [IBGW2400000038622] [KLATOP21-0269_C_S_S_50] PACK PAMELA TOP CORAL | [IBGW2400000038621] [KLATOP21-0269_C_S_S_50] PACK PAMELA TOP CORAL | [IBGW2400000038615] [KLATOP21-0269_C_M_M_50] PACK PAMELA TOP CORAL | [IBGW2400000038613] [KLATOP21-0269_C_M_M_50] PACK PAMELA TOP CORAL | [IBGW2400000038605] [KLATOP21-0269_C_L_L_50] PACK PAMELA TOP CORAL | [IBGW2400000038604] [KLATOP21-0269_C_L_L_50] PACK PAMELA TOP CORAL | [IBGW2400000038519] [KLATOP04-0269_C_SM_SM_50] PACK HANAN TOP CORAL | [IBGW2400000038518] [KLATOP04-0269_C_SM_SM_50] PACK HANAN TOP CORAL | [IBGW2400000038499] [KLATOP04-0269_C_ML_ML_50] PACK HANAN TOP CORAL | [IBGW2400000038498] [KLATOP04-0269_C_ML_ML_50] PACK HANAN TOP CORAL | [IBGW2400000038496] [KLATOP04-0269_C_ML_ML_50] PACK HANAN TOP CORAL | [IBGW2400000038438] [KLAONE13-0269_C_M_M_25] PACK AILANI ONE-PIECE CORAL | [IBGW2400000038433] [KLAONE06-0517_C_S_S_25] PACK IDARA ONE-PIECE BLOOM | [IBGW2400000038418] [KLAONE06-0517_C_M_M_25] PACK IDARA ONE-PIECE BLOOM | [IBGW2400000038417] [KLAONE06-0517_C_M_M_25] PACK IDARA ONE-PIECE BLOOM | [IBGW2400000038398] [KLABOT18-0517_C_L_L_50] PACK MAIRA BOTTOM BLOOM | [IBGW2400000038372] [KLABOT03-0517_C_S_S_50] PACK MANAMI BOTTOM BLOOM | [IBGW2400000038370] [KLABOT03-0517_C_S_S_50] PACK MANAMI BOTTOM BLOOM | [IBGW2400000038361] [KLABOT03-0517_C_M_M_50] PACK MANAMI BOTTOM BLOOM | [IBGW2400000038360] [KLABOT03-0517_C_M_M_50] PACK MANAMI BOTTOM BLOOM | [IBGW2400000038358] [KLABOT03-0517_C_M_M_50] PACK MANAMI BOTTOM BLOOM | [IBGW2400000038355] [KLABOT03-0517_C_M_M_50] PACK MANAMI BOTTOM BLOOM | [IBGW2400000038354] [KLABOT03-0517_C_M_M_50] PACK MANAMI BOTTOM BLOOM | [IBGW2400000038337] [KLABOT03-0269_C_S_S_50] PACK MANAMI BOTTOM CORAL | [IBGW2400000038335] [KLABOT03-0269_C_S_S_50] PACK MANAMI BOTTOM CORAL | [IBGW2400000038333] [KLABOT03-0269_C_S_S_50] PACK MANAMI BOTTOM CORAL | [IBGW2400000038332] [KLABOT03-0269_C_S_S_50] PACK MANAMI BOTTOM CORAL | [IBGW2400000038279] [KLABOT03-0020_C_S_S_50] PACK MANAMI BLACK S | [IBGW2400000038227] [KLABOT02-0269_C_M_M_50] PACK GINA BOTTOM CORAL | [IBGW2400000038226] [KLABOT02-0269_C_M_M_50] PACK GINA BOTTOM CORAL | [IBGW2400000038225] [KLABOT02-0269_C_M_M_50] PACK GINA BOTTOM CORAL | [IBGW2400000038224] [KLABOT02-0269_C_M_M_50] PACK GINA BOTTOM CORAL | [IBGW2400000038223] [KLABOT02-0269_C_M_M_50] PACK GINA BOTTOM CORAL | [IBGW2400000038222] [KLABOT02-0269_C_M_M_50] PACK GINA BOTTOM CORAL | [IBGW2400000038221] [KLABOT02-0269_C_M_M_50] PACK GINA BOTTOM CORAL | [IBGW2400000038220] [KLABOT02-0269_C_M_M_50] PACK GINA BOTTOM CORAL | [IBGW2400000038219] [KLABOT02-0269_C_M_M_50] PACK GINA BOTTOM CORAL | [IBGW2400000038157] [KATXSKI001-0269_C_25] PACK BONNIE SKIRT CORAL | [IBGW2400000038138] [KATXSAR001-0517_C_25] PACK MALORY SKIRT BLOOM | [IBGW2400000038180] [KLABOT02-0020_C_L_L_50] Pack Gina Bottom Black
CLAWD/Stock/StorageWD/CLA-049-02-03-02;300;WHITE;D+A;96;120;[IBGW2400000077200] [KAACSCA012-RED_C_25] PACK Scarf Vision Red & Pink Kalk | [IBGW2400000077194] [KAACSCA012-RED_C_25] PACK Scarf Vision Red & Pink Kalk | [IBGW2400000077190] [KAACSCA012-RED_C_25] PACK Scarf Vision Red & Pink Kalk | [IBGW2400000077178] [KAACSCA012-RED_C_25] PACK Scarf Vision Red & Pink Kalk | [IBGW2400000077159] [KAACSCA012-GREE_C_25] PACK Scarf Vision Green & Fuchsia Kalk | [IBGW2400000077152] [KAACSCA012-GREE_C_25] PACK Scarf Vision Green & Fuchsia Kalk | [IBGW2400000077149] [KAACSCA012-GREE_C_25] PACK Scarf Vision Green & Fuchsia Kalk | [IBGW2400000077147] [KAACSCA012-GREE_C_25] PACK Scarf Vision Green & Fuchsia Kalk | [IBGW2400000077123] [KAACSCA011-RED_C_25] Pack Scarf First Red Kalk x 25 unid | [IBGW2400000077119] [KAACSCA011-RED_C_25] Pack Scarf First Red Kalk x 25 unid | [IBGW2400000077118] [KAACSCA011-RED_C_25] Pack Scarf First Red Kalk x 25 unid | [IBGW2400000077117] [KAACSCA011-RED_C_25] Pack Scarf First Red Kalk x 25 unid
CLAWD/Stock/StorageWD/CLA-049-03-01-01;1029;WHITE;B+A+C;243;210;[IBGW2400000082155] [II2AWAT103-0001-UNI] Classy Rose Gold / Light Pink Watch | [IBGW2400000059098] [KLATOP21-0020_C_XL_XL_50] Pack PAMELA TOP BLACK (XL) x 50 unid | [IBGW2400000059097] [KLATOP21-0020_C_S_S_50] Pack PAMELA TOP BLACK (S) x 50 unid | [IBGW2400000059096] [KLATOP21-0020_C_S_S_50] Pack PAMELA TOP BLACK (S) x 50 unid | [IBGW2400000059092] [KLATOP21-0020_C_S_S_50] Pack PAMELA TOP BLACK (S) x 50 unid | [IBGW2400000059091] [KLATOP21-0020_C_M_M_50] Pack PAMELA TOP BLACK (M) x 50 unid | [IBGW2400000059082] [KLATOP21-0020_C_L_L_50] Pack PAMELA TOP BLACK (L) x 50 unid | [IBGW2400000059081] [KLATOP21-0020_C_L_L_50] Pack PAMELA TOP BLACK (L) x 50 unid | [IBGW2400000059055] [KLABOT03-0020_C_S_S_50] PACK MANAMI BLACK S | [IBGW2400000059031] [KLABOT01-0020_C_L_L_50] Pack Kame Bottom Black (L) x 50 unid | [IBGW2400000059088] [KLATOP21-0020_C_M_M_50] Pack PAMELA TOP BLACK (M) x 50 unid | [IBGW2400000059087] [KLATOP21-0020_C_M_M_50] Pack PAMELA TOP BLACK (M) x 50 unid | [IBGW2400000059036] [KLABOT01-0020_C_M_M_50] Pack Kame Bottom Black | [IBGW2400000059086] [KLATOP21-0020_C_M_M_50] Pack PAMELA TOP BLACK (M) x 50 unid | [IBGW2400000059094] [KLATOP21-0020_C_S_S_50] Pack PAMELA TOP BLACK (S) x 50 unid | [IBGW2400000059090] [KLATOP21-0020_C_M_M_50] Pack PAMELA TOP BLACK (M) x 50 unid | [IBGW2400000059085] [KLATOP21-0020_C_M_M_50] Pack PAMELA TOP BLACK (M) x 50 unid | [IBGW2400000059373] [KASU000004-ROSE_C_50] PACK GAIA ROSE GOLD / GRADIENT PINK | [IBGW2400000059291] [KLATOP21-0005_C_M_M_50] Pack PAMELA TOP INDIGO BLUE (M) x 50 unid | [IBGW2400000059268] [KLATOP15-0314_C_L_L_50] Pack KAIA TOP SUPERDELIC (L) x 50 unid | [IBGW2400000075730] [KAACBEA005-RED_C_50] Pack Beanie First Red Kalk x 50 unid
CLAWD/Stock/StorageWD/CLA-049-03-01-02;137;WHITE;D+A;96;70;[IBGW2400000114136] [KLBGCRO012-BLAC] HOBO BAG BLACK KALK | [IBGW2400000114118] [KLBGCRO012-BLAC] HOBO BAG BLACK KALK | [IBGW2400000077186] [KAACSCA012-RED_C_25] PACK Scarf Vision Red & Pink Kalk | [IBGW2400000077099] [KAACSCA011-GREE_C_25] Pack Scarf First Green Kalk x 25 unid | [IBGW2400000077098] [KAACSCA011-GREE_C_25] Pack Scarf First Green Kalk x 25 unid | [IBGW2400000077095] [KAACSCA011-GREE_C_25] Pack Scarf First Green Kalk x 25 unid | [IBGW2400000077094] [KAACSCA011-GREE_C_25] Pack Scarf First Green Kalk x 25 unid
CLAWD/Stock/StorageWD/CLA-049-03-01-03;1350;WHITE;B+A+C;309;340;[IBGW2400000059203] [KLABOT03-0314_C_M_M_50] Pack MANAMI BOTTOM SUPERDELIC (M) x 50 unid | [IBGW2400000059196] [KLABOT03-0314_C_M_M_50] Pack MANAMI BOTTOM SUPERDELIC (M) x 50 unid | [IBGW2400000059148] [KLABOT02-0314_C_S_S_50] Pack GINA BOTTOM SUPERDELIC (S) x 50 unid | [IBGW2400000059132] [KLABOT02-0041_C_S_S_50] Pack GINA BOTTOM WINE (S) x 50 unid | [IBGW2400000059118] [KLABOT02-0005_C_S_S_50] Pack Gina Bottom Indigo Blue (S) x 50 unid | [IBGW2400000038532] [KLATOP04-0269_C_SM_SM_50] PACK HANAN TOP CORAL | [IBGW2400000038503] [KLATOP04-0269_C_ML_ML_50] PACK HANAN TOP CORAL | [IBGW2400000038502] [KLATOP04-0269_C_ML_ML_50] PACK HANAN TOP CORAL | [IBGW2400000038501] [KLATOP04-0269_C_ML_ML_50] PACK HANAN TOP CORAL | [IBGW2400000038434] [KLAONE06-0517_C_S_S_25] PACK IDARA ONE-PIECE BLOOM | [IBGW2400000038430] [KLAONE06-0517_C_S_S_25] PACK IDARA ONE-PIECE BLOOM | [IBGW2400000038427] [KLAONE06-0517_C_S_S_25] PACK IDARA ONE-PIECE BLOOM | [IBGW2400000038425] [KLAONE06-0517_C_M_M_25] PACK IDARA ONE-PIECE BLOOM | [IBGW2400000038420] [KLAONE06-0517_C_M_M_25] PACK IDARA ONE-PIECE BLOOM | [IBGW2400000038410] [KLABOT18-0517_C_S_S_50] PACK MAIRA BOTTOM BLOOM | [IBGW2400000038408] [KLABOT18-0517_C_M_M_50] PACK MAIRA BOTTOM BLOOM | [IBGW2400000038407] [KLABOT18-0517_C_M_M_50] PACK MAIRA BOTTOM BLOOM | [IBGW2400000038406] [KLABOT18-0517_C_M_M_50] PACK MAIRA BOTTOM BLOOM | [IBGW2400000038207] [KLABOT02-0020_C_S_S_50] PACK GINA BLACK S | [IBGW2400000038206] [KLABOT02-0020_C_S_S_50] PACK GINA BLACK S | [IBGW2400000037314] [KLATOP21-0041_C_L_L_50] Pack PAMELA TOP WINE (L) x 50 unid | [IBGW2400000037190] [KLAONE12-0824_C_S_S_25] PACK MORGAN ONE-PIECE TROPILICIOUS | [IBGW2400000037185] [KLAONE12-0824_C_M_M_25] PACK MORGAN ONE-PIECE TROPILICIOUS | [IBGW2400000037182] [KLAONE12-0824_C_M_M_25] PACK MORGAN ONE-PIECE TROPILICIOUS | [IBGW2400000037180] [KLAONE12-0824_C_M_M_25] PACK MORGAN ONE-PIECE TROPILICIOUS | [IBGW2400000037138] [KLABOT03-0824_C_S_S_50] PACK MANAMI BOTTOM TROPILICIOUS | [IBGW2400000037128] [KLABOT03-0824_C_S_S_50] PACK MANAMI BOTTOM TROPILICIOUS | [IBGW2400000036933] [KATXSAR001-0824_C_25] PACK MALORY SKIRT TROPILICIOUS | [IBGW2400000036931] [KATXSAR001-0824_C_25] PACK MALORY SKIRT TROPILICIOUS | [IBGW2400000036930] [KATXSAR001-0824_C_25] PACK MALORY SKIRT TROPILICIOUS | [IBGW2400000036929] [KATXSAR001-0824_C_25] PACK MALORY SKIRT TROPILICIOUS | [IBGW2400000038531] [KLATOP04-0269_C_SM_SM_50] PACK HANAN TOP CORAL | [IBGW2400000038530] [KLATOP04-0269_C_SM_SM_50] PACK HANAN TOP CORAL | [IBGW2400000038429] [KLAONE06-0517_C_S_S_25] PACK IDARA ONE-PIECE BLOOM
CLAWD/Stock/StorageWD/CLA-049-04-01-01;1398;WHITE;C+A;309;280;[IBGW2400000038612] [KLATOP21-0269_C_M_M_50] PACK PAMELA TOP CORAL | [IBGW2400000038611] [KLATOP21-0269_C_M_M_50] PACK PAMELA TOP CORAL | [IBGW2400000038610] [KLATOP21-0269_C_M_M_50] PACK PAMELA TOP CORAL | [IBGW2400000038609] [KLATOP21-0269_C_M_M_50] PACK PAMELA TOP CORAL | [IBGW2400000038582] [KLATOP06-0517_C_S_S_50] PACK RINNA TOP BLOOM | [IBGW2400000038581] [KLATOP06-0517_C_S_S_50] PACK RINNA TOP BLOOM | [IBGW2400000038330] [KLABOT03-0269_C_S_S_50] PACK MANAMI BOTTOM CORAL | [IBGW2400000038329] [KLABOT03-0269_C_S_S_50] PACK MANAMI BOTTOM CORAL | [IBGW2400000038328] [KLABOT03-0269_C_S_S_50] PACK MANAMI BOTTOM CORAL | [IBGW2400000038327] [KLABOT03-0269_C_S_S_50] PACK MANAMI BOTTOM CORAL | [IBGW2400000038324] [KLABOT03-0269_C_M_M_50] PACK MANAMI BOTTOM CORAL | [IBGW2400000038321] [KLABOT03-0269_C_M_M_50] PACK MANAMI BOTTOM CORAL | [IBGW2400000038320] [KLABOT03-0269_C_M_M_50] PACK MANAMI BOTTOM CORAL | [IBGW2400000038318] [KLABOT03-0269_C_M_M_50] PACK MANAMI BOTTOM CORAL | [IBGW2400000038304] [KLABOT03-0269_C_L_L_50] PACK MANAMI BOTTOM CORAL | [IBGW2400000038285] [KLABOT03-0020_C_S_S_50] PACK MANAMI BLACK S | [IBGW2400000038284] [KLABOT03-0020_C_S_S_50] PACK MANAMI BLACK S | [IBGW2400000038233] [KLABOT02-0269_C_S_S_50] PACK GINA BOTTOM CORAL | [IBGW2400000038232] [KLABOT02-0269_C_S_S_50] PACK GINA BOTTOM CORAL | [IBGW2400000038231] [KLABOT02-0269_C_S_S_50] PACK GINA BOTTOM CORAL | [IBGW2400000038230] [KLABOT02-0269_C_S_S_50] PACK GINA BOTTOM CORAL | [IBGW2400000038195] [KLABOT02-0020_C_M_M_50] PACK GINA BLACK M | [IBGW2400000038187] [KLABOT02-0020_C_M_M_50] PACK GINA BLACK M | [IBGW2400000038184] [KLABOT02-0020_C_M_M_50] PACK GINA BLACK M | [IBGW2400000038523] [KLATOP04-0269-SM] HANAN TOP CORAL (SM) | [IBGW2400000037137] [KLABOT03-0824_C_S_S_50] PACK MANAMI BOTTOM TROPILICIOUS | [IBGW2400000037113] [KLABOT03-0824_C_M_M_50] PACK MANAMI BOTTOM TROPILICIOUS | [IBGW2400000037023] [KLABOT02-0824-S] GINA BOTTOM TROPILICIOUS (S)
CLAWD/Stock/StorageWD/CLA-049-04-01-03;1225;WHITE;B+C+A;309;250;[IBGW2400000038602] [KLATOP21-0020_C_S_S_50] Pack PAMELA TOP BLACK (S) x 50 unid | [IBGW2400000038588] [KLATOP06-0517_C_S_S_50] PACK RINNA TOP BLOOM | [IBGW2400000038587] [KLATOP06-0517_C_S_S_50] PACK RINNA TOP BLOOM | [IBGW2400000038586] [KLATOP06-0517_C_S_S_50] PACK RINNA TOP BLOOM | [IBGW2400000038525] [KLATOP04-0269_C_SM_SM_50] PACK HANAN TOP CORAL | [IBGW2400000038524] [KLATOP04-0269_C_SM_SM_50] PACK HANAN TOP CORAL | [IBGW2400000038522] [KLATOP04-0269_C_SM_SM_50] PACK HANAN TOP CORAL | [IBGW2400000038380] [KLABOT03-0517_C_S_S_50] PACK MANAMI BOTTOM BLOOM | [IBGW2400000038377] [KLABOT03-0517_C_S_S_50] PACK MANAMI BOTTOM BLOOM | [IBGW2400000038376] [KLABOT03-0517_C_S_S_50] PACK MANAMI BOTTOM BLOOM | [IBGW2400000038375] [KLABOT03-0517_C_S_S_50] PACK MANAMI BOTTOM BLOOM | [IBGW2400000038374] [KLABOT03-0517_C_S_S_50] PACK MANAMI BOTTOM BLOOM | [IBGW2400000038342] [KLABOT03-0269_C_S_S_50] PACK MANAMI BOTTOM CORAL | [IBGW2400000038341] [KLABOT03-0269_C_S_S_50] PACK MANAMI BOTTOM CORAL | [IBGW2400000038339] [KLABOT03-0269_C_S_S_50] PACK MANAMI BOTTOM CORAL | [IBGW2400000038311] [KLABOT03-0269_C_M_M_50] PACK MANAMI BOTTOM CORAL | [IBGW2400000038310] [KLABOT03-0269_C_M_M_50] PACK MANAMI BOTTOM CORAL | [IBGW2400000038309] [KLABOT03-0269_C_M_M_50] PACK MANAMI BOTTOM CORAL | [IBGW2400000038308] [KLABOT03-0269_C_M_M_50] PACK MANAMI BOTTOM CORAL | [IBGW2400000038300] [KLABOT03-0269_C_L_L_50] PACK MANAMI BOTTOM CORAL | [IBGW2400000038297] [KLABOT03-0269_C_L_L_50] PACK MANAMI BOTTOM CORAL | [IBGW2400000038237] [KLABOT02-0269_C_S_S_50] PACK GINA BOTTOM CORAL | [IBGW2400000038236] [KLABOT02-0269_C_S_S_50] PACK GINA BOTTOM CORAL | [IBGW2400000038235] [KLABOT02-0269_C_S_S_50] PACK GINA BOTTOM CORAL | [IBGW2400000037533] [KLAONE14-0154_C_S_S_25] PACK NICOLE ONE-PIECE COCOA
CLAWD/Stock/StorageWD/CLA-049-04-02-01;550;WHITE;C+A;276;110;[IBGB2400000474524] [KASU000003-GREE] VEGA TRANS GREEN / SMOKE BLACK | [IBGB2400000474520] [KASU000003-BROW] VEGA TRANS BROWN / WINE | [IBGB2400000474515] [KASU000004-ROSE] GAIA ROSE GOLD / GRADIENT PINK | [IBGB2400000474514] [KASU000001-MILK] AUDREY MILKY OFF-WHITE / BROWN | [IBGW2400000059357] [KASU000003-BROW_C_50] PACK VEGA TRANS BROWN / WINE | [IBGW2400000057826] [KASU000002-LIGH_C_50] PACK DIANA LIGHT TORT / BLACK | [IBGW2400000057819] [KASU000002-BROW_C_50] PACK DIANA BROWN TORT / BLUE | [IBGW2400000057818] [KASU000002-BROW_C_50] PACK DIANA BROWN TORT / BLUE | [IBGW2400000057817] [KASU000002-BROW_C_50] PACK DIANA BROWN TORT / BLUE | [IBGW2400000057812] [KASU000002-BLAC_C_50] PACK DIANA BLACK / BLACK | [IBGW2400000057811] [KASU000002-BLAC_C_50] PACK DIANA BLACK / BLACK
CLAWD/Stock/StorageWD/CLA-049-05-01-01;1400;WHITE;C+A+B;309;260;[IBGW2400000038655] [KLATOP24-0517_C_S_S_50] PACK TAYLOR TOP BLOOM | [IBGW2400000038555] [KLATOP06-0269_C_S_S_50] PACK RINNA TOP CORAL | [IBGW2400000038554] [KLATOP06-0269_C_S_S_50] PACK RINNA TOP CORAL | [IBGW2400000038553] [KLATOP06-0269_C_S_S_50] PACK RINNA TOP CORAL | [IBGW2400000038547] [KLATOP06-0269_C_M_M_50] PACK RINNA TOP CORAL | [IBGW2400000038514] [KLATOP04-0269_C_ML_ML_50] PACK HANAN TOP CORAL | [IBGW2400000038317] [KLABOT03-0269_C_M_M_50] PACK MANAMI BOTTOM CORAL | [IBGW2400000038316] [KLABOT03-0269_C_M_M_50] PACK MANAMI BOTTOM CORAL | [IBGW2400000038315] [KLABOT03-0269-M] MANAMI BOTTOM CORAL (M) | [IBGW2400000038314] [KLABOT03-0269-M] MANAMI BOTTOM CORAL (M) | [IBGW2400000038272] [KLABOT03-0020_C_M_M_50] PACK MANAMI BLACK M | [IBGW2400000038270] [KLABOT03-0020_C_M_M_50] PACK MANAMI BLACK M | [IBGW2400000038203] [KLABOT02-0020_C_S_S_50] PACK GINA BLACK S | [IBGW2400000038202] [KLABOT02-0020_C_S_S_50] PACK GINA BLACK S | [IBGW2400000038200] [KLABOT02-0020_C_S_S_50] PACK GINA BLACK S | [IBGW2400000038196] [KLABOT02-0020_C_M_M_50] PACK GINA BLACK M | [IBGW2400000038191] [KLABOT02-0020_C_M_M_50] PACK GINA BLACK M | [IBGW2400000038642] [KLATOP24-0517_C_L_L_50] PACK TAYLOR TOP BLOOM | [IBGW2400000038640] [KLATOP24-0517_C_L_L_50] PACK TAYLOR TOP BLOOM | [IBGW2400000038639] [KLATOP24-0517_C_L_L_50] PACK TAYLOR TOP BLOOM | [IBGW2400000038515] [KLATOP04-0269_C_ML_ML_50] PACK HANAN TOP CORAL | [IBGW2400000038513] [KLATOP04-0269_C_ML_ML_50] PACK HANAN TOP CORAL | [IBGW2400000038512] [KLATOP04-0269_C_ML_ML_50] PACK HANAN TOP CORAL | [IBGW2400000059283] [KLATOP15-0314_C_S_S_50] Pack KAIA TOP SUPERDELIC (S) x 50 unid | [IBGW2400000059276] [KLATOP15-0314_C_M_M_50] Pack KAIA TOP SUPERDELIC (M) x 50 unid | [IBGW2400000059160] [KLABOT03-0005_C_M_M_50] Pack Manami Bottom Indigo Blue (M) x 50 unid
CLAWD/Stock/StorageWD/CLA-049-05-01-03;1175;WHITE;C+D+A;309;280;[IBGW2400000037383] [KLATOP21-0824_C_S_S_50] PACK PAMELA TOP TROPILICIOUS | [IBGW2400000037382] [KLATOP21-0824_C_S_S_50] PACK PAMELA TOP TROPILICIOUS | [IBGW2400000037379] [KLATOP21-0824_C_S_S_50] PACK PAMELA TOP TROPILICIOUS | [IBGW2400000037377] [KLATOP21-0824_C_S_S_50] PACK PAMELA TOP TROPILICIOUS | [IBGW2400000037359] [KLATOP21-0824_C_M_M_50] PACK PAMELA TOP TROPILICIOUS | [IBGW2400000037356] [KLATOP21-0824_C_M_M_50] PACK PAMELA TOP TROPILICIOUS | [IBGW2400000037355] [KLATOP21-0824_C_M_M_50] PACK PAMELA TOP TROPILICIOUS | [IBGW2400000037250] [KLATOP06-0824_C_M_M_50] PACK RINNA TOP TROPILICIOUS | [IBGW2400000037249] [KLATOP06-0824_C_M_M_50] PACK RINNA TOP TROPILICIOUS | [IBGW2400000037246] [KLATOP06-0824_C_M_M_50] PACK RINNA TOP TROPILICIOUS | [IBGW2400000037106] [KLABOT03-0824_C_M_M_50] PACK MANAMI BOTTOM TROPILICIOUS | [IBGW2400000037104] [KLABOT03-0824_C_M_M_50] PACK MANAMI BOTTOM TROPILICIOUS | [IBGW2400000036941] [KATXSAR001-0824_C_25] PACK MALORY SKIRT TROPILICIOUS | [IBGW2400000036938] [KATXSAR001-0824_C_25] PACK MALORY SKIRT TROPILICIOUS | [IBGW2400000036936] [KATXSAR001-0824_C_25] PACK MALORY SKIRT TROPILICIOUS | [IBGW2400000036935] [KATXSAR001-0824_C_25] PACK MALORY SKIRT TROPILICIOUS | [IBGW2400000036934] [KATXSAR001-0824_C_25] PACK MALORY SKIRT TROPILICIOUS | [IBGW2400000042552] [KATXSKI001-0517_C_25] PACK Bonnie Skirt Bloom | [IBGW2400000038497] [KLATOP04-0269_C_ML_ML_50] PACK HANAN TOP CORAL | [IBGW2400000038363] [KLABOT03-0517_C_M_M_50] PACK MANAMI BOTTOM BLOOM | [IBGW2400000038338] [KLABOT03-0269_C_S_S_50] PACK MANAMI BOTTOM CORAL | [IBGW2400000038336] [KLABOT03-0269_C_S_S_50] PACK MANAMI BOTTOM CORAL | [IBGW2400000038280] [KLABOT03-0020_C_S_S_50] PACK MANAMI BLACK S | [IBGW2400000038213] [KLABOT02-0269_C_L_L_50] PACK GINA BOTTOM CORAL | [IBGW2400000038211] [KLABOT02-0269_C_L_L_50] PACK GINA BOTTOM CORAL | [IBGW2400000038163] [KATXSKI001-0269_C_25] PACK BONNIE SKIRT CORAL | [IBGW2400000038161] [KATXSKI001-0269_C_25] PACK BONNIE SKIRT CORAL | [IBGW2400000038160] [KATXSKI001-0269_C_25] PACK BONNIE SKIRT CORAL
CLAWD/Stock/StorageWD/CLA-049-06-01-03;1350;WHITE;C+B+A;309;270;[IBGW2400000038659] [KLATOP24-0517_C_S_S_50] PACK TAYLOR TOP BLOOM | [IBGW2400000038658] [KLATOP24-0517_C_S_S_50] PACK TAYLOR TOP BLOOM | [IBGW2400000038657] [KLATOP24-0517_C_S_S_50] PACK TAYLOR TOP BLOOM | [IBGW2400000038656] [KLATOP24-0517_C_S_S_50] PACK TAYLOR TOP BLOOM | [IBGW2400000038651] [KLATOP24-0517_C_M_M_50] PACK TAYLOR TOP BLOOM | [IBGW2400000038650] [KLATOP24-0517_C_M_M_50] PACK TAYLOR TOP BLOOM | [IBGW2400000038649] [KLATOP24-0517_C_M_M_50] PACK TAYLOR TOP BLOOM | [IBGW2400000038648] [KLATOP24-0517_C_M_M_50] PACK TAYLOR TOP BLOOM | [IBGW2400000038647] [KLATOP24-0517_C_M_M_50] PACK TAYLOR TOP BLOOM | [IBGW2400000038646] [KLATOP24-0517_C_M_M_50] PACK TAYLOR TOP BLOOM | [IBGW2400000038645] [KLATOP24-0517_C_M_M_50] PACK TAYLOR TOP BLOOM | [IBGW2400000038598] [KLATOP21-0020_C_M_M_50] Pack PAMELA TOP BLACK (M) x 50 unid | [IBGW2400000038589] [KLATOP06-0517_C_S_S_50] PACK RINNA TOP BLOOM | [IBGW2400000038580] [KLATOP06-0517_C_M_M_50] PACK RINNA TOP BLOOM | [IBGW2400000038579] [KLATOP06-0517_C_M_M_50] PACK RINNA TOP BLOOM | [IBGW2400000038577] [KLATOP06-0517_C_M_M_50] PACK RINNA TOP BLOOM | [IBGW2400000038567] [KLATOP06-0517_C_M_M_50] PACK RINNA TOP BLOOM | [IBGW2400000038566] [KLATOP06-0517_C_M_M_50] PACK RINNA TOP BLOOM | [IBGW2400000038546] [KLATOP06-0269_C_M_M_50] PACK RINNA TOP CORAL | [IBGW2400000038545] [KLATOP06-0269_C_M_M_50] PACK RINNA TOP CORAL | [IBGW2400000038542] [KLATOP06-0269_C_L_L_50] PACK RINNA TOP CORAL | [IBGW2400000038482] [KLATOP04-0020_C_SM_SM_50] Pack Hanan Top Black (SM) x 50 unid | [IBGW2400000038479] [KLATOP04-0020_C_SM_SM_50] Pack Hanan Top Black (SM) x 50 unid | [IBGW2400000059325] [KLATOP21-0314_C_S_S_50] Pack PAMELA TOP SUPERDELIC (S) x 50 unid | [IBGW2400000059278] [KLATOP15-0314_C_M_M_50] Pack KAIA TOP SUPERDELIC (M) x 50 unid | [IBGW2400000059272] [KLATOP15-0314_C_M_M_50] Pack KAIA TOP SUPERDELIC (M) x 50 unid | [IBGW2400000059129] [KLABOT02-0041_C_S_S_50] Pack GINA BOTTOM WINE (S) x 50 unid
CLAWD/Stock/StorageWD/CLA-049-06-02-02;450;WHITE;D+A;108;90;[IBGW2400000075758] [KAACBEA005-WINE_C_50] PACK Beanie First Wine Kalk | [IBGW2400000075744] [KAACBEA005-RED_C_50] Pack Beanie First Red Kalk x 50 unid | [IBGW2400000075731] [KAACBEA005-RED_C_50] Pack Beanie First Red Kalk x 50 unid | [IBGW2400000075677] [KAACBEA005-GREE_C_50] Pack Beanie First Green Kalk x 50 unid | [IBGW2400000075663] [KAACBEA005-GREE_C_50] Pack Beanie First Green Kalk x 50 unid | [IBGW2400000075662] [KAACBEA005-GREE_C_50] Pack Beanie First Green Kalk x 50 unid | [IBGW2400000075628] [KAACBEA005-FUCH_C_50] Pack Beanie First Fuchsia Kalk x 50 unid | [IBGW2400000075582] [KAACBEA005-BLUE_C_50] Pack Beanie First Blue Kalk x 50 unid | [IBGW2400000075564] [KAACBEA005-BLAC_C_50] Pack Beanie First Black Kalk x 50 unid
CLAWD/Stock/StorageWD/CLA-049-06-02-03;115;WHITE;A+C;725;40;[IBG2023000627938] [KLABAG11-0012_C2_30] Pack Crossbody Bag Fuchsia Kalk (30 pcs) | [IBG2023000627914] [KLABAG11-0012_C2_30] Pack Crossbody Bag Fuchsia Kalk (30 pcs) | [IBG2023000627907] [KLABAG11-0012_C2_30] Pack Crossbody Bag Fuchsia Kalk (30 pcs) | [202200000039] [KLABAG16-0011_C1_25] PACK JELLY BAG PINK KALK 25 U
CLAWD/Stock/StorageWD/CLA-049-07-01-01;490;WHITE;A+B+C+D;725;110;[IBGW2400000028939] [KLATOP04-0018_C_SM_50] PACK HANAN CARDINAL RED S/M | [IBGW2400000028935] [KLATOP04-0018_C_SM_50] PACK HANAN CARDINAL RED S/M | [IBGW2400000028934] [KLATOP23-0314_C_S_S_50] Pack HALEY TOP SUPERDELIC (S) x 50 unid | [IBGW2400000028933] [KLATOP23-0314_C_S_S_50] Pack HALEY TOP SUPERDELIC (S) x 50 unid | [IBG2023001492153] [KLATOP04-0011_C_SM_SM_50] Pack Hanan Top Royal Pink | [IBG2023001492146] [KLATOP04-0011_C_SM_SM_50] Pack Hanan Top Royal Pink | [IBG2023001491972] [KLATOP04-0509_C_SM_50] PACK HANAN ORANGE S/M | [IBG2023001491958] [KLATOP04-0509_C_SM_50] PACK HANAN ORANGE S/M | [IBG2022000566414] [KLATOP04-0011_C_SM_SM_50] Pack Hanan Top Royal Pink | [IBGW2400000113928] [KLBGCRO009-BLAC] FLAPPA BAG BLACK KALK | [IBGW2400000113908] [KLBGCRO009-BLAC] FLAPPA BAG BLACK KALK
CLAWD/Stock/StorageWD/CLA-049-07-01-02;690;WHITE;B+A+D;725;150;[IBG2023001495581] [KLATOP23-0314_C_S_S_50] Pack HALEY TOP SUPERDELIC (S) x 50 unid | [IBG2023001494102] [KLATOP19-0371_C_S_S_50] Pack NELIA TOP FLOWERFUL (S) x 50 unid | [IBG2023001494034] [KLATOP19-0371_C_M_M_50] Pack NELIA TOP FLOWERFUL (M) x 50 unid | [IBG2023001493976] [KLATOP19-0371_C_M_M_50] Pack NELIA TOP FLOWERFUL (M) x 50 unid | [IBG2023001491712] [KLATOP04-0020_C_SM_SM_50] Pack Hanan Top Black (SM) x 50 unid | [IBG2022000531498] [KLABOT02-0302_C_S_S_50] Pack Gina Bottom Golden (S) x 50 unid | [IBG2023001494119] [KLATOP19-0371_C_S_S_50] Pack NELIA TOP FLOWERFUL (S) x 50 unid | [IBG2023001494096] [KLATOP19-0371_C_S_S_50] Pack NELIA TOP FLOWERFUL (S) x 50 unid | [IBG2022000566452] [KLATOP04-0011_C_SM_SM_50] Pack Hanan Top Royal Pink | [IBG2022000566391] [KLATOP04-0011_C_SM_SM_50] Pack Hanan Top Royal Pink | [IBG2022000480581] [KLATOP04-0018_C_SM_50] PACK HANAN CARDINAL RED S/M | [IBG2022000480574] [KLATOP04-0018_C_SM_50] PACK HANAN CARDINAL RED S/M | [IBG2022000480550] [KLATOP04-0018_C_SM_50] PACK HANAN CARDINAL RED S/M | [IBGW2400000114033] [KLBGCRO011-BLAC] MINI BOWLING BAG BLACK KALK | [IBGW2400000114031] [KLBGCRO011-BLAC] MINI BOWLING BAG BLACK KALK
CLAWD/Stock/StorageWD/CLA-049-07-01-03;1590;WHITE;B+C+A;725;340;[IBG2022000482493] [KLATOP04-0020_C_ML_ML_20] Pack Hanan Top Black (ML) x 20 unid | [IBG2022000482424] [KLATOP04-0020_C_ML_ML_20] Pack Hanan Top Black (ML) x 20 unid | [IBGW2400000059207] [KLABOT03-0314_C_S_S_50] Pack MANAMI BOTTOM SUPERDELIC (S) x 50 unid | [IBGW2400000059202] [KLABOT03-0314_C_M_M_50] Pack MANAMI BOTTOM SUPERDELIC (M) x 50 unid | [IBGW2400000059197] [KLABOT03-0314_C_M_M_50] Pack MANAMI BOTTOM SUPERDELIC (M) x 50 unid | [IBGW2400000037372] [KLATOP21-0824_C_M_M_50] PACK PAMELA TOP TROPILICIOUS | [IBGW2400000037371] [KLATOP21-0824_C_M_M_50] PACK PAMELA TOP TROPILICIOUS | [IBGW2400000037363] [KLATOP21-0824_C_M_M_50] PACK PAMELA TOP TROPILICIOUS | [IBGW2400000037362] [KLATOP21-0824_C_M_M_50] PACK PAMELA TOP TROPILICIOUS | [IBGW2400000037353] [KLATOP21-0824_C_L_L_50] PACK PAMELA TOP TROPILICIOUS | [IBGW2400000037349] [KLATOP21-0824_C_L_L_50] PACK PAMELA TOP TROPILICIOUS | [IBGW2400000037348] [KLATOP21-0824_C_L_L_50] PACK PAMELA TOP TROPILICIOUS | [IBGW2400000037347] [KLATOP21-0824_C_L_L_50] PACK PAMELA TOP TROPILICIOUS | [IBGW2400000037346] [KLATOP21-0824_C_L_L_50] PACK PAMELA TOP TROPILICIOUS | [IBGW2400000037345] [KLATOP21-0824_C_L_L_50] PACK PAMELA TOP TROPILICIOUS | [IBGW2400000037344] [KLATOP21-0824_C_L_L_50] PACK PAMELA TOP TROPILICIOUS | [IBGW2400000037343] [KLATOP21-0824_C_L_L_50] PACK PAMELA TOP TROPILICIOUS | [IBGW2400000037342] [KLATOP21-0824_C_L_L_50] PACK PAMELA TOP TROPILICIOUS | [IBGW2400000037286] [KLATOP15-0824_C_S_S_50] PACK KAIA TOP TROPILICIOUS | [IBGW2400000037262] [KLATOP06-0824_C_S_S_50] PACK RINNA TOP TROPILICIOUS | [IBGW2400000037256] [KLATOP06-0824_C_S_S_50] PACK RINNA TOP TROPILICIOUS | [IBGW2400000037181] [KLAONE12-0824_C_M_M_25] PACK MORGAN ONE-PIECE TROPILICIOUS | [IBGW2400000037176] [KLAONE12-0824_C_M_M_25] PACK MORGAN ONE-PIECE TROPILICIOUS | [IBGW2400000037143] [KLABOT03-0824_C_XL_XL_50] PACK MANAMI BOTTOM TROPILICIOUS | [IBGW2400000037090] [KLABOT03-0824_C_L_L_50] PACK MANAMI BOTTOM TROPILICIOUS | [IBGW2400000037027] [KLABOT02-0824_C_S_S_50] PACK GINA BOTTOM TROPILICIOUS | [IBGW2400000037018] [KLABOT02-0824_C_M_M_50] PACK GINA BOTTOM TROPILICIOUS | [IBGW2400000037017] [KLABOT02-0824_C_M_M_50] PACK GINA BOTTOM TROPILICIOUS | [IBGW2400000037013] [KLABOT02-0824_C_M_M_50] PACK GINA BOTTOM TROPILICIOUS | [IBGW2400000037010] [KLABOT02-0824_C_M_M_50] PACK GINA BOTTOM TROPILICIOUS | [IBGW2400000037009] [KLABOT02-0824_C_M_M_50] PACK GINA BOTTOM TROPILICIOUS | [IBGW2400000037007] [KLABOT02-0824_C_M_M_50] PACK GINA BOTTOM TROPILICIOUS | [IBGW2400000037004] [KLABOT02-0824_C_L_L_50] PACK GINA BOTTOM TROPILICIOUS | [IBGW2400000037003] [KLABOT02-0824_C_L_L_50] PACK GINA BOTTOM TROPILICIOUS
CLAWD/Stock/StorageWD/CLA-049-07-02-02;100;WHITE;A+D;612;50;[IBG2023001514558] [KLBGTOT007-BLUE_C_20] Pack Marea Bag Vichy Blue x 20 unid | [IBG2023001513919] [KLBGTOT004-LIME_C_20] Pack Marea Bag Full Lime x 20 unid | [IBG2023001513698] [KLBGTOT004-PINK_C_20] Pack Marea Bag Full Pink x 20 unid | [IBGW2400000113958] [KLBGCRO010-BLAC] CRESCENT BAG BLACK KALK | [IBGW2400000113952] [KLBGCRO010-BLAC] CRESCENT BAG BLACK KALK
CLAWD/Stock/StorageWD/CLA-049-08-01-01;1663;WHITE;B+A+D+C;725;390;[IBG2022000528863] [KLABOT12-0012_C_S_S_40] Pack Bella Bottom Pink (S) x 40 unid | [IBGW2400000059286] [KLATOP15-0314_C_S_S_50] Pack KAIA TOP SUPERDELIC (S) x 50 unid | [IBGW2400000059281] [KLATOP15-0314_C_S_S_50] Pack KAIA TOP SUPERDELIC (S) x 50 unid | [IBGW2400000059215] [KLABOT16-0005_C_S_S_50] Pack GALA BOTTOM INDIGO BLUE (S) x 50 unid | [IBGW2400000059205] [KLABOT03-0314_C_S_S_50] Pack MANAMI BOTTOM SUPERDELIC (S) x 50 unid | [IBGW2400000042549] [KATXSKI001-0517_C_25] PACK Bonnie Skirt Bloom | [IBGW2400000042547] [KATXSKI001-0517_C_25] PACK Bonnie Skirt Bloom | [IBGW2400000042546] [KATXSKI001-0517_C_25] PACK Bonnie Skirt Bloom | [IBGW2400000038644] [KLATOP24-0517_C_M_M_50] PACK TAYLOR TOP BLOOM | [IBGW2400000038550] [KLATOP06-0269_C_M_M_50] PACK RINNA TOP CORAL | [IBGW2400000038517] [KLATOP04-0269_C_ML_ML_50] PACK HANAN TOP CORAL | [IBGW2400000038510] [KLATOP04-0269_C_ML_ML_50] PACK HANAN TOP CORAL | [IBGW2400000038509] [KLATOP04-0269_C_ML_ML_50] PACK HANAN TOP CORAL | [IBGW2400000038412] [KLABOT18-0517_C_S_S_50] PACK MAIRA BOTTOM BLOOM | [IBGW2400000038411] [KLABOT18-0517_C_S_S_50] PACK MAIRA BOTTOM BLOOM | [IBGW2400000038401] [KLABOT18-0517_C_M_M_50] PACK MAIRA BOTTOM BLOOM | [IBGW2400000038399] [KLABOT18-0517_C_M_M_50] PACK MAIRA BOTTOM BLOOM | [IBGW2400000038145] [KATXSAR001-0517_C_25] PACK MALORY SKIRT BLOOM | [IBGW2400000038144] [KATXSAR001-0517_C_25] PACK MALORY SKIRT BLOOM | [IBGW2400000038143] [KATXSAR001-0517_C_25] PACK MALORY SKIRT BLOOM | [IBGW2400000038142] [KATXSAR001-0517_C_25] PACK MALORY SKIRT BLOOM | [IBGW2400000038139] [KATXSAR001-0517_C_25] PACK MALORY SKIRT BLOOM | [IBGW2400000038137] [KATXSAR001-0517_C_25] PACK MALORY SKIRT BLOOM | [IBGW2400000037281] [KLATOP15-0824_C_M_M_50] PACK KAIA TOP TROPILICIOUS | [IBGW2400000037279] [KLATOP15-0824_C_M_M_50] PACK KAIA TOP TROPILICIOUS | [IBGW2400000037278] [KLATOP15-0824_C_M_M_50] PACK KAIA TOP TROPILICIOUS | [IBGW2400000037258] [KLATOP06-0824_C_S_S_50] PACK RINNA TOP TROPILICIOUS | [IBGW2400000037189] [KLAONE12-0824_C_S_S_25] PACK MORGAN ONE-PIECE TROPILICIOUS | [IBGW2400000037187] [KLAONE12-0824_C_S_S_25] PACK MORGAN ONE-PIECE TROPILICIOUS | [IBGW2400000037127] [KLABOT03-0824_C_S_S_50] PACK MANAMI BOTTOM TROPILICIOUS | [IBGW2400000037098] [KLABOT03-0824_C_L_L_50] PACK MANAMI BOTTOM TROPILICIOUS | [IBGW2400000037097] [KLABOT03-0824_C_L_L_50] PACK MANAMI BOTTOM TROPILICIOUS | [IBGW2400000037094] [KLABOT03-0824_C_L_L_50] PACK MANAMI BOTTOM TROPILICIOUS | [IBGW2400000037040] [KLABOT03-0005_C_S_S_50] Pack Manami Bottom Indigo Blue (S) x 50 unid | [IBGW2400000037015] [KLABOT02-0824_C_M_M_50] PACK GINA BOTTOM TROPILICIOUS | [IBGW2400000037005] [KLABOT02-0824-L] GINA BOTTOM TROPILICIOUS (L) | [IBGW2400000038606] [KLATOP21-0269_C_L_L_50] PACK PAMELA TOP CORAL | [IBGW2400000038552] [KLATOP06-0269_C_M_M_50] PACK RINNA TOP CORAL | [IBGW2400000038500] [KLATOP04-0269_C_ML_ML_50] PACK HANAN TOP CORAL
CLAWD/Stock/StorageWD/CLA-049-08-01-02;1230;WHITE;A+C+B;725;280;[IBG2023001491316] [KLATOP02-0041_C_S_S_10] Pack Ena Top Wine (S) x 10 unid | [IBG2023001491149] [KLATOP02-0041_C_L_L_40] Pack ENA TOP WINE (L) x 40 unid | [IBG2023001490289] [KLATOP01-0020-S] Akira Top Black (S) | [IBG2022000567626] [KLATOP19-0160_C_S_S_50] Pack Nelia Top Colorful (S) x 50 unid | [IBG2022000567596] [KLATOP19-0160_C_S_S_50] Pack Nelia Top Colorful (S) x 50 unid | [IBG2022000567534] [KLATOP19-0160_C_S_S_50] Pack Nelia Top Colorful (S) x 50 unid | [IBG2022000567527] [KLATOP19-0160_C_S_S_50] Pack Nelia Top Colorful (S) x 50 unid | [IBG2022000566667] [KLATOP04-0006_C_SM_SM_50] Pack Hanan Top Yellow (SM) x 50 unid | [IBG2022000566544] [KLATOP04-0011_C_ML_50] PACK HANAN ROYAL PINK M/L | [IBG2022000566506] [KLATOP04-0011_C_ML_50] PACK HANAN ROYAL PINK M/L | [IBG2022000566490] [KLATOP04-0011_C_ML_50] PACK HANAN ROYAL PINK M/L | [IBG2022000566438] [KLATOP04-0011_C_SM_SM_50] Pack Hanan Top Royal Pink | [IBG2022000566377] [KLATOP04-0011_C_SM_SM_50] Pack Hanan Top Royal Pink | [IBG2023001496519] [KLABOT01-0314_C_L_L_30] Pack KAME BOTTOM SUPERDELIC (L) x 30 unid | [IBG2022000568869] [KLABOT02-0006_C_S_S_50] Pack Gina Bottom Yellow (S) x 50 unid | [IBG2022000532679] [KLABOT10-0520_C_S_S_50] Pack Kala Bottom Black&White (S) x 50 unid | [IBG2023001500353] [KLABOT03-0371_C_S_S_15] Pack MANAMI BOTTOM FLOWERFUL (S) x 15 unid | [IBG2023001500339] [KLABOT03-0371_C_S_S_50] Pack MANAMI BOTTOM FLOWERFUL (S) x 50 unid | [IBG2023001500315] [KLABOT03-0371_C_S_S_50] Pack MANAMI BOTTOM FLOWERFUL (S) x 50 unid | [IBG2023001500285] [KLABOT03-0371_C_S_S_50] Pack MANAMI BOTTOM FLOWERFUL (S) x 50 unid | [IBG2023001500247] [KLABOT03-0371_C_M_M_50] Pack MANAMI BOTTOM FLOWERFUL (M) x 50 unid | [IBG2023001500209] [KLABOT03-0371_C_M_M_50] Pack MANAMI BOTTOM FLOWERFUL (M) x 50 unid | [IBG2022000566643] [KLATOP04-0006_C_SM_SM_50] Pack Hanan Top Yellow (SM) x 50 unid | [IBG2022000532273] [KLABOT03-0005_C_S_S_50] Pack Manami Bottom Indigo Blue (S) x 50 unid | [IBG2022000532235] [KLABOT03-0005_C_S_S_50] Pack Manami Bottom Indigo Blue (S) x 50 unid | [IBG2022000482318] [KLATOP17-0012_C_M_M_30] Pack Lira Top Pink&Green (M) x 30 unid | [IBG2022000481922] [KLATOP17-0012_C_S_S_40] Pack Lira Top Pink&Green (S) x 40 unid | [IBG2022000566599] [KLATOP04-0006_C_SM_SM_50] Pack Hanan Top Yellow (SM) x 50 unid
CLAWD/Stock/StorageWD/CLA-049-08-01-03;150;WHITE;D+A;96;60;[IBGW2400000077171] [KAACSCA012-GREE_C_25] PACK Scarf Vision Green & Fuchsia Kalk | [IBGW2400000077164] [KAACSCA012-GREE_C_25] PACK Scarf Vision Green & Fuchsia Kalk | [IBGW2400000077150] [KAACSCA012-GREE_C_25] PACK Scarf Vision Green & Fuchsia Kalk | [IBGW2400000077126] [KAACSCA011-RED_C_25] Pack Scarf First Red Kalk x 25 unid | [IBGW2400000077124] [KAACSCA011-RED_C_25] Pack Scarf First Red Kalk x 25 unid | [IBGW2400000076946] [KAACSCA004-FUCH_C_25] Pack Scarf Vibrant Kalk x 25 unid
CLAWD/Stock/StorageWD/CLA-049-08-02-01;212;WHITE;B+D+A;725;110;[IBG2023000590089] [KLBGCRO003-BLAC_C_24] Pack Relaxed Bag Black Kalk x 24 unid | [IBG2023000589991] [KLBGCRO003-BLAC_C_24] Pack Relaxed Bag Black Kalk x 24 unid | [IBGW2400000038702] [KLBGTOT008-GREE_C_20] PACK ARENA BAG GREEN | [IBGW2400000038701] [KLBGTOT008-GREE_C_20] PACK ARENA BAG GREEN | [IBGW2400000038699] [KLBGTOT008-GREE_C_20] PACK ARENA BAG GREEN | [IBGW2400000038693] [KLBGTOT008-GREE_C_20] PACK ARENA BAG GREEN | [IBG2023001091509] [KLBGCRO003-DENI_C_24] Pack Relaxed Bag Denim Kalk x 24 unid | [IBG2023001091479] [KLBGCRO003-DENI_C_24] Pack Relaxed Bag Denim Kalk x 24 unid | [IBG2023000628232] [KLABAG14-0011_C1_12] Pack Must Bag Pink Kalk (12 pcs) | [IBG2023000628218] [KLABAG14-0011_C1_12] Pack Must Bag Pink Kalk (12 pcs) | [IBG2023000628201] [KLABAG14-0011_C1_12] Pack Must Bag Pink Kalk (12 pcs)
CLAWD/Stock/StorageWD/CLA-049-08-02-02;1050;WHITE;D+A;108;210;[IBGW2400000075764] [KAACBEA005-WINE_C_50] PACK Beanie First Wine Kalk | [IBGW2400000075752] [KAACBEA005-WINE_C_50] PACK Beanie First Wine Kalk | [IBGW2400000075745] [KAACBEA005-RED_C_50] Pack Beanie First Red Kalk x 50 unid | [IBGW2400000075743] [KAACBEA005-RED_C_50] Pack Beanie First Red Kalk x 50 unid | [IBGW2400000075738] [KAACBEA005-RED_C_50] Pack Beanie First Red Kalk x 50 unid | [IBGW2400000075665] [KAACBEA005-GREE_C_50] Pack Beanie First Green Kalk x 50 unid | [IBGW2400000075664] [KAACBEA005-GREE_C_50] Pack Beanie First Green Kalk x 50 unid | [IBGW2400000075656] [KAACBEA005-GREE_C_50] Pack Beanie First Green Kalk x 50 unid | [IBGW2400000075648] [KAACBEA005-FUCH_C_50] Pack Beanie First Fuchsia Kalk x 50 unid | [IBGW2400000075645] [KAACBEA005-FUCH_C_50] Pack Beanie First Fuchsia Kalk x 50 unid | [IBGW2400000075638] [KAACBEA005-FUCH_C_50] Pack Beanie First Fuchsia Kalk x 50 unid | [IBGW2400000075617] [KAACBEA005-FUCH_C_50] Pack Beanie First Fuchsia Kalk x 50 unid | [IBGW2400000075611] [KAACBEA005-FUCH_C_50] Pack Beanie First Fuchsia Kalk x 50 unid | [IBGW2400000075601] [KAACBEA005-FUCH_C_50] Pack Beanie First Fuchsia Kalk x 50 unid | [IBGW2400000075600] [KAACBEA005-FUCH_C_50] Pack Beanie First Fuchsia Kalk x 50 unid | [IBGW2400000075599] [KAACBEA005-FUCH_C_50] Pack Beanie First Fuchsia Kalk x 50 unid | [IBGW2400000075596] [KAACBEA005-FUCH_C_50] Pack Beanie First Fuchsia Kalk x 50 unid | [IBGW2400000075585] [KAACBEA005-BLUE_C_50] Pack Beanie First Blue Kalk x 50 unid | [IBGW2400000075583] [KAACBEA005-BLUE_C_50] Pack Beanie First Blue Kalk x 50 unid | [IBGW2400000075567] [KAACBEA005-BLAC_C_50] Pack Beanie First Black Kalk x 50 unid | [IBGW2400000075563] [KAACBEA005-BLAC_C_50] Pack Beanie First Black Kalk x 50 unid
CLAWD/Stock/StorageWD/CLA-049-09-01-01;400;WHITE;A+D;96;160;[IBGW2400000077252] [KAACSCA016-ORAN_C_25] Pack Scarf Mirage Orange Kalk x 25 unid | [IBGW2400000077251] [KAACSCA016-ORAN_C_25] Pack Scarf Mirage Orange Kalk x 25 unid | [IBGW2400000077245] [KAACSCA016-ORAN_C_25] Pack Scarf Mirage Orange Kalk x 25 unid | [IBGW2400000077243] [KAACSCA016-ORAN_C_25] Pack Scarf Mirage Orange Kalk x 25 unid | [IBGW2400000077240] [KAACSCA016-ORAN_C_25] Pack Scarf Mirage Orange Kalk x 25 unid | [IBGW2400000077238] [KAACSCA016-ORAN_C_25] Pack Scarf Mirage Orange Kalk x 25 unid | [IBGW2400000077235] [KAACSCA016-MULT_C_25] PACK Scarf Mirage Multicolor Kalk | [IBGW2400000077234] [KAACSCA016-MULT_C_25] PACK Scarf Mirage Multicolor Kalk | [IBGW2400000077233] [KAACSCA016-MULT_C_25] PACK Scarf Mirage Multicolor Kalk | [IBGW2400000077232] [KAACSCA016-MULT_C_25] PACK Scarf Mirage Multicolor Kalk | [IBGW2400000077231] [KAACSCA016-MULT_C_25] PACK Scarf Mirage Multicolor Kalk | [IBGW2400000077229] [KAACSCA016-MULT_C_25] PACK Scarf Mirage Multicolor Kalk | [IBGW2400000077227] [KAACSCA016-MULT_C_25] PACK Scarf Mirage Multicolor Kalk | [IBGW2400000077226] [KAACSCA016-MULT_C_25] PACK Scarf Mirage Multicolor Kalk | [IBGW2400000077225] [KAACSCA016-MULT_C_25] PACK Scarf Mirage Multicolor Kalk | [IBGW2400000077224] [KAACSCA016-MULT_C_25] PACK Scarf Mirage Multicolor Kalk
CLAWD/Stock/StorageWD/CLA-049-09-02-01;850;WHITE;A+D;108;170;[IBGW2400000075742] [KAACBEA005-RED_C_50] Pack Beanie First Red Kalk x 50 unid | [IBGW2400000075724] [KAACBEA005-RED_C_50] Pack Beanie First Red Kalk x 50 unid | [IBGW2400000075723] [KAACBEA005-RED_C_50] Pack Beanie First Red Kalk x 50 unid | [IBGW2400000075722] [KAACBEA005-PINK_C_50] PACK Beanie First Pink Kalk | [IBGW2400000075714] [KAACBEA005-PINK_C_50] PACK Beanie First Pink Kalk | [IBGW2400000075713] [KAACBEA005-PINK_C_50] PACK Beanie First Pink Kalk | [IBGW2400000075711] [KAACBEA005-PINK_C_50] PACK Beanie First Pink Kalk | [IBGW2400000075701] [KAACBEA005-ORAN_C_50] PACK Beanie First Orange Kalk | [IBGW2400000075679] [KAACBEA005-GREY_C_50] PACK Beanie First Grey Kalk | [IBGW2400000075672] [KAACBEA005-GREE_C_50] Pack Beanie First Green Kalk x 50 unid | [IBGW2400000075639] [KAACBEA005-FUCH_C_50] Pack Beanie First Fuchsia Kalk x 50 unid | [IBGW2400000075636] [KAACBEA005-FUCH_C_50] Pack Beanie First Fuchsia Kalk x 50 unid | [IBGW2400000075635] [KAACBEA005-FUCH_C_50] Pack Beanie First Fuchsia Kalk x 50 unid | [IBGW2400000075631] [KAACBEA005-FUCH_C_50] Pack Beanie First Fuchsia Kalk x 50 unid | [IBGW2400000075629] [KAACBEA005-FUCH_C_50] Pack Beanie First Fuchsia Kalk x 50 unid | [IBGW2400000075595] [KAACBEA005-FUCH_C_50] Pack Beanie First Fuchsia Kalk x 50 unid | [IBGW2400000075578] [KAACBEA005-BLUE_C_50] Pack Beanie First Blue Kalk x 50 unid
CLAWD/Stock/StorageWD/CLA-049-09-02-03;1150;WHITE;D+A;108;230;[IBGW2400000075757] [KAACBEA005-WINE_C_50] PACK Beanie First Wine Kalk | [IBGW2400000075736] [KAACBEA005-RED_C_50] Pack Beanie First Red Kalk x 50 unid | [IBGW2400000075726] [KAACBEA005-RED_C_50] Pack Beanie First Red Kalk x 50 unid | [IBGW2400000075712] [KAACBEA005-PINK_C_50] PACK Beanie First Pink Kalk | [IBGW2400000075710] [KAACBEA005-PINK_C_50] PACK Beanie First Pink Kalk | [IBGW2400000075696] [KAACBEA005-ORAN_C_50] PACK Beanie First Orange Kalk | [IBGW2400000075691] [KAACBEA005-ORAN_C_50] PACK Beanie First Orange Kalk | [IBGW2400000075674] [KAACBEA005-GREE_C_50] Pack Beanie First Green Kalk x 50 unid | [IBGW2400000075666] [KAACBEA005-GREE_C_50] Pack Beanie First Green Kalk x 50 unid | [IBGW2400000075661] [KAACBEA005-GREE_C_50] Pack Beanie First Green Kalk x 50 unid | [IBGW2400000075659] [KAACBEA005-GREE_C_50] Pack Beanie First Green Kalk x 50 unid | [IBGW2400000075657] [KAACBEA005-GREE_C_50] Pack Beanie First Green Kalk x 50 unid | [IBGW2400000075644] [KAACBEA005-FUCH_C_50] Pack Beanie First Fuchsia Kalk x 50 unid | [IBGW2400000075634] [KAACBEA005-FUCH_C_50] Pack Beanie First Fuchsia Kalk x 50 unid | [IBGW2400000075633] [KAACBEA005-FUCH_C_50] Pack Beanie First Fuchsia Kalk x 50 unid | [IBGW2400000075625] [KAACBEA005-FUCH_C_50] Pack Beanie First Fuchsia Kalk x 50 unid | [IBGW2400000075624] [KAACBEA005-FUCH_C_50] Pack Beanie First Fuchsia Kalk x 50 unid | [IBGW2400000075622] [KAACBEA005-FUCH_C_50] Pack Beanie First Fuchsia Kalk x 50 unid | [IBGW2400000075613] [KAACBEA005-FUCH_C_50] Pack Beanie First Fuchsia Kalk x 50 unid | [IBGW2400000075608] [KAACBEA005-FUCH_C_50] Pack Beanie First Fuchsia Kalk x 50 unid | [IBGW2400000075606] [KAACBEA005-FUCH_C_50] Pack Beanie First Fuchsia Kalk x 50 unid | [IBGW2400000075575] [KAACBEA005-BLUE_C_50] Pack Beanie First Blue Kalk x 50 unid | [IBGW2400000075568] [KAACBEA005-BLAC_C_50] Pack Beanie First Black Kalk x 50 unid
CLABD/Stock/StorageBD/CLA-050-04-01-02;30;BLACK;D+A;128;30;[IBGB2400000570189] [DFSH391010-BLAC_C_37_37_10] PACK ALL TRACK CHELSEA BLACK | [IBGB2400000570056] [DFSH391001-BLAC_C_37_37_10] PACK All Track Full Black | [IBGB2400000570053] [DFSH391001-BLAC_C_37_37_10] PACK All Track Full Black
CLABD/Stock/StorageBD/CLA-050-04-02-02;30;BLACK;D+A;128;30;[IBGB2400000570193] [DFSH391010-BLAC_C_38_38_10] PACK ALL TRACK CHELSEA BLACK | [IBGB2400000570101] [DFSH391001-BLAC_C_40_40_10] PACK All Track Full Black | [IBGB2400000570049] [DFSH391001-BLAC_C_36_36_10] PACK All Track Full Black
CLABD/Stock/StorageBD/CLA-050-04-03-02;50;BLACK;D+A;128;50;[IBGB2400000570264] [DFSH391010-BROW_C_40_40_10] PACK ALL TRACK CHELSEA BROWN | [IBGB2400000570222] [DFSH391010-BLAC_C_40_40_10] PACK ALL TRACK CHELSEA BLACK | [IBGB2400000570116] [DFSH391001-BLAC_C_41_41_10] PACK All Track Full Black | [IBGB2400000570110] [DFSH391001-BLAC_C_40_40_10] PACK All Track Full Black | [IBGB2400000570106] [DFSH391001-BLAC_C_40_40_10] PACK All Track Full Black
CLABD/Stock/StorageBD/CLA-050-05-02-03;950;BLACK;A+D;67;95;[IBGB2400000630031] [DFKSUN0181-0804_C_UNI_UNI_50] Pack Ultra Light SQ Med Black / G15 | [IBGB2400000630030] [DFKSUN0181-0804_C_UNI_UNI_50] Pack Ultra Light SQ Med Black / G15 | [IBGB2400000629864] [DFSU917001-TRAN_C_50] Pack ULTRA LIGHT SQ HIGH TRANSPARENT / G15 x 50 unid | [IBGB2400000629862] [DFSU917001-TRAN_C_50] Pack ULTRA LIGHT SQ HIGH TRANSPARENT / G15 x 50 unid | [IBGB2400000629354] [DFKSUN0211-0802_C_50] Pack Ultra Light S Round Havana / Brown x 50 unid | [IBGB2400000629351] [DFKSUN0211-0802_C_50] Pack Ultra Light S Round Havana / Brown x 50 unid | [IBGB2400000629349] [DFKSUN0211-0802_C_50] Pack Ultra Light S Round Havana / Brown x 50 unid | [IBGB2400000629348] [DFKSUN0211-0802_C_50] Pack Ultra Light S Round Havana / Brown x 50 unid | [IBGB2400000629227] [DFSU934001-GREE_C_50] PACK Ultra Light Round Green / Black | [IBGB2400000629225] [DFSU934001-GREE_C_50] PACK Ultra Light Round Green / Black | [IBGB2400000629224] [DFSU934001-GREE_C_50] PACK Ultra Light Round Green / Black | [IBGB2400000629223] [DFSU934001-GREE_C_50] PACK Ultra Light Round Green / Black | [IBGB2400000629220] [DFSU934001-GREE_C_50] PACK Ultra Light Round Green / Black | [IBGB2400000629217] [DFSU934001-GREE_C_50] PACK Ultra Light Round Green / Black | [IBGB2400000628358] [DFSU921001-GREE_C_50] Pack JIGGY CRYSTAL GREEN / SMOKE x 50 unid | [IBGB2400000628357] [DFSU921001-GREE_C_50] Pack JIGGY CRYSTAL GREEN / SMOKE x 50 unid | [IBGB2400000628355] [DFSU921001-GREE_C_50] Pack JIGGY CRYSTAL GREEN / SMOKE x 50 unid | [IBGB2400000628342] [DFSU921001-GREE_C_50] Pack JIGGY CRYSTAL GREEN / SMOKE x 50 unid | [IBGB2400000628341] [DFSU921001-GREE_C_50] Pack JIGGY CRYSTAL GREEN / SMOKE x 50 unid
CLABD/Stock/StorageBD/CLA-050-07-01-01;42;BLACK;A+D;128;40;[IBGB2400000570370] [DFSH391001-BLAC_C_36_41_12] PackALL TRACK BASIC BLACK | [IBGB2400000570370] [DFSH391001-BLAC_C_36_41_12] PackALL TRACK BASIC BLACK | [IBGB2400000570370] [DFSH391001-BLAC_C_36_41_12] PackALL TRACK BASIC BLACK | [IBGB2400000570370] [DFSH391001-BLAC_C_36_41_12] PackALL TRACK BASIC BLACK | [IBGB2400000570370] [DFSH391001-BLAC_C_36_41_12] PackALL TRACK BASIC BLACK | [IBGB2400000570370] [DFSH391001-BLAC_C_36_41_12] PackALL TRACK BASIC BLACK | [IBGB2400000570183] [DFSH391010-BLAC_C_37_37_10] PACK ALL TRACK CHELSEA BLACK | [IBGB2400000570080] [DFSH391001-BLAC_C_38_38_10] PACK All Track Full Black | [IBGB2400000570055] [DFSH391001-BLAC_C_37_37_10] PACK All Track Full Black
CLABD/Stock/StorageBD/CLA-050-07-01-02;32;BLACK;D+A;128;30;[IBGB2400000570523] [DFSH391013-BLAC_C_36_41_12] PACK ALL TRACK BIKER HIGH BLACK | [IBGB2400000570523] [DFSH391013-BLAC_C_36_41_12] PACK ALL TRACK BIKER HIGH BLACK | [IBGB2400000570523] [DFSH391013-BLAC_C_36_41_12] PACK ALL TRACK BIKER HIGH BLACK | [IBGB2400000570523] [DFSH391013-BLAC_C_36_41_12] PACK ALL TRACK BIKER HIGH BLACK | [IBGB2400000570523] [DFSH391013-BLAC_C_36_41_12] PACK ALL TRACK BIKER HIGH BLACK | [IBGB2400000570523] [DFSH391013-BLAC_C_36_41_12] PACK ALL TRACK BIKER HIGH BLACK | [IBGB2400000570079] [DFSH391001-BLAC_C_38_38_10] PACK All Track Full Black | [IBGB2400000570067] [DFSH391001-BLAC_C_38_38_10] PACK All Track Full Black
CLABD/Stock/StorageBD/CLA-050-07-02-03;70;BLACK;D+A;128;60;[IBGB2400000570539] [DFSH391013-BLAC_C_36_41_12] PACK ALL TRACK BIKER HIGH BLACK | [IBGB2400000570539] [DFSH391013-BLAC_C_36_41_12] PACK ALL TRACK BIKER HIGH BLACK | [IBGB2400000570539] [DFSH391013-BLAC_C_36_41_12] PACK ALL TRACK BIKER HIGH BLACK | [IBGB2400000570539] [DFSH391013-BLAC_C_36_41_12] PACK ALL TRACK BIKER HIGH BLACK | [IBGB2400000570539] [DFSH391013-BLAC_C_36_41_12] PACK ALL TRACK BIKER HIGH BLACK | [IBGB2400000570539] [DFSH391013-BLAC_C_36_41_12] PACK ALL TRACK BIKER HIGH BLACK | [IBGB2400000570466] [DFSH391012-BEIG_C_36_41_12] PACK ALL TRACK STRAP BEIGE | [IBGB2400000570466] [DFSH391012-BEIG_C_36_41_12] PACK ALL TRACK STRAP BEIGE | [IBGB2400000570466] [DFSH391012-BEIG_C_36_41_12] PACK ALL TRACK STRAP BEIGE | [IBGB2400000570466] [DFSH391012-BEIG_C_36_41_12] PACK ALL TRACK STRAP BEIGE | [IBGB2400000570466] [DFSH391012-BEIG_C_36_41_12] PACK ALL TRACK STRAP BEIGE | [IBGB2400000570466] [DFSH391012-BEIG_C_36_41_12] PACK ALL TRACK STRAP BEIGE | [IBGB2400000570459] [DFSH391011-KHAK_C_36_41_12] PACK ALL TRACK ZIP KHAKI | [IBGB2400000570459] [DFSH391011-KHAK_C_36_41_12] PACK ALL TRACK ZIP KHAKI | [IBGB2400000570459] [DFSH391011-KHAK_C_36_41_12] PACK ALL TRACK ZIP KHAKI | [IBGB2400000570459] [DFSH391011-KHAK_C_36_41_12] PACK ALL TRACK ZIP KHAKI | [IBGB2400000570459] [DFSH391011-KHAK_C_36_41_12] PACK ALL TRACK ZIP KHAKI | [IBGB2400000570459] [DFSH391011-KHAK_C_36_41_12] PACK ALL TRACK ZIP KHAKI | [IBGB2400000570454] [DFSH391011-KHAK_C_36_41_12] PACK ALL TRACK ZIP KHAKI | [IBGB2400000570454] [DFSH391011-KHAK_C_36_41_12] PACK ALL TRACK ZIP KHAKI | [IBGB2400000570454] [DFSH391011-KHAK_C_36_41_12] PACK ALL TRACK ZIP KHAKI | [IBGB2400000570454] [DFSH391011-KHAK_C_36_41_12] PACK ALL TRACK ZIP KHAKI | [IBGB2400000570454] [DFSH391011-KHAK_C_36_41_12] PACK ALL TRACK ZIP KHAKI | [IBGB2400000570454] [DFSH391011-KHAK_C_36_41_12] PACK ALL TRACK ZIP KHAKI | [IBGB2400000570368] [DFSH391001-BLAC_C_36_41_12] PackALL TRACK BASIC BLACK | [IBGB2400000570368] [DFSH391001-BLAC_C_36_41_12] PackALL TRACK BASIC BLACK | [IBGB2400000570368] [DFSH391001-BLAC_C_36_41_12] PackALL TRACK BASIC BLACK | [IBGB2400000570368] [DFSH391001-BLAC_C_36_41_12] PackALL TRACK BASIC BLACK | [IBGB2400000570368] [DFSH391001-BLAC_C_36_41_12] PackALL TRACK BASIC BLACK | [IBGB2400000570368] [DFSH391001-BLAC_C_36_41_12] PackALL TRACK BASIC BLACK | [IBGB2400000570217] [DFSH391010-BLAC_C_40_40_10] PACK ALL TRACK CHELSEA BLACK
CLABD/Stock/StorageBD/CLA-051-05-01-01;120;BLACK;A+D;172;100;[IBGB2400000548444] [DFSH371004-BLAC_C_38_38_12] Pack Nordic V.2 Basic Low Black (38) x 12 unid | [IBGB2400000548442] [DFSH371004-BLAC_C_38_38_12] Pack Nordic V.2 Basic Low Black (38) x 12 unid | [IBGB2400000548429] [DFSH371004-BLAC_C_38_38_12] Pack Nordic V.2 Basic Low Black (38) x 12 unid | [IBGB2400000548426] [DFSH371004-BLAC_C_38_38_12] Pack Nordic V.2 Basic Low Black (38) x 12 unid | [IBGB2400000548425] [DFSH371004-BLAC_C_38_38_12] Pack Nordic V.2 Basic Low Black (38) x 12 unid | [IBGB2400000548421] [DFSH371004-BLAC_C_38_38_12] Pack Nordic V.2 Basic Low Black (38) x 12 unid | [IBGB2400000548415] [DFSH371004-BLAC_C_38_38_12] Pack Nordic V.2 Basic Low Black (38) x 12 unid | [IBGB2400000545916] [DFSH370021-BEIG_C_42_42_12] PACK NORDIC LOW BASIC BEIGE | [IBGB2400000545912] [DFSH370021-BEIG_C_42_42_12] PACK NORDIC LOW BASIC BEIGE | [IBGB2400000545909] [DFSH370021-BEIG_C_41_41_12] PACK NORDIC LOW BASIC BEIGE
CLABD/Stock/StorageBD/CLA-051-09-02-03;60;BLACK;D+A;212;50;[IBGB2400000504494] [DFSH370021-TAN_C_36_41_12] PACK NORDIC LOW BASIC TAN | [IBGB2400000504494] [DFSH370021-TAN_C_36_41_12] PACK NORDIC LOW BASIC TAN | [IBGB2400000504494] [DFSH370021-TAN_C_36_41_12] PACK NORDIC LOW BASIC TAN | [IBGB2400000504494] [DFSH370021-TAN_C_36_41_12] PACK NORDIC LOW BASIC TAN | [IBGB2400000504494] [DFSH370021-TAN_C_36_41_12] PACK NORDIC LOW BASIC TAN | [IBGB2400000504494] [DFSH370021-TAN_C_36_41_12] PACK NORDIC LOW BASIC TAN | [IBGB2400000503960] [DFSH370011-BLAC_C_36_41_12] PackNORDIC TRK FUR LOW BLACK  | [IBGB2400000503960] [DFSH370011-BLAC_C_36_41_12] PackNORDIC TRK FUR LOW BLACK  | [IBGB2400000503960] [DFSH370011-BLAC_C_36_41_12] PackNORDIC TRK FUR LOW BLACK  | [IBGB2400000503960] [DFSH370011-BLAC_C_36_41_12] PackNORDIC TRK FUR LOW BLACK  | [IBGB2400000503960] [DFSH370011-BLAC_C_36_41_12] PackNORDIC TRK FUR LOW BLACK  | [IBGB2400000503960] [DFSH370011-BLAC_C_36_41_12] PackNORDIC TRK FUR LOW BLACK  | [IBGB2400000503713] [DFSH370011-BEIG_C_36_41_12] PackNORDIC TRK FUR LOW BEIGE | [IBGB2400000503713] [DFSH370011-BEIG_C_36_41_12] PackNORDIC TRK FUR LOW BEIGE | [IBGB2400000503713] [DFSH370011-BEIG_C_36_41_12] PackNORDIC TRK FUR LOW BEIGE | [IBGB2400000503713] [DFSH370011-BEIG_C_36_41_12] PackNORDIC TRK FUR LOW BEIGE | [IBGB2400000503713] [DFSH370011-BEIG_C_36_41_12] PackNORDIC TRK FUR LOW BEIGE | [IBGB2400000503713] [DFSH370011-BEIG_C_36_41_12] PackNORDIC TRK FUR LOW BEIGE | [IBGB2400000504231] [DFSH370011-BROW_C_36_41_12] PackNORDIC TRK FUR LOW BROWN  | [IBGB2400000504231] [DFSH370011-BROW_C_36_41_12] PackNORDIC TRK FUR LOW BROWN  | [IBGB2400000504231] [DFSH370011-BROW_C_36_41_12] PackNORDIC TRK FUR LOW BROWN  | [IBGB2400000504231] [DFSH370011-BROW_C_36_41_12] PackNORDIC TRK FUR LOW BROWN  | [IBGB2400000504231] [DFSH370011-BROW_C_36_41_12] PackNORDIC TRK FUR LOW BROWN  | [IBGB2400000504231] [DFSH370011-BROW_C_36_41_12] PackNORDIC TRK FUR LOW BROWN  | [IBGB2400000504803] [DFSH371004-BLAC_C_36_41_12] Pack BOOTS NORDIC.V2 BASIC LOW BLACK | [IBGB2400000504803] [DFSH371004-BLAC_C_36_41_12] Pack BOOTS NORDIC.V2 BASIC LOW BLACK | [IBGB2400000504803] [DFSH371004-BLAC_C_36_41_12] Pack BOOTS NORDIC.V2 BASIC LOW BLACK | [IBGB2400000504803] [DFSH371004-BLAC_C_36_41_12] Pack BOOTS NORDIC.V2 BASIC LOW BLACK | [IBGB2400000504803] [DFSH371004-BLAC_C_36_41_12] Pack BOOTS NORDIC.V2 BASIC LOW BLACK | [IBGB2400000504803] [DFSH371004-BLAC_C_36_41_12] Pack BOOTS NORDIC.V2 BASIC LOW BLACK
CLABD/Stock/StorageBD/CLA-052-01-01-03;72;BLACK;D+A;212;60;[IBGB2400000570507] [DFSH391012-BLAC_C_36_41_12] PACK ALL TRACK STRAP BALCK | [IBGB2400000570507] [DFSH391012-BLAC_C_36_41_12] PACK ALL TRACK STRAP BALCK | [IBGB2400000570507] [DFSH391012-BLAC_C_36_41_12] PACK ALL TRACK STRAP BALCK | [IBGB2400000570507] [DFSH391012-BLAC_C_36_41_12] PACK ALL TRACK STRAP BALCK | [IBGB2400000570507] [DFSH391012-BLAC_C_36_41_12] PACK ALL TRACK STRAP BALCK | [IBGB2400000570507] [DFSH391012-BLAC_C_36_41_12] PACK ALL TRACK STRAP BALCK | [IBGB2400000570506] [DFSH391012-BLAC_C_36_41_12] PACK ALL TRACK STRAP BALCK | [IBGB2400000570506] [DFSH391012-BLAC_C_36_41_12] PACK ALL TRACK STRAP BALCK | [IBGB2400000570506] [DFSH391012-BLAC_C_36_41_12] PACK ALL TRACK STRAP BALCK | [IBGB2400000570506] [DFSH391012-BLAC_C_36_41_12] PACK ALL TRACK STRAP BALCK | [IBGB2400000570506] [DFSH391012-BLAC_C_36_41_12] PACK ALL TRACK STRAP BALCK | [IBGB2400000570506] [DFSH391012-BLAC_C_36_41_12] PACK ALL TRACK STRAP BALCK | [IBGB2400000570493] [DFSH391012-BLAC_C_36_41_12] PACK ALL TRACK STRAP BALCK | [IBGB2400000570493] [DFSH391012-BLAC_C_36_41_12] PACK ALL TRACK STRAP BALCK | [IBGB2400000570493] [DFSH391012-BLAC_C_36_41_12] PACK ALL TRACK STRAP BALCK | [IBGB2400000570493] [DFSH391012-BLAC_C_36_41_12] PACK ALL TRACK STRAP BALCK | [IBGB2400000570493] [DFSH391012-BLAC_C_36_41_12] PACK ALL TRACK STRAP BALCK | [IBGB2400000570493] [DFSH391012-BLAC_C_36_41_12] PACK ALL TRACK STRAP BALCK | [IBGB2400000570483] [DFSH391012-BEIG_C_36_41_12] PACK ALL TRACK STRAP BEIGE | [IBGB2400000570483] [DFSH391012-BEIG_C_36_41_12] PACK ALL TRACK STRAP BEIGE | [IBGB2400000570483] [DFSH391012-BEIG_C_36_41_12] PACK ALL TRACK STRAP BEIGE | [IBGB2400000570483] [DFSH391012-BEIG_C_36_41_12] PACK ALL TRACK STRAP BEIGE | [IBGB2400000570483] [DFSH391012-BEIG_C_36_41_12] PACK ALL TRACK STRAP BEIGE | [IBGB2400000570483] [DFSH391012-BEIG_C_36_41_12] PACK ALL TRACK STRAP BEIGE | [IBGB2400000504170] [DFSH370011-BROW_C_36_41_12] PackNORDIC TRK FUR LOW BROWN  | [IBGB2400000504170] [DFSH370011-BROW_C_36_41_12] PackNORDIC TRK FUR LOW BROWN  | [IBGB2400000504170] [DFSH370011-BROW_C_36_41_12] PackNORDIC TRK FUR LOW BROWN  | [IBGB2400000504170] [DFSH370011-BROW_C_36_41_12] PackNORDIC TRK FUR LOW BROWN  | [IBGB2400000504170] [DFSH370011-BROW_C_36_41_12] PackNORDIC TRK FUR LOW BROWN  | [IBGB2400000504170] [DFSH370011-BROW_C_36_41_12] PackNORDIC TRK FUR LOW BROWN  | [IBGB2400000504167] [DFSH370011-BROW_C_36_41_12] PackNORDIC TRK FUR LOW BROWN  | [IBGB2400000504167] [DFSH370011-BROW_C_36_41_12] PackNORDIC TRK FUR LOW BROWN  | [IBGB2400000504167] [DFSH370011-BROW_C_36_41_12] PackNORDIC TRK FUR LOW BROWN  | [IBGB2400000504167] [DFSH370011-BROW_C_36_41_12] PackNORDIC TRK FUR LOW BROWN  | [IBGB2400000504167] [DFSH370011-BROW_C_36_41_12] PackNORDIC TRK FUR LOW BROWN  | [IBGB2400000504167] [DFSH370011-BROW_C_36_41_12] PackNORDIC TRK FUR LOW BROWN 
CLABD/Stock/StorageBD/CLA-052-02-02-01;550;BLACK;A+D;89;55;[IBGB2400000722974] [DFKSUN0213-0800_C_50] Pack Ultra Light S Round Crystal Grey / Black x 50 unid | [IBGB2400000722969] [DFKSUN0213-0800_C_50] Pack Ultra Light S Round Crystal Grey / Black x 50 unid | [IBGB2400000722966] [DFKSUN0213-0800_C_50] Pack Ultra Light S Round Crystal Grey / Black x 50 unid | [IBGB2400000722941] [DFKSUN0213-0800_C_50] Pack Ultra Light S Round Crystal Grey / Black x 50 unid | [IBGB2400000722651] [DFSU935001-BLUE_C_50] PACK Quad Legacy Silver / Gradient Blue | [IBGB2400000722553] [DFKSUN0244-0509_C_50] Pack JACKSON SQUARE SHINY BLACK / ORANGE x 50 unid | [IBGB2400000722546] [DFKSUN0244-0509_C_50] Pack JACKSON SQUARE SHINY BLACK / ORANGE x 50 unid | [IBGB2400000722544] [DFKSUN0244-0509_C_50] Pack JACKSON SQUARE SHINY BLACK / ORANGE x 50 unid | [IBGB2400000722539] [DFKSUN0244-0509_C_50] Pack JACKSON SQUARE SHINY BLACK / ORANGE x 50 unid | [IBGB2400000722532] [DFKSUN0244-0509_C_50] Pack JACKSON SQUARE SHINY BLACK / ORANGE x 50 unid | [IBGB2400000722518] [DFKSUN0244-0509_C_50] Pack JACKSON SQUARE SHINY BLACK / ORANGE x 50 unid
CLABD/Stock/StorageBD/CLA-052-03-01-03;36;BLACK;A+D;211;30;[IBGB2400000504950] [DFSH371004-TAN_C_36_41_12] Pack BOOTS NORDIC.V2 BASIC LOW TAN | [IBGB2400000504950] [DFSH371004-TAN_C_36_41_12] Pack BOOTS NORDIC.V2 BASIC LOW TAN | [IBGB2400000504950] [DFSH371004-TAN_C_36_41_12] Pack BOOTS NORDIC.V2 BASIC LOW TAN | [IBGB2400000504950] [DFSH371004-TAN_C_36_41_12] Pack BOOTS NORDIC.V2 BASIC LOW TAN | [IBGB2400000504950] [DFSH371004-TAN_C_36_41_12] Pack BOOTS NORDIC.V2 BASIC LOW TAN | [IBGB2400000504950] [DFSH371004-TAN_C_36_41_12] Pack BOOTS NORDIC.V2 BASIC LOW TAN | [IBGB2400000503547] [DFSH370006-NUT_C_36_41_12] Pack BOOTS NORDIC SHINY NUT | [IBGB2400000503547] [DFSH370006-NUT_C_36_41_12] Pack BOOTS NORDIC SHINY NUT | [IBGB2400000503547] [DFSH370006-NUT_C_36_41_12] Pack BOOTS NORDIC SHINY NUT | [IBGB2400000503547] [DFSH370006-NUT_C_36_41_12] Pack BOOTS NORDIC SHINY NUT | [IBGB2400000503547] [DFSH370006-NUT_C_36_41_12] Pack BOOTS NORDIC SHINY NUT | [IBGB2400000503547] [DFSH370006-NUT_C_36_41_12] Pack BOOTS NORDIC SHINY NUT | [IBGB2400000547772] [DFSH370022-TAUP_C_41_41_12] PACK NORDIC TRK FUR TAUPE
CLABD/Stock/StorageBD/CLA-052-04-01-01;700;BLACK;A+D;26;70;[IBGB2400000799810] [DFKSUN0175-0803_C_50] Pack Ultra Light SQ High Brown / Grad Brown x 50 unid | [IBGB2400000799792] [DFSU919001-YELL_C_50] Pack ULTRA LIGHT S SQUARE BLACK / YELLOW x 50 unid | [IBGB2400000799766] [DFSU919001-GREE_C_50] Pack ULTRA LIGHT S SQUARE BLACK / GREEN x 50 unid | [IBGB2400000799764] [DFSU919001-GREE_C_50] Pack ULTRA LIGHT S SQUARE BLACK / GREEN x 50 unid | [IBGB2400000799763] [DFSU919001-GREE_C_50] Pack ULTRA LIGHT S SQUARE BLACK / GREEN x 50 unid | [IBGB2400000799728] [DFSU919001-BLUE_C_50] Pack ULTRA LIGHT S SQUARE BLACK / BLUE x 50 unid | [IBGB2400000799498] [DFKSUN0211-0802_C_50] Pack Ultra Light S Round Havana / Brown x 50 unid | [IBGB2400000799492] [DFKSUN0211-0802_C_50] Pack Ultra Light S Round Havana / Brown x 50 unid | [IBGB2400000799483] [DFKSUN0211-0802_C_50] Pack Ultra Light S Round Havana / Brown x 50 unid | [IBGB2400000799365] [DFSU942001-BROW_C_50] PACK Ultra Light Ellipse Tort / Brown | [IBGB2400000799362] [DFSU942001-BROW_C_50] PACK Ultra Light Ellipse Tort / Brown | [IBGB2400000799348] [DFKSUN0211-0802] Ultra Light S Round Havana / Brown | [IBGB2400000799327] [DFSU921001-PINK_C_50] PACK Jiggy Crystal Pink / Brown | [IBGB2400000799323] [DFSU921001-PINK_C_50] PACK Jiggy Crystal Pink / Brown
CLABD/Stock/StorageBD/CLA-053-05-03-01;84;BLACK;D+A;192;70;[IBGB2400000543993] [DFSH370006-NUT_C_42_42_12] PACK Nordic Shiny Nut | [IBGB2400000543986] [DFSH370006-NUT_C_41_41_12] Pack Nordic Shiny Nut (41) x 12 unid | [IBGB2400000543976] [DFSH370006-NUT_C_40_40_12] Pack Nordic Shiny Nut (40) x 12 unid | [IBGB2400000543975] [DFSH370006-NUT_C_40_40_12] Pack Nordic Shiny Nut (40) x 12 unid | [IBGB2400000543937] [DFSH370006-NUT_C_38_38_12] Pack Nordic Shiny Nut (38) x 12 unid | [IBGB2400000543928] [DFSH370006-NUT_C_38_38_12] Pack Nordic Shiny Nut (38) x 12 unid | [IBGB2400000543927] [DFSH370006-NUT_C_38_38_12] Pack Nordic Shiny Nut (38) x 12 unid
CLABD/Stock/StorageBD/CLA-053-06-01-01;48;BLACK;D+A;193;40;[IBGB2400000543992] [DFSH370006-NUT_C_42_42_12] PACK Nordic Shiny Nut | [IBGB2400000543935] [DFSH370006-NUT_C_38_38_12] Pack Nordic Shiny Nut (38) x 12 unid | [IBGB2400000543727] [DFSH370005-CAME_C_42_42_12] PACK Nordic Trk Fur Camel | [IBGB2400000543725] [DFSH370005-CAME_C_42_42_12] PACK Nordic Trk Fur Camel
CLABD/Stock/StorageBD/CLA-053-07-01-01;96;BLACK;D+A;200;80;[IBGB2400000546939] [DFSH370021-TAUP_C_36_36_12] PACK NORDIC LOW BASIC TAUPE | [IBGB2400000546936] [DFSH370021-TAUP_C_36_36_12] PACK NORDIC LOW BASIC TAUPE | [IBGB2400000546911] [DFSH370021-TAUP_C_36_36_12] PACK NORDIC LOW BASIC TAUPE | [IBGB2400000546910] [DFSH370021-TAUP_C_36_36_12] PACK NORDIC LOW BASIC TAUPE | [IBGB2400000546908] [DFSH370021-TAUP_C_36_36_12] PACK NORDIC LOW BASIC TAUPE | [IBGB2400000546903] [DFSH370021-TAUP_C_36_36_12] PACK NORDIC LOW BASIC TAUPE | [IBGB2400000544580] [DFSH370011-BEIG_C_41_41_12] Pack NORDIC TRK FUR LOW BEIGE (41) x 12 unid | [IBGB2400000544471] [DFSH370011-BEIG_C_40_40_12] Pack NORDIC TRK FUR LOW BEIGE (40) x 12 unid
CLABD/Stock/StorageBD/CLA-053-08-03-01;96;BLACK;A+D;193;80;[IBGB2400000543624] [DFSH370005-BLAC_C_41_41_12] Pack Nordic Trk Fur Black (41) x 12 unid | [IBGB2400000543590] [DFSH370005-BLAC_C_39_39_12] Pack Nordic Trk Fur Black (39) x 12 unid | [IBGB2400000543585] [DFSH370005-BLAC_C_39_39_12] Pack Nordic Trk Fur Black (39) x 12 unid | [IBGB2400000543532] [DFSH370004-SAND_C_42_42_12] PACK Nordic Fur Sand | [IBGB2400000543530] [DFSH370004-SAND_C_42_42_12] PACK Nordic Fur Sand | [IBGB2400000543480] [DFSH370004-SAND_C_38_38_12] Pack Nordic Fur Sand (38) x 12 unid | [IBGB2400000543476] [DFSH370004-SAND_C_38_38_12] Pack Nordic Fur Sand (38) x 12 unid | [IBGB2400000543459] [DFSH370004-SAND_C_38_38_12] Pack Nordic Fur Sand (38) x 12 unid
CLABD/Stock/StorageBD/CLA-053-08-03-03;96;BLACK;A+D;193;80;[IBGB2400000543629] [DFSH370005-BLAC_C_42_42_12] PACK Nordic Trk Fur Black | [IBGB2400000543628] [DFSH370005-BLAC_C_42_42_12] PACK Nordic Trk Fur Black | [IBGB2400000543589] [DFSH370005-BLAC_C_39_39_12] Pack Nordic Trk Fur Black (39) x 12 unid | [IBGB2400000543531] [DFSH370004-SAND_C_42_42_12] PACK Nordic Fur Sand | [IBGB2400000543520] [DFSH370004-SAND_C_40_40_12] Pack Nordic Fur Sand (40) x 12 unid | [IBGB2400000543472] [DFSH370004-SAND_C_38_38_12] Pack Nordic Fur Sand (38) x 12 unid | [IBGB2400000543468] [DFSH370004-SAND_C_38_38_12] Pack Nordic Fur Sand (38) x 12 unid | [IBGB2400000543448] [DFSH370004-SAND_C_36_36_12] Pack Nordic Fur Sand (36) x 12 unid
CLABD/Stock/StorageBD/CLA-053-09-01-02;96;BLACK;A+D;193;80;[IBGB2400000543567] [DFSH370005-BLAC_C_38_38_12] Pack Nordic Trk Fur Black (38) x 12 unid | [IBGB2400000543537] [DFSH370004-SAND_C_42_42_12] PACK Nordic Fur Sand | [IBGB2400000543527] [DFSH370004-SAND_C_41_41_12] Pack Nordic Fur Sand (41) x 12 unid | [IBGB2400000543517] [DFSH370004-SAND_C_40_40_12] Pack Nordic Fur Sand (40) x 12 unid | [IBGB2400000543516] [DFSH370004-SAND_C_40_40_12] Pack Nordic Fur Sand (40) x 12 unid | [IBGB2400000543478] [DFSH370004-SAND_C_38_38_12] Pack Nordic Fur Sand (38) x 12 unid | [IBGB2400000543474] [DFSH370004-SAND_C_38_38_12] Pack Nordic Fur Sand (38) x 12 unid | [IBGB2400000543458] [DFSH370004-SAND_C_38_38_12] Pack Nordic Fur Sand (38) x 12 unid
CLABD/Stock/StorageBD/CLA-053-09-02-02;36;BLACK;D+A;193;30;[IBGB2400000547762] [DFSH370022-TAUP_C_41_41_12] PACK NORDIC TRK FUR TAUPE | [IBGB2400000547563] [DFSH370022-TAUP_C_36_36_12] PACK NORDIC TRK FUR TAUPE | [IBGB2400000543632] [DFSH370005-BLAC_C_42_42_12] PACK Nordic Trk Fur Black
CLABD/Stock/StorageBD/CLA-054-01-01-02;575;BLACK;D+C+A+B;11;75;[IBGB2400000871335] [DFSU913001-BROW] Ultra Light Max Pink / Brown | [IBGB2400000871332] [DFSU913001-BROW] Ultra Light Max Pink / Brown | [IBGB2400000871329] [DFSU913001-BROW] Ultra Light Max Pink / Brown | [IBGB2400000871324] [DFSU913001-BROW] Ultra Light Max Pink / Brown | [IBGB2400000871315] [DFSU913001-BROW] Ultra Light Max Pink / Brown | [IBGB2400000871311] [DFSU913001-BROW] Ultra Light Max Pink / Brown | [IBGB2400000871306] [DFSU913001-BROW] Ultra Light Max Pink / Brown | [IBGB2400000871303] [DFSU913001-BROW] Ultra Light Max Pink / Brown | [IBGB2400000871186] [DFSH407001-DKHA-44] VIBE SANDALS BUCKLE DARK KHAKI  (44) | [IBGB2400000871186] [DFSH407001-BLAC-42] VIBE SANDALS BUCKLE BLACK (42) | [IBGB2400000871186] [DFSH407001-DKHA-42] VIBE SANDALS BUCKLE DARK KHAKI  (42) | [IBGB2400000871186] [DFSH407001-BLAC-43] VIBE SANDALS BUCKLE BLACK (43) | [IBGB2400000871186] [DFSH375001-BLAC-39] NORDIC NOVA LEATHER BLACK (39) | [IBGB2400000871186] [DFSH375001-BLAC-38] NORDIC NOVA LEATHER BLACK (38) | [IBGB2400000871186] [DFSH371012-BLAC-37] NORDIC V.2 LOW BLACK (37) | [IBGB2400000871186] [DFSH375001-BLAC-37] NORDIC NOVA LEATHER BLACK (37) | [IBGB2400000871186] [DFSH377001-BLAC-36] MIMETIC V.2 BLACK (36) | [IBGB2400000871100] [DFSH406002-LEOP-37] SNEAKERS SANDAL STRIPS LEOPARD  (37) | [IBGB2400000871100] [DFSH406002-LEOP-40] SNEAKERS SANDAL STRIPS LEOPARD  (40) | [IBGB2400000871100] [DFSH406002-LEOP-38] SNEAKERS SANDAL STRIPS LEOPARD  (38) | [IBGB2400000871100] [DFSH406002-LEOP-36] SNEAKERS SANDAL STRIPS LEOPARD  (36) | [IBGB2400000871100] [DFSH406002-LEOP-39] SNEAKERS SANDAL STRIPS LEOPARD  (39) | [IBGB2400000871100] [DFSH406002-LEOP-41] SNEAKERS SANDAL STRIPS LEOPARD  (41) | [IBGB2400000871076] [DFSU934001-BROW] Ultra Light Round Tort / Brown | [IBGB2400000871068] [DFKSUN0175-0803] Ultra Light SQ High Brown / Grad Brown | [IBGB2400000871060] [DFKSUN0211-0802] Ultra Light S Round Havana / Brown
CLABD/Stock/StorageBD/CLA-054-01-01-03;360;BLACK;D+A+B;375;55;[IBGB2400000564815] [DFSU942001-BLAC_C_50] PACK Ultra Light Ellipse Black / Black | [IBGB2400000564813] [DFSU942001-BLAC_C_50] PACK Ultra Light Ellipse Black / Black | [IBGB2400000565456] [DFSU913001-TORT_C_50] PACK Ultra Light Max Light Tort / Black | [IBGB2400000628029] [DFKSUN0826-0058_C_UNI_UNI_50] Pack ROLLER TR90 TRANS GREY | [IBGB2400000565420] [DFSU913001-TORT_C_50] PACK Ultra Light Max Light Tort / Black | [IBGB2400000564426] [DFSU914001-CARE_C_50] Pack BAHAMAS DARK CAREY / GRAD BROWN x 50 unid | [IBGB2400000245374] [DFSU090002-BLAC_C_50] Pack Roller HEX Black / Grey x 50 unid | [IBGB2400000790753] [DFTXHOD022-OFFW-S] CLEAN-CUT OVERSIZE HOODIE OFF-WHITE (S) | [IBGB2400000790756] [DFTXSWE014-ANTR-L] CROPPED POLO SWEATSHIRT ANTHRACITE (L)
CLABD/Stock/StorageBD/CLA-054-01-02-01;850;BLACK;D+A;124;85;[IBGB2400000629721] [DFSU919001-TORT_C_50] PACK Ultra Light S Square Matte Tort / Photochromic Brown | [IBGB2400000629720] [DFSU919001-TORT_C_50] PACK Ultra Light S Square Matte Tort / Photochromic Brown | [IBGB2400000629710] [DFSU919001-TORT_C_50] PACK Ultra Light S Square Matte Tort / Photochromic Brown | [IBGB2400000629693] [DFSU919001-TORT_C_50] PACK Ultra Light S Square Matte Tort / Photochromic Brown | [IBGB2400000629674] [DFSU919001-TORT_C_50] PACK Ultra Light S Square Matte Tort / Photochromic Brown | [IBGB2400000629669] [DFSU919001-TORT_C_50] PACK Ultra Light S Square Matte Tort / Photochromic Brown | [IBGB2400000629577] [DFSU919001-GREY_C_50] PACK Ultra Light S Square Gradient Grey / Brown | [IBGB2400000629499] [DFSU919001-BLUE_C_50] Pack ULTRA LIGHT S SQUARE BLACK / BLUE x 50 unid | [IBGB2400000628867] [DFSU942001-TORT_C_50] PACK Ultra Light Ellipse Amber Tort / Blue | [IBGB2400000620376] [DFKSUN0218_C_50] Pack Ultra Light S Round Trans Grey / Grey x 50 unid | [IBGB2400000620133] [DFKSUN0212-0800_C_UNI_UNI_50] Pack Ultra Light S Round Black / Black | [IBGB2400000620120] [DFKSUN0212-0800_C_UNI_UNI_50] Pack Ultra Light S Round Black / Black | [IBGB2400000620116] [DFKSUN0212-0800_C_UNI_UNI_50] Pack Ultra Light S Round Black / Black | [IBGB2400000620048] [DFSU913001-TRAN_C_50] Pack ULTRA LIGHT MAX TRANSPARENT / G15 x 50 unid | [IBGB2400000620047] [DFSU913001-TRAN_C_50] Pack ULTRA LIGHT MAX TRANSPARENT / G15 x 50 unid | [IBGB2400000620044] [DFSU913001-TRAN_C_50] Pack ULTRA LIGHT MAX TRANSPARENT / G15 x 50 unid | [IBGB2400000620041] [DFSU913001-TRAN_C_50] Pack ULTRA LIGHT MAX TRANSPARENT / G15 x 50 unid
CLABD/Stock/StorageBD/CLA-054-01-02-02;450;BLACK;A+D;355;45;[IBGB2400000235700] [DFKSUN0565-0216_C_50] Pack WIND LIMITED IRIDISCENT BURGUNDY / RED x 50 unid | [IBGB2400000235684] [DFKSUN0565-0216_C_50] Pack WIND LIMITED IRIDISCENT BURGUNDY / RED x 50 unid | [IBGB2400000235681] [DFKSUN0565-0216_C_50] Pack WIND LIMITED IRIDISCENT BURGUNDY / RED x 50 unid | [IBGB2400000563374] [DFSU941001-TORT_C_50] PACK Banger Matte Tort / Gradient Brown | [IBGB2400000563363] [DFSU941001-TORT_C_50] PACK Banger Matte Tort / Gradient Brown | [IBGB2400000566097] [DFSU919001-TORT_C_50] PACK Ultra Light S Square Matte Tort / Photochromic Brown | [IBGB2400000566040] [DFSU919001-TORT_C_50] PACK Ultra Light S Square Matte Tort / Photochromic Brown | [IBGB2400000565981] [DFSU919001-LAVE_C_50] PACK Ultra Light S Square Trans / Photochromic Lavender | [IBGB2400000564819] [DFSU942001-BLAC_C_50] PACK Ultra Light Ellipse Black / Black
CLABD/Stock/StorageBD/CLA-054-02-01-02;550;BLACK;D+A+B;297;55;[IBGB2400000566002] [DFSU919001-PINK_C_50] PACK Ultra Light S Square Matte Pink / Smoke Black | [IBGB2400000565973] [DFSU919001-LAVE_C_50] PACK Ultra Light S Square Trans / Photochromic Lavender | [IBGB2400000565958] [DFSU919001-LAVE_C_50] PACK Ultra Light S Square Trans / Photochromic Lavender | [IBGB2400000564829] [DFSU942001-BLAC_C_50] PACK Ultra Light Ellipse Black / Black | [IBGB2400000564810] [DFSU942001-BLAC_C_50] PACK Ultra Light Ellipse Black / Black | [IBGB2400000564808] [DFSU942001-BLAC_C_50] PACK Ultra Light Ellipse Black / Black | [IBGB2400000564807] [DFSU942001-BLAC_C_50] PACK Ultra Light Ellipse Black / Black | [IBGB2400000564804] [DFSU942001-BLAC_C_50] PACK Ultra Light Ellipse Black / Black | [IBGB2400000564655] [DFSU921001-GREE_C_50] Pack JIGGY CRYSTAL GREEN / SMOKE x 50 unid | [IBGB2400000564425] [DFSU914001-CARE_C_50] Pack BAHAMAS DARK CAREY / GRAD BROWN x 50 unid | [IBGB2400000358844] [DFKSUN0565-0216_C_50] Pack WIND LIMITED IRIDISCENT BURGUNDY / RED x 50 unid
CLABD/Stock/StorageBD/CLA-054-02-02-01;736;BLACK;D+A;121;100;[IBGB2400000526394] [DFSH408005-BLAC_C_36_41_12] PACK ATLAS BASIC BLACK | [IBGB2400000526394] [DFSH408005-BLAC_C_36_41_12] PACK ATLAS BASIC BLACK | [IBGB2400000526394] [DFSH408005-BLAC_C_36_41_12] PACK ATLAS BASIC BLACK | [IBGB2400000526394] [DFSH408005-BLAC_C_36_41_12] PACK ATLAS BASIC BLACK | [IBGB2400000526394] [DFSH408005-BLAC_C_36_41_12] PACK ATLAS BASIC BLACK | [IBGB2400000526394] [DFSH408005-BLAC_C_36_41_12] PACK ATLAS BASIC BLACK | [IBGB2400000526384] [DFSH408005-BLAC_C_36_41_12] PACK ATLAS BASIC BLACK | [IBGB2400000526384] [DFSH408005-BLAC_C_36_41_12] PACK ATLAS BASIC BLACK | [IBGB2400000526384] [DFSH408005-BLAC_C_36_41_12] PACK ATLAS BASIC BLACK | [IBGB2400000526384] [DFSH408005-BLAC_C_36_41_12] PACK ATLAS BASIC BLACK | [IBGB2400000526384] [DFSH408005-BLAC_C_36_41_12] PACK ATLAS BASIC BLACK | [IBGB2400000526384] [DFSH408005-BLAC_C_36_41_12] PACK ATLAS BASIC BLACK | [IBGB2400000526380] [DFSH408005-BLAC_C_36_41_12] PACK ATLAS BASIC BLACK | [IBGB2400000526380] [DFSH408005-BLAC_C_36_41_12] PACK ATLAS BASIC BLACK | [IBGB2400000526380] [DFSH408005-BLAC_C_36_41_12] PACK ATLAS BASIC BLACK | [IBGB2400000526380] [DFSH408005-BLAC_C_36_41_12] PACK ATLAS BASIC BLACK | [IBGB2400000526380] [DFSH408005-BLAC_C_36_41_12] PACK ATLAS BASIC BLACK | [IBGB2400000526380] [DFSH408005-BLAC_C_36_41_12] PACK ATLAS BASIC BLACK | [IBGB2400000840888] [DFSU919001-GREY] Ultra Light S Square Gradient Grey / Brown | [IBGB2400000840887] [DFSU919001-GREY] Ultra Light S Square Gradient Grey / Brown | [IBGB2400000840885] [DFSU919001-GREY] Ultra Light S Square Gradient Grey / Brown | [IBGB2400000840882] [DFSU919001-GREY] Ultra Light S Square Gradient Grey / Brown | [IBGB2400000840880] [DFSU919001-GREY] Ultra Light S Square Gradient Grey / Brown | [IBGB2400000840879] [DFSU919001-GREY] Ultra Light S Square Gradient Grey / Brown | [IBGB2400000840878] [DFSU919001-GREY] Ultra Light S Square Gradient Grey / Brown | [IBGB2400000840876] [DFSU919001-GREY] Ultra Light S Square Gradient Grey / Brown | [IBGB2400000840875] [DFSU919001-GREY] Ultra Light S Square Gradient Grey / Brown | [IBGB2400000840867] [DFSU919001-GREY] Ultra Light S Square Gradient Grey / Brown | [IBGB2400000840859] [DFKSUN0781] Roller SQ Champagne / Grad Brown | [IBGB2400000840856] [DFKSUN0781] Roller SQ Champagne / Grad Brown | [IBGB2400000840850] [DFSU913001-TRAN] ULTRA LIGHT MAX TRANSPARENT / G15 | [IBGB2400000840846] [DFSU913001-TRAN] ULTRA LIGHT MAX TRANSPARENT / G15
CLABD/Stock/StorageBD/CLA-054-03-01-01;850;BLACK;D+A;145;85;[IBGB2400000629651] [DFSU919001-LAVE_C_50] PACK Ultra Light S Square Trans / Photochromic Lavender | [IBGB2400000629645] [DFSU919001-LAVE_C_50] PACK Ultra Light S Square Trans / Photochromic Lavender | [IBGB2400000629643] [DFSU919001-LAVE_C_50] PACK Ultra Light S Square Trans / Photochromic Lavender | [IBGB2400000629642] [DFSU919001-LAVE_C_50] PACK Ultra Light S Square Trans / Photochromic Lavender | [IBGB2400000629640] [DFSU919001-LAVE_C_50] PACK Ultra Light S Square Trans / Photochromic Lavender | [IBGB2400000629639] [DFSU919001-LAVE_C_50] PACK Ultra Light S Square Trans / Photochromic Lavender | [IBGB2400000629636] [DFSU919001-LAVE_C_50] PACK Ultra Light S Square Trans / Photochromic Lavender | [IBGB2400000629635] [DFSU919001-LAVE_C_50] PACK Ultra Light S Square Trans / Photochromic Lavender | [IBGB2400000629633] [DFSU919001-LAVE_C_50] PACK Ultra Light S Square Trans / Photochromic Lavender | [IBGB2400000629632] [DFSU919001-LAVE_C_50] PACK Ultra Light S Square Trans / Photochromic Lavender | [IBGB2400000629631] [DFSU919001-LAVE_C_50] PACK Ultra Light S Square Trans / Photochromic Lavender | [IBGB2400000629630] [DFSU919001-LAVE_C_50] PACK Ultra Light S Square Trans / Photochromic Lavender | [IBGB2400000629627] [DFSU919001-LAVE_C_50] PACK Ultra Light S Square Trans / Photochromic Lavender | [IBGB2400000629626] [DFSU919001-LAVE_C_50] PACK Ultra Light S Square Trans / Photochromic Lavender | [IBGB2400000629625] [DFSU919001-LAVE_C_50] PACK Ultra Light S Square Trans / Photochromic Lavender | [IBGB2400000629624] [DFSU919001-LAVE_C_50] PACK Ultra Light S Square Trans / Photochromic Lavender | [IBGB2400000720438] [DFKSUN0216-0813_C_50] Pack Ultra Light S Round Trans Brown / Trans Blue x 50 unid
CLABD/Stock/StorageBD/CLA-054-03-01-02;550;BLACK;B+A+D;347;55;[IBGB2400000222905] [DFSU906002-SILV_C_50] PACK CAT-EYE LEGACY SILVER / DARK BROWN | [IBGB2400000565058] [DFSU921001-GREE] JIGGY CRYSTAL GREEN / SMOKE | [IBGB2400000563379] [DFSU941001-TRAN_C_50] PACK Banger Transparent / Gradient Lavender | [IBGB2400000563357] [DFSU941001-TORT_C_50] PACK Banger Matte Tort / Gradient Brown | [IBGB2400000563517] [DFSU922001-PURP_C_50] Pack ROLLER ROUND V2 LIMITED PURPLE x 50 unid | [IBGB2400000563516] [DFSU922001-PURP_C_50] Pack ROLLER ROUND V2 LIMITED PURPLE x 50 unid | [IBGB2400000565464] [DFSU913001-TORT_C_50] PACK Ultra Light Max Light Tort / Black | [IBGB2400000565356] [DFSU913001-BROW_C_50] PACK Ultra Light Max Pink / Brown | [IBGB2400000564994] [DFSU942001-TORT_C_50] PACK Ultra Light Ellipse Amber Tort / Blue | [IBGB2400000564927] [DFSU942001-CREA_C_50] PACK Ultra Light Ellipse Cream / Brown | [IBGB2400000564363] [DFSU915001-TAN_C_50] Pack 913 SHINY TAN / SMOKE x 50 unid
CLABD/Stock/StorageBD/CLA-054-03-01-03;850;BLACK;D+A;180;85;[IBGB2400000563385] [DFSU941001-TRAN_C_50] PACK Banger Transparent / Gradient Lavender | [IBGB2400000721065] [DFSU918001-TORT_C_50] Pack ULTRA LIGHT SQ MED TORTOISE / SMOKE x 50 unid | [IBGB2400000721036] [DFSU918001-GREE_C_50] Pack ULTRA LIGHT SQ MED CRYSTAL GREEN / GRAD SMOKE x 50 unid | [IBGB2400000720934] [DFKSUN0181-0804_C_UNI_UNI_50] Pack Ultra Light SQ Med Black / G15 | [IBGB2400000720679] [DFKSUN0171-0800_C_UNI_UNI_50] Pack Ultra Light SQ High Black / Black | [IBGB2400000720673] [DFKSUN0171-0800_C_UNI_UNI_50] Pack Ultra Light SQ High Black / Black | [IBGB2400000720436] [DFKSUN0216-0813_C_50] Pack Ultra Light S Round Trans Brown / Trans Blue x 50 unid | [IBGB2400000720420] [DFKSUN0216-0813_C_50] Pack Ultra Light S Round Trans Brown / Trans Blue x 50 unid | [IBGB2400000720339] [DFKSUN0214-0802_C_UNI_UNI_50] Pack Ultra Light S Round Amber / Brown | [IBGB2400000720307] [DFKSUN0211-0802_C_50] Pack Ultra Light S Round Havana / Brown x 50 unid | [IBGB2400000720306] [DFKSUN0211-0802_C_50] Pack Ultra Light S Round Havana / Brown x 50 unid | [IBGB2400000720301] [DFKSUN0211-0802_C_50] Pack Ultra Light S Round Havana / Brown x 50 unid | [IBGB2400000720238] [DFKSUN0142-0813_C_50] Pack Ultra Light Max Honey / Grad Blue x 50 unid | [IBGB2400000720135] [DFSU939002-GREE_C_50] PACK Rift Matte Black / Green Revo | [IBGB2400000719899] [DFSU921001-GREE_C_50] Pack JIGGY CRYSTAL GREEN / SMOKE x 50 unid | [IBGB2400000719717] [DFKSUN0246-0800_C_UNI_UNI_50] Pack JACKSON SQUARE SHINY BLACK / SMOKE | [IBGB2400000720708] [DFKSUN0172-0804_C_UNI_UNI_50] Pack ULTRA LIGHT SQ HIGH BLACK / G15
CLABD/Stock/StorageBD/CLA-054-03-02-01;650;BLACK;B+A+D;289;65;[IBGB2400000361810] [DFSU914001-TRAN_C_50] Pack BAHAMAS TRANSPARENT / SMOKE x 50 unid | [IBGB2400000361788] [DFKSUN0229-0825_C_UNI_UNI_50] Pack BAHAMAS SHINY GREEN / SMOKE GREEN | [IBGB2400000361785] [DFKSUN0229-0825_C_UNI_UNI_50] Pack BAHAMAS SHINY GREEN / SMOKE GREEN | [IBGB2400000361781] [DFKSUN0229-0825_C_UNI_UNI_50] Pack BAHAMAS SHINY GREEN / SMOKE GREEN | [IBGB2400000361774] [DFKSUN0229-0825_C_UNI_UNI_50] Pack BAHAMAS SHINY GREEN / SMOKE GREEN | [IBGB2400000361773] [DFKSUN0229-0825_C_UNI_UNI_50] Pack BAHAMAS SHINY GREEN / SMOKE GREEN | [IBGB2400000361767] [DFKSUN0229-0825_C_UNI_UNI_50] Pack BAHAMAS SHINY GREEN / SMOKE GREEN | [IBGB2400000361760] [DFKSUN0229-0825_C_UNI_UNI_50] Pack BAHAMAS SHINY GREEN / SMOKE GREEN | [IBGB2400000564924] [DFSU942001-CREA_C_50] PACK Ultra Light Ellipse Cream / Brown | [IBGB2400000564916] [DFSU942001-CREA_C_50] PACK Ultra Light Ellipse Cream / Brown | [IBGB2400000565970] [DFSU919001-LAVE_C_50] PACK Ultra Light S Square Trans / Photochromic Lavender | [IBGB2400000516697] [DFSU946001-SILV_C_50] PACK Cuprum Round Silver / Black | [IBGB2400000516695] [DFSU946001-SILV_C_50] PACK Cuprum Round Silver / Black
CLABD/Stock/StorageBD/CLA-054-03-02-02;950;BLACK;A+D;89;95;[IBGB2400000721070] [DFSU918001-TRAN_C_50] Pack ULTRA LIGHT SQ MED TRANSPARENT / SMOKE x 50 unid | [IBGB2400000721067] [DFSU918001-TORT_C_50] Pack ULTRA LIGHT SQ MED TORTOISE / SMOKE x 50 unid | [IBGB2400000721066] [DFSU918001-TORT_C_50] Pack ULTRA LIGHT SQ MED TORTOISE / SMOKE x 50 unid | [IBGB2400000720889] [DFKSUN0163-0804_C_UNI_UNI_50] Pack ULTRA LIGHT SQ LOW MATTE BLACK / G15 | [IBGB2400000720702] [DFKSUN0172-0804_C_UNI_UNI_50] Pack ULTRA LIGHT SQ HIGH BLACK / G15 | [IBGB2400000720415] [DFKSUN0216-0813_C_50] Pack Ultra Light S Round Trans Brown / Trans Blue x 50 unid | [IBGB2400000720411] [DFKSUN0216-0813_C_50] Pack Ultra Light S Round Trans Brown / Trans Blue x 50 unid | [IBGB2400000720341] [DFKSUN0214-0802_C_UNI_UNI_50] Pack Ultra Light S Round Amber / Brown | [IBGB2400000720340] [DFKSUN0214-0802_C_UNI_UNI_50] Pack Ultra Light S Round Amber / Brown | [IBGB2400000720143] [DFSU939002-GREE_C_50] PACK Rift Matte Black / Green Revo | [IBGB2400000720124] [DFSU939002-BLAC_C_50] PACK Rift Matte Black / G15 | [IBGB2400000720078] [DFSU939001-DGRE_C_50] PACK Rift Trans Dark Grey / Red Revo | [IBGB2400000719990] [DFSU921001-TRAN_C_50] Pack JIGGY TRANSPARENT / SMOKE x 50 unid | [IBGB2400000719932] [DFSU921001-TRAN_C_50] Pack JIGGY TRANSPARENT / SMOKE x 50 unid | [IBGB2400000719916] [DFSU921001-TRAN_C_50] Pack JIGGY TRANSPARENT / SMOKE x 50 unid | [IBGB2400000719809] [DFSU921001-BLAC_C_50] Pack JIGGY BLACK / BLACK x 50 unid | [IBGB2400000719777] [DFSU921001-AMBE_C_50] PACK Jiggy Crystal Amber / Blue | [IBGB2400000719776] [DFSU921001-AMBE_C_50] PACK Jiggy Crystal Amber / Blue | [IBGB2400000719775] [DFSU921001-AMBE_C_50] PACK Jiggy Crystal Amber / Blue
CLABD/Stock/StorageBD/CLA-054-03-03-02;600;BLACK;A+D;143;60;[IBGB2400000576539] [DFKSUN0213-0800_C_50] Pack Ultra Light S Round Crystal Grey / Black x 50 unid | [IBGB2400000566026] [DFSU919001-TORT_C_50] PACK Ultra Light S Square Matte Tort / Photochromic Brown | [IBGB2400000566023] [DFSU919001-TORT_C_50] PACK Ultra Light S Square Matte Tort / Photochromic Brown | [IBGB2400000565982] [DFSU919001-LAVE_C_50] PACK Ultra Light S Square Trans / Photochromic Lavender | [IBGB2400000565975] [DFSU919001-LAVE_C_50] PACK Ultra Light S Square Trans / Photochromic Lavender | [IBGB2400000565967] [DFSU919001-LAVE_C_50] PACK Ultra Light S Square Trans / Photochromic Lavender | [IBGB2400000565957] [DFSU919001-LAVE_C_50] PACK Ultra Light S Square Trans / Photochromic Lavender | [IBGB2400000565955] [DFSU919001-LAVE_C_50] PACK Ultra Light S Square Trans / Photochromic Lavender | [IBGB2400000564823] [DFSU942001-BLAC_C_50] PACK Ultra Light Ellipse Black / Black | [IBGB2400000564814] [DFSU942001-BLAC_C_50] PACK Ultra Light Ellipse Black / Black | [IBGB2400000564805] [DFSU942001-BLAC_C_50] PACK Ultra Light Ellipse Black / Black | [IBGB2400000564802] [DFSU942001-BLAC_C_50] PACK Ultra Light Ellipse Black / Black
CLABD/Stock/StorageBD/CLA-054-04-01-01;450;BLACK;D+A;291;45;[IBGB2400000565526] [DFSU934001-TRAN_C_50] PACK Ultra Light Round Trans / G15 | [IBGB2400000565522] [DFSU934001-TRAN_C_50] PACK Ultra Light Round Trans / G15 | [IBGB2400000411641] [DFSU906006-GREE_C_50] PACK OVAL LEGACY GOLD / G15 | [IBGB2400000411627] [DFSU906006-GREE_C_50] PACK OVAL LEGACY GOLD / G15 | [IBGB2400000410868] [DFSU906002-KHAK_C_50] PACK CAT-EYE LEGACY GOLD / G15 | [IBGB2400000410866] [DFSU906002-KHAK_C_50] PACK CAT-EYE LEGACY GOLD / G15 | [IBGB2400000363927] [DFSU923001-CRYS_C_50] Pack ROLLER ROUND V2 CRYSTAL / BROWN x 50 unid | [IBGB2400000363914] [DFSU923001-CRYS_C_50] Pack ROLLER ROUND V2 CRYSTAL / BROWN x 50 unid | [IBGB2400000629347] [DFKSUN0211-0802_C_50] Pack Ultra Light S Round Havana / Brown x 50 unid
CLABD/Stock/StorageBD/CLA-054-04-01-03;2089;BLACK;A+B+C+D;556;270;[IBGB2400000040490] [DFTXSOC010-BLAC-41-46] CHECK SOCKS BLACK (41-46) | [IBGB2400000040489] [DFTXSOC010-BLAC-41-46] CHECK SOCKS BLACK (41-46) | [IBGB2400000040488] [DFTXSOC010-BLAC-41-46] CHECK SOCKS BLACK (41-46) | [IBGB2400000040486] [DFTXSOC010-BLAC-41-46] CHECK SOCKS BLACK (41-46) | [IBGB2400000040484] [DFTXSOC010-BLAC-41-46] CHECK SOCKS BLACK (41-46) | [IBGB2400000040482] [DFTXSOC010-BLAC-36-40] CHECK SOCKS BLACK (36-40) | [IBGB2400000040480] [DFTXSOC009-GREE-41-46] DF PATCH SOCKS GREEN (41-46) | [IBGB2400000040479] [DFTXSOC009-GREE-41-46] DF PATCH SOCKS GREEN (41-46) | [IBGB2400000040478] [DFTXSOC009-GREE-41-46] DF PATCH SOCKS GREEN (41-46) | [IBGB2400000040476] [DFTXSOC009-GREE-41-46] DF PATCH SOCKS GREEN (41-46) | [IBGB2400000040475] [DFTXSOC009-GREE-41-46] DF PATCH SOCKS GREEN (41-46) | [IBGB2400000040474] [DFTXSOC009-GREE-41-46] DF PATCH SOCKS GREEN (41-46) | [IBGB2400000040473] [DFTXSOC009-GREE-36-40] DF PATCH SOCKS GREEN (36-40) | [IBGB2400000040472] [DFTXSOC009-GREE-36-40] DF PATCH SOCKS GREEN (36-40) | [IBGB2400000040368] [DFTXSOC005-BLUE-41-46] NEO FLAG SOCKS BLUE (41-46) | [IBGB2400000040367] [DFTXSOC005-BLUE-41-46] NEO FLAG SOCKS BLUE (41-46) | [IBGB2400000040366] [DFTXSOC005-BLUE-41-46] NEO FLAG SOCKS BLUE (41-46) | [IBGB2400000040362] [DFTXSOC005-BLUE-36-40] NEO FLAG SOCKS BLUE (36-40) | [IBGB2400000040361] [DFTXSOC005-BLUE-36-40] NEO FLAG SOCKS BLUE (36-40) | [IBGB2400000527632] [DFTXTSH028-NAVY-M] MY NAME IS PATCH T-SHIRT NAVY (M) | [IBGB2400000527628] [DFTXTSH028-NAVY-L] MY NAME IS PATCH T-SHIRT NAVY (L) | [IBGB2400000527626] [DFTXTSH025-WHIT-S] ORIGINS CROPPED T-SHIRT WHITE / BLACK (S) | [IBGB2400000527617] [DFTXTSH025-BLAC-S] ORIGINS CROPPED T-SHIRT BLACK / WHITE (S) | [IBGB2400000527615] [DFTXTSH025-BLAC-M] ORIGINS CROPPED T-SHIRT BLACK / WHITE (M) | [IBGB2400000527604] [DFTXTSH024-GREY-M] ORIGINS T-SHIRT GREY MELANGE / ANTHRACITE (M) | [IBGB2400000527597] [DFTXTSH024-BLAC-M] ORIGINS T-SHIRT BLACK / WHITE (M) | [IBGB2400000527556] [DFTXTSH023-GREY-M] BE KIND T-SHIRT GREY (M)
CLABD/Stock/StorageBD/CLA-054-04-02-02;120;BLACK;A+D;172;100;[IBGB2400000548441] [DFSH371004-BLAC_C_38_38_12] Pack Nordic V.2 Basic Low Black (38) x 12 unid | [IBGB2400000548432] [DFSH371004-BLAC_C_38_38_12] Pack Nordic V.2 Basic Low Black (38) x 12 unid | [IBGB2400000548422] [DFSH371004-BLAC_C_38_38_12] Pack Nordic V.2 Basic Low Black (38) x 12 unid | [IBGB2400000548420] [DFSH371004-BLAC_C_38_38_12] Pack Nordic V.2 Basic Low Black (38) x 12 unid | [IBGB2400000548414] [DFSH371004-BLAC_C_37_37_12] Pack Nordic V.2 Basic Low Black (37) x 12 unid | [IBGB2400000548404] [DFSH371004-BLAC_C_36_36_12] Pack Nordic V.2 Basic Low Black (36) x 12 unid | [IBGB2400000548403] [DFSH371004-BLAC_C_36_36_12] Pack Nordic V.2 Basic Low Black (36) x 12 unid | [IBGB2400000548396] [DFSH371004-BLAC_C_36_36_12] Pack Nordic V.2 Basic Low Black (36) x 12 unid | [IBGB2400000545871] [DFSH370021-BEIG_C_38_38_12] PACK NORDIC LOW BASIC BEIGE | [IBGB2400000545870] [DFSH370021-BEIG_C_38_38_12] PACK NORDIC LOW BASIC BEIGE
CLABD/Stock/StorageBD/CLA-054-04-02-03;108;BLACK;D+A;172;90;[IBGB2400000548098] [DFSH370021-BEIG_C_36_42_12] PACK NORDIC LOW BASIC BEIGE | [IBGB2400000548098] [DFSH370021-BEIG_C_36_42_12] PACK NORDIC LOW BASIC BEIGE | [IBGB2400000548098] [DFSH370021-BEIG_C_36_42_12] PACK NORDIC LOW BASIC BEIGE | [IBGB2400000548098] [DFSH370021-BEIG_C_36_42_12] PACK NORDIC LOW BASIC BEIGE | [IBGB2400000548098] [DFSH370021-BEIG_C_36_42_12] PACK NORDIC LOW BASIC BEIGE | [IBGB2400000548098] [DFSH370021-BEIG_C_36_42_12] PACK NORDIC LOW BASIC BEIGE | [IBGB2400000548098] [DFSH370021-BEIG_C_36_42_12] PACK NORDIC LOW BASIC BEIGE | [IBGB2400000548095] [DFSH370021-BEIG_C_36_42_12] PACK NORDIC LOW BASIC BEIGE | [IBGB2400000548095] [DFSH370021-BEIG_C_36_42_12] PACK NORDIC LOW BASIC BEIGE | [IBGB2400000548095] [DFSH370021-BEIG_C_36_42_12] PACK NORDIC LOW BASIC BEIGE | [IBGB2400000548095] [DFSH370021-BEIG_C_36_42_12] PACK NORDIC LOW BASIC BEIGE | [IBGB2400000548095] [DFSH370021-BEIG_C_36_42_12] PACK NORDIC LOW BASIC BEIGE | [IBGB2400000548095] [DFSH370021-BEIG_C_36_42_12] PACK NORDIC LOW BASIC BEIGE | [IBGB2400000548095] [DFSH370021-BEIG_C_36_42_12] PACK NORDIC LOW BASIC BEIGE | [IBGB2400000548093] [DFSH370021-BEIG_C_36_42_12] PACK NORDIC LOW BASIC BEIGE | [IBGB2400000548093] [DFSH370021-BEIG_C_36_42_12] PACK NORDIC LOW BASIC BEIGE | [IBGB2400000548093] [DFSH370021-BEIG_C_36_42_12] PACK NORDIC LOW BASIC BEIGE | [IBGB2400000548093] [DFSH370021-BEIG_C_36_42_12] PACK NORDIC LOW BASIC BEIGE | [IBGB2400000548093] [DFSH370021-BEIG_C_36_42_12] PACK NORDIC LOW BASIC BEIGE | [IBGB2400000548093] [DFSH370021-BEIG_C_36_42_12] PACK NORDIC LOW BASIC BEIGE | [IBGB2400000548093] [DFSH370021-BEIG_C_36_42_12] PACK NORDIC LOW BASIC BEIGE | [IBGB2400000548088] [DFSH370021-BEIG_C_36_42_12] PACK NORDIC LOW BASIC BEIGE | [IBGB2400000548088] [DFSH370021-BEIG_C_36_42_12] PACK NORDIC LOW BASIC BEIGE | [IBGB2400000548088] [DFSH370021-BEIG_C_36_42_12] PACK NORDIC LOW BASIC BEIGE | [IBGB2400000548088] [DFSH370021-BEIG_C_36_42_12] PACK NORDIC LOW BASIC BEIGE | [IBGB2400000548088] [DFSH370021-BEIG_C_36_42_12] PACK NORDIC LOW BASIC BEIGE | [IBGB2400000548088] [DFSH370021-BEIG_C_36_42_12] PACK NORDIC LOW BASIC BEIGE | [IBGB2400000548088] [DFSH370021-BEIG_C_36_42_12] PACK NORDIC LOW BASIC BEIGE | [IBGB2400000548086] [DFSH370021-BEIG_C_36_42_12] PACK NORDIC LOW BASIC BEIGE | [IBGB2400000548086] [DFSH370021-BEIG_C_36_42_12] PACK NORDIC LOW BASIC BEIGE | [IBGB2400000548086] [DFSH370021-BEIG_C_36_42_12] PACK NORDIC LOW BASIC BEIGE | [IBGB2400000548086] [DFSH370021-BEIG_C_36_42_12] PACK NORDIC LOW BASIC BEIGE | [IBGB2400000548086] [DFSH370021-BEIG_C_36_42_12] PACK NORDIC LOW BASIC BEIGE | [IBGB2400000548086] [DFSH370021-BEIG_C_36_42_12] PACK NORDIC LOW BASIC BEIGE | [IBGB2400000548086] [DFSH370021-BEIG_C_36_42_12] PACK NORDIC LOW BASIC BEIGE | [IBGB2400000548085] [DFSH370021-BEIG_C_36_42_12] PACK NORDIC LOW BASIC BEIGE | [IBGB2400000548085] [DFSH370021-BEIG_C_36_42_12] PACK NORDIC LOW BASIC BEIGE | [IBGB2400000548085] [DFSH370021-BEIG_C_36_42_12] PACK NORDIC LOW BASIC BEIGE | [IBGB2400000548085] [DFSH370021-BEIG_C_36_42_12] PACK NORDIC LOW BASIC BEIGE | [IBGB2400000548085] [DFSH370021-BEIG_C_36_42_12] PACK NORDIC LOW BASIC BEIGE | [IBGB2400000548085] [DFSH370021-BEIG_C_36_42_12] PACK NORDIC LOW BASIC BEIGE | [IBGB2400000548085] [DFSH370021-BEIG_C_36_42_12] PACK NORDIC LOW BASIC BEIGE | [IBGB2400000548081] [DFSH370021-BEIG_C_36_42_12] PACK NORDIC LOW BASIC BEIGE | [IBGB2400000548081] [DFSH370021-BEIG_C_36_42_12] PACK NORDIC LOW BASIC BEIGE | [IBGB2400000548081] [DFSH370021-BEIG_C_36_42_12] PACK NORDIC LOW BASIC BEIGE | [IBGB2400000548081] [DFSH370021-BEIG_C_36_42_12] PACK NORDIC LOW BASIC BEIGE | [IBGB2400000548081] [DFSH370021-BEIG_C_36_42_12] PACK NORDIC LOW BASIC BEIGE | [IBGB2400000548081] [DFSH370021-BEIG_C_36_42_12] PACK NORDIC LOW BASIC BEIGE | [IBGB2400000548081] [DFSH370021-BEIG_C_36_42_12] PACK NORDIC LOW BASIC BEIGE | [IBGB2400000544783] [DFSH370011-BLAC_C_42_42_12] Pack NORDIC TRK FUR LOW BLACK  (42) x 12 unid | [IBGB2400000544782] [DFSH370011-BLAC_C_42_42_12] Pack NORDIC TRK FUR LOW BLACK  (42) x 12 unid
CLABD/Stock/StorageBD/CLA-054-04-03-01;79;BLACK;A+B+C;32;70;[IBGB2400000838704] [DFSH334001-BLUE-44] BLOOMER BIO BLUE (44) | [IBGB2400000838704] [DFSH334001-BLUE-45] BLOOMER BIO BLUE (45) | [IBGB2400000838704] [DFSH334010-PINK-40] BLOOMER SB PINK (40) | [IBGB2400000838704] [DFSH334001-BLUE-43] BLOOMER BIO BLUE (43) | [IBGB2400000838700] [DFSH334010-PINK-38] BLOOMER SB PINK (38) | [IBGB2400000838700] [DFSH334010-PINK-36] BLOOMER SB PINK (36) | [IBGB2400000838700] [DFSH334001-FUCH-39] BLOOMER BIO FUCHSIA (39) | [IBGB2400000838700] [DFSH334001-BLUE-44] BLOOMER BIO BLUE (44) | [IBGB2400000838700] [DFSH334001-BLUE-45] BLOOMER BIO BLUE (45) | [IBGB2400000838700] [DFSH334001-ORAN-38] BLOOMER BIO ORANGE (38) | [IBGB2400000838700] [DFSH334010-PINK-40] BLOOMER SB PINK (40) | [IBGB2400000838695] [DFSH334001-FUCH-39] BLOOMER BIO FUCHSIA (39) | [IBGB2400000838695] [DFSH334001-FUCH-38] BLOOMER BIO FUCHSIA (38) | [IBGB2400000838689] [DFSH334001-BLUE-43] BLOOMER BIO BLUE (43) | [IBGB2400000838689] [DFSH334001-BLUE-44] BLOOMER BIO BLUE (44) | [IBGB2400000838689] [DFSH334001-BEIG-44] BLOOMER BIO BEIGE (44) | [IBGB2400000838689] [DFSH334001-FUCH-39] BLOOMER BIO FUCHSIA (39) | [IBGB2400000838689] [DFSH334001-FUCH-40] BLOOMER BIO FUCHSIA (40) | [IBGB2400000838689] [DFSH334001-FUCH-41] BLOOMER BIO FUCHSIA (41) | [IBGB2400000838671] [DFSH404004-ORAN-37] FOREST HIGH STRIPS ORANGE (37) | [IBGB2400000838671] [DFSH404001-SILV-40] FOREST HIGH STRIPS SILVER (40) | [IBGB2400000838671] [DFSH404001-SILV-36] FOREST HIGH STRIPS SILVER (36) | [IBGB2400000838671] [DFSH404002-ABLA-40] FOREST HIGH STRIPS ANIMAL PRINT BLACK (40) | [IBGB2400000838671] [DFSH404002-ABUR-40] FOREST HIGH STRIPS ANIMAL BURGUNDY (40) | [IBGB2400000838671] [DFSH404004-ORAN-39] FOREST HIGH STRIPS ORANGE (39) | [IBGB2400000838671] [DFSH404001-SILV-39] FOREST HIGH STRIPS SILVER (39) | [IBGB2400000838671] [DFSH404004-ORAN-38] FOREST HIGH STRIPS ORANGE (38) | [IBGB2400000838671] [DFSH404001-SILV-37] FOREST HIGH STRIPS SILVER (37) | [IBGB2400000838671] [DFSH404002-ABUR-37] FOREST HIGH STRIPS ANIMAL BURGUNDY (37) | [IBGB2400000838671] [DFSH404004-ORAN-41] FOREST HIGH STRIPS ORANGE (41) | [IBGB2400000838671] [DFSH404001-SILV-38] FOREST HIGH STRIPS SILVER (38) | [IBGB2400000838671] [DFSH404004-ORAN-36] FOREST HIGH STRIPS ORANGE (36) | [IBGB2400000838649] [DFSH334001-BLUE-44] BLOOMER BIO BLUE (44) | [IBGB2400000838649] [DFSH334001-BLUE-45] BLOOMER BIO BLUE (45) | [IBGB2400000838649] [DFSH334001-BLUE-43] BLOOMER BIO BLUE (43) | [IBGB2400000838649] [DFSH334001-ORAN-37] BLOOMER BIO ORANGE (37) | [IBGB2400000838501] [DFSH334001-BLUE-44] BLOOMER BIO BLUE (44) | [IBGB2400000838501] [DFSH334001-BLUE-45] BLOOMER BIO BLUE (45) | [IBGB2400000838501] [DFSH334001-ORAN-38] BLOOMER BIO ORANGE (38) | [IBGB2400000838501] [DFSH334001-PURP-38] BLOOMER BIO PURPLE (38) | [IBGB2400000838501] [DFSH334001-PURP-41] BLOOMER BIO PURPLE (41)
CLABD/Stock/StorageBD/CLA-054-05-01-02;600;BLACK;B+A+D;432;130;[IBGB2400000088192] [DFACCA2406-DARK_C_25] Pack BASIC WOOL CAP DARK GREY x 25 unid | [IBGB2400000088191] [DFACCA2406-DARK_C_25] Pack BASIC WOOL CAP DARK GREY x 25 unid | [IBGB2400000088187] [DFACCA2406-DARK_C_25] Pack BASIC WOOL CAP DARK GREY x 25 unid | [IBGB2400000088178] [DFACCA2405-BLAC_C_25] Pack LOGO DENIM CAP BLACK x 25 unid | [IBGB2400000088176] [DFACCA2405-BLAC_C_25] Pack LOGO DENIM CAP BLACK x 25 unid | [IBGB2400000088174] [DFACCA2405-BLAC_C_25] Pack LOGO DENIM CAP BLACK x 25 unid | [IBGB2400000088173] [DFACCA2405-BLAC_C_25] Pack LOGO DENIM CAP BLACK x 25 unid | [IBGB2400000088171] [DFACCA2405-BLAC_C_25] Pack LOGO DENIM CAP BLACK x 25 unid | [IBGB2400000088160] [DFACCA2404-KHAK] BASIC CORD CAP KHAKI | [IBGB2400000088152] [DFACCA2404-TAUP_C_25] Pack BASIC CORD CAP BROWN x 25 unid | [IBGB2400000624260] [DFSU925001-GREE_C_50] Pack TOKYO GREEN / GRADIENT GREEN x 50 unid | [IBGB2400000624256] [DFSU925001-GREE_C_50] Pack TOKYO GREEN / GRADIENT GREEN x 50 unid | [IBGB2400000624246] [DFSU925001-GREE_C_50] Pack TOKYO GREEN / GRADIENT GREEN x 50 unid | [IBGB2400000565466] [DFSU913001-TORT_C_50] PACK Ultra Light Max Light Tort / Black | [IBGB2400000564913] [DFSU942001-CREA_C_50] PACK Ultra Light Ellipse Cream / Brown | [IBGB2400000572220] [DFSU906002-SILV_C_50] PACK CAT-EYE LEGACY SILVER / DARK BROWN
CLABD/Stock/StorageBD/CLA-054-05-01-03;51;BLACK;A+D;193;60;[IBGG2400000327645] [DFSH370005-BLAC-38] BOOTS NORDIC FUR BLACK (38) | [IBGG2400000327645] [DFSH370005-BLAC-37] BOOTS NORDIC FUR BLACK (37) | [IBGG2400000327645] [DFSH370005-BLAC-42] BOOTS NORDIC FUR BLACK (42) | [IBGG2400000327645] [DFSH370005-BLAC-39] BOOTS NORDIC FUR BLACK (39) | [IBGG2400000327645] [DFSH370005-BLAC-40] BOOTS NORDIC FUR BLACK (40) | [IBGG2400000327645] [DFSH370005-BLAC-41] BOOTS NORDIC FUR BLACK (41) | [IBGB2400000790752] [DFTXHOD022-OFFW-M] CLEAN-CUT OVERSIZE HOODIE OFF-WHITE (M) | [SIN_PAQUETE] [DFTXHOD022-ANTR-M] CLEAN-CUT OVERSIZE HOODIE ANTHRACITE (M) | [IBGB2400000543508] [DFSH370004-SAND_C_40_40_12] Pack Nordic Fur Sand (40) x 12 unid | [IBGB2400000543722] [DFSH370005-CAME_C_41_41_12] Pack Nordic Trk Fur Camel (41) x 12 unid | [IBGB2400000543507] [DFSH370004-SAND_C_40_40_12] Pack Nordic Fur Sand (40) x 12 unid
CLABD/Stock/StorageBD/CLA-054-05-02-01;650;BLACK;A+D;425;65;[IBGB2400000107808] [DFSU930001-YELL] Pack HURRICANE GRAD YELLOW / GOLD x 50 unid | [IBGB2400000107801] [DFSU930001-YELL] Pack HURRICANE GRAD YELLOW / GOLD x 50 unid | [IBGB2400000107800] [DFSU930001-YELL] Pack HURRICANE GRAD YELLOW / GOLD x 50 unid | [IBGB2400000107799] [DFSU930001-YELL] Pack HURRICANE GRAD YELLOW / GOLD x 50 unid | [IBGB2400000107797] [DFSU930001-YELL] Pack HURRICANE GRAD YELLOW / GOLD x 50 unid | [IBGB2400000107796] [DFSU930001-YELL] Pack HURRICANE GRAD YELLOW / GOLD x 50 unid | [IBGB2400000107792] [DFSU930001-YELL] Pack HURRICANE GRAD YELLOW / GOLD x 50 unid | [IBGB2400000107791] [DFSU930001-YELL] Pack HURRICANE GRAD YELLOW / GOLD x 50 unid | [IBGB2400000107790] [DFSU930001-YELL] Pack HURRICANE GRAD YELLOW / GOLD x 50 unid | [IBGB2400000107788] [DFSU930001-YELL] Pack HURRICANE GRAD YELLOW / GOLD x 50 unid | [IBGB2400000565980] [DFSU919001-LAVE_C_50] PACK Ultra Light S Square Trans / Photochromic Lavender | [IBGB2400000565354] [DFSU913001-BROW_C_50] PACK Ultra Light Max Pink / Brown | [IBGB2400000564830] [DFSU942001-BLAC_C_50] PACK Ultra Light Ellipse Black / Black
CLABD/Stock/StorageBD/CLA-054-05-03-02;30;BLACK;A+C;116;20;[IBGB2400000772613] [DFSH334011-BLAC-36] CLOGS BLOOMER BLACK (36) | [IBGB2400000772613] [DFSH334011-BLAC-40] CLOGS BLOOMER BLACK (40) | [IBGB2400000772613] [DFSH334011-BLAC-37] CLOGS BLOOMER BLACK (37) | [IBGB2400000772613] [DFSH334011-ORAN-36] CLOGS BLOOMER ORANGE (36) | [IBGB2400000772613] [DFSH334011-BLAC-39] CLOGS BLOOMER BLACK (39) | [IBGB2400000772613] [DFSH334011-ORAN-39] CLOGS BLOOMER ORANGE (39) | [IBGB2400000772613] [DFSH334011-ORAN-38] CLOGS BLOOMER ORANGE (38) | [IBGB2400000772613] [DFSH334011-ORAN-37] CLOGS BLOOMER ORANGE (37) | [IBGB2400000772597] [DFSH334011-BLAC-39] CLOGS BLOOMER BLACK (39) | [IBGB2400000772597] [DFSH334011-ORAN-39] CLOGS BLOOMER ORANGE (39) | [IBGB2400000772597] [DFSH334011-BLAC-38] CLOGS BLOOMER BLACK (38) | [IBGB2400000772597] [DFSH334011-BLAC-36] CLOGS BLOOMER BLACK (36) | [IBGB2400000772597] [DFSH334011-BLAC-40] CLOGS BLOOMER BLACK (40) | [IBGB2400000772597] [DFSH334011-ORAN-37] CLOGS BLOOMER ORANGE (37) | [IBGB2400000772597] [DFSH334011-BLAC-37] CLOGS BLOOMER BLACK (37)
CLABD/Stock/StorageBD/CLA-054-06-01-01;613;BLACK;B+A+D;725;140;[IBG2023001172109] [DFBG24W106-BLAC_C_60] Pack Bomb Mini Bag Black x 60 unid | [IBG2023001172079] [DFBG24W106-BLAC] BOMB MINI BAG BLACK | [IBGB2400000400995] [DFTXHOD017-BLAC-S] D Is Not For Doctor Hoodie Black (S) | [IBGB2400000765050] [DFACBE2303-GREY] ACTIVE SLOUCH BEANIE GREY | [IBGB2400000764795] [DFACBE2304-BEIG] NORDIC BOMB SLOUCH BEANIE BEIGE | [IBGB2400000764756] [DFACGL2302-TEAL] NORDIC TRK KNITTED FINGERLESS GLOVES TEAL | [IBGB2400000764568] [DFACLY2301-GREY] Lanyard V23 Grey | [IBGB2400000764567] [DFACLY2301-GREY] Lanyard V23 Grey | [IBGB2400000764562] [DFACBE2308-NAVY] NORDIC TRK FAIR ISLE BEANIE NAVY | [IBGB2400000764543] [DFACBE2308-PINK] NORDIC TRK FAIR ISLE BEANIE PINK | [IBGB2400000341631] [DFBG25S004-WHIT_C_50] PACK TOMORROW TOTE BAG NATURAL | [IBGB2400000341630] [DFBG25S004-WHIT_C_50] PACK TOMORROW TOTE BAG NATURAL | [IBGB2400000341629] [DFBG25S003-DENI_C_50] PACK TOMORROW TOTE BAG WASHED DENIM | [IBGB2400000341628] [DFBG25S003-DENI_C_50] PACK TOMORROW TOTE BAG WASHED DENIM
CLABD/Stock/StorageBD/CLA-054-06-01-02;1011;BLACK;B+A+C+D;556;230;[IBGB2400000040509] [DFTXSOC011-ORAN-41-46] GORPCORE 2 STRIPES SOCKS (41-46) | [IBGB2400000040508] [DFTXSOC011-ORAN-41-46] GORPCORE 2 STRIPES SOCKS (41-46) | [IBGB2400000040504] [DFTXSOC011-ORAN-41-46] GORPCORE 2 STRIPES SOCKS (41-46) | [IBGB2400000040360] [DFTXSOC005-BLAC-41-46] NEO FLAG SOCKS BLACK (41-46) | [IBGB2400000040357] [DFTXSOC005-BLAC-41-46] NEO FLAG SOCKS BLACK (41-46) | [IBGB2400000040355] [DFTXSOC005-BLAC-36-40_100] Pack NEO FLAG SOCKS BLACK | [IBGB2400000401144] [DFKCOR0504-0011] CHAIN04 BLACK | [IBGB2400000401076] [DFACGL2303-GREE] NORDIC BOMB PUFFER MITTENS GREEN | [IBGB2400000774009] [DFTXTSH039-BURG-M] RIB LONG SLEEVE TOP BURGUNDY (M) | [IBGB2400000774006] [DFTXTSH039-BURG-S] RIB LONG SLEEVE TOP BURGUNDY (S) | [IBGB2400000774001] [DFTXTSH039-BLAC-M] RIB LONG SLEEVE TOP BLACK (M) | [IBGB2400000774000] [DFTXTSH039-BLAC-M] RIB LONG SLEEVE TOP BLACK (M) | [IBGB2400000773999] [DFTXTSH039-BLAC-M] RIB LONG SLEEVE TOP BLACK (M) | [IBGB2400000773997] [DFTXTSH039-BLAC-S] RIB LONG SLEEVE TOP BLACK (S) | [IBGB2400000773991] [DFTXTSH038-ANTR-L] RIDE WILD T-SHIRT ANTHRACITE (L) | [IBGB2400000773987] [DFTXTSH038-ANTR-M] RIDE WILD T-SHIRT ANTHRACITE (M) | [IBGB2400000773986] [DFTXTSH038-ANTR-M] RIDE WILD T-SHIRT ANTHRACITE (M) | [IBGB2400000773983] [DFTXTSH038-ANTR-M] RIDE WILD T-SHIRT ANTHRACITE (M) | [IBGB2400000773976] [DFTXTSH037-WHIT-M] RACE PARK T-SHIRT WHITE (M) | [IBGB2400000773972] [DFTXTSH036-WHIT-L] BASIC T-SHIRT WHITE (L) | [IBGB2400000773970] [DFTXTSH036-WHIT-L] BASIC T-SHIRT WHITE (L) | [IBGB2400000773966] [DFTXTSH036-WHIT-M] BASIC T-SHIRT WHITE (M) | [IBGB2400000773961] [DFTXTSH036-BLAC-L] BASIC T-SHIRT BLACK (L)
CLABD/Stock/StorageBD/CLA-054-06-01-03;770;BLACK;C+B+A+D;556;210;[IBGB2400000401338] [DFTXTSH020-BLACK-M] Racing Club Tee Black (M) | [IBGB2400000401335] [DFTXHOD019-GREE-M] Worldwide Hoodie Green (M) | [IBGB2400000228627] [DFTXTSH020-WHIT-M] Racing Club Tee White (M) | [IBGB2400000228572] [DFTXHOD019-GREE-L] Worldwide Hoodie Green (L) | [IBGB2400000040419] [DFTXSOC007-PURP-36-40] GLITTER SOCKS PURPLE (36-40) | [IBGB2400000040415] [DFTXSOC007-PURP-36-40] GLITTER SOCKS PURPLE (36-40) | [IBGB2400000040374] [DFTXSOC005-PURP-36-40] NEO FLAG SOCKS PURPLE (36-40) | [IBGB2400000040372] [DFTXSOC005-PURP-36-40] NEO FLAG SOCKS PURPLE (36-40) | [IBGB2400000040371] [DFTXSOC005-PURP-36-40] NEO FLAG SOCKS PURPLE (36-40) | [IBGB2400000426617] [DFTXTSH035-WHIT-S] CONTRAST RIBBED CROPPED T-SHIRT WHITE (S) | [IBGB2400000426601] [DFTXTSH034-WHIT-S] PASTA LOVER T-SHIRT WHITE / RED (S) | [IBGB2400000426596] [DFTXTSH034-WHIT-M] PASTA LOVER T-SHIRT WHITE / RED (M) | [IBGB2400000426530] [DFTXTSH031-GREY-M] GOOD LIFE T-SHIRT GREY MELANGE (M) | [IBGB2400000426486] [DFTXTSH030-BLAC-L] BEST BURGER T-SHIRT BLACK / WHITE (L) | [IBGB2400000426462] [DFTXTSH029-NAVY-M] BEST PIZZA T-SHIRT NAVY / WHITE (M) | [IBGB2400000426443] [DFTXTSH027-PINK-M] TOMORROW CROPPED T-SHIRT PINK (M) | [IBGB2400000426441] [DFTXTSH027-PINK-L] TOMORROW CROPPED T-SHIRT PINK (L) | [IBGB2400000773990] [DFTXTSH038-ANTR-L] RIDE WILD T-SHIRT ANTHRACITE (L) | [IBGB2400000773979] [DFTXTSH037-WHIT-L] RACE PARK T-SHIRT WHITE (L) | [IBGB2400000773977] [DFTXTSH037-WHIT-M] RACE PARK T-SHIRT WHITE (M) | [IBGB2400000773969] [DFTXTSH036-WHIT-M] BASIC T-SHIRT WHITE (M)
CLABD/Stock/StorageBD/CLA-054-06-03-02;328;BLACK;A+B+D;589;180;[IBGB2400000111727] [DFACTOW002-WHIT_C_14] Pack Old Money Jacquard Velour Beach Towel White x 14 unid | [IBGB2400000111726] [DFACTOW002-WHIT_C_14] Pack Old Money Jacquard Velour Beach Towel White x 14 unid | [IBGB2400000111725] [DFACTOW002-WHIT_C_14] Pack Old Money Jacquard Velour Beach Towel White x 14 unid | [IBGB2400000111724] [DFACTOW002-WHIT_C_14] Pack Old Money Jacquard Velour Beach Towel White x 14 unid | [IBGB2400000111723] [DFACTOW002-WHIT_C_14] Pack Old Money Jacquard Velour Beach Towel White x 14 unid | [IBGB2400000111721] [DFACTOW002-WHIT_C_14] Pack Old Money Jacquard Velour Beach Towel White x 14 unid | [IBGB2400000111720] [DFACTOW002-WHIT_C_14] Pack Old Money Jacquard Velour Beach Towel White x 14 unid | [IBGB2400000111719] [DFACTOW002-WHIT_C_14] Pack Old Money Jacquard Velour Beach Towel White x 14 unid | [IBGB2400000111718] [DFACTOW002-WHIT_C_14] Pack Old Money Jacquard Velour Beach Towel White x 14 unid | [IBGB2400000020036] [DFSW100001-BLAC_C_M_M_25] Pack BEACH CLUB SWIM SHORT BLACK (M) x 25 unid | [IBGB2400000020034] [DFSW100001-BLAC_C_S_S_25] Pack BEACH CLUB SWIM SHORT BLACK (S) x 25 unid | [IBGB2400000020033] [DFSW100001-BLAC_C_S_S_25] Pack BEACH CLUB SWIM SHORT BLACK (S) x 25 unid | [IBGB2400000020028] [DFSW100001-BLUE_C_L_L_25] Pack BEACH CLUB SWIM SHORT BLUE (L) x 25 unid | [IBGB2400000020026] [DFSW100001-BLUE_C_M_M_12] Pack BEACH CLUB SWIM SHORT BLUE (M) x 12 unid | [IBGB2400000020024] [DFSW100001-BLUE_C_M_M_25] Pack BEACH CLUB SWIM SHORT BLUE (M) x 25 unid | [IBGB2400000020021] [DFSW100001-BLUE_C_S_S_25] Pack BEACH CLUB SWIM SHORT BLUE (S) x 25 unid | [IBGB2400000020020] [DFSW100001-BLUE_C_S_S_25] Pack BEACH CLUB SWIM SHORT BLUE (S) x 25 unid | [IBG2024001631023] [DFTXTSH013-BLAC_C_XS_XS_15] Pack St Denis T-Shirt Black / White (XS) x 15 unid
CLABD/Stock/StorageBD/CLA-054-07-01-01;650;BLACK;D+A;143;65;[IBGB2400000771971] [DFSU942001-CREA] Ultra Light Ellipse Cream / Brown | [IBGB2400000564812] [DFSU942001-BLAC_C_50] PACK Ultra Light Ellipse Black / Black | [IBGB2400000771968] [DFSU942001-TORT] Ultra Light Ellipse Amber Tort / Blue | [IBGB2400000771962] [DFSU942001-TORT] Ultra Light Ellipse Amber Tort / Blue | [IBGB2400000771950] [DFSU942001-CREA] Ultra Light Ellipse Cream / Brown | [IBGB2400000564817] [DFSU942001-BLAC_C_50] PACK Ultra Light Ellipse Black / Black | [IBGB2400000564811] [DFSU942001-BLAC_C_50] PACK Ultra Light Ellipse Black / Black | [IBGB2400000620395] [DFKSUN0218_C_50] Pack Ultra Light S Round Trans Grey / Grey x 50 unid | [IBGB2400000620375] [DFKSUN0218_C_50] Pack Ultra Light S Round Trans Grey / Grey x 50 unid | [IBGB2400000620184] [DFKSUN0213-0800_C_50] Pack Ultra Light S Round Crystal Grey / Black x 50 unid | [IBGB2400000620128] [DFKSUN0212-0800_C_UNI_UNI_50] Pack Ultra Light S Round Black / Black | [IBGB2400000620115] [DFKSUN0212-0800_C_UNI_UNI_50] Pack Ultra Light S Round Black / Black | [IBGB2400000620110] [DFKSUN0212-0800_C_UNI_UNI_50] Pack Ultra Light S Round Black / Black
CLABD/Stock/StorageBD/CLA-054-07-01-02;1538;BLACK;A+B+C+D;556;280;[IBGB2400000040458] [DFTXSOC009-BLAC-41-46] DF PATCH SOCKS BLACK (41-46) | [IBGB2400000040457] [DFTXSOC009-BLAC-41-46] DF PATCH SOCKS BLACK (41-46) | [IBGB2400000040456] [DFTXSOC009-BLAC-41-46] DF PATCH SOCKS BLACK (41-46) | [IBGB2400000040455] [DFTXSOC009-BLAC-41-46] DF PATCH SOCKS BLACK (41-46) | [IBGB2400000040454] [DFTXSOC009-BLAC-41-46] DF PATCH SOCKS BLACK (41-46) | [IBGB2400000040452] [DFTXSOC009-BLAC-36-40] DF PATCH SOCKS BLACK (36-40) | [IBGB2400000040403] [DFTXSOC007-BLAC-36-40] GLITTER SOCKS BLACK (36-40) | [IBGB2400000040449] [DFTXSOC008-BLUE-41-46] DF 3 STRIPES SOCKS BLUE (41-46) | [IBGB2400000040448] [DFTXSOC008-BLUE-41-46] DF 3 STRIPES SOCKS BLUE (41-46) | [IBGB2400000040396] [DFTXSOC006-BLAC-41-46] DF CAPITAL SOCKS BLACK (41-46) | [IBGB2400000040393] [DFTXSOC006-BLAC-41-46] DF CAPITAL SOCKS BLACK (41-46) | [IBGB2400000040389] [DFTXSOC006-BLAC-36-40] DF CAPITAL SOCKS BLACK (36-40) | [IBGB2400000040387] [DFTXSOC006-BLAC-36-40] DF CAPITAL SOCKS BLACK (36-40) | [IBGB2400000228639] [DFTXTSH020-BLACK-M] Racing Club Tee Black (M) | [IBGB2400000228637] [DFTXTSH020-BLACK-L] Racing Club Tee Black (L) | [IBGB2400000228635] [DFTXTSH020-BLACK-M] Racing Club Tee Black (M) | [IBGB2400000228634] [DFTXTSH020-BLACK-M] Racing Club Tee Black (M) | [IBGB2400000228630] [DFTXTSH020-WHIT-L] Racing Club Tee White (L) | [IBGB2400000228629] [DFTXTSH020-WHIT-M] Racing Club Tee White (M) | [IBGB2400000228628] [DFTXTSH020-WHIT-M] Racing Club Tee White (M) | [IBGB2400000228554] [DFTXHOD018-GREY-M] 911 Iconic hoodie Grey (M) | [IBGB2400000426616] [DFTXTSH035-WHIT-S] CONTRAST RIBBED CROPPED T-SHIRT WHITE (S) | [IBGB2400000426524] [DFTXTSH031-GREY-L] GOOD LIFE T-SHIRT GREY MELANGE (L) | [IBGB2400000426490] [DFTXTSH030-BLAC-M] BEST BURGER T-SHIRT BLACK / WHITE (M) | [IBGB2400000426439] [DFTXTSH027-BLAC-S] TOMORROW CROPPED T-SHIRT BLACK (S) | [IBGB2400000426425] [DFTXTSH026-WHIT-L] TOMORROW T-SHIRT WHITE / BLACK (L) | [IBGB2400000426418] [DFTXTSH026-NAVY-M] TOMORROW T-SHIRT NAVY / WHITE (M) | [IBGB2400000426410] [DFTXTSH026-BLAC-M] TOMORROW T-SHIRT BLACK / WHITE (M)
CLABD/Stock/StorageBD/CLA-054-07-01-03;2499;BLACK;B+A+C;556;260;[IBGB2400000040499] [DFTXSOC010-WHIT-41-46] CHECK SOCKS WHITE (41-46) | [IBGB2400000040497] [DFTXSOC010-WHIT-41-46] CHECK SOCKS WHITE (41-46) | [IBGB2400000040496] [DFTXSOC010-WHIT-41-46] CHECK SOCKS WHITE (41-46) | [IBGB2400000040494] [DFTXSOC010-WHIT-41-46] CHECK SOCKS WHITE (41-46) | [IBGB2400000040492] [DFTXSOC010-WHIT-36-40] CHECK SOCKS WHITE (36-40) | [IBGB2400000040470] [DFTXSOC009-WHIT-41-46] DF PATCH SOCKS WHITE (41-46) | [IBGB2400000040467] [DFTXSOC009-WHIT-41-46] DF PATCH SOCKS WHITE (41-46) | [IBGB2400000040464] [DFTXSOC009-WHIT-41-46] DF PATCH SOCKS WHITE (41-46) | [IBGB2400000040382] [DFTXSOC006-WHIT-41-46] DF CAPITAL SOCKS WHITE (41-46) | [IBGB2400000040379] [DFTXSOC006-WHIT-36-40] DF CAPITAL SOCKS WHITE (36-40) | [IBGB2400000040378] [DFTXSOC006-WHIT-36-40] DF CAPITAL SOCKS WHITE (36-40) | [IBGB2400000401756] [DFTXSOC022-PINK_C_36-40_36-40_50] PACK GLITTER SOCKS GRADIENT PINK | [IBGB2400000345266] [DFTXSOC022-PURP_C_36-40_36-40_100] PACK GLITTER SOCKS GRADIENT PURPLE | [IBGB2400000345265] [DFTXSOC022-PURP_C_36-40_36-40_100] PACK GLITTER SOCKS GRADIENT PURPLE | [IBGB2400000345263] [DFTXSOC022-PINK-36-40] GLITTER SOCKS GRADIENT PINK (36-40) | [IBGB2400000345261] [DFTXSOC022-PINK_C_36-40_36-40_100] PACK GLITTER SOCKS GRADIENT PINK | [IBGB2400000345260] [DFTXSOC022-PINK_C_36-40_36-40_100] PACK GLITTER SOCKS GRADIENT PINK | [IBGB2400000345259] [DFTXSOC014-SAND_C_36-40_36-40_100] PACK GLITTER SOCKS SAND | [IBGB2400000345257] [DFTXSOC014-SAND_C_36-40_36-40_100] PACK GLITTER SOCKS SAND | [IBGB2400000345256] [DFTXSOC014-SAND_C_36-40_36-40_100] PACK GLITTER SOCKS SAND | [IBGB2400000345254] [DFTXSOC014-ORAN_C_36-40_36-40_100] PACK GLITTER SOCKS ORANGE | [IBGB2400000345253] [DFTXSOC014-ORAN_C_36-40_36-40_100] PACK GLITTER SOCKS ORANGE | [IBGB2400000345252] [DFTXSOC014-ORAN_C_36-40_36-40_100] PACK GLITTER SOCKS ORANGE | [IBGB2400000345251] [DFTXSOC014-GREE_C_36-40_36-40_100] PACK GLITTER SOCKS GREEN | [IBGB2400000345250] [DFTXSOC014-GREE_C_36-40_36-40_100] PACK GLITTER SOCKS GREEN | [IBGB2400000345248] [DFTXSOC014-GREE_C_36-40_36-40_100] PACK GLITTER SOCKS GREEN
CLABD/Stock/StorageBD/CLA-054-08-01-03;916;BLACK;B+C+A;725;260;[IBG2023001509554] [DFACHA2402-DENI_C_25] Pack BUCKET HAT DENIM x 25 unid | [IBG2023001509547] [DFACHA2402-DENI_C_25] Pack BUCKET HAT DENIM x 25 unid | [IBG2023001509523] [DFACHA2401-BLAC_C_25] Pack BUCKET HAT BLACK x 25 unid | [IBG2023001509356] [DFACCA2402-LIME_C_25] Pack BASIC FLAG CAP LIME x 25 unid | [IBG2023001509325] [DFACCA2402-LIME_C_25] Pack BASIC FLAG CAP LIME x 25 unid | [IBG2023001509318] [DFACCA2402-LIME_C_25] Pack BASIC FLAG CAP LIME x 25 unid | [IBG2023001509301] [DFACCA2402-LIME_C_25] Pack BASIC FLAG CAP LIME x 25 unid | [IBGB2400000650552] [DFKBEN0002-0006] RUBBER YELLOW/BLACK BEANIE | [IBGB2400000650549] [DFACBE2308-BLAC] NORDIC TRK FAIR ISLE BEANIE CHARCOAL | [IBGB2400000650548] [DFACBE2308-BLAC] NORDIC TRK FAIR ISLE BEANIE CHARCOAL | [IBGB2400000650543] [DFACBE2306-BLAC] NORDIC TRK FISHERMAN BEANIE BLACK | [IBGB2400000650535] [DFACLY2301-WHIT] Lanyard V23 White | [IBGB2400000650509] [DFACLY2301-WHIT] Lanyard V23 White | [IBGB2400000650495] [DFACLY2301-GREY] Lanyard V23 Grey | [IBGB2400000650492] [DFACLY2301-GREY] Lanyard V23 Grey | [IBGB2400000650489] [DFACLY2301-GREY] Lanyard V23 Grey | [IBGB2400000650486] [DFACBE2306-KHAK] NORDIC TRK FISHERMAN BEANIE KHAKI | [IBGB2400000650483] [DFACLY2301-GREY] Lanyard V23 Grey | [IBGB2400000650477] [DFACBE2308-BLAC] NORDIC TRK FAIR ISLE BEANIE CHARCOAL | [IBGB2400000650473] [DFACBE2308-BLAC] NORDIC TRK FAIR ISLE BEANIE CHARCOAL | [IBGB2400000650449] [DFACGL2302-TEAL] NORDIC TRK KNITTED FINGERLESS GLOVES TEAL | [IBGB2400000650447] [DFACGL2302-TEAL] NORDIC TRK KNITTED FINGERLESS GLOVES TEAL | [IBGB2400000650420] [DFACLY2301-YELL] Lanyard V23 Yellow | [IBGB2400000650416] [DFACLY2301-YELL] Lanyard V23 Yellow | [IBGB2400000650411] [DFACLY2301-YELL] Lanyard V23 Yellow | [IBGB2400000808872] [DFBG24W111-GREE] ROUND NYLON CROSSBODY BAG GREEN
CLABD/Stock/StorageBD/CLA-054-08-03-01;164;BLACK;A+C+B;705;120;[IBG2023001517207] [DFACTOW002-WHIT_C_14] Pack Old Money Jacquard Velour Beach Towel White x 14 unid | [IBG2023001517191] [DFACTOW002-WHIT] Old Money Jacquard Velour Beach Towel White | [IBG2023001517139] [DFACTOW002-WHIT_C_14] Pack Old Money Jacquard Velour Beach Towel White x 14 unid | [IBG2023001517122] [DFACTOW002-WHIT_C_14] Pack Old Money Jacquard Velour Beach Towel White x 14 unid | [IBG2023001516774] [DFACTOW001-WHIT_C_14] Pack Summer Club Jacquard Beach Towel White x 14 unid | [IBG2023001516675] [DFACTOW001-WHIT_C_14] Pack Summer Club Jacquard Beach Towel White x 14 unid | [IBG2023001517313] [DFACTOW003-BLUE_C_14] Pack Old Money Jacquard Velour Beach Towel Blue x 14 unid | [IBG2023001517276] [DFACTOW002-WHIT_C_14] Pack Old Money Jacquard Velour Beach Towel White x 14 unid | [IBG2023001517221] [DFACTOW002-WHIT_C_14] Pack Old Money Jacquard Velour Beach Towel White x 14 unid | [IBG2023001517184] [DFACTOW002-WHIT_C_14] Pack Old Money Jacquard Velour Beach Towel White x 14 unid | [IBG2023001517092] [DFACTOW002-WHIT_C_14] Pack Old Money Jacquard Velour Beach Towel White x 14 unid | [IBG2023001517061] [DFACTOW002-BLAC_C_11] Pack Old Money Jacquard Velour Beach Towel Black x 11 unid
CLABD/Stock/StorageBD/CLA-054-08-03-03;72;BLACK;A+C;705;60;[IBG2023001517078] [DFACTOW002-BLAC_C_8] Pack Old Money Jacquard Velour Beach Towel Black x 8 unid | [IBG2023001517030] [DFACTOW002-BLAC_C_14] Pack Old Money Jacquard Velour Beach Towel Black x 14 unid | [IBG2023001517009] [DFACTOW002-BLAC_C_14] Pack Old Money Jacquard Velour Beach Towel Black x 14 unid | [IBG2023001516958] [DFACTOW002-BLAC_C_14] Pack Old Money Jacquard Velour Beach Towel Black x 14 unid | [IBG2023001516880] [DFACTOW002-BLAC_C_14] Pack Old Money Jacquard Velour Beach Towel Black x 14 unid | [IBG2023001516620] [DFACTOW001-BLAC_C_8] Pack Summer Club Jacquard Beach Towel Black x 8 unid
CLABD/Stock/StorageBD/CLA-054-09-01-03;910;BLACK;D+B+A;1095;170;[IBGB2400000341621] [DFBG25S001-WHIT_C_50] PACK PASTA LOVER TOTE BAG NATURAL | [IBGB2400000341619] [DFBG25S001-WHIT_C_50] PACK PASTA LOVER TOTE BAG NATURAL | [IBGB2400000341616] [DFBG25S001-WHIT_C_50] PACK PASTA LOVER TOTE BAG NATURAL | [IBGB2400000341607] [DFBG25S001-WHIT_C_50] PACK PASTA LOVER TOTE BAG NATURAL | [IBGB2400000341600] [DFBG25S001-WHIT_C_50] PACK PASTA LOVER TOTE BAG NATURAL | [IBGB2400000181677] [DFTXPUF005-NAVY_C_XL_XL_10] PACK Puffer Jacket Navy | [IBG2023001126232] [DFACEYE006-GREE_C_50] Pack Link Chain Green x 50 unid | [IBG2023001126218] [DFACEYE006-GREE_C_50] Pack Link Chain Green x 50 unid | [IBG2023001126171] [DFACEYE006-PURP_C_50] Pack Link Chain Purple x 50 unid | [IBG2023001125785] [DFACEYE003-GREE_C_50] Pack Link Chain Green x 50 unid | [FKD 000018070092] [DFKCOR0507-0019] Link Chain Mint / Pink | [FKD 000018070091] [DFKCOR0507-0019] Link Chain Mint / Pink | [FKD 000018070089] [DFKCOR0507-0019] Link Chain Mint / Pink | [FKD 000018070088] [DFKCOR0507-0019] Link Chain Mint / Pink | [FKD 000018070087] [DFKCOR0507-0019] Link Chain Mint / Pink | [IBGB2400000809185] [DFKSUN0244-0509] JACKSON SQUARE SHINY BLACK / ORANGE | [IBGB2400000809182] [DFSU929001-RED] HURRICANE FIFTY GRAD RED / RED | [IBGB2400000809181] [DFKSUN0213-0800] Ultra Light S Round Crystal Grey / Black | [IBGB2400000809176] [DFSU929001-PURP] HURRICANE FIFTY GRAD PURPLE / BLUE
CLABD/Stock/StorageBD/CLA-055-01-01-01;708;BLACK;B+C+A;360;120;[IBGB2400000299413] [DFTXHOD021-GREY-M] Worldwide Crop Hoodie Ice Grey (M) | [IBGB2400000299411] [DFTXHOD021-GREY-M] Worldwide Crop Hoodie Ice Grey (M) | [IBGB2400000299402] [DFTXHOD021-WINE-M] Worldwide Crop Hoodie Wine (M) | [IBGB2400000299389] [DFTXSWE013-GREY-S] Eternity Crop Sweatshirt Grey (S) | [IBGB2400000299357] [DFTXHOD020-BLUE-M] Eternity Oversize Hoodie Blue (M) | [IBGB2400000299343] [DFTXHOD019-WINE-XL] Crewneck Racing Club Sweatshirt Black (copia) (XL) | [IBGB2400000299335] [DFTXHOD019-WINE-M] Crewneck Racing Club Sweatshirt Black (copia) (M) | [IBGB2400000706332] [DFTXPUF005-NAVY-XS] Puffer Jacket Navy (XS) | [IBGB2400000706316] [DFTXPUF005-BLAC-L] Puffer Jacket Black (L) | [IBGB2400000809074] [DFKCAS0104-Iphone 11 Pro] Case "D" is Not for Green / Black (Iphone 11 Pro) | [IBGB2400000809074] [DFKCAS0101-Iphone 11/XR] Case "D" is Not for Black / White (Iphone 11/XR) | [IBGB2400000809074] [DFKCAS0103-Iphone X/XS] Case "D" is Not for White / White (Iphone X/XS) | [IBGB2400000809074] [DFKCAS0103-Iphone 6/7/8] Case "D" is Not for White / White (Iphone 6/7/8) | [IBGB2400000809074] [DFKCAS0106-0058-Iphone 6/7/8 Pro] Case "D" is Not for Blue / Blue (Iphone 6/7/8 Pro) | [IBGB2400000846572] [DFACSC2304-BLAC] NORDIC BOMB QUILTED SCARF BLACK | [IBGB2400000488696] [DFAC05000-BLAC_C_500] Pack DF Neoprene Sunglasses Strap x 500 unid
CLABD/Stock/StorageBD/CLA-055-01-01-03;1118;BLACK;A+B+D;387;100;[IBGB2400000488699] [DFAC05000-BLAC_C_500] Pack DF Neoprene Sunglasses Strap x 500 unid | [IBGB2400000488695] [DFAC05000-BLAC_C_500] Pack DF Neoprene Sunglasses Strap x 500 unid | [IBGB2400000764556] [DFTXPUF005-NAVY-S] Puffer Jacket Navy (S) | [IBGB2400000764555] [DFACSC2303-GREY] NORDIC BOMB PLAID SCARF GREY | [IBGB2400000764555] [DFACSC2303-BLAC] NORDIC BOMB PLAID SCARF BLACK | [IBGB2400000764547] [DFACSC2303-BLAC] NORDIC BOMB PLAID SCARF BLACK | [IBGB2400000773949] [DFTXHOD023-BROW-L] RACE PARK HOODIE BROWN (L) | [IBGB2400000773948] [DFTXHOD023-BROW-L] RACE PARK HOODIE BROWN (L) | [IBGB2400000773947] [DFTXHOD023-BROW-M] RACE PARK HOODIE BROWN (M) | [IBGB2400000773946] [DFTXHOD023-BROW-M] RACE PARK HOODIE BROWN (M) | [IBGB2400000773943] [DFTXHOD023-BROW-S] RACE PARK HOODIE BROWN (S)
CLABD/Stock/StorageBD/CLA-055-02-02-03;95;BLACK;C+D+A+B;32;60;[IBGB2400000838643] [DFSH334001-ORAN-37] BLOOMER BIO ORANGE (37) | [IBGB2400000838643] [DFSH334001-KHAK-36] BLOOMER BIO KHAKI (36) | [IBGB2400000838643] [DFSH334001-KHAK-37] BLOOMER BIO KHAKI (37) | [IBGB2400000838643] [DFSH334001-KHAK-38] BLOOMER BIO KHAKI (38) | [IBGB2400000838643] [DFSH334001-PURP-36] BLOOMER BIO PURPLE (36) | [IBGB2400000838643] [DFSH334001-PURP-39] BLOOMER BIO PURPLE (39) | [IBGB2400000838643] [DFSH334001-ORAN-39] BLOOMER BIO ORANGE (39) | [IBGB2400000838643] [DFSH334001-ORAN-38] BLOOMER BIO ORANGE (38) | [IBGB2400000838637] [DFSH334001-BLUE-43] BLOOMER BIO BLUE (43) | [IBGB2400000838637] [DFSH334001-KHAK-39] BLOOMER BIO KHAKI (39) | [IBGB2400000838637] [DFSH334001-ORAN-38] BLOOMER BIO ORANGE (38) | [IBGB2400000838637] [DFSH334001-ORAN-40] BLOOMER BIO ORANGE (40) | [IBGB2400000838637] [DFSH334001-ORAN-37] BLOOMER BIO ORANGE (37) | [IBGB2400000838637] [DFSH334001-BLUE-44] BLOOMER BIO BLUE (44) | [IBGB2400000838627] [DFSH334009-GREY-39] BLOOMER NIP GREY (39) | [IBGB2400000838627] [DFSH334001-BLUE-43] BLOOMER BIO BLUE (43) | [IBGB2400000838627] [DFSH334001-BEIG-44] BLOOMER BIO BEIGE (44) | [IBGB2400000838627] [DFSH334001-BLUE-44] BLOOMER BIO BLUE (44) | [IBGB2400000838627] [DFSH334001-SILV-37] BLOOMER BIO SILVER  (37) | [IBGB2400000838627] [DFSH334001-ORAN-38] BLOOMER BIO ORANGE (38) | [IBGB2400000838627] [DFSH334001-BLUE-45] BLOOMER BIO BLUE (45) | [IBGB2400000838402] [DFSH397002-DOTT-40] VENICE SLIDES DOTTY (40) | [IBGB2400000838402] [DFSH397002-DOTT-37] VENICE SLIDES DOTTY (37) | [IBGB2400000838402] [DFSH397002-DOTT-38] VENICE SLIDES DOTTY (38) | [IBGB2400000838402] [DFSH397002-LEOP-41] VENICE SLIDES LEOPARD (41) | [IBGB2400000838402] [DFSH397002-GOLD-37] VENICE SLIDES GOLD (37) | [IBGB2400000838402] [DFSH397002-BLAC-38] VENICE SLIDES BLACK (38) | [IBGB2400000838402] [DFSH397001-WHIT-42] VENICE SLIDE SUMMER CLUB WHITE (42) | [IBGB2400000838402] [DFSH397001-FBLA-38] VENICE SLIDE FULL BLACK (38) | [IBGB2400000838402] [DFSH397001-OFFW-43] VENICE SLIDE OFF WHITE (43) | [IBGB2400000838402] [DFSH397001-FBLA-37] VENICE SLIDE FULL BLACK (37) | [IBGB2400000838402] [DFSH397001-BLAC-43] VENICE SLIDE SUMMER CLUB BLACK (43) | [IBGB2400000838345] [DFSH397001-OFFW-44] VENICE SLIDE OFF WHITE (44) | [IBGB2400000838345] [DFSH397001-OFFW-43] VENICE SLIDE OFF WHITE (43) | [IBGB2400000838345] [DFSH397002-GOLD-40] VENICE SLIDES GOLD (40) | [IBGB2400000838345] [DFSH397002-BLAC-37] VENICE SLIDES BLACK (37) | [IBGB2400000838345] [DFSH397002-GOLD-36] VENICE SLIDES GOLD (36) | [IBGB2400000838345] [DFSH397002-DOTT-37] VENICE SLIDES DOTTY (37) | [IBGB2400000838345] [DFSH397002-GOLD-38] VENICE SLIDES GOLD (38) | [IBGB2400000838345] [DFSH397002-GOLD-39] VENICE SLIDES GOLD (39) | [IBGB2400000838345] [DFSH397001-OFFW-36] VENICE SLIDE OFF WHITE (36) | [IBGB2400000838345] [DFSH397001-OFFW-37] VENICE SLIDE OFF WHITE (37) | [IBGB2400000838345] [DFSH397001-FBLA-37] VENICE SLIDE FULL BLACK (37) | [IBGB2400000838345] [DFSH397001-OFFW-39] VENICE SLIDE OFF WHITE (39) | [IBGB2400000838327] [DFSH397001-OFFW-42] VENICE SLIDE OFF WHITE (42) | [IBGB2400000838327] [DFSH397001-OFFW-43] VENICE SLIDE OFF WHITE (43) | [IBGB2400000838327] [DFSH397002-GOLD-41] VENICE SLIDES GOLD (41) | [IBGB2400000838327] [DFSH397002-GOLD-40] VENICE SLIDES GOLD (40) | [IBGB2400000838327] [DFSH397001-OFFW-44] VENICE SLIDE OFF WHITE (44) | [IBGB2400000838327] [DFSH397002-GOLD-37] VENICE SLIDES GOLD (37) | [IBGB2400000838327] [DFSH397002-DOTT-36] VENICE SLIDES DOTTY (36) | [IBGB2400000838327] [DFSH397002-DOTT-37] VENICE SLIDES DOTTY (37) | [IBGB2400000838327] [DFSH397002-LEOP-39] VENICE SLIDES LEOPARD (39) | [IBGB2400000838327] [DFSH397001-OFFW-41] VENICE SLIDE OFF WHITE (41)
CLABD/Stock/StorageBD/CLA-055-03-01-02;399;BLACK;D+A;86;60;[IBGB2400000681232] [DFSU950001-RED_C_25] PACK RANGE BLACK / RED REVO | [IBGB2400000681236] [DFSU950001-RED_C_25] PACK RANGE BLACK / RED REVO | [IBGB2400000681225] [DFSU950001-RED_C_25] PACK RANGE BLACK / RED REVO | [IBGB2400000621215] [DFSU935001-BROW_C_50] PACK Quad Legacy Gold / Brown | [IBGB2400000620413] [DFKSUN0218_C_50] Pack Ultra Light S Round Trans Grey / Grey x 50 unid | [IBGB2400000620145] [DFKSUN0212-0800_C_UNI_UNI_50] Pack Ultra Light S Round Black / Black | [IBGB2400000620119] [DFKSUN0212-0800_C_UNI_UNI_50] Pack Ultra Light S Round Black / Black | [IBGB2400000809152] [DFTXSOC007-PURP-36-40] GLITTER SOCKS PURPLE (36-40) | [IBGB2400000808915] [DFBG25S001-WHIT] PASTA LOVER TOTE BAG NATURAL | [IBGB2400000681380] [DFSU951001-SILV_C_25] PACK VORTEX SILVER / SILVER REVO
CLABD/Stock/StorageBD/CLA-055-04-01-02;470;BLACK;D+A+B;725;130;[IBGB2400000341623] [DFBG25S001-WHIT_C_50] PACK PASTA LOVER TOTE BAG NATURAL | [IBGB2400000341622] [DFBG25S001-WHIT_C_50] PACK PASTA LOVER TOTE BAG NATURAL | [IBGB2400000341606] [DFBG25S001-WHIT_C_50] PACK PASTA LOVER TOTE BAG NATURAL | [IBGB2400000341596] [DFBG25S001-WHIT_C_50] PACK PASTA LOVER TOTE BAG NATURAL | [IBG2023001143543] [DFACBE2305-BLAC_C_50] Pack NORDIC BOMB HI TOP BEANIE HEATHER BLACK x 50 unid | [IBG2023001143321] [DFACBE2303-GREY_C_50] Pack ACTIVE SLOUCH BEANIE GREY x 50 unid | [IBG2023001143307] [DFACBE2303-GREY_C_50] Pack ACTIVE SLOUCH BEANIE GREY x 50 unid | [IBG2023001143475] [DFACBE2304-PINK_C_50] Pack NORDIC BOMB SLOUCH BEANIE PINK x 50 unid | [IBG2023001517436] [DFACTOW003-BLUE_C_14] Pack Old Money Jacquard Velour Beach Towel Blue x 14 unid | [IBG2023001517412] [DFACTOW003-BLUE_C_14] Pack Old Money Jacquard Velour Beach Towel Blue x 14 unid | [IBG2023001517382] [DFACTOW003-BLUE_C_14] Pack Old Money Jacquard Velour Beach Towel Blue x 14 unid | [IBG2023001517368] [DFACTOW003-BLUE_C_14] Pack Old Money Jacquard Velour Beach Towel Blue x 14 unid | [IBG2023001517344] [DFACTOW003-BLUE_C_14] Pack Old Money Jacquard Velour Beach Towel Blue x 14 unid
CLABD/Stock/StorageBD/CLA-055-04-02-02;700;BLACK;A+D;355;120;[IBGB2400000357612] [DFKSUN0561-0011_C_50] Pack Wind Black / Blue x 50 unid | [IBGB2400000357609] [DFKSUN0561-0011_C_50] Pack Wind Black / Blue x 50 unid | [IBGB2400000566047] [DFSU919001-TORT_C_50] PACK Ultra Light S Square Matte Tort / Photochromic Brown | [IBGB2400000235654] [DFKSUN0565-0011_C_50] Pack WIND LIMITED IRIDISCENT BLUE / BLUE x 50 unid | [IBGB2400000517473] [DFACCK0001_C_50] Pack Care Kit Sunglasses DF x 50 unid | [IBGB2400000517467] [DFACCK0001_C_50] Pack Care Kit Sunglasses DF x 50 unid | [IBGB2400000517466] [DFACCK0001_C_50] Pack Care Kit Sunglasses DF x 50 unid | [IBGB2400000517465] [DFACCK0001_C_50] Pack Care Kit Sunglasses DF x 50 unid | [IBGB2400000517464] [DFACCK0001_C_50] Pack Care Kit Sunglasses DF x 50 unid | [IBGB2400000517458] [DFACCK0001_C_50] Pack Care Kit Sunglasses DF x 50 unid | [IBGB2400000517452] [DFACCK0001_C_50] Pack Care Kit Sunglasses DF x 50 unid | [IBGB2400000517447] [DFACCK0001_C_50] Pack Care Kit Sunglasses DF x 50 unid | [IBGB2400000517444] [DFACCK0001_C_50] Pack Care Kit Sunglasses DF x 50 unid | [IBGB2400000517443] [DFACCK0001_C_50] Pack Care Kit Sunglasses DF x 50 unid
CLABD/Stock/StorageBD/CLA-055-05-01-03;234;BLACK;B+C+A;360;130;[IBGB2400000299414] [DFTXHOD021-GREY-L] Worldwide Crop Hoodie Ice Grey (L) | [IBGB2400000299388] [DFTXSWE013-GREY-S] Eternity Crop Sweatshirt Grey (S) | [IBGB2400000299387] [DFTXSWE013-GREY-S] Eternity Crop Sweatshirt Grey (S) | [IBGB2400000299384] [DFTXSWE013-BLUE-M] Eternity Crop Sweatshirt Blue (M) | [IBGB2400000299383] [DFTXSWE013-BLUE-M] Eternity Crop Sweatshirt Blue (M) | [IBGB2400000299375] [DFTXHOD020-GREY-XL] Eternity Oversize Hoodie Grey (XL) | [IBGB2400000299373] [DFTXHOD020-GREY-L] Eternity Oversize Hoodie Grey (L) | [IBGB2400000299365] [DFTXHOD020-BLUE-XL] Eternity Oversize Hoodie Blue (XL) | [IBGB2400000299348] [DFTXHOD019-GREY-M] Classic Oversize Hoodie Ice Grey (M) | [IBGB2400000299345] [DFTXHOD019-GREY-L] Classic Oversize Hoodie Ice Grey (L) | [IBGB2400000299345] [DFTXHOD019-GREY-M] Classic Oversize Hoodie Ice Grey (M) | [IBGB2400000299345] [DFTXHOD019-GREY-S] Classic Oversize Hoodie Ice Grey (S) | [IBGB2400000299342] [DFTXHOD019-WINE-L] Crewneck Racing Club Sweatshirt Black (copia) (L) | [IBGB2400000299322] [DFTXSWE012-BLAC-M] Crewneck Racing Club Sweatshirt Black (M) | [IBGB2400000545555] [DFSH370012-BLAC_C_38_38_12] Pack NORDIC TRK FUR BLACK (38) x 12 unid
CLABD/Stock/StorageBD/CLA-055-05-02-03;750;BLACK;A+D;89;75;[IBGB2400000721009] [DFSU918001-GREE_C_50] Pack ULTRA LIGHT SQ MED CRYSTAL GREEN / GRAD SMOKE x 50 unid | [IBGB2400000720964] [DFKSUN0182-0801_C_UNI_UNI_50] Pack ULTRA LIGHT SQ MED BLACK / GRAD BLACK | [IBGB2400000720963] [DFKSUN0182-0801_C_UNI_UNI_50] Pack ULTRA LIGHT SQ MED BLACK / GRAD BLACK | [IBGB2400000720962] [DFKSUN0182-0801_C_UNI_UNI_50] Pack ULTRA LIGHT SQ MED BLACK / GRAD BLACK | [IBGB2400000720941] [DFKSUN0181-0804_C_UNI_UNI_50] Pack Ultra Light SQ Med Black / G15 | [IBGB2400000720568] [DFSU919001-RED_C_50] Pack ULTRA LIGHT S SQUARE BLACK / RED x 50 unid | [IBGB2400000720556] [DFSU919001-RED_C_50] Pack ULTRA LIGHT S SQUARE BLACK / RED x 50 unid | [IBGB2400000719991] [DFSU921001-TRAN_C_50] Pack JIGGY TRANSPARENT / SMOKE x 50 unid | [IBGB2400000719965] [DFSU921001-TRAN_C_50] Pack JIGGY TRANSPARENT / SMOKE x 50 unid | [IBGB2400000719950] [DFSU921001-TRAN_C_50] Pack JIGGY TRANSPARENT / SMOKE x 50 unid | [IBGB2400000719922] [DFSU921001-TRAN_C_50] Pack JIGGY TRANSPARENT / SMOKE x 50 unid | [IBGB2400000719803] [DFSU921001-BLAC_C_50] Pack JIGGY BLACK / BLACK x 50 unid | [IBGB2400000719802] [DFSU921001-BLAC_C_50] Pack JIGGY BLACK / BLACK x 50 unid | [IBGB2400000719782] [DFSU921001-AMBE_C_50] PACK Jiggy Crystal Amber / Blue | [IBGB2400000719780] [DFSU921001-AMBE_C_50] PACK Jiggy Crystal Amber / Blue
CLABD/Stock/StorageBD/CLA-055-05-03-03;84;BLACK;D+A;171;70;[IBGB2400000546791] [DFSH370021-TAN_C_40_40_12] PACK NORDIC LOW BASIC TAN | [IBGB2400000546786] [DFSH370021-TAN_C_40_40_12] PACK NORDIC LOW BASIC TAN | [IBGB2400000546781] [DFSH370021-TAN_C_40_40_12] PACK NORDIC LOW BASIC TAN | [IBGB2400000546772] [DFSH370021-TAN_C_40_40_12] PACK NORDIC LOW BASIC TAN | [IBGB2400000546770] [DFSH370021-TAN_C_40_40_12] PACK NORDIC LOW BASIC TAN | [IBGB2400000544876] [DFSH370011-BROW_C_38_38_12] Pack NORDIC TRK FUR LOW BROWN  (38) x 12 unid | [IBGB2400000544866] [DFSH370011-BROW_C_38_38_12] Pack NORDIC TRK FUR LOW BROWN  (38) x 12 unid
CLABD/Stock/StorageBD/CLA-055-06-01-02;450;BLACK;D+A;86;60;[IBGB2400000681388] [DFSU951001-SILV_C_25] PACK VORTEX SILVER / SILVER REVO | [IBGB2400000681311] [DFSU951001-BLAC_C_25] PACK VORTEX BLAC / BLACK | [IBGB2400000681303] [DFSU951001-BLAC_C_25] PACK VORTEX BLAC / BLACK | [IBGB2400000681237] [DFSU950001-SILV_C_25] PACK RANGE BLACK / SILVER REVO | [IBGB2400000681235] [DFSU950001-RED_C_25] PACK RANGE BLACK / RED REVO | [IBGB2400000681227] [DFSU950001-RED_C_25] PACK RANGE BLACK / RED REVO | [IBGB2400000628014] [DFKSUN0826-0058_C_UNI_UNI_50] Pack ROLLER TR90 TRANS GREY | [IBGB2400000627834] [DFKSUN0820-0020_C_UNI_UNI_50] Pack Roller TR90 Black Edition | [IBGB2400000627818] [DFKSUN0820-0020_C_UNI_UNI_50] Pack Roller TR90 Black Edition | [IBGB2400000627812] [DFKSUN0820-0020_C_UNI_UNI_50] Pack Roller TR90 Black Edition | [IBGB2400000627263] [DFSU941001-TRAN_C_50] PACK Banger Transparent / Gradient Lavender | [IBGB2400000627261] [DFSU941001-TRAN_C_50] PACK Banger Transparent / Gradient Lavender
CLABD/Stock/StorageBD/CLA-055-06-03-03;550;BLACK;D+A;297;55;[IBGB2400000621225] [DFSU935001-GOLD_C_50] PACK Quad Legacy Gold / G15 | [IBGB2400000621224] [DFSU935001-GOLD_C_50] PACK Quad Legacy Gold / G15 | [IBGB2400000621216] [DFSU935001-BROW_C_50] PACK Quad Legacy Gold / Brown | [IBGB2400000621211] [DFSU935001-BROW_C_50] PACK Quad Legacy Gold / Brown | [IBGB2400000621207] [DFSU935001-BLUE_C_50] PACK Quad Legacy Silver / Gradient Blue | [IBGB2400000358177] [DFKSUN0571-0004_C_50] Pack WIND FIFTY BLACK / GREEN x 50 unid | [IBGB2400000358152] [DFKSUN0571-0004_C_50] Pack WIND FIFTY BLACK / GREEN x 50 unid | [IBGB2400000358143] [DFKSUN0571-0004_C_50] Pack WIND FIFTY BLACK / GREEN x 50 unid | [IBGB2400000358140] [DFKSUN0571-0004_C_50] Pack WIND FIFTY BLACK / GREEN x 50 unid | [IBGB2400000358096] [DFKSUN0571-0001_C_50] Pack WIND FIFTY BLACK / GOLD x 50 unid | [IBGB2400000358087] [DFKSUN0571-0001_C_50] Pack WIND FIFTY BLACK / GOLD x 50 unid
CLABD/Stock/StorageBD/CLA-055-07-02-01;1000;BLACK;A+D;52;100;[IBGB2400000629980] [DFKSUN0165-0803_C_UNI_UNI_50] Pack Ultra Light SQ Low Brown / Grad Brown | [IBGB2400000629933] [DFKSUN0161-0800_C_UNI_UNI_50] Pack Ultra Light SQ Low Black / Black | [IBGB2400000629928] [DFKSUN0161-0800_C_UNI_UNI_50] Pack Ultra Light SQ Low Black / Black | [IBGB2400000629863] [DFSU917001-TRAN_C_50] Pack ULTRA LIGHT SQ HIGH TRANSPARENT / G15 x 50 unid | [IBGB2400000629860] [DFSU917001-GREE_C_50] Pack ULTRA LIGHT SQ HIGH CRYSTAL GREEN / SMOKE x 50 unid | [IBGB2400000629352] [DFKSUN0211-0802_C_50] Pack Ultra Light S Round Havana / Brown x 50 unid | [IBGB2400000629350] [DFKSUN0211-0802_C_50] Pack Ultra Light S Round Havana / Brown x 50 unid | [IBGB2400000629346] [DFKSUN0211-0802_C_50] Pack Ultra Light S Round Havana / Brown x 50 unid | [IBGB2400000629327] [DFKSUN0211-0802_C_50] Pack Ultra Light S Round Havana / Brown x 50 unid | [IBGB2400000628974] [DFKSUN0141-0804_C_50] Pack Ultra Light Max Carey / G15 x 50 unid | [IBGB2400000628971] [DFKSUN0141-0804_C_50] Pack Ultra Light Max Carey / G15 x 50 unid | [IBGB2400000628954] [DFKSUN0141-0804_C_50] Pack Ultra Light Max Carey / G15 x 50 unid | [IBGB2400000628364] [DFSU921001-GREE_C_50] Pack JIGGY CRYSTAL GREEN / SMOKE x 50 unid | [IBGB2400000576404] [DFKSUN0212-0800_C_UNI_UNI_50] Pack Ultra Light S Round Black / Black | [IBGB2400000629859] [DFSU917001-GREE_C_50] Pack ULTRA LIGHT SQ HIGH CRYSTAL GREEN / SMOKE x 50 unid | [IBGB2400000629189] [DFSU913001-TORT_C_50] PACK Ultra Light Max Light Tort / Black | [IBGB2400000629157] [DFSU913001-TORT_C_50] PACK Ultra Light Max Light Tort / Black | [IBGB2400000629344] [DFKSUN0211-0802_C_50] Pack Ultra Light S Round Havana / Brown x 50 unid | [IBGB2400000629335] [DFKSUN0211-0802_C_50] Pack Ultra Light S Round Havana / Brown x 50 unid | [IBGB2400000629179] [DFSU913001-TORT_C_50] PACK Ultra Light Max Light Tort / Black
CLABD/Stock/StorageBD/CLA-055-07-02-02;700;BLACK;D+A;297;70;[IBGB2400000390279] [DFSU940001-BLAC_C_50] PACK Margot Black / G15 | [IBGB2400000358752] [DFKSUN0565-0011_C_50] Pack WIND LIMITED IRIDISCENT BLUE / BLUE x 50 unid | [IBGB2400000358729] [DFKSUN0565-0002_C_50] Pack WIND LIMITED IRIDISCENT NAVY / GREEN x 50 unid | [IBGB2400000358714] [DFKSUN0565-0002_C_50] Pack WIND LIMITED IRIDISCENT NAVY / GREEN x 50 unid | [IBGB2400000358711] [DFKSUN0565-0002_C_50] Pack WIND LIMITED IRIDISCENT NAVY / GREEN x 50 unid | [IBGB2400000358710] [DFKSUN0565-0002_C_50] Pack WIND LIMITED IRIDISCENT NAVY / GREEN x 50 unid | [IBGB2400000358709] [DFKSUN0565-0002_C_50] Pack WIND LIMITED IRIDISCENT NAVY / GREEN x 50 unid | [IBGB2400000358706] [DFKSUN0565-0002_C_50] Pack WIND LIMITED IRIDISCENT NAVY / GREEN x 50 unid | [IBGB2400000358705] [DFKSUN0565-0002_C_50] Pack WIND LIMITED IRIDISCENT NAVY / GREEN x 50 unid | [IBGB2400000358695] [DFKSUN0565-0002_C_50] Pack WIND LIMITED IRIDISCENT NAVY / GREEN x 50 unid | [IBGB2400000692256] [DFSU942001-CREA] Ultra Light Ellipse Cream / Brown | [IBGB2400000692255] [DFSU942001-CREA] Ultra Light Ellipse Cream / Brown | [IBGB2400000692245] [DFSU941001-TRAN] Banger Transparent / Gradient Lavender | [IBGB2400000692244] [DFSU941001-TRAN] Banger Transparent / Gradient Lavender
CLABD/Stock/StorageBD/CLA-055-08-03-01;84;BLACK;A+D;124;70;[IBGB2400000548867] [DFSH371008-CAME_C_40_40_12] Pack Nordic V.2 Trk Camel (40) x 12 unid | [IBGB2400000548864] [DFSH371008-CAME_C_39_39_12] PACK Nordic V.2 Trk Camel | [IBGB2400000547525] [DFSH370022-SAND_C_39_39_12] PACK NORDIC TRK FUR SAND | [IBGB2400000547523] [DFSH370022-SAND_C_39_39_12] PACK NORDIC TRK FUR SAND | [IBGB2400000547513] [DFSH370022-SAND_C_39_39_12] PACK NORDIC TRK FUR SAND | [IBGB2400000547501] [DFSH370022-SAND_C_38_38_12] PACK NORDIC TRK FUR SAND | [IBGB2400000547466] [DFSH370022-SAND_C_36_36_12] PACK NORDIC TRK FUR SAND
CLABD/Stock/StorageBD/CLA-055-08-03-02;500;BLACK;A+D;143;50;[IBGB2400000563332] [DFKSUN1232-0022_C_UNI_UNI_50] Pack 993 CRYSTAL BROWN / GRAD BROWN | [IBGB2400000563331] [DFKSUN1232-0022_C_UNI_UNI_50] Pack 993 CRYSTAL BROWN / GRAD BROWN | [IBGB2400000563329] [DFKSUN1232-0022_C_UNI_UNI_50] Pack 993 CRYSTAL BROWN / GRAD BROWN | [IBGB2400000563328] [DFKSUN1232-0022_C_UNI_UNI_50] Pack 993 CRYSTAL BROWN / GRAD BROWN | [IBGB2400000563327] [DFKSUN1232-0022_C_UNI_UNI_50] Pack 993 CRYSTAL BROWN / GRAD BROWN | [IBGB2400000563324] [DFKSUN1232-0022_C_UNI_UNI_50] Pack 993 CRYSTAL BROWN / GRAD BROWN | [IBGB2400000563322] [DFKSUN1232-0022_C_UNI_UNI_50] Pack 993 CRYSTAL BROWN / GRAD BROWN | [IBGB2400000563321] [DFKSUN1232-0022_C_UNI_UNI_50] Pack 993 CRYSTAL BROWN / GRAD BROWN | [IBGB2400000565985] [DFSU919001-LAVE_C_50] PACK Ultra Light S Square Trans / Photochromic Lavender | [IBGB2400000564832] [DFSU942001-BLAC_C_50] PACK Ultra Light Ellipse Black / Black
CLABD/Stock/StorageBD/CLA-055-09-01-01;959;BLACK;D+A+C+B;124;110;[IBGB2400000629705] [DFSU919001-TORT_C_50] PACK Ultra Light S Square Matte Tort / Photochromic Brown | [IBGB2400000629692] [DFSU919001-TORT_C_50] PACK Ultra Light S Square Matte Tort / Photochromic Brown | [IBGB2400000629670] [DFSU919001-TORT_C_50] PACK Ultra Light S Square Matte Tort / Photochromic Brown | [IBGB2400000629118] [DFSU913001-GREE_C_50] PACK Ultra Light Max Green / G15 | [IBGB2400000681243] [DFSU950001-SILV_C_25] PACK RANGE BLACK / SILVER REVO | [IBGB2400000681217] [DFSU950001-BLAC_C_25] PACK RANGE BLACK / BLACK | [IBGB2400000720723] [DFKSUN0174-0804_C_UNI_UNI_50] Pack Ultra Light SQ High Carey / G15 | [IBGB2400000720421] [DFKSUN0216-0813_C_50] Pack Ultra Light S Round Trans Brown / Trans Blue x 50 unid | [IBGB2400000720414] [DFKSUN0216-0813_C_50] Pack Ultra Light S Round Trans Brown / Trans Blue x 50 unid | [IBGB2400000720344] [DFKSUN0214-0802_C_UNI_UNI_50] Pack Ultra Light S Round Amber / Brown | [IBGB2400000720335] [DFKSUN0214-0802_C_UNI_UNI_50] Pack Ultra Light S Round Amber / Brown | [IBGB2400000720334] [DFKSUN0214-0802_C_UNI_UNI_50] Pack Ultra Light S Round Amber / Brown | [IBGB2400000720310] [DFKSUN0211-0802_C_50] Pack Ultra Light S Round Havana / Brown x 50 unid | [IBGB2400000720308] [DFKSUN0211-0802_C_50] Pack Ultra Light S Round Havana / Brown x 50 unid | [IBGB2400000720303] [DFKSUN0211-0802_C_50] Pack Ultra Light S Round Havana / Brown x 50 unid | [IBGB2400000720302] [DFKSUN0211-0802_C_50] Pack Ultra Light S Round Havana / Brown x 50 unid | [IBGB2400000720299] [DFKSUN0211-0802_C_50] Pack Ultra Light S Round Havana / Brown x 50 unid | [IBGB2400000720294] [DFKSUN0211-0802_C_50] Pack Ultra Light S Round Havana / Brown x 50 unid | [IBGB2400000720142] [DFSU939002-GREE_C_50] PACK Rift Matte Black / Green Revo | [IBGB2400000720125] [DFSU939002-BLAC_C_50] PACK Rift Matte Black / G15 | [SIN_PAQUETE] [DFSH389002-WHIT-40] ONE WAY HIGH SUMMER CLUB WHITE (40) | [SIN_PAQUETE] [DFKSUN0565-0020] WIND LIMITED IRIDISCENT PLUMB/SMOKE | [SIN_PAQUETE] [DFSH378006-GOLD-39] VIBLA ZIG PATCH GOLD (39) | [SIN_PAQUETE] [DFSH370011-BURG-38] NORDIC TRK FUR LOW BURGUNDY (38) | [SIN_PAQUETE] [DFSH387005-LGRE-43] REBEL BASIC FLAG LIGHT BLUE (43) | [SIN_PAQUETE] [DFSH401002-PETR-41] AERO SPECTRO PETROL BLUE (41) | [SIN_PAQUETE] [DFSH391001-BEIG-39] ALL TRACK BASIC BEIGE (39) | [SIN_PAQUETE] [DFSU917001-GREE] ULTRA LIGHT SQ HIGH CRYSTAL GREEN / SMOKE | [SIN_PAQUETE] [DFKSUN0143-0800] Ultra Light Max Black / Black
CLABD/Stock/StorageBD/CLA-056-01-01-01;650;BLACK;A+D+B;876;65;[IBGB2400000650635] [DFKSUN0229] Bahamas Crystal Green / Smoke Green | [IBGB2400000650632] [DFKSUN0229] Bahamas Crystal Green / Smoke Green | [IBGB2400000565518] [DFSU934001-TRAN_C_50] PACK Ultra Light Round Trans / G15 | [IBG2023000643624] [DFSU901001-GREE_C_50] Pack Alpha Matt Black / Green x 50 unid | [IBG2023000643587] [DFSU901001-GREE_C_50] Pack Alpha Matt Black / Green x 50 unid | [IBG2023000643495] [DFSU901001-GREE_C_50] Pack Alpha Matt Black / Green x 50 unid | [IBGB2400000516753] [DFSU947001-SILV_C_50] PACK Cuprum Diamond Silver / Black | [IBGB2400000516752] [DFSU947001-SILV_C_50] PACK Cuprum Diamond Silver / Black | [IBGB2400000516738] [DFSU947001-GOLD_C_50] PACK Cuprum Diamond Gold / G15 | [IBGB2400000516735] [DFSU947001-GOLD_C_50] PACK Cuprum Diamond Gold / G15 | [IBGB2400000516729] [DFSU947001-GOLD_C_50] PACK Cuprum Diamond Gold / G15 | [IBGB2400000576480] [DFKSUN0213-0800_C_50] Pack Ultra Light S Round Crystal Grey / Black x 50 unid | [IBGB2400000564654] [DFSU921001-GREE_C_50] Pack JIGGY CRYSTAL GREEN / SMOKE x 50 unid
CLABD/Stock/StorageBD/CLA-056-01-02-02;850;BLACK;D+A;143;85;[IBGB2400000565055] [DFSU943001-BROW_C_50] PACK Ultra Light Landscape Brown / Brown | [IBGB2400000565049] [DFSU943001-BROW_C_50] PACK Ultra Light Landscape Brown / Brown | [IBGB2400000565047] [DFSU943001-BROW_C_50] PACK Ultra Light Landscape Brown / Brown | [IBGB2400000565046] [DFSU943001-BROW_C_50] PACK Ultra Light Landscape Brown / Brown | [IBGB2400000563471] [DFSU933001-BROW_C_50] Pack Dunar V2 Milky Demi / Brown x 50 unid | [IBGB2400000563470] [DFSU933001-BROW_C_50] Pack Dunar V2 Milky Demi / Brown x 50 unid | [IBGB2400000563466] [DFSU933001-BROW_C_50] Pack Dunar V2 Milky Demi / Brown x 50 unid | [IBGB2400000563465] [DFSU933001-BROW_C_50] Pack Dunar V2 Milky Demi / Brown x 50 unid | [IBGB2400000563464] [DFSU933001-BROW_C_50] Pack Dunar V2 Milky Demi / Brown x 50 unid | [IBGB2400000565989] [DFSU919001-LAVE_C_50] PACK Ultra Light S Square Trans / Photochromic Lavender | [IBGB2400000565965] [DFSU919001-LAVE_C_50] PACK Ultra Light S Square Trans / Photochromic Lavender | [IBGB2400000565136] [DFSU943001-TORT_C_50] PACK Ultra Light Landscape Tort / Pink | [IBGB2400000565134] [DFSU943001-TORT_C_50] PACK Ultra Light Landscape Tort / Pink | [IBGB2400000565132] [DFSU943001-TORT_C_50] PACK Ultra Light Landscape Tort / Pink | [IBGB2400000565131] [DFSU943001-TORT_C_50] PACK Ultra Light Landscape Tort / Pink | [IBGB2400000565128] [DFSU943001-TORT_C_50] PACK Ultra Light Landscape Tort / Pink | [IBGB2400000564801] [DFSU942001-BLAC_C_50] PACK Ultra Light Ellipse Black / Black
CLABD/Stock/StorageBD/CLA-056-02-01-01;700;BLACK;A+B+D;876;70;[IBGB2400000359317] [DFKSUN1513-0802_C_UNI_UNI_50] Pack Doha Square Dark Carey / Brown | [IBGB2400000359314] [DFKSUN1513-0802_C_UNI_UNI_50] Pack Doha Square Dark Carey / Brown | [IBGB2400000359312] [DFKSUN1513-0802_C_UNI_UNI_50] Pack Doha Square Dark Carey / Brown | [IBGB2400000359307] [DFKSUN1513-0802_C_UNI_UNI_50] Pack Doha Square Dark Carey / Brown | [IBG2023000643686] [DFSU901001-RED_C_50] Pack Alpha Matt Black / Red x 50 unid | [IBG2023000643655] [DFSU901001-GREE_C_50] Pack Alpha Matt Black / Green x 50 unid | [IBG2023000643570] [DFSU901001-GREE_C_50] Pack Alpha Matt Black / Green x 50 unid | [IBG2023000643556] [DFSU901001-GREE_C_50] Pack Alpha Matt Black / Green x 50 unid | [IBG2023000643532] [DFSU901001-GREE_C_50] Pack Alpha Matt Black / Green x 50 unid | [IBG2023000643488] [DFSU901001-GREE_C_50] Pack Alpha Matt Black / Green x 50 unid | [IBGB2400000437586] [DFSU948002-GREE_C_50] PACK Thunder Rimless Green / Green Revo | [IBGB2400000806253] [DFSU938001-SAND] Holly Sand / Gradient Amber | [IBGB2400000806252] [DFSU938001-SAND] Holly Sand / Gradient Amber | [IBGB2400000806250] [DFSU938001-SAND] Holly Sand / Gradient Amber
CLABD/Stock/StorageBD/CLA-056-03-01-02;900;BLACK;D+A;639;90;[IBGB2400000566025] [DFSU919001-TORT_C_50] PACK Ultra Light S Square Matte Tort / Photochromic Brown | [IBGB2400000566024] [DFSU919001-TORT_C_50] PACK Ultra Light S Square Matte Tort / Photochromic Brown | [IBGB2400000566019] [DFSU919001-TORT_C_50] PACK Ultra Light S Square Matte Tort / Photochromic Brown | [IBGB2400000375014] [DFSU942001-BLAC_C_50] PACK Ultra Light Ellipse Black / Black | [IBG2023001458906] [DFSU152010-BLUE_C_50] Pack Infinity Matt Black / Blue Revo x 50 unid | [IBG2023001458517] [DFSU152010-BLUE_C_50] Pack Infinity Matt Black / Blue Revo x 50 unid | [IBGB2400000576543] [DFKSUN0213-0800_C_50] Pack Ultra Light S Round Crystal Grey / Black x 50 unid | [IBGB2400000576487] [DFKSUN0213-0800_C_50] Pack Ultra Light S Round Crystal Grey / Black x 50 unid | [IBGB2400000576504] [DFKSUN0213-0800_C_50] Pack Ultra Light S Round Crystal Grey / Black x 50 unid | [IBGB2400000576491] [DFKSUN0213-0800_C_50] Pack Ultra Light S Round Crystal Grey / Black x 50 unid | [IBGB2400000620175] [DFKSUN0212-0800_C_UNI_UNI_50] Pack Ultra Light S Round Black / Black | [IBGB2400000620122] [DFKSUN0212-0800_C_UNI_UNI_50] Pack Ultra Light S Round Black / Black | [IBGB2400000576359] [DFKSUN0212-0800_C_UNI_UNI_50] Pack Ultra Light S Round Black / Black | [IBGB2400000576349] [DFKSUN0212-0800_C_UNI_UNI_50] Pack Ultra Light S Round Black / Black | [IBGB2400000576347] [DFKSUN0212-0800_C_UNI_UNI_50] Pack Ultra Light S Round Black / Black | [IBGB2400000576337] [DFKSUN0212-0800_C_UNI_UNI_50] Pack Ultra Light S Round Black / Black | [IBGB2400000576336] [DFKSUN0212-0800_C_UNI_UNI_50] Pack Ultra Light S Round Black / Black | [IBGB2400000565634] [DFKSUN0211-0802_C_50] Pack Ultra Light S Round Havana / Brown x 50 unid
CLABD/Stock/StorageBD/CLA-056-03-01-03;650;BLACK;B+A+D;876;65;[IBG2023001148197] [DFSU909001-RED_C_50] Pack Nell Matt Black / Red Revo x 50 unid | [IBG2023001147978] [DFSU910001-BLUE_C_50] Pack Ajax Matt Black / Blue Revo x 50 unid | [IBG2023000644171] [DFSU901002-CRYS_C_50] Pack Alpha Milky Crystal / Matt Black x 50 unid | [IBG2023000643860] [DFSU901001-RED_C_50] Pack Alpha Matt Black / Red x 50 unid | [IBG2023000643761] [DFKSUN0824-0246_C_UNI_UNI_50] Pack ROLLER TR90 CAREY G15 | [IBG2023000643754] [DFSU901001-RED_C_50] Pack Alpha Matt Black / Red x 50 unid | [IBGB2400000357911] [DFKSUN0563-0020_C_50] Pack Wind Black / Red x 50 unid | [IBGB2400000357705] [DFKSUN0561-0020_C_50] Pack Wind Black / Green x 50 unid | [IBGB2400000357634] [DFKSUN0561-0011_C_50] Pack Wind Black / Blue x 50 unid | [IBGB2400000629172] [DFSU913001-TORT_C_50] PACK Ultra Light Max Light Tort / Black | [IBGB2400000621206] [DFSU935001-BLUE_C_50] PACK Quad Legacy Silver / Gradient Blue | [IBGB2400000363894] [DFSU923001-CREA_C_50] Pack ROLLER ROUND V2 CREAM / SMOKE x 50 unid | [IBGB2400000357653] [DFKSUN0561-0011_C_50] Pack Wind Black / Blue x 50 unid
CLABD/Stock/StorageBD/CLA-056-03-03-02;182;BLACK;A+D;204;115;[IBGB2400000560729] [DFKSUN0212-0800_C_UNI_UNI_50] Pack Ultra Light S Round Black / Black | [IBGB2400000545512] [DFSH370011-TAN_C_41_41_12] PACK NORDIC TRK FUR LOW TAN | [IBGB2400000545511] [DFSH370011-TAN_C_41_41_12] PACK NORDIC TRK FUR LOW TAN | [IBGB2400000545509] [DFSH370011-TAN_C_41_41_12] PACK NORDIC TRK FUR LOW TAN | [IBGB2400000545502] [DFSH370011-TAN_C_40_40_12] PACK NORDIC TRK FUR LOW TAN | [IBGB2400000545500] [DFSH370011-TAN_C_40_40_12] PACK NORDIC TRK FUR LOW TAN | [IBGB2400000545492] [DFSH370011-TAN_C_40_40_12] PACK NORDIC TRK FUR LOW TAN | [IBGB2400000545489] [DFSH370011-TAN_C_40_40_12] PACK NORDIC TRK FUR LOW TAN | [IBGB2400000545487] [DFSH370011-TAN_C_40_40_12] PACK NORDIC TRK FUR LOW TAN | [IBGB2400000545483] [DFSH370011-TAN_C_40_40_12] PACK NORDIC TRK FUR LOW TAN | [IBGB2400000545482] [DFSH370011-TAN_C_40_40_12] PACK NORDIC TRK FUR LOW TAN | [IBGB2400000545481] [DFSH370011-TAN_C_40_40_12] PACK NORDIC TRK FUR LOW TAN
CLABD/Stock/StorageBD/CLA-056-04-01-02;900;BLACK;A+B+D;298;90;[IBGB2400000563598] [DFSU923001-PEAC_C_50] Pack ROLLER ROUND V2 PEACH / BROWN x 50 unid | [IBGB2400000563597] [DFSU923001-PEAC_C_50] Pack ROLLER ROUND V2 PEACH / BROWN x 50 unid | [IBGB2400000563596] [DFSU923001-PEAC_C_50] Pack ROLLER ROUND V2 PEACH / BROWN x 50 unid | [IBGB2400000563595] [DFSU923001-PEAC_C_50] Pack ROLLER ROUND V2 PEACH / BROWN x 50 unid | [IBGB2400000563594] [DFSU923001-PEAC_C_50] Pack ROLLER ROUND V2 PEACH / BROWN x 50 unid | [IBGB2400000563593] [DFSU923001-PEAC_C_50] Pack ROLLER ROUND V2 PEACH / BROWN x 50 unid | [IBGB2400000563592] [DFSU923001-PEAC_C_50] Pack ROLLER ROUND V2 PEACH / BROWN x 50 unid | [IBGB2400000563584] [DFSU923001-AMBE_C_50] Pack ROLLER ROUND V2 AMBER / GRAD GREEN x 50 unid | [IBGB2400000563581] [DFSU923001-AMBE_C_50] Pack ROLLER ROUND V2 AMBER / GRAD GREEN x 50 unid | [IBGB2400000563578] [DFSU923001-AMBE_C_50] Pack ROLLER ROUND V2 AMBER / GRAD GREEN x 50 unid | [IBGB2400000563577] [DFSU923001-AMBE_C_50] Pack ROLLER ROUND V2 AMBER / GRAD GREEN x 50 unid | [IBGB2400000563576] [DFSU923001-AMBE_C_50] Pack ROLLER ROUND V2 AMBER / GRAD GREEN x 50 unid | [IBGB2400000363893] [DFSU923001-CREA_C_50] Pack ROLLER ROUND V2 CREAM / SMOKE x 50 unid | [IBGB2400000363886] [DFSU923001-CREA_C_50] Pack ROLLER ROUND V2 CREAM / SMOKE x 50 unid | [IBGB2400000361808] [DFSU914001-TRAN_C_50] Pack BAHAMAS TRANSPARENT / SMOKE x 50 unid | [IBGB2400000565060] [DFSU943001-OLIV_C_50] PACK Ultra Light Landscape Olive / Brown | [IBGB2400000564423] [DFSU914001-CARE_C_50] Pack BAHAMAS DARK CAREY / GRAD BROWN x 50 unid | [IBGB2400000628310] [DFSU921001-GREE_C_50] Pack JIGGY CRYSTAL GREEN / SMOKE x 50 unid
CLABD/Stock/StorageBD/CLA-056-04-01-03;647;BLACK;D+C+B+A;856;65;[IBGB2400000437585] [DFSU948002-GREE_C_50] PACK Thunder Rimless Green / Green Revo | [IBGB2400000437502] [DFSU948001-GREE_C_50] PACK Thunder Rimless Photochromic Green | [IBGB2400000437498] [DFSU948001-GREE_C_50] PACK Thunder Rimless Photochromic Green | [PACK0004652] [DFKSUN0528-0822_C_UNI_UNI_50] Pack Orion Full Logo Black / Red | [IBGB2400000281958] [DFSU903001-IVOR] Emblem SQ White Ivory / Yellow | [IBG2023001020462] [DFSU903001-TORT_C_50] Pack Emblem SQ Tort / Brown x 50 unid | [IBG2023001020158] [DFSU905001-TORT] Emblem GEO Tort / Brown | [IBGB2400000576357] [DFKSUN0212-0800_C_UNI_UNI_50] Pack Ultra Light S Round Black / Black | [IBGB2400000576351] [DFKSUN0212-0800_C_UNI_UNI_50] Pack Ultra Light S Round Black / Black | [IBGB2400000576341] [DFKSUN0212-0800_C_UNI_UNI_50] Pack Ultra Light S Round Black / Black | [IBGB2400000565664] [DFKSUN0211-0802_C_50] Pack Ultra Light S Round Havana / Brown x 50 unid | [IBGB2400000565492] [DFSU934001-BLAC_C_50] PACK Ultra Light Round Black / Amber | [IBGB2400000437514] [DFSU948001-ORAN_C_50] PACK Thunder Rimless Photochromic Orange
CLABD/Stock/StorageBD/CLA-056-04-02-03;550;BLACK;D+A;204;55;[IBGB2400000536272] [DFSU936001-ORAN_C_50] PACK Pitch Black / Orange | [IBGB2400000536269] [DFSU936001-ORAN_C_50] PACK Pitch Black / Orange | [IBGB2400000536263] [DFSU936001-ORAN_C_50] PACK Pitch Black / Orange | [IBGB2400000536260] [DFSU936001-ORAN_C_50] PACK Pitch Black / Orange | [IBGB2400000536255] [DFSU936001-ORAN_C_50] PACK Pitch Black / Orange | [IBGB2400000536251] [DFSU936001-ORAN_C_50] PACK Pitch Black / Orange | [IBGB2400000536249] [DFSU936001-ORAN_C_50] PACK Pitch Black / Orange | [IBGB2400000536247] [DFSU936001-ORAN_C_50] PACK Pitch Black / Orange | [IBGB2400000560751] [DFKSUN0212-0800_C_UNI_UNI_50] Pack Ultra Light S Round Black / Black | [IBGB2400000560723] [DFKSUN0212-0800_C_UNI_UNI_50] Pack Ultra Light S Round Black / Black | [IBGB2400000560699] [DFKSUN0212-0800_C_UNI_UNI_50] Pack Ultra Light S Round Black / Black
CLABD/Stock/StorageBD/CLA-056-04-03-01;700;BLACK;B+D+A;204;70;[IBGB2400000572216] [DFSU906002-SILV_C_50] PACK CAT-EYE LEGACY SILVER / DARK BROWN | [IBGB2400000565061] [DFSU943001-OLIV_C_50] PACK Ultra Light Landscape Olive / Brown | [IBGB2400000565015] [DFSU943001-BROW_C_50] PACK Ultra Light Landscape Brown / Brown | [IBGB2400000564938] [DFSU942001-CREA_C_50] PACK Ultra Light Ellipse Cream / Brown | [IBGB2400000564937] [DFSU942001-CREA_C_50] PACK Ultra Light Ellipse Cream / Brown | [IBGB2400000564424] [DFSU914001-CARE_C_50] Pack BAHAMAS DARK CAREY / GRAD BROWN x 50 unid | [IBGB2400000564421] [DFSU914001-CARE_C_50] Pack BAHAMAS DARK CAREY / GRAD BROWN x 50 unid | [IBGB2400000564389] [DFSU916001-BLUE_C_50] Pack AMERICA ROUND CRYSTAL BLUE / GRAD BLUE x 50 unid | [IBGB2400000437717] [DFSU949001-YELL_C_50] PACK Thunder Fifty Neon Yellow / Gold Revo | [IBGB2400000437716] [DFSU949001-YELL_C_50] PACK Thunder Fifty Neon Yellow / Gold Revo | [IBGB2400000437715] [DFSU949001-YELL_C_50] PACK Thunder Fifty Neon Yellow / Gold Revo | [IBGB2400000437712] [DFSU949001-YELL_C_50] PACK Thunder Fifty Neon Yellow / Gold Revo | [IBGB2400000437711] [DFSU949001-YELL_C_50] PACK Thunder Fifty Neon Yellow / Gold Revo | [IBGB2400000437710] [DFSU949001-YELL_C_50] PACK Thunder Fifty Neon Yellow / Gold Revo
CLABD/Stock/StorageBD/CLA-056-05-01-01;1100;BLACK;A+D+B;864;110;[IBGB2400000295400] [DFKSUN0824-0246] Roller TR90 Carey G15 | [IBGB2400000536275] [DFSU936001-ORAN_C_50] PACK Pitch Black / Orange | [IBGB2400000536274] [DFSU936001-ORAN_C_50] PACK Pitch Black / Orange | [IBGB2400000536271] [DFSU936001-ORAN_C_50] PACK Pitch Black / Orange | [IBGB2400000536270] [DFSU936001-ORAN_C_50] PACK Pitch Black / Orange | [IBGB2400000536267] [DFSU936001-ORAN_C_50] PACK Pitch Black / Orange | [IBGB2400000536259] [DFSU936001-ORAN_C_50] PACK Pitch Black / Orange | [IBGB2400000536258] [DFSU936001-ORAN_C_50] PACK Pitch Black / Orange | [IBGB2400000536257] [DFSU936001-ORAN_C_50] PACK Pitch Black / Orange | [IBGB2400000536253] [DFSU936001-ORAN_C_50] PACK Pitch Black / Orange | [IBGB2400000536252] [DFSU936001-ORAN_C_50] PACK Pitch Black / Orange | [IBGB2400000564352] [DFSU915001-TAN_C_50] Pack 913 SHINY TAN / SMOKE x 50 unid | [IBG2023000643884] [DFSU901001-RED_C_50] Pack Alpha Matt Black / Red x 50 unid | [IBG2023000643815] [DFSU901001-RED_C_50] Pack Alpha Matt Black / Red x 50 unid | [IBG2023000643792] [DFSU901001-RED_C_50] Pack Alpha Matt Black / Red x 50 unid | [IBG2023000643716] [DFSU901001-RED_C_50] Pack Alpha Matt Black / Red x 50 unid | [IBGB2400000437705] [DFSU949001-RED_C_50] PACK Thunder Fifty Trans Red / Red Revo | [IBGB2400000437510] [DFSU948001-ORAN_C_50] PACK Thunder Rimless Photochromic Orange | [IBGB2400000437508] [DFSU948001-ORAN_C_50] PACK Thunder Rimless Photochromic Orange | [IBGB2400000437507] [DFSU948001-ORAN_C_50] PACK Thunder Rimless Photochromic Orange | [IBGB2400000437505] [DFSU948001-ORAN_C_50] PACK Thunder Rimless Photochromic Orange | [IBGB2400000840840] [DFSU901001-RED] Alpha Matt Black / Red
CLABD/Stock/StorageBD/CLA-056-05-01-02;800;BLACK;D+A+B;298;80;[IBGB2400000437606] [DFSU948002-RED_C_50] PACK Thunder Rimless Red / Red Revo | [IBGB2400000437603] [DFSU948002-RED_C_50] PACK Thunder Rimless Red / Red Revo | [IBGB2400000437601] [DFSU948002-RED_C_50] PACK Thunder Rimless Red / Red Revo | [IBGB2400000437563] [DFSU948002-GOLD_C_50] PACK Thunder Rimless Orange / Gold Revo | [IBGB2400000437562] [DFSU948002-GOLD_C_50] PACK Thunder Rimless Orange / Gold Revo | [IBGB2400000437561] [DFSU948002-GOLD_C_50] PACK Thunder Rimless Orange / Gold Revo | [IBGB2400000437496] [DFSU948001-GREE_C_50] PACK Thunder Rimless Photochromic Green | [IBGB2400000437494] [DFSU948001-GREE_C_50] PACK Thunder Rimless Photochromic Green | [IBGB2400000392469] [DFSU944001-LTOR_C_50] PACK Boyd Light Tort / Black | [IBGB2400000375070] [DFSU942001-TORT_C_50] PACK Ultra Light Ellipse Amber Tort / Blue | [IBGB2400000369991] [DFSU935001-SILV_C_50] PACK Quad Legacy Silver / Silver | [IBGB2400000359817] [DFKSUN0261-0803_C_UNI_UNI_50] Pack 913 SHINY DEMI / GRADIENT BROWN | [IBGB2400000359787] [DFKSUN0260-0801_C_UNI_UNI_50] Pack 913 SHINY BLACK / GRADIENT SMOKE | [IBGB2400000840849] [DFSU901001-RED] Alpha Matt Black / Red | [IBGB2400000840795] [DFKSUN0820-0020] Roller TR90 Black Edition | [IBGB2400000840792] [DFKSUN0820-0020] Roller TR90 Black Edition
CLABD/Stock/StorageBD/CLA-056-05-01-03;1150;BLACK;D+B+A;288;115;[IBGB2400000565375] [DFSU913001-GREE_C_50] PACK Ultra Light Max Green / G15 | [IBGB2400000565374] [DFSU913001-GREE_C_50] PACK Ultra Light Max Green / G15 | [IBGB2400000565370] [DFSU913001-GREE_C_50] PACK Ultra Light Max Green / G15 | [IBGB2400000565369] [DFSU913001-GREE_C_50] PACK Ultra Light Max Green / G15 | [IBGB2400000565368] [DFSU913001-GREE_C_50] PACK Ultra Light Max Green / G15 | [IBGB2400000565082] [DFSU943001-OLIV_C_50] PACK Ultra Light Landscape Olive / Brown | [IBGB2400000565080] [DFSU943001-OLIV_C_50] PACK Ultra Light Landscape Olive / Brown | [IBGB2400000565079] [DFSU943001-OLIV_C_50] PACK Ultra Light Landscape Olive / Brown | [IBGB2400000565078] [DFSU943001-OLIV_C_50] PACK Ultra Light Landscape Olive / Brown | [IBGB2400000565077] [DFSU943001-OLIV_C_50] PACK Ultra Light Landscape Olive / Brown | [IBGB2400000565076] [DFSU943001-OLIV_C_50] PACK Ultra Light Landscape Olive / Brown | [IBGB2400000565074] [DFSU943001-OLIV_C_50] PACK Ultra Light Landscape Olive / Brown | [IBGB2400000565073] [DFSU943001-OLIV_C_50] PACK Ultra Light Landscape Olive / Brown | [IBGB2400000565072] [DFSU943001-OLIV_C_50] PACK Ultra Light Landscape Olive / Brown | [IBGB2400000565071] [DFSU943001-OLIV_C_50] PACK Ultra Light Landscape Olive / Brown | [IBGB2400000565070] [DFSU943001-OLIV_C_50] PACK Ultra Light Landscape Olive / Brown | [IBGB2400000565067] [DFSU943001-OLIV_C_50] PACK Ultra Light Landscape Olive / Brown | [IBGB2400000565064] [DFSU943001-OLIV_C_50] PACK Ultra Light Landscape Olive / Brown | [IBGB2400000565063] [DFSU943001-OLIV_C_50] PACK Ultra Light Landscape Olive / Brown | [IBGB2400000375030] [DFSU942001-BLAC_C_50] PACK Ultra Light Ellipse Black / Black | [IBGB2400000840837] [DFSU901001-RED] Alpha Matt Black / Red | [IBGB2400000840789] [DFKSUN0820-0020] Roller TR90 Black Edition | [IBGB2400000840777] [DFKSUN0820-0020] Roller TR90 Black Edition
CLABD/Stock/StorageBD/CLA-056-05-02-01;120;BLACK;A+D;172;100;[IBGB2400000548506] [DFSH371004-BLAC_C_42_42_12] PACK Nordic V.2 Basic Low Black | [IBGB2400000548505] [DFSH371004-BLAC_C_42_42_12] PACK Nordic V.2 Basic Low Black | [IBGB2400000548487] [DFSH371004-BLAC_C_40_40_12] Pack Nordic V.2 Basic Low Black (40) x 12 unid | [IBGB2400000548486] [DFSH371004-BLAC_C_40_40_12] Pack Nordic V.2 Basic Low Black (40) x 12 unid | [IBGB2400000548485] [DFSH371004-BLAC_C_40_40_12] Pack Nordic V.2 Basic Low Black (40) x 12 unid | [IBGB2400000548484] [DFSH371004-BLAC_C_40_40_12] Pack Nordic V.2 Basic Low Black (40) x 12 unid | [IBGB2400000548483] [DFSH371004-BLAC_C_40_40_12] Pack Nordic V.2 Basic Low Black (40) x 12 unid | [IBGB2400000546793] [DFSH370021-TAN_C_40_40_12] PACK NORDIC LOW BASIC TAN | [IBGB2400000546784] [DFSH370021-TAN_C_40_40_12] PACK NORDIC LOW BASIC TAN | [IBGB2400000546783] [DFSH370021-TAN_C_40_40_12] PACK NORDIC LOW BASIC TAN
CLABD/Stock/StorageBD/CLA-056-05-02-03;800;BLACK;D+A;204;80;[IBGB2400000437553] [DFSU948002-BLAC_C_50] PACK Thunder Rimless Yellow / Black | [IBGB2400000437550] [DFSU948002-BLAC_C_50] PACK Thunder Rimless Yellow / Black | [IBGB2400000437549] [DFSU948002-BLAC_C_50] PACK Thunder Rimless Yellow / Black | [IBGB2400000437548] [DFSU948002-BLAC_C_50] PACK Thunder Rimless Yellow / Black | [IBGB2400000437547] [DFSU948002-BLAC_C_50] PACK Thunder Rimless Yellow / Black | [IBGB2400000437546] [DFSU948002-BLAC_C_50] PACK Thunder Rimless Yellow / Black | [IBGB2400000437545] [DFSU948002-BLAC_C_50] PACK Thunder Rimless Yellow / Black | [IBGB2400000437544] [DFSU948002-BLAC_C_50] PACK Thunder Rimless Yellow / Black | [IBGB2400000437542] [DFSU948002-BLAC_C_50] PACK Thunder Rimless Yellow / Black | [IBGB2400000437541] [DFSU948002-BLAC_C_50] PACK Thunder Rimless Yellow / Black | [IBGB2400000437539] [DFSU948002-BLAC_C_50] PACK Thunder Rimless Yellow / Black | [IBGB2400000437537] [DFSU948002-BLAC_C_50] PACK Thunder Rimless Yellow / Black | [IBGB2400000437536] [DFSU948002-BLAC_C_50] PACK Thunder Rimless Yellow / Black | [IBGB2400000560745] [DFKSUN0212-0800_C_UNI_UNI_50] Pack Ultra Light S Round Black / Black | [IBGB2400000560721] [DFKSUN0212-0800_C_UNI_UNI_50] Pack Ultra Light S Round Black / Black | [IBGB2400000560715] [DFKSUN0212-0800_C_UNI_UNI_50] Pack Ultra Light S Round Black / Black
CLABD/Stock/StorageBD/CLA-056-05-03-01;850;BLACK;A+B+D;11;85;[IBGB2400000870991] [DFSU906004-KHAK] HEX LEGACY GOLD / GRADIENT GREEN | [IBGB2400000870990] [DFSU906004-KHAK] HEX LEGACY GOLD / GRADIENT GREEN | [IBGB2400000870986] [DFSU906004-KHAK] HEX LEGACY GOLD / GRADIENT GREEN | [IBGB2400000870984] [DFSU906004-KHAK] HEX LEGACY GOLD / GRADIENT GREEN | [IBGB2400000870980] [DFSU906004-KHAK] HEX LEGACY GOLD / GRADIENT GREEN | [IBGB2400000870975] [DFSU906004-KHAK] HEX LEGACY GOLD / GRADIENT GREEN | [IBGB2400000870973] [DFSU906004-KHAK] HEX LEGACY GOLD / GRADIENT GREEN | [IBGB2400000870955] [DFSU922001-BLAC] ROLLER ROUND V2 LIMITED BLACK | [IBGB2400000870942] [DFSU922001-BLAC] ROLLER ROUND V2 LIMITED BLACK | [IBGB2400000870940] [DFSU922001-BLAC] ROLLER ROUND V2 LIMITED BLACK | [IBGB2400000870935] [DFSU922001-BLAC] ROLLER ROUND V2 LIMITED BLACK | [IBGB2400000870920] [DFKSUN1230-0020] 993 Black/Black | [IBGB2400000870914] [DFKSUN1230-0020] 993 Black/Black | [IBGB2400000870888] [DFSU941001-TRAN] Banger Transparent / Gradient Lavender | [IBGB2400000870878] [DFSU941001-TRAN] Banger Transparent / Gradient Lavender | [IBGB2400000870862] [DFKSUN0826-0058] Roller TR90 Trans / Grey | [IBGB2400000870842] [DFKSUN5411-0020] HURRICANE BLACK / BLACK
CLABD/Stock/StorageBD/CLA-056-06-01-03;800;BLACK;A+D+B;298;80;[IBGB2400000629260] [DFKSUN0211-0802_C_50] Pack Ultra Light S Round Havana / Brown x 50 unid | [IBGB2400000363930] [DFSU923001-CRYS_C_50] Pack ROLLER ROUND V2 CRYSTAL / BROWN x 50 unid | [IBGB2400000363924] [DFSU923001-CRYS_C_50] Pack ROLLER ROUND V2 CRYSTAL / BROWN x 50 unid | [IBGB2400000363919] [DFSU923001-CRYS_C_50] Pack ROLLER ROUND V2 CRYSTAL / BROWN x 50 unid | [IBGB2400000694334] [DFSU919001-TORT] Ultra Light S Square Matte Tort / Photochromic Brown | [IBGB2400000694321] [DFSU941001-TORT] Banger Matte Tort / Gradient Brown | [IBGB2400000392482] [DFSU944001-SAND_C_50] PACK Boyd Sand / Smoke | [IBGB2400000375052] [DFSU942001-TORT_C_50] PACK Ultra Light Ellipse Amber Tort / Blue | [IBGB2400000375015] [DFSU942001-BLAC_C_50] PACK Ultra Light Ellipse Black / Black | [IBGB2400000375011] [DFSU942001-BLAC_C_50] PACK Ultra Light Ellipse Black / Black | [IBGB2400000359974] [DFSU915001-AMBE_C_50] Pack 913 AMBER / SMOKE x 50 unid | [IBGB2400000359816] [DFKSUN0261-0803_C_UNI_UNI_50] Pack 913 SHINY DEMI / GRADIENT BROWN | [IBGB2400000358365] [DFSU931001-RED] Pack WIND FIFTY GRAD RED / RED x 50 unid | [IBGB2400000840817] [DFKSUN0820-0020] Roller TR90 Black Edition | [IBGB2400000840813] [DFKSUN0820-0020] Roller TR90 Black Edition | [IBGB2400000840812] [DFKSUN0820-0020] Roller TR90 Black Edition
CLABD/Stock/StorageBD/CLA-056-06-02-01;196;BLACK;D+A;204;90;[IBGB2400000437696] [DFSU949001-RED_C_50] PACK Thunder Fifty Trans Red / Red Revo | [IBGB2400000437645] [DFSU949001-BLUE_C_50] PACK Thunder Fifty Trans Blue / Blue Revo | [IBGB2400000548813] [DFSH371007-BLAC_C_40_40_12] Pack Nordic V.2 Shiny Bomb Black (40) x 12 unid | [IBGB2400000548811] [DFSH371007-BLAC_C_40_40_12] Pack Nordic V.2 Shiny Bomb Black (40) x 12 unid | [IBGB2400000548806] [DFSH371007-BLAC_C_39_39_12] PACK Nordic V.2 Shiny Bomb Black | [IBGB2400000505526] [DFSH371007-BLAC_C_36_41_12] Pack BOOTS NORDIC.V2 BASIC LOW BLACK | [IBGB2400000505526] [DFSH371007-BLAC_C_36_41_12] Pack BOOTS NORDIC.V2 BASIC LOW BLACK | [IBGB2400000505526] [DFSH371007-BLAC_C_36_41_12] Pack BOOTS NORDIC.V2 BASIC LOW BLACK | [IBGB2400000505526] [DFSH371007-BLAC_C_36_41_12] Pack BOOTS NORDIC.V2 BASIC LOW BLACK | [IBGB2400000505526] [DFSH371007-BLAC_C_36_41_12] Pack BOOTS NORDIC.V2 BASIC LOW BLACK | [IBGB2400000505526] [DFSH371007-BLAC_C_36_41_12] Pack BOOTS NORDIC.V2 BASIC LOW BLACK | [IBGB2400000505507] [DFSH371007-BLAC_C_36_41_12] Pack BOOTS NORDIC.V2 BASIC LOW BLACK | [IBGB2400000505507] [DFSH371007-BLAC_C_36_41_12] Pack BOOTS NORDIC.V2 BASIC LOW BLACK | [IBGB2400000505507] [DFSH371007-BLAC_C_36_41_12] Pack BOOTS NORDIC.V2 BASIC LOW BLACK | [IBGB2400000505507] [DFSH371007-BLAC_C_36_41_12] Pack BOOTS NORDIC.V2 BASIC LOW BLACK | [IBGB2400000505507] [DFSH371007-BLAC_C_36_41_12] Pack BOOTS NORDIC.V2 BASIC LOW BLACK | [IBGB2400000505507] [DFSH371007-BLAC_C_36_41_12] Pack BOOTS NORDIC.V2 BASIC LOW BLACK | [IBGB2400000505496] [DFSH371007-BLAC_C_36_41_12] Pack BOOTS NORDIC.V2 BASIC LOW BLACK | [IBGB2400000505496] [DFSH371007-BLAC_C_36_41_12] Pack BOOTS NORDIC.V2 BASIC LOW BLACK | [IBGB2400000505496] [DFSH371007-BLAC_C_36_41_12] Pack BOOTS NORDIC.V2 BASIC LOW BLACK | [IBGB2400000505496] [DFSH371007-BLAC_C_36_41_12] Pack BOOTS NORDIC.V2 BASIC LOW BLACK | [IBGB2400000505496] [DFSH371007-BLAC_C_36_41_12] Pack BOOTS NORDIC.V2 BASIC LOW BLACK | [IBGB2400000505496] [DFSH371007-BLAC_C_36_41_12] Pack BOOTS NORDIC.V2 BASIC LOW BLACK | [IBGB2400000505480] [DFSH371007-BLAC_C_36_41_12] Pack BOOTS NORDIC.V2 BASIC LOW BLACK | [IBGB2400000505480] [DFSH371007-BLAC_C_36_41_12] Pack BOOTS NORDIC.V2 BASIC LOW BLACK | [IBGB2400000505480] [DFSH371007-BLAC_C_36_41_12] Pack BOOTS NORDIC.V2 BASIC LOW BLACK | [IBGB2400000505480] [DFSH371007-BLAC_C_36_41_12] Pack BOOTS NORDIC.V2 BASIC LOW BLACK | [IBGB2400000505480] [DFSH371007-BLAC_C_36_41_12] Pack BOOTS NORDIC.V2 BASIC LOW BLACK | [IBGB2400000505480] [DFSH371007-BLAC_C_36_41_12] Pack BOOTS NORDIC.V2 BASIC LOW BLACK | [IBGB2400000505468] [DFSH371007-BLAC_C_36_41_12] Pack BOOTS NORDIC.V2 BASIC LOW BLACK | [IBGB2400000505468] [DFSH371007-BLAC_C_36_41_12] Pack BOOTS NORDIC.V2 BASIC LOW BLACK | [IBGB2400000505468] [DFSH371007-BLAC_C_36_41_12] Pack BOOTS NORDIC.V2 BASIC LOW BLACK | [IBGB2400000505468] [DFSH371007-BLAC_C_36_41_12] Pack BOOTS NORDIC.V2 BASIC LOW BLACK | [IBGB2400000505468] [DFSH371007-BLAC_C_36_41_12] Pack BOOTS NORDIC.V2 BASIC LOW BLACK | [IBGB2400000505468] [DFSH371007-BLAC_C_36_41_12] Pack BOOTS NORDIC.V2 BASIC LOW BLACK
CLABD/Stock/StorageBD/CLA-056-06-03-03;350;BLACK;A+B+D;171;35;[IBGB2400000572319] [DFSU906003-GOLD_C_50] PACK ROUND LEGACY GOLD / PHOTOCHROMIC BLACK | [IBGB2400000572311] [DFSU906003-GOLD_C_50] PACK ROUND LEGACY GOLD / PHOTOCHROMIC BLACK | [IBGB2400000564422] [DFSU914001-CARE_C_50] Pack BAHAMAS DARK CAREY / GRAD BROWN x 50 unid | [IBGB2400000564358] [DFSU915001-TAN_C_50] Pack 913 SHINY TAN / SMOKE x 50 unid | [IBGB2400000564280] [DFKSUN0261-0803_C_UNI_UNI_50] Pack 913 SHINY DEMI / GRADIENT BROWN | [IBGB2400000564279] [DFKSUN0261-0803_C_UNI_UNI_50] Pack 913 SHINY DEMI / GRADIENT BROWN | [IBGB2400000565062] [DFSU943001-OLIV_C_50] PACK Ultra Light Landscape Olive / Brown
CLABD/Stock/StorageBD/CLA-056-07-01-02;1000;BLACK;A+D;214;100;[IBGB2400000411214] [DFSU906004-BROW_C_50] PACK HEX LEGACY GOLD / PHOTOCHROMIC BROWN | [IBGB2400000411212] [DFSU906004-BROW_C_50] PACK HEX LEGACY GOLD / PHOTOCHROMIC BROWN | [IBGB2400000411210] [DFSU906004-BROW_C_50] PACK HEX LEGACY GOLD / PHOTOCHROMIC BROWN | [IBGB2400000411208] [DFSU906004-BROW_C_50] PACK HEX LEGACY GOLD / PHOTOCHROMIC BROWN | [IBGB2400000411205] [DFSU906004-BROW_C_50] PACK HEX LEGACY GOLD / PHOTOCHROMIC BROWN | [IBGB2400000411201] [DFSU906004-BROW_C_50] PACK HEX LEGACY GOLD / PHOTOCHROMIC BROWN | [IBGB2400000411200] [DFSU906004-BROW_C_50] PACK HEX LEGACY GOLD / PHOTOCHROMIC BROWN | [IBGB2400000411199] [DFSU906004-BROW_C_50] PACK HEX LEGACY GOLD / PHOTOCHROMIC BROWN | [IBGB2400000411197] [DFSU906004-BROW_C_50] PACK HEX LEGACY GOLD / PHOTOCHROMIC BROWN | [IBGB2400000411194] [DFSU906004-BROW_C_50] PACK HEX LEGACY GOLD / PHOTOCHROMIC BROWN | [IBGB2400000411190] [DFSU906004-BROW_C_50] PACK HEX LEGACY GOLD / PHOTOCHROMIC BROWN | [IBGB2400000411189] [DFSU906004-BROW_C_50] PACK HEX LEGACY GOLD / PHOTOCHROMIC BROWN | [IBGB2400000411188] [DFSU906004-BROW_C_50] PACK HEX LEGACY GOLD / PHOTOCHROMIC BROWN | [IBGB2400000411187] [DFSU906004-BROW_C_50] PACK HEX LEGACY GOLD / PHOTOCHROMIC BROWN | [IBGB2400000411185] [DFSU906004-BROW_C_50] PACK HEX LEGACY GOLD / PHOTOCHROMIC BROWN | [IBGB2400000410941] [DFSU906003-GOLD_C_50] PACK ROUND LEGACY GOLD / PHOTOCHROMIC BLACK | [IBGB2400000627596] [DFSU090003-BLAC_C_50] Pack Roller HEX Matt Black / Green x 50 unid | [IBGB2400000572595] [DFSU925001-GREE_C_50] Pack TOKYO GREEN / GRADIENT GREEN x 50 unid | [IBGB2400000572586] [DFSU925001-GREE_C_50] Pack TOKYO GREEN / GRADIENT GREEN x 50 unid | [IBGB2400000572492] [DFSU927001-RED_C_50] PACK Soho Red / Warm Brown
CLABD/Stock/StorageBD/CLA-056-07-01-03;550;BLACK;A+D+B;297;55;[IBGB2400000411443] [DFSU906005-AMBE_C_50] PACK SQUARE LEGACY GOLD / AMBER | [IBGB2400000411439] [DFSU906005-AMBE_C_50] PACK SQUARE LEGACY GOLD / AMBER | [IBGB2400000411435] [DFSU906005-AMBE_C_50] PACK SQUARE LEGACY GOLD / AMBER | [IBGB2400000411431] [DFSU906005-AMBE_C_50] PACK SQUARE LEGACY GOLD / AMBER | [IBGB2400000390561] [DFSU946001-SILV_C_50] PACK Cuprum Round Silver / Black | [IBGB2400000369809] [DFSU902005-SILV_C_50] PACK Aviator Legacy Silver / Silver | [IBGB2400000369795] [DFSU902005-GOLD_C_50] PACK Aviator Legacy Gold / Photochromic G15 | [IBGB2400000358370] [DFSU931001-RED] Pack WIND FIFTY GRAD RED / RED x 50 unid | [IBGB2400000358368] [DFSU931001-RED] Pack WIND FIFTY GRAD RED / RED x 50 unid | [IBGB2400000358362] [DFSU931001-RED] Pack WIND FIFTY GRAD RED / RED x 50 unid | [IBGB2400000572589] [DFSU925001-GREE_C_50] Pack TOKYO GREEN / GRADIENT GREEN x 50 unid
CLABD/Stock/StorageBD/CLA-056-07-03-01;750;BLACK;D+A;214;75;[IBGB2400000564820] [DFSU942001-BLAC_C_50] PACK Ultra Light Ellipse Black / Black | [IBGB2400000563382] [DFSU941001-TRAN_C_50] PACK Banger Transparent / Gradient Lavender | [IBGB2400000563381] [DFSU941001-TRAN_C_50] PACK Banger Transparent / Gradient Lavender | [IBGB2400000563380] [DFSU941001-TRAN_C_50] PACK Banger Transparent / Gradient Lavender | [IBGB2400000563378] [DFSU941001-TRAN_C_50] PACK Banger Transparent / Gradient Lavender | [IBGB2400000563368] [DFSU941001-TORT_C_50] PACK Banger Matte Tort / Gradient Brown | [IBGB2400000563366] [DFSU941001-TORT_C_50] PACK Banger Matte Tort / Gradient Brown | [IBGB2400000563360] [DFSU941001-TORT_C_50] PACK Banger Matte Tort / Gradient Brown | [IBGB2400000563359] [DFSU941001-TORT_C_50] PACK Banger Matte Tort / Gradient Brown | [IBGB2400000563358] [DFSU941001-TORT_C_50] PACK Banger Matte Tort / Gradient Brown | [IBGB2400000411519] [DFSU906005-BROW_C_50] PACK SQUARE LEGACY SILVER / BROWN | [IBGB2400000411511] [DFSU906005-BROW_C_50] PACK SQUARE LEGACY SILVER / BROWN | [IBGB2400000411510] [DFSU906005-BROW_C_50] PACK SQUARE LEGACY SILVER / BROWN | [IBGB2400000411506] [DFSU906005-BROW_C_50] PACK SQUARE LEGACY SILVER / BROWN | [IBGB2400000411488] [DFSU906005-BROW_C_50] PACK SQUARE LEGACY SILVER / BROWN
CLABD/Stock/StorageBD/CLA-056-08-01-02;1000;BLACK;A+D+B;432;100;[IBGB2400000411285] [DFSU906004-KHAK_C_50] PACK HEX LEGACY GOLD / GRADIENT GREEN | [IBGB2400000411282] [DFSU906004-KHAK_C_50] PACK HEX LEGACY GOLD / GRADIENT GREEN | [IBGB2400000411278] [DFSU906004-KHAK_C_50] PACK HEX LEGACY GOLD / GRADIENT GREEN | [IBGB2400000411277] [DFSU906004-KHAK_C_50] PACK HEX LEGACY GOLD / GRADIENT GREEN | [IBGB2400000411275] [DFSU906004-KHAK_C_50] PACK HEX LEGACY GOLD / GRADIENT GREEN | [IBGB2400000411273] [DFSU906004-KHAK_C_50] PACK HEX LEGACY GOLD / GRADIENT GREEN | [IBGB2400000411248] [DFSU906004-KHAK_C_50] PACK HEX LEGACY GOLD / GRADIENT GREEN | [IBGB2400000411243] [DFSU906004-KHAK_C_50] PACK HEX LEGACY GOLD / GRADIENT GREEN | [IBGB2400000411242] [DFSU906004-KHAK_C_50] PACK HEX LEGACY GOLD / GRADIENT GREEN | [IBGB2400000411234] [DFSU906004-KHAK_C_50] PACK HEX LEGACY GOLD / GRADIENT GREEN | [IBGB2400000411229] [DFSU906004-KHAK_C_50] PACK HEX LEGACY GOLD / GRADIENT GREEN | [IBGB2400000411227] [DFSU906004-KHAK_C_50] PACK HEX LEGACY GOLD / GRADIENT GREEN | [IBGB2400000411224] [DFSU906004-KHAK_C_50] PACK HEX LEGACY GOLD / GRADIENT GREEN | [IBGB2400000411223] [DFSU906004-KHAK_C_50] PACK HEX LEGACY GOLD / GRADIENT GREEN | [IBGB2400000411217] [DFSU906004-KHAK_C_50] PACK HEX LEGACY GOLD / GRADIENT GREEN | [IBGB2400000390425] [DFSU945001-ROSE_C_50] PACK Cuprum Pilot Rose Gold / Brown | [IBGB2400000390419] [DFSU945001-ROSE_C_50] PACK Cuprum Pilot Rose Gold / Brown | [IBGB2400000390407] [DFSU945001-GOLD_C_50] PACK Cuprum Pilot Gold / Gradient Green | [IBGB2400000107858] [DFSU931001-RED] Pack WIND FIFTY GRAD RED / RED x 50 unid | [IBGB2400000566017] [DFSU919001-TORT_C_50] PACK Ultra Light S Square Matte Tort / Photochromic Brown
CLABD/Stock/StorageBD/CLA-056-08-01-03;850;BLACK;D+A;233;85;[IBGB2400000565348] [DFSU913001-BROW_C_50] PACK Ultra Light Max Pink / Brown | [IBGB2400000565345] [DFSU913001-BROW_C_50] PACK Ultra Light Max Pink / Brown | [IBGB2400000565342] [DFSU913001-BROW_C_50] PACK Ultra Light Max Pink / Brown | [IBGB2400000565341] [DFSU913001-BROW_C_50] PACK Ultra Light Max Pink / Brown | [IBGB2400000565338] [DFSU913001-BROW_C_50] PACK Ultra Light Max Pink / Brown | [IBGB2400000565336] [DFSU913001-BROW_C_50] PACK Ultra Light Max Pink / Brown | [IBGB2400000565334] [DFSU913001-BROW_C_50] PACK Ultra Light Max Pink / Brown | [IBGB2400000561625] [DFSU945001-SILV] Cuprum Pilot Silver / Gradient Blue | [IBGB2400000437558] [DFSU948002-GOLD_C_50] PACK Thunder Rimless Orange / Gold Revo | [IBGB2400000437557] [DFSU948002-GOLD_C_50] PACK Thunder Rimless Orange / Gold Revo | [IBGB2400000437556] [DFSU948002-GOLD_C_50] PACK Thunder Rimless Orange / Gold Revo | [IBGB2400000437555] [DFSU948002-GOLD_C_50] PACK Thunder Rimless Orange / Gold Revo | [IBGB2400000411422] [DFSU906005-AMBE_C_50] PACK SQUARE LEGACY GOLD / AMBER | [IBGB2400000536278] [DFSU936001-PINK_C_50] PACK Pitch Pink / Smoke Black | [IBGB2400000536203] [DFSU936001-BURG_C_50] PACK Pitch Burgundy / Gradient Brown | [IBGB2400000536201] [DFSU936001-BURG_C_50] PACK Pitch Burgundy / Gradient Brown | [IBGB2400000536199] [DFSU936001-BURG_C_50] PACK Pitch Burgundy / Gradient Brown
CLABD/Stock/StorageBD/CLA-056-08-03-03;700;BLACK;D+A;297;70;[IBGB2400000564936] [DFSU942001-CREA_C_50] PACK Ultra Light Ellipse Cream / Brown | [IBGB2400000564935] [DFSU942001-CREA_C_50] PACK Ultra Light Ellipse Cream / Brown | [IBGB2400000564934] [DFSU942001-CREA_C_50] PACK Ultra Light Ellipse Cream / Brown | [IBGB2400000564933] [DFSU942001-CREA_C_50] PACK Ultra Light Ellipse Cream / Brown | [IBGB2400000564932] [DFSU942001-CREA_C_50] PACK Ultra Light Ellipse Cream / Brown | [IBGB2400000564931] [DFSU942001-CREA_C_50] PACK Ultra Light Ellipse Cream / Brown | [IBGB2400000564928] [DFSU942001-CREA_C_50] PACK Ultra Light Ellipse Cream / Brown | [IBGB2400000564926] [DFSU942001-CREA_C_50] PACK Ultra Light Ellipse Cream / Brown | [IBGB2400000564925] [DFSU942001-CREA_C_50] PACK Ultra Light Ellipse Cream / Brown | [IBGB2400000564921] [DFSU942001-CREA_C_50] PACK Ultra Light Ellipse Cream / Brown | [IBGB2400000564919] [DFSU942001-CREA_C_50] PACK Ultra Light Ellipse Cream / Brown | [IBGB2400000564917] [DFSU942001-CREA_C_50] PACK Ultra Light Ellipse Cream / Brown | [IBGB2400000358441] [DFSU932001-BLUE] Pack WIND GRAD BLUE / BLUE x 50 unid | [IBGB2400000358435] [DFSU932001-BLUE] Pack WIND GRAD BLUE / BLUE x 50 unid
CLABD/Stock/StorageBD/CLA-056-09-01-03;739;BLACK;A+B+C;1178;95;[IBGB2400000360069] [DFSU915001-TAN_C_50] Pack 913 SHINY TAN / SMOKE x 50 unid | [IBGB2400000359888] [DFKSUN0262_C_50] Pack 913 Shiny Green / Gradient Smoke x 50 unid | [IBGB2400000359802] [DFKSUN0260-0801_C_UNI_UNI_50] Pack 913 SHINY BLACK / GRADIENT SMOKE | [FKD 000001460136] [DFKSUN0844-0800_C_UNI_UNI_50] Pack Big D Constellation Black / Red | [FKD 000001460127] [DFKSUN0844-0800_C_UNI_UNI_50] Pack Big D Constellation Black / Red | [IBGB2400000575543] [DFKSUN1025] ORION II CAREY / BI-BURGUNDY | [IBGB2400000575481] [DFKWAT0102-0020] Aviator Nylon Black Matte Pink | [IBGB2400000575481] [DFKWAT0082-0040] Aviator Nylon Red Carmine | [IBGB2400000575481] [DFKWAT0091-0020] Aviator Black Violet | [IBGB2400000318813] [HVKAWAT111-0001-UNI] SILVER/WHITE DIAL | [IBGB2400000318715] [HVKAWAT111-0001-UNI] SILVER/WHITE DIAL | [IBGB2400000318692] [HVKAWAT111-0001-UNI] SILVER/WHITE DIAL | [IBG2024001555558] [DFKSUN1526-0803_C_UNI_UNI_50] Pack Infinity Carey / Gradient Brown | [IBG2023001429883] [DFKSUN0522-0800_C_UNI_UNI_50] Pack AMERICA ROUND NAVY / BLACK | [IBG2023001429760] [DFKSUN0522-0800_C_UNI_UNI_50] Pack AMERICA ROUND NAVY / BLACK | [IBG2023001429654] [DFKSUN0522-0800_C_UNI_UNI_50] Pack AMERICA ROUND NAVY / BLACK | [IBG2023001429579] [DFKSUN0522-0800_C_UNI_UNI_50] Pack AMERICA ROUND NAVY / BLACK
CLABD/Stock/StorageBD/CLA-057-01-01-01;651;BLACK;A+D+B+C;1178;65;[IBGB2400000572237] [DFSU906004-PURP_C_50] PACK HEX LEGACY SILVER / LAVENDER | [IBGB2400000358409] [DFSU932001-BLUE] Pack WIND GRAD BLUE / BLUE x 50 unid | [IBGB2400000358408] [DFSU932001-BLUE] Pack WIND GRAD BLUE / BLUE x 50 unid | [IBGB2400000358404] [DFSU932001-BLUE] Pack WIND GRAD BLUE / BLUE x 50 unid | [IBGB2400000628862] [DFSU942001-TORT_C_50] PACK Ultra Light Ellipse Amber Tort / Blue | [IBGB2400000628860] [DFSU942001-TORT_C_50] PACK Ultra Light Ellipse Amber Tort / Blue | [IBGB2400000628848] [DFSU942001-BLAC_C_50] PACK Ultra Light Ellipse Black / Black | [IBGB2400000358717] [DFKSUN0565-0002_C_50] Pack WIND LIMITED IRIDISCENT NAVY / GREEN x 50 unid | [IBGB2400000358716] [DFKSUN0565-0002_C_50] Pack WIND LIMITED IRIDISCENT NAVY / GREEN x 50 unid | [IBG2023001148180] [DFSU909001-RED_C_50] Pack Nell Matt Black / Red Revo x 50 unid | [PACK0005098] [HVKAWAT111-0001-UNI] SILVER/WHITE DIAL | [FKD 000018070073] [DFKSUN1514] Doha Square Navy / Black | [FKD 000018070073] [DFKSUN0844-0800] Big D Constellation Black / Red
CLABD/Stock/StorageBD/CLA-057-01-01-03;950;BLACK;A+B+D;297;95;[IBGB2400000358616] [DFSU932001-PURP] Pack WIND GRAD PURPLE / ORANGE x 50 unid | [IBGB2400000358610] [DFSU932001-PURP] Pack WIND GRAD PURPLE / ORANGE x 50 unid | [IBGB2400000358606] [DFSU932001-PURP] Pack WIND GRAD PURPLE / ORANGE x 50 unid | [IBGB2400000358603] [DFSU932001-PURP] Pack WIND GRAD PURPLE / ORANGE x 50 unid | [IBGB2400000358602] [DFSU932001-PURP] Pack WIND GRAD PURPLE / ORANGE x 50 unid | [IBGB2400000358601] [DFSU932001-PURP] Pack WIND GRAD PURPLE / ORANGE x 50 unid | [IBGB2400000358599] [DFSU932001-PURP] Pack WIND GRAD PURPLE / ORANGE x 50 unid | [IBGB2400000358596] [DFSU932001-PURP] Pack WIND GRAD PURPLE / ORANGE x 50 unid | [IBGB2400000358594] [DFSU932001-PURP] Pack WIND GRAD PURPLE / ORANGE x 50 unid | [IBGB2400000358591] [DFSU932001-PURP] Pack WIND GRAD PURPLE / ORANGE x 50 unid | [IBGB2400000358582] [DFSU932001-PURP] Pack WIND GRAD PURPLE / ORANGE x 50 unid | [IBGB2400000358563] [DFSU932001-PURP] Pack WIND GRAD PURPLE / ORANGE x 50 unid | [IBGB2400000358493] [DFSU932001-GREE] Pack WIND GRAD GREEN / GREEN x 50 unid | [IBGB2400000536280] [DFSU936001-PINK_C_50] PACK Pitch Pink / Smoke Black | [IBGB2400000536276] [DFSU936001-PINK_C_50] PACK Pitch Pink / Smoke Black | [IBGB2400000536206] [DFSU936001-BURG_C_50] PACK Pitch Burgundy / Gradient Brown | [IBGB2400000536200] [DFSU936001-BURG_C_50] PACK Pitch Burgundy / Gradient Brown | [IBGB2400000628034] [DFKSUN0826-0058_C_UNI_UNI_50] Pack ROLLER TR90 TRANS GREY | [IBGB2400000627988] [DFKSUN0826-0058_C_UNI_UNI_50] Pack ROLLER TR90 TRANS GREY
CLABD/Stock/StorageBD/CLA-057-02-01-02;1000;BLACK;D+A+B;353;100;[IBGB2400000564999] [DFSU942001-TORT_C_50] PACK Ultra Light Ellipse Amber Tort / Blue | [IBGB2400000564979] [DFSU942001-TORT_C_50] PACK Ultra Light Ellipse Amber Tort / Blue | [IBGB2400000357641] [DFKSUN0561-0011_C_50] Pack Wind Black / Blue x 50 unid | [IBGB2400000357639] [DFKSUN0561-0011_C_50] Pack Wind Black / Blue x 50 unid | [IBGB2400000357611] [DFKSUN0561-0011_C_50] Pack Wind Black / Blue x 50 unid | [IBGB2400000357600] [DFKSUN0561-0011_C_50] Pack Wind Black / Blue x 50 unid | [IBGB2400000258155] [DFSU931001-RED] Pack WIND FIFTY GRAD RED / RED x 50 unid | [IBGB2400000258145] [DFSU931001-RED] Pack WIND FIFTY GRAD RED / RED x 50 unid | [IBGB2400000360099] [DFSU915001-TRAN_C_50] Pack 913 TRANSPARENT / G15 x 50 unid | [IBGB2400000359868] [DFKSUN0261-0803_C_UNI_UNI_50] Pack 913 SHINY DEMI / GRADIENT BROWN | [IBGB2400000359855] [DFKSUN0261-0803_C_UNI_UNI_50] Pack 913 SHINY DEMI / GRADIENT BROWN | [IBGB2400000359850] [DFKSUN0261-0803_C_UNI_UNI_50] Pack 913 SHINY DEMI / GRADIENT BROWN | [IBGB2400000360084] [DFSU915001-TRAN_C_50] Pack 913 TRANSPARENT / G15 x 50 unid | [IBGB2400000359987] [DFSU915001-AMBE_C_50] Pack 913 AMBER / SMOKE x 50 unid | [IBGB2400000576517] [DFKSUN0213-0800_C_50] Pack Ultra Light S Round Crystal Grey / Black x 50 unid | [IBGB2400000566038] [DFSU919001-TORT_C_50] PACK Ultra Light S Square Matte Tort / Photochromic Brown | [IBGB2400000566013] [DFSU919001-TORT_C_50] PACK Ultra Light S Square Matte Tort / Photochromic Brown | [IBGB2400000564990] [DFSU942001-TORT_C_50] PACK Ultra Light Ellipse Amber Tort / Blue | [IBGB2400000564661] [DFSU921001-GREE_C_50] Pack JIGGY CRYSTAL GREEN / SMOKE x 50 unid | [IBGB2400000564380] [DFKSUN0521-0800_C_UNI_UNI_50] Pack America Round Black / Black
CLABD/Stock/StorageBD/CLA-057-02-01-03;300;BLACK;A+B+C;1178;45;[IBGB2400000411251] [DFSU906004-KHAK_C_50] PACK HEX LEGACY GOLD / GRADIENT GREEN | [IBGB2400000364106] [DFSU922001-BLUE_C_50] Pack ROLLER ROUND V2 LIMITED BLUE x 50 unid | [IBG2023001148104] [DFSU909001-BLAC_C_50] Pack Nell Matt Black / Smoke x 50 unid | [IBG2023001145783] [DFSUN020001-BURG_C_50] Pack LOVE HEART TRANS BURGUNDY/BROWN x 50 unid | [IBG2023001070139] [DFSU907001-BLAC_C_50] Pack Muni SQ Black / Smoke x 50 unid | [FKD 000005850009] [DFKSNA122-0202_C_UNI_UNI_25] Pack NAVY | [FKD 000005850007] [DFKSNA122-0202_C_UNI_UNI_25] Pack NAVY
CLABD/Stock/StorageBD/CLA-057-03-01-02;900;BLACK;A+D;124;90;[IBGB2400000629972] [DFKSUN0164-0800_C_UNI_UNI_50] Pack Ultra Light SQ Low Navy / Black | [IBGB2400000629960] [DFKSUN0163-0804_C_UNI_UNI_50] Pack ULTRA LIGHT SQ LOW MATTE BLACK / G15 | [IBGB2400000629956] [DFKSUN0163-0804_C_UNI_UNI_50] Pack ULTRA LIGHT SQ LOW MATTE BLACK / G15 | [IBGB2400000629943] [DFKSUN0161-0800_C_UNI_UNI_50] Pack Ultra Light SQ Low Black / Black | [IBGB2400000629935] [DFKSUN0161-0800_C_UNI_UNI_50] Pack Ultra Light SQ Low Black / Black | [IBGB2400000629932] [DFKSUN0161-0800_C_UNI_UNI_50] Pack Ultra Light SQ Low Black / Black | [IBGB2400000629930] [DFKSUN0161-0800_C_UNI_UNI_50] Pack Ultra Light SQ Low Black / Black | [IBGB2400000629717] [DFSU919001-TORT_C_50] PACK Ultra Light S Square Matte Tort / Photochromic Brown | [IBGB2400000629704] [DFSU919001-TORT_C_50] PACK Ultra Light S Square Matte Tort / Photochromic Brown | [IBGB2400000629703] [DFSU919001-TORT_C_50] PACK Ultra Light S Square Matte Tort / Photochromic Brown | [IBGB2400000629694] [DFSU919001-TORT_C_50] PACK Ultra Light S Square Matte Tort / Photochromic Brown | [IBGB2400000629668] [DFSU919001-TORT_C_50] PACK Ultra Light S Square Matte Tort / Photochromic Brown | [IBGB2400000629591] [DFSU919001-GREY_C_50] PACK Ultra Light S Square Gradient Grey / Brown | [IBGB2400000629589] [DFSU919001-GREY_C_50] PACK Ultra Light S Square Gradient Grey / Brown | [IBGB2400000628369] [DFSU921001-GREE_C_50] Pack JIGGY CRYSTAL GREEN / SMOKE x 50 unid | [IBGB2400000620405] [DFKSUN0218_C_50] Pack Ultra Light S Round Trans Grey / Grey x 50 unid | [IBGB2400000620113] [DFKSUN0212-0800_C_UNI_UNI_50] Pack Ultra Light S Round Black / Black | [IBGB2400000620054] [DFSU913001-TRAN_C_50] Pack ULTRA LIGHT MAX TRANSPARENT / G15 x 50 unid
CLABD/Stock/StorageBD/CLA-057-03-01-03;900;BLACK;A+B+D;185;90;[IBGB2400000572213] [DFSU906002-GOLD_C_50] PACK CAT-EYE LEGACY GOLD / GRADIENT BROWN | [IBGB2400000572206] [DFSU906002-BLAC_C_50] PACK CAT-EYE LEGACY BLACK / GRADIENT GREY | [IBGB2400000572354] [DFSU906005-BROW_C_50] PACK SQUARE LEGACY SILVER / BROWN | [IBGB2400000572350] [DFSU906005-BLAC_C_50] PACK SQUARE LEGACY BLACK / BLACK | [IBGB2400000572347] [DFSU906005-BLAC_C_50] PACK SQUARE LEGACY BLACK / BLACK | [IBGB2400000572345] [DFSU906005-BLAC_C_50] PACK SQUARE LEGACY BLACK / BLACK | [IBGB2400000572334] [DFSU906005-AMBE_C_50] PACK SQUARE LEGACY GOLD / AMBER | [IBGB2400000572280] [DFSU906006-GREE_C_50] PACK OVAL LEGACY GOLD / G15 | [IBGB2400000572275] [DFSU906006-GREE_C_50] PACK OVAL LEGACY GOLD / G15 | [IBGB2400000572273] [DFSU906006-GREE_C_50] PACK OVAL LEGACY GOLD / G15 | [IBGB2400000572267] [DFSU906006-BROW_C_50] PACK OVAL LEGACY GOLD / GRADIENT BROWN | [IBGB2400000572265] [DFSU906006-BROW_C_50] PACK OVAL LEGACY GOLD / GRADIENT BROWN | [IBGB2400000572218] [DFSU906002-SILV_C_50] PACK CAT-EYE LEGACY SILVER / DARK BROWN | [IBGB2400000572204] [DFSU906002-BLAC_C_50] PACK CAT-EYE LEGACY BLACK / GRADIENT GREY | [IBGB2400000566033] [DFSU919001-TORT_C_50] PACK Ultra Light S Square Matte Tort / Photochromic Brown | [IBGB2400000566018] [DFSU919001-TORT_C_50] PACK Ultra Light S Square Matte Tort / Photochromic Brown | [IBGB2400000565966] [DFSU919001-LAVE_C_50] PACK Ultra Light S Square Trans / Photochromic Lavender | [IBGB2400000564828] [DFSU942001-BLAC_C_50] PACK Ultra Light Ellipse Black / Black
CLABD/Stock/StorageBD/CLA-057-03-02-03;96;BLACK;A+D;172;80;[IBGB2400000548490] [DFSH371004-BLAC_C_40_40_12] Pack Nordic V.2 Basic Low Black (40) x 12 unid | [IBGB2400000548083] [DFSH370021-BEIG_C_36_42_12] PACK NORDIC LOW BASIC BEIGE | [IBGB2400000548083] [DFSH370021-BEIG_C_36_42_12] PACK NORDIC LOW BASIC BEIGE | [IBGB2400000548083] [DFSH370021-BEIG_C_36_42_12] PACK NORDIC LOW BASIC BEIGE | [IBGB2400000548083] [DFSH370021-BEIG_C_36_42_12] PACK NORDIC LOW BASIC BEIGE | [IBGB2400000548083] [DFSH370021-BEIG_C_36_42_12] PACK NORDIC LOW BASIC BEIGE | [IBGB2400000548083] [DFSH370021-BEIG_C_36_42_12] PACK NORDIC LOW BASIC BEIGE | [IBGB2400000548083] [DFSH370021-BEIG_C_36_42_12] PACK NORDIC LOW BASIC BEIGE | [IBGB2400000545863] [DFSH370021-BEIG_C_38_38_12] PACK NORDIC LOW BASIC BEIGE | [IBGB2400000545855] [DFSH370021-BEIG_C_37_37_12] PACK NORDIC LOW BASIC BEIGE | [IBGB2400000545849] [DFSH370021-BEIG_C_36_36_12] PACK NORDIC LOW BASIC BEIGE | [IBGB2400000545679] [DFSH370012-TAUP_C_39_39_12] Pack NORDIC TRK FUR TAUPE (39) x 12 unid | [IBGB2400000545647] [DFSH370012-TAUP_C_38_38_12] Pack NORDIC TRK FUR TAUPE (38) x 12 unid | [IBGB2400000544697] [DFSH370011-BLAC_C_36_36_12] Pack NORDIC TRK FUR LOW BLACK  (36) x 12 unid
CLABD/Stock/StorageBD/CLA-057-03-03-01;800;BLACK;A+D;171;80;[IBGB2400000572318] [DFSU906003-GOLD_C_50] PACK ROUND LEGACY GOLD / PHOTOCHROMIC BLACK | [IBGB2400000572317] [DFSU906003-GOLD_C_50] PACK ROUND LEGACY GOLD / PHOTOCHROMIC BLACK | [IBGB2400000572315] [DFSU906003-GOLD_C_50] PACK ROUND LEGACY GOLD / PHOTOCHROMIC BLACK | [IBGB2400000572312] [DFSU906003-GOLD_C_50] PACK ROUND LEGACY GOLD / PHOTOCHROMIC BLACK | [IBGB2400000572309] [DFSU906003-GOLD_C_50] PACK ROUND LEGACY GOLD / PHOTOCHROMIC BLACK | [IBGB2400000572246] [DFSU906004-RED_C_50] PACK HEX LEGACY BLACK / RED | [IBGB2400000572244] [DFSU906004-RED_C_50] PACK HEX LEGACY BLACK / RED | [IBGB2400000572235] [DFSU906004-PURP_C_50] PACK HEX LEGACY SILVER / LAVENDER | [IBGB2400000572229] [DFSU906004-BROW_C_50] PACK HEX LEGACY GOLD / PHOTOCHROMIC BROWN | [IBGB2400000572224] [DFSU906004-BROW_C_50] PACK HEX LEGACY GOLD / PHOTOCHROMIC BROWN | [IBGB2400000572201] [DFSU902005-SILV_C_50] PACK Aviator Legacy Silver / Silver | [IBGB2400000572199] [DFSU902005-SILV_C_50] PACK Aviator Legacy Silver / Silver | [IBGB2400000572196] [DFSU902005-RED_C_50] PACK Aviator Legacy Gold / Photochromic Red | [IBGB2400000572194] [DFSU902005-GOLD_C_50] PACK Aviator Legacy Gold / Photochromic G15 | [IBGB2400000572193] [DFSU902005-GOLD_C_50] PACK Aviator Legacy Gold / Photochromic G15 | [IBGB2400000576467] [DFKSUN0213-0800_C_50] Pack Ultra Light S Round Crystal Grey / Black x 50 unid
CLABD/Stock/StorageBD/CLA-057-04-01-01;850;BLACK;D+A+B;297;85;[IBGB2400000369810] [DFSU902005-SILV_C_50] PACK Aviator Legacy Silver / Silver | [IBGB2400000369796] [DFSU902005-GOLD_C_50] PACK Aviator Legacy Gold / Photochromic G15 | [IBGB2400000369793] [DFSU902005-GOLD_C_50] PACK Aviator Legacy Gold / Photochromic G15 | [IBGB2400000369791] [DFSU902005-GOLD_C_50] PACK Aviator Legacy Gold / Photochromic G15 | [IBGB2400000369789] [DFSU902002-BROW] Aviator Legacy Gold / Brown | [IBGB2400000572205] [DFSU906002-BLAC_C_50] PACK CAT-EYE LEGACY BLACK / GRADIENT GREY | [IBGB2400000564995] [DFSU942001-TORT_C_50] PACK Ultra Light Ellipse Amber Tort / Blue | [IBGB2400000564929] [DFSU942001-CREA_C_50] PACK Ultra Light Ellipse Cream / Brown | [IBGB2400000561144] [DFKSUN0213-0800_C_50] Pack Ultra Light S Round Crystal Grey / Black x 50 unid | [IBGB2400000737577] [DFKSUN0211-0802] Ultra Light S Round Havana / Brown | [IBGB2400000737572] [DFKSUN0211-0802] Ultra Light S Round Havana / Brown | [IBGB2400000737571] [DFSU942001-TORT] Ultra Light Ellipse Amber Tort / Blue | [IBGB2400000565860] [DFSU919001-GREY_C_50] PACK Ultra Light S Square Gradient Grey / Brown | [IBGB2400000565834] [DFSU919001-GREY_C_50] PACK Ultra Light S Square Gradient Grey / Brown | [IBGB2400000536244] [DFSU936001-ORAN_C_50] PACK Pitch Black / Orange | [IBGB2400000536232] [DFSU936001-ORAN_C_50] PACK Pitch Black / Orange | [IBGB2400000536231] [DFSU936001-ORAN_C_50] PACK Pitch Black / Orange
CLABD/Stock/StorageBD/CLA-057-04-01-02;1150;BLACK;D+A;291;115;[IBGB2400000771927] [DFSU942001-TORT] Ultra Light Ellipse Amber Tort / Blue | [IBGB2400000771924] [DFSU919001-TORT] Ultra Light S Square Matte Tort / Photochromic Brown | [IBGB2400000771918] [DFSU942001-TORT] Ultra Light Ellipse Amber Tort / Blue | [IBGB2400000771916] [DFSU913001-TORT] Ultra Light Max Light Tort / Black | [IBGB2400000771903] [DFSU942001-TORT] Ultra Light Ellipse Amber Tort / Blue | [IBGB2400000771901] [DFSU919001-TORT] Ultra Light S Square Matte Tort / Photochromic Brown | [IBGB2400000771893] [DFSU942001-TORT] Ultra Light Ellipse Amber Tort / Blue | [IBGB2400000771892] [DFSU942001-TORT] Ultra Light Ellipse Amber Tort / Blue | [IBGB2400000771881] [DFSU942001-TORT] Ultra Light Ellipse Amber Tort / Blue | [IBGB2400000771879] [DFSU913001-GREE] Ultra Light Max Green / G15 | [IBGB2400000771869] [DFSU942001-CREA] Ultra Light Ellipse Cream / Brown | [IBGB2400000771868] [DFSU942001-CREA] Ultra Light Ellipse Cream / Brown | [IBGB2400000771858] [DFSU942001-TORT] Ultra Light Ellipse Amber Tort / Blue | [IBGB2400000771856] [DFSU919001-TORT] Ultra Light S Square Matte Tort / Photochromic Brown | [IBGB2400000771850] [DFSU919001-TORT] Ultra Light S Square Matte Tort / Photochromic Brown | [IBGB2400000771835] [DFSU919001-TORT] Ultra Light S Square Matte Tort / Photochromic Brown | [IBGB2400000771834] [DFSU942001-CREA] Ultra Light Ellipse Cream / Brown | [IBGB2400000411397] [DFSU906004-RED_C_50] PACK HEX LEGACY BLACK / RED | [IBGB2400000411391] [DFSU906004-RED_C_50] PACK HEX LEGACY BLACK / RED | [IBGB2400000364102] [DFSU922001-BLUE_C_50] Pack ROLLER ROUND V2 LIMITED BLUE x 50 unid | [IBGB2400000572605] [DFSU925001-PINK_C_50] Pack TOKYO PINK / PINK x 50 unid | [IBGB2400000572587] [DFSU925001-GREE_C_50] Pack TOKYO GREEN / GRADIENT GREEN x 50 unid | [IBGB2400000572493] [DFSU927001-RED_C_50] PACK Soho Red / Warm Brown
CLABD/Stock/StorageBD/CLA-057-04-03-02;800;BLACK;A+D;58;80;[IBGB2400000723288] [DFSU923001-BLAC_C_50] Pack ROLLER ROUND V2 FULL BLACK x 50 unid | [IBGB2400000723279] [DFSU923001-BLAC_C_50] Pack ROLLER ROUND V2 FULL BLACK x 50 unid | [IBGB2400000723145] [DFSU946001-ROSE_C_50] PACK Cuprum Round Rose Gold / Gradient Pink | [IBGB2400000723143] [DFSU946001-ROSE_C_50] PACK Cuprum Round Rose Gold / Gradient Pink | [IBGB2400000722893] [DFSU911001-RED_C_50] Pack Tsunami Red Chrome / Red Revo x 50 unid | [IBGB2400000722884] [DFSU911001-BLUE_C_50] Pack Tsunami Blue Chrome / Ice Blue Revo x 50 unid | [IBGB2400000722705] [DFSU948002-GOLD_C_50] PACK Thunder Rimless Orange / Gold Revo | [IBGB2400000722704] [DFSU948002-GOLD_C_50] PACK Thunder Rimless Orange / Gold Revo | [IBGB2400000722703] [DFSU948002-GOLD_C_50] PACK Thunder Rimless Orange / Gold Revo | [IBGB2400000722692] [DFSU948001-PINK_C_50] PACK Thunder Rimless Photochromic Pink | [IBGB2400000722688] [DFSU948001-PINK_C_50] PACK Thunder Rimless Photochromic Pink | [IBGB2400000722686] [DFSU948001-ORAN_C_50] PACK Thunder Rimless Photochromic Orange | [IBGB2400000722685] [DFSU948001-ORAN_C_50] PACK Thunder Rimless Photochromic Orange | [IBGB2400000722684] [DFSU948001-ORAN_C_50] PACK Thunder Rimless Photochromic Orange | [IBGB2400000722895] [DFSU911001-SILV_C_50] Pack Tsunami Silver Chrome / Silver Revo x 50 unid | [IBGB2400000722689] [DFSU948001-PINK_C_50] PACK Thunder Rimless Photochromic Pink
CLABD/Stock/StorageBD/CLA-057-05-01-02;131;BLACK;A+D;730;75;[IBGB2400000548015] [DFSH370012-TAUP_C_36_42_12] PACK Nordic  Trk Fur Gradient Taupe | [IBGB2400000548015] [DFSH370012-TAUP_C_36_42_12] PACK Nordic  Trk Fur Gradient Taupe | [IBGB2400000548015] [DFSH370012-TAUP_C_36_42_12] PACK Nordic  Trk Fur Gradient Taupe | [IBGB2400000548015] [DFSH370012-TAUP_C_36_42_12] PACK Nordic  Trk Fur Gradient Taupe | [IBGB2400000548015] [DFSH370012-TAUP_C_36_42_12] PACK Nordic  Trk Fur Gradient Taupe | [IBGB2400000548015] [DFSH370012-TAUP_C_36_42_12] PACK Nordic  Trk Fur Gradient Taupe | [IBGB2400000548015] [DFSH370012-TAUP_C_36_42_12] PACK Nordic  Trk Fur Gradient Taupe | [IBGB2400000548013] [DFSH370012-TAUP_C_36_42_12] PACK Nordic  Trk Fur Gradient Taupe | [IBGB2400000548013] [DFSH370012-TAUP_C_36_42_12] PACK Nordic  Trk Fur Gradient Taupe | [IBGB2400000548013] [DFSH370012-TAUP_C_36_42_12] PACK Nordic  Trk Fur Gradient Taupe | [IBGB2400000548013] [DFSH370012-TAUP_C_36_42_12] PACK Nordic  Trk Fur Gradient Taupe | [IBGB2400000548013] [DFSH370012-TAUP_C_36_42_12] PACK Nordic  Trk Fur Gradient Taupe | [IBGB2400000548013] [DFSH370012-TAUP_C_36_42_12] PACK Nordic  Trk Fur Gradient Taupe | [IBGB2400000548013] [DFSH370012-TAUP_C_36_42_12] PACK Nordic  Trk Fur Gradient Taupe | [IBGB2400000547986] [DFSH370012-TAUP_C_36_42_12] PACK Nordic  Trk Fur Gradient Taupe | [IBGB2400000547986] [DFSH370012-TAUP_C_36_42_12] PACK Nordic  Trk Fur Gradient Taupe | [IBGB2400000547986] [DFSH370012-TAUP_C_36_42_12] PACK Nordic  Trk Fur Gradient Taupe | [IBGB2400000547986] [DFSH370012-TAUP_C_36_42_12] PACK Nordic  Trk Fur Gradient Taupe | [IBGB2400000547986] [DFSH370012-TAUP_C_36_42_12] PACK Nordic  Trk Fur Gradient Taupe | [IBGB2400000547986] [DFSH370012-TAUP_C_36_42_12] PACK Nordic  Trk Fur Gradient Taupe | [IBGB2400000547986] [DFSH370012-TAUP_C_36_42_12] PACK Nordic  Trk Fur Gradient Taupe | [IBGB2400000547961] [DFSH370012-BLAC_C_36_42_12] PACK Nordic  Trk Fur Gradient Black | [IBGB2400000547961] [DFSH370012-BLAC_C_36_42_12] PACK Nordic  Trk Fur Gradient Black | [IBGB2400000547961] [DFSH370012-BLAC_C_36_42_12] PACK Nordic  Trk Fur Gradient Black | [IBGB2400000547961] [DFSH370012-BLAC_C_36_42_12] PACK Nordic  Trk Fur Gradient Black | [IBGB2400000547961] [DFSH370012-BLAC_C_36_42_12] PACK Nordic  Trk Fur Gradient Black | [IBGB2400000547961] [DFSH370012-BLAC_C_36_42_12] PACK Nordic  Trk Fur Gradient Black | [IBGB2400000547961] [DFSH370012-BLAC_C_36_42_12] PACK Nordic  Trk Fur Gradient Black | [IBGB2400000536236] [DFSU936001-ORAN_C_50] PACK Pitch Black / Orange | [IBG2023000914151] [DFSH370004-BLAC_C_36_36_9] Pack BOOTS NORDIC FUR BLACK (36) x 9 unid | [IBGB2400000545693] [DFSH370012-TAUP_C_40_40_12] Pack NORDIC TRK FUR TAUPE (40) x 12 unid | [IBGB2400000545700] [DFSH370012-TAUP_C_40_40_12] Pack NORDIC TRK FUR TAUPE (40) x 12 unid
CLABD/Stock/StorageBD/CLA-057-06-01-01;700;BLACK;D+A;375;70;[IBGB2400000571827] [DFSU938001-TORT_C_50] PACK Holly Tort / Gradient Brown | [IBGB2400000571826] [DFSU938001-TORT_C_50] PACK Holly Tort / Gradient Brown | [IBGB2400000571824] [DFSU938001-TORT_C_50] PACK Holly Tort / Gradient Brown | [IBGB2400000571823] [DFSU938001-TORT_C_50] PACK Holly Tort / Gradient Brown | [IBGB2400000536176] [DFSU936001-BLAC_C_50] PACK Pitch Black / Black | [IBGB2400000536174] [DFSU936001-BLAC_C_50] PACK Pitch Black / Black | [IBGB2400000243406] [DFSUN020001-BLAC_C_50] Pack LOVE HEART BLACK/BLACK x 50 unid | [IBGB2400000571808] [DFSU938001-GREE_C_50] PACK Holly Green / Gradient Green | [IBGB2400000571805] [DFSU938001-GREE_C_50] PACK Holly Green / Gradient Green | [IBGB2400000571801] [DFSU938001-BLAC_C_50] PACK Holly Black / Gradient Black | [IBGB2400000571798] [DFSU938001-BLAC_C_50] PACK Holly Black / Gradient Black | [IBGB2400000571797] [DFSU938001-BLAC_C_50] PACK Holly Black / Gradient Black | [IBGB2400000627962] [DFKSUN0826-0058_C_UNI_UNI_50] Pack ROLLER TR90 TRANS GREY | [IBGB2400000840810] [DFKSUN0820-0020] Roller TR90 Black Edition
CLABD/Stock/StorageBD/CLA-057-06-01-02;700;BLACK;A+D;143;70;[IBGB2400000576537] [DFKSUN0213-0800_C_50] Pack Ultra Light S Round Crystal Grey / Black x 50 unid | [IBGB2400000576524] [DFKSUN0213-0800_C_50] Pack Ultra Light S Round Crystal Grey / Black x 50 unid | [IBGB2400000576500] [DFKSUN0213-0800_C_50] Pack Ultra Light S Round Crystal Grey / Black x 50 unid | [IBGB2400000576497] [DFKSUN0213-0800_C_50] Pack Ultra Light S Round Crystal Grey / Black x 50 unid | [IBGB2400000576484] [DFKSUN0213-0800_C_50] Pack Ultra Light S Round Crystal Grey / Black x 50 unid | [IBGB2400000576481] [DFKSUN0213-0800_C_50] Pack Ultra Light S Round Crystal Grey / Black x 50 unid | [IBGB2400000566021] [DFSU919001-TORT_C_50] PACK Ultra Light S Square Matte Tort / Photochromic Brown | [IBGB2400000565098] [DFSU943001-OLIV_C_50] PACK Ultra Light Landscape Olive / Brown | [IBGB2400000565093] [DFSU943001-OLIV_C_50] PACK Ultra Light Landscape Olive / Brown | [IBGB2400000565053] [DFSU943001-BROW_C_50] PACK Ultra Light Landscape Brown / Brown | [IBGB2400000565051] [DFSU943001-BROW_C_50] PACK Ultra Light Landscape Brown / Brown | [IBGB2400000565050] [DFSU943001-BROW_C_50] PACK Ultra Light Landscape Brown / Brown | [IBGB2400000564818] [DFSU942001-BLAC_C_50] PACK Ultra Light Ellipse Black / Black | [IBGB2400000564665] [DFSU921001-GREE_C_50] Pack JIGGY CRYSTAL GREEN / SMOKE x 50 unid
CLABD/Stock/StorageBD/CLA-057-07-01-01;762;BLACK;D+A;185;85;[IBGB2400000564998] [DFSU942001-TORT_C_50] PACK Ultra Light Ellipse Amber Tort / Blue | [IBGB2400000564996] [DFSU942001-TORT_C_50] PACK Ultra Light Ellipse Amber Tort / Blue | [IBGB2400000564993] [DFSU942001-TORT_C_50] PACK Ultra Light Ellipse Amber Tort / Blue | [IBGB2400000564992] [DFSU942001-TORT_C_50] PACK Ultra Light Ellipse Amber Tort / Blue | [IBGB2400000564987] [DFSU942001-TORT_C_50] PACK Ultra Light Ellipse Amber Tort / Blue | [IBGB2400000564985] [DFSU942001-TORT_C_50] PACK Ultra Light Ellipse Amber Tort / Blue | [IBGB2400000564984] [DFSU942001-TORT_C_50] PACK Ultra Light Ellipse Amber Tort / Blue | [IBGB2400000564983] [DFSU942001-TORT_C_50] PACK Ultra Light Ellipse Amber Tort / Blue | [IBGB2400000564982] [DFSU942001-TORT_C_50] PACK Ultra Light Ellipse Amber Tort / Blue | [IBGB2400000564981] [DFSU942001-TORT_C_50] PACK Ultra Light Ellipse Amber Tort / Blue | [IBGB2400000564977] [DFSU942001-TORT_C_50] PACK Ultra Light Ellipse Amber Tort / Blue | [IBGB2400000564976] [DFSU942001-TORT_C_50] PACK Ultra Light Ellipse Amber Tort / Blue | [IBGB2400000564975] [DFSU942001-TORT_C_50] PACK Ultra Light Ellipse Amber Tort / Blue | [IBGB2400000564974] [DFSU942001-TORT_C_50] PACK Ultra Light Ellipse Amber Tort / Blue | [IBGB2400000564973] [DFSU942001-TORT_C_50] PACK Ultra Light Ellipse Amber Tort / Blue | [IBGB2400000545726] [DFSH370012-TAUP_C_42_42_12] PACK Nordic  Trk Fur Gradient Taupe
CLABD/Stock/StorageBD/CLA-057-08-01-02;548;BLACK;D+A+B;297;55;[IBGB2400000571819] [DFSU938001-SAND_C_50] PACK Holly Sand / Gradient Amber | [IBGB2400000571818] [DFSU938001-SAND_C_50] PACK Holly Sand / Gradient Amber | [IBGB2400000571817] [DFSU938001-SAND_C_50] PACK Holly Sand / Gradient Amber | [IBGB2400000571816] [DFSU938001-SAND_C_50] PACK Holly Sand / Gradient Amber | [IBGB2400000571814] [DFSU938001-SAND_C_50] PACK Holly Sand / Gradient Amber | [IBGB2400000571813] [DFSU938001-SAND_C_50] PACK Holly Sand / Gradient Amber | [IBGB2400000571812] [DFSU938001-SAND_C_50] PACK Holly Sand / Gradient Amber | [IBGB2400000571810] [DFSU938001-SAND_C_50] PACK Holly Sand / Gradient Amber | [IBGB2400000358725] [DFKSUN0565-0002_C_50] Pack WIND LIMITED IRIDISCENT NAVY / GREEN x 50 unid | [IBGB2400000358576] [DFSU932001-PURP] WIND GRAD PURPLE / ORANGE | [IBGB2400000358480] [DFSU932001-GREE] WIND GRAD GREEN / GREEN
CLABD/Stock/StorageBD/CLA-057-08-01-03;696;BLACK;A+D+B+C;1178;100;[IBGB2400000258175] [DFSU932001-BLUE] Pack WIND GRAD BLUE / BLUE x 50 unid | [IBGB2400000235558] [DFKSUN0571-0003_C_50] Pack WIND FIFTY BLACK / RED x 50 unid | [IBGB2400000390305] [DFSU940001-TRAN_C_50] PACK Margot Transparent / Gradient Blue | [IBGB2400000390297] [DFSU940001-BROW_C_50] PACK Margot Gradient Brown / Brown | [IBGB2400000390288] [DFSU940001-BLAC_C_50] PACK Margot Black / G15 | [IBGB2400000390284] [DFSU940001-BLAC_C_50] PACK Margot Black / G15 | [IBGB2400000281642] [DFKSUN0844-0800_C_UNI_UNI_50] Pack Big D Constellation Black / Red | [IBGB2400000281605] [DFKBLU0192] Ultra Light Max Tort / Blue Block | [IBGB2400000281388] [DFSU901003-YELL] Alpha Shiny Black / Yellow | [IBGB2400000281385] [DFKBLU0192-0160_C_UNI_UNI_50] Pack Ultra Light Max Tort / Blue Block | [IBGB2400000281384] [DFKBLU0010] ULISSE BLACK BLUE BLOCK | [IBGB2400000281381] [DFKBLU0010] ULISSE BLACK BLUE BLOCK | [IBGB2400000281374] [DFKBLU0010] ULISSE BLACK BLUE BLOCK | [IBGB2400000281371] [DFKBLU0010] ULISSE BLACK BLUE BLOCK
CLABD/Stock/StorageBD/CLA-057-09-01-01;480;BLACK;B+A+D;388;55;[IBGB2400000361806] [DFSU914001-CARE_C_50] Pack BAHAMAS DARK CAREY / GRAD BROWN x 50 unid | [IBGB2400000361720] [DFKSUN0227-0800_C_UNI_UNI_50] Pack BAHAMAS SHINY DEMI / SMOKE | [IBGB2400000360028] [DFSU915001-TAN_C_50] Pack 913 SHINY TAN / SMOKE x 50 unid | [IBGB2400000642244] [DFTXTSH024-BLAC-L] ORIGINS T-SHIRT BLACK / WHITE (L) | [IBGB2400000361744] [DFKSUN0228-0800_C_UNI_UNI_50] Pack BAHAMAS SHINY BLACK / SMOKE | [IBGB2400000313263] [DFSU903001-TORT] Emblem SQ Tort / Brown | [IBGB2400000563575] [DFSU923001-AMBE_C_50] Pack ROLLER ROUND V2 AMBER / GRAD GREEN x 50 unid | [IBGB2400000563514] [DFSU922001-PURP_C_50] Pack ROLLER ROUND V2 LIMITED PURPLE x 50 unid | [IBGB2400000563354] [DFSU941001-BROW_C_50] PACK Banger Milky Pink / Gradient Warm Brown | [IBGB2400000563352] [DFSU941001-BROW_C_50] PACK Banger Milky Pink / Gradient Warm Brown
CLABD/Stock/StorageBD/CLA-057-09-01-03;450;BLACK;A+D;298;45;[IBGB2400000361668] [DFSUN020001-BLAC_C_50] Pack LOVE HEART BLACK/BLACK x 50 unid | [IBGB2400000361667] [DFSUN020001-BLAC_C_50] Pack LOVE HEART BLACK/BLACK x 50 unid | [IBGB2400000361666] [DFSUN020001-BLAC_C_50] Pack LOVE HEART BLACK/BLACK x 50 unid | [IBGB2400000361658] [DFSUN020001-BLAC_C_50] Pack LOVE HEART BLACK/BLACK x 50 unid | [IBGB2400000361655] [DFSUN020001-BLAC_C_50] Pack LOVE HEART BLACK/BLACK x 50 unid | [IBGB2400000361654] [DFSUN020001-BLAC_C_50] Pack LOVE HEART BLACK/BLACK x 50 unid | [IBGB2400000564270] [DFKSUN0260-0801_C_UNI_UNI_50] Pack 913 SHINY BLACK / GRADIENT SMOKE | [IBGB2400000629222] [DFSU934001-GREE_C_50] PACK Ultra Light Round Green / Black | [IBGB2400000629216] [DFSU934001-GREE_C_50] PACK Ultra Light Round Green / Black
CLABD/Stock/StorageBD/CLA-058-01-01-02;417;BLACK;C+B+A+D;856;40;[IBGB2400000575538] [DFKSUN1025] ORION II CAREY / BI-BURGUNDY | [IBG2023001020608] [DFSU903001-IVOR] Emblem SQ White Ivory / Yellow | [IBG2023001020516] [DFSU903001-GREE_C_50] Pack Emblem SQ Green / Tea x 50 unid | [IBGB2400000235356] [DFKSUN0560-0020-UNI_C_50] Pack Wind Charcoal / Bronze x 50 unid | [IBGB2400000222877] [DFSU906002-KHAK_C_50] PACK CAT-EYE LEGACY GOLD / G15 | [IBGB2400000357014] [DFSU927001-RED_C_50] PACK Soho Red / Warm Brown | [IBGB2400000357011] [DFSU927001-RED_C_50] PACK Soho Red / Warm Brown | [IBG2023000643822] [DFSU901001-RED_C_50] Pack Alpha Matt Black / Red x 50 unid
CLABD/Stock/StorageBD/CLA-058-01-01-03;650;BLACK;A+D;618;65;[IBG2024001576966] [DFKSUN1513-0802_C_UNI_UNI_50] Pack Doha Square Dark Carey / Brown | [IBG2024001576911] [DFKSUN1513-0802_C_UNI_UNI_50] Pack Doha Square Dark Carey / Brown | [IBG2024001576836] [DFKSUN1513-0802_C_UNI_UNI_50] Pack Doha Square Dark Carey / Brown | [IBG2024001576829] [DFKSUN1513-0802_C_UNI_UNI_50] Pack Doha Square Dark Carey / Brown | [IBG2024001576812] [DFKSUN1513-0802_C_UNI_UNI_50] Pack Doha Square Dark Carey / Brown | [IBGB2400000564930] [DFSU942001-CREA_C_50] PACK Ultra Light Ellipse Cream / Brown | [IBGB2400000564920] [DFSU942001-CREA_C_50] PACK Ultra Light Ellipse Cream / Brown | [IBGB2400000437543] [DFSU948002-BLAC_C_50] PACK Thunder Rimless Yellow / Black | [IBGB2400000437499] [DFSU948001-GREE_C_50] PACK Thunder Rimless Photochromic Green | [IBGB2400000437497] [DFSU948001-GREE_C_50] PACK Thunder Rimless Photochromic Green | [IBGB2400000437491] [DFSU948001-GREE_C_50] PACK Thunder Rimless Photochromic Green | [IBGB2400000437490] [DFSU948001-GREE_C_50] PACK Thunder Rimless Photochromic Green | [IBGB2400000627802] [DFKSUN0820-0020_C_UNI_UNI_50] Pack Roller TR90 Black Edition
CLABD/Stock/StorageBD/CLA-058-01-02-01;899;BLACK;D+B+A;1163;105;[IBGB2400000565003] [DFSU942001-TORT_C_50] PACK Ultra Light Ellipse Amber Tort / Blue | [IBGB2400000565002] [DFSU942001-TORT_C_50] PACK Ultra Light Ellipse Amber Tort / Blue | [IBGB2400000565001] [DFSU942001-TORT_C_50] PACK Ultra Light Ellipse Amber Tort / Blue | [IBGB2400000565000] [DFSU942001-TORT_C_50] PACK Ultra Light Ellipse Amber Tort / Blue | [IBGB2400000360091] [DFSU915001-TRAN_C_50] Pack 913 TRANSPARENT / G15 x 50 unid | [IBGB2400000360086] [DFSU915001-TRAN_C_50] Pack 913 TRANSPARENT / G15 x 50 unid | [IBGB2400000281336] [DFKBLU0192-0160_C_UNI_UNI_50] Pack Ultra Light Max Tort / Blue Block | [IBGB2400000281335] [DFKBLU0192-0160_C_UNI_UNI_50] Pack Ultra Light Max Tort / Blue Block | [IBGB2400000281334] [DFSU903001-GREE] Emblem SQ Green / Tea | [IBGB2400000281331] [DFKBLU0192-0160_C_UNI_UNI_50] Pack Ultra Light Max Tort / Blue Block | [IBGB2400000281327] [DFSU903001-GREE_C_50] Pack Emblem SQ Green / Tea x 50 unid | [IBGB2400000258235] [DFSU932001-PURP] Pack WIND GRAD PURPLE / ORANGE x 50 unid | [IBGB2400000411352] [DFSU906004-KHAK_C_50] PACK HEX LEGACY GOLD / GRADIENT GREEN | [IBGB2400000411341] [DFSU906004-KHAK_C_50] PACK HEX LEGACY GOLD / GRADIENT GREEN | [IBGB2400000411338] [DFSU906004-KHAK_C_50] PACK HEX LEGACY GOLD / GRADIENT GREEN | [IBGB2400000411335] [DFSU906004-KHAK_C_50] PACK HEX LEGACY GOLD / GRADIENT GREEN | [IBGB2400000411325] [DFSU906004-KHAK_C_50] PACK HEX LEGACY GOLD / GRADIENT GREEN | [IBGB2400000411315] [DFSU906004-KHAK_C_50] PACK HEX LEGACY GOLD / GRADIENT GREEN
CLABD/Stock/StorageBD/CLA-058-01-02-03;950;BLACK;A+D;288;95;[IBGB2400000411354] [DFSU906004-KHAK_C_50] PACK HEX LEGACY GOLD / GRADIENT GREEN | [IBGB2400000411351] [DFSU906004-KHAK_C_50] PACK HEX LEGACY GOLD / GRADIENT GREEN | [IBGB2400000411348] [DFSU906004-KHAK_C_50] PACK HEX LEGACY GOLD / GRADIENT GREEN | [IBGB2400000411345] [DFSU906004-KHAK_C_50] PACK HEX LEGACY GOLD / GRADIENT GREEN | [IBGB2400000411337] [DFSU906004-KHAK_C_50] PACK HEX LEGACY GOLD / GRADIENT GREEN | [IBGB2400000411319] [DFSU906004-KHAK_C_50] PACK HEX LEGACY GOLD / GRADIENT GREEN | [IBGB2400000411308] [DFSU906004-KHAK_C_50] PACK HEX LEGACY GOLD / GRADIENT GREEN | [IBGB2400000739099] [DFSU902002-BROW] Aviator Legacy Gold / Brown | [IBGB2400000375068] [DFSU942001-TORT_C_50] PACK Ultra Light Ellipse Amber Tort / Blue | [IBGB2400000375063] [DFSU942001-TORT_C_50] PACK Ultra Light Ellipse Amber Tort / Blue | [IBGB2400000375053] [DFSU942001-TORT_C_50] PACK Ultra Light Ellipse Amber Tort / Blue | [IBGB2400000375031] [DFSU942001-BLAC_C_50] PACK Ultra Light Ellipse Black / Black | [IBGB2400000375027] [DFSU942001-BLAC_C_50] PACK Ultra Light Ellipse Black / Black | [IBGB2400000375023] [DFSU942001-BLAC_C_50] PACK Ultra Light Ellipse Black / Black | [IBGB2400000375018] [DFSU942001-BLAC_C_50] PACK Ultra Light Ellipse Black / Black | [IBGB2400000411361] [DFSU906004-KHAK_C_50] PACK HEX LEGACY GOLD / GRADIENT GREEN | [IBGB2400000411357] [DFSU906004-KHAK_C_50] PACK HEX LEGACY GOLD / GRADIENT GREEN | [IBGB2400000411356] [DFSU906004-KHAK_C_50] PACK HEX LEGACY GOLD / GRADIENT GREEN | [IBGB2400000411339] [DFSU906004-KHAK_C_50] PACK HEX LEGACY GOLD / GRADIENT GREEN
CLABD/Stock/StorageBD/CLA-058-02-01-01;750;BLACK;C+D+B+A;856;75;[PACK0004644] [DFKSUN0528-0822_C_UNI_UNI_50] Pack Orion Full Logo Black / Red | [IBGB2400000375022] [DFSU942001-BLAC_C_50] PACK Ultra Light Ellipse Black / Black | [IBGB2400000375009] [DFSU942001-BLAC_C_50] PACK Ultra Light Ellipse Black / Black | [IBGB2400000360103] [DFSU915001-WHIT_C_50] Pack 913 WHITE / GREEN x 50 unid | [IBGB2400000360035] [DFSU915001-TAN_C_50] Pack 913 SHINY TAN / SMOKE x 50 unid | [IBGB2400000359876] [DFKSUN0262_C_50] Pack 913 Shiny Green / Gradient Smoke x 50 unid | [IBGB2400000359873] [DFKSUN0262_C_50] Pack 913 Shiny Green / Gradient Smoke x 50 unid | [IBGB2400000359786] [DFKSUN0260-0801_C_UNI_UNI_50] Pack 913 SHINY BLACK / GRADIENT SMOKE | [IBGB2400000359785] [DFKSUN0260-0801_C_UNI_UNI_50] Pack 913 SHINY BLACK / GRADIENT SMOKE | [IBG2023001020424] [DFSU903001-BLAC_C_50] Pack Emblem SQ Black / Smoke x 50 unid | [IBG2023001020400] [DFSU903001-BLAC_C_50] Pack Emblem SQ Black / Smoke x 50 unid | [IBGB2400000723151] [DFSU946001-ROSE_C_50] PACK Cuprum Round Rose Gold / Gradient Pink | [IBGB2400000723150] [DFSU946001-ROSE_C_50] PACK Cuprum Round Rose Gold / Gradient Pink | [IBGB2400000723148] [DFSU946001-ROSE_C_50] PACK Cuprum Round Rose Gold / Gradient Pink | [IBGB2400000723144] [DFSU946001-ROSE_C_50] PACK Cuprum Round Rose Gold / Gradient Pink
CLABD/Stock/StorageBD/CLA-058-03-01-01;1583;BLACK;B+A+C;1178;160;[IBG2023001020509] [DFSU903001-TORT_C_50] Pack Emblem SQ Tort / Brown x 50 unid | [IBG2023001020493] [DFSU903001-TORT_C_50] Pack Emblem SQ Tort / Brown x 50 unid | [IBG2023001020479] [DFSU903001-TORT_C_50] Pack Emblem SQ Tort / Brown x 50 unid | [IBG2023001020394] [DFSU903001-BLAC_C_50] Pack Emblem SQ Black / Smoke x 50 unid | [IBG2023000643662] [DFSU901001-GREE_C_50] Pack Alpha Matt Black / Green x 50 unid | [IBG2023000643518] [DFSU901001-GREE] Alpha Matt Black / Green | [IBG2023000643501] [DFSU901001-GREE_C_50] Pack Alpha Matt Black / Green x 50 unid | [FKD 000004290021] [DFKPCS0016-0160_C_UNI_UNI_100] Pack BIG D BLACK / BLACK | [FKD 000004290020] [DFKPCS0016-0160_C_UNI_UNI_100] Pack BIG D BLACK / BLACK | [FKD 000004290017] [DFKPCS0015-0160_C_UNI_UNI_100] Pack BIG D BLACK / RED | [FKD 000004290016] [DFKPCS0015] BIG D BLACK / RED | [FKD 000004290012] [DFKPCS0013-0160_C_UNI_UNI_100] Pack BIG D BLACK/ PINK | [FKD 000004290011] [DFKPCS0013-0160_C_UNI_UNI_100] Pack BIG D BLACK/ PINK | [FKD 000004290008] [DFKPCS0012-0160_C_UNI_UNI_100] Pack BIG D RED / BLACK | [FKD 000004290007] [DFKPCS0012] BIG D RED / BLACK | [FKD 000004290005] [DFKPCS0011] BIG D YELLOW / BLACK | [FKD 000004290004] [DFKPCS0011-0160_C_UNI_UNI_100] Pack BIG D YELLOW / BLACK | [FKD 000004290003] [DFKPCS0010] BIG D BLACK / YELLOW | [FKD 000004290001] [DFKPCS0010-0160_C_UNI_UNI_100] Pack BIG D BLACK / YELLOW | [IBG2024001543029] [DFKSUN1513-0802_C_UNI_UNI_50] Pack Doha Square Dark Carey / Brown
CLABD/Stock/StorageBD/CLA-058-03-03-02;1150;BLACK;A+D;54;115;[IBGB2400000723297] [DFSU923001-TORT_C_50] Pack ROLLER ROUND V2 TORTOISE / SMOKY GREEN x 50 unid | [IBGB2400000723295] [DFSU923001-TORT_C_50] Pack ROLLER ROUND V2 TORTOISE / SMOKY GREEN x 50 unid | [IBGB2400000723294] [DFSU923001-TORT_C_50] Pack ROLLER ROUND V2 TORTOISE / SMOKY GREEN x 50 unid | [IBGB2400000723293] [DFSU923001-TORT_C_50] Pack ROLLER ROUND V2 TORTOISE / SMOKY GREEN x 50 unid | [IBGB2400000723292] [DFSU923001-TORT_C_50] Pack ROLLER ROUND V2 TORTOISE / SMOKY GREEN x 50 unid | [IBGB2400000723291] [DFSU923001-TORT_C_50] Pack ROLLER ROUND V2 TORTOISE / SMOKY GREEN x 50 unid | [IBGB2400000723290] [DFSU923001-TORT_C_50] Pack ROLLER ROUND V2 TORTOISE / SMOKY GREEN x 50 unid | [IBGB2400000723289] [DFSU923001-TORT_C_50] Pack ROLLER ROUND V2 TORTOISE / SMOKY GREEN x 50 unid | [IBGB2400000723287] [DFSU923001-BLAC_C_50] Pack ROLLER ROUND V2 FULL BLACK x 50 unid | [IBGB2400000723286] [DFSU923001-BLAC_C_50] Pack ROLLER ROUND V2 FULL BLACK x 50 unid | [IBGB2400000723285] [DFSU923001-BLAC_C_50] Pack ROLLER ROUND V2 FULL BLACK x 50 unid | [IBGB2400000723284] [DFSU923001-BLAC_C_50] Pack ROLLER ROUND V2 FULL BLACK x 50 unid | [IBGB2400000723283] [DFSU923001-BLAC_C_50] Pack ROLLER ROUND V2 FULL BLACK x 50 unid | [IBGB2400000723282] [DFSU923001-BLAC_C_50] Pack ROLLER ROUND V2 FULL BLACK x 50 unid | [IBGB2400000723281] [DFSU923001-BLAC_C_50] Pack ROLLER ROUND V2 FULL BLACK x 50 unid | [IBGB2400000723280] [DFSU923001-BLAC_C_50] Pack ROLLER ROUND V2 FULL BLACK x 50 unid | [IBGB2400000723278] [DFSU923001-BLAC_C_50] Pack ROLLER ROUND V2 FULL BLACK x 50 unid | [IBGB2400000723154] [DFSU946001-ROSE_C_50] PACK Cuprum Round Rose Gold / Gradient Pink | [IBGB2400000723153] [DFSU946001-ROSE_C_50] PACK Cuprum Round Rose Gold / Gradient Pink | [IBGB2400000723152] [DFSU946001-ROSE_C_50] PACK Cuprum Round Rose Gold / Gradient Pink | [IBGB2400000723149] [DFSU946001-ROSE_C_50] PACK Cuprum Round Rose Gold / Gradient Pink | [IBGB2400000723147] [DFSU946001-ROSE_C_50] PACK Cuprum Round Rose Gold / Gradient Pink | [IBGB2400000723146] [DFSU946001-ROSE_C_50] PACK Cuprum Round Rose Gold / Gradient Pink
CLABD/Stock/StorageBD/CLA-058-04-01-01;700;BLACK;A+D;297;70;[IBGB2400000628294] [DFSU921001-GREE_C_50] Pack JIGGY CRYSTAL GREEN / SMOKE x 50 unid | [IBGB2400000628272] [DFSU921001-GREE_C_50] Pack JIGGY CRYSTAL GREEN / SMOKE x 50 unid | [IBGB2400000358609] [DFSU932001-PURP] Pack WIND GRAD PURPLE / ORANGE x 50 unid | [IBGB2400000358587] [DFSU932001-PURP] Pack WIND GRAD PURPLE / ORANGE x 50 unid | [IBGB2400000358580] [DFSU932001-PURP] Pack WIND GRAD PURPLE / ORANGE x 50 unid | [IBGB2400000358577] [DFSU932001-PURP] Pack WIND GRAD PURPLE / ORANGE x 50 unid | [IBGB2400000358574] [DFSU932001-PURP] Pack WIND GRAD PURPLE / ORANGE x 50 unid | [IBGB2400000358567] [DFSU932001-PURP] Pack WIND GRAD PURPLE / ORANGE x 50 unid | [IBGB2400000355190] [DFSU928001-YELL_C_50] PACK Capri Honey / Brown | [IBGB2400000355186] [DFSU928001-YELL_C_50] PACK Capri Honey / Brown | [IBGB2400000355178] [DFSU928001-GREE_C_50] PACK Capri Green / Gradient Smoke | [IBGB2400000627657] [DFSU923001-BLAC_C_50] Pack ROLLER ROUND V2 FULL BLACK x 50 unid | [IBGB2400000722897] [DFSU911001-SILV_C_50] Pack Tsunami Silver Chrome / Silver Revo x 50 unid | [IBGB2400000722892] [DFSU911001-RED_C_50] Pack Tsunami Red Chrome / Red Revo x 50 unid
CLABD/Stock/StorageBD/CLA-058-04-01-02;800;BLACK;A+D;534;80;[IBGB2400000118567] [DFSUN020001-BROW_C_50] Pack LOVE HEART TRANS BROWN/BROWN x 50 unid | [IBGB2400000118564] [DFSUN020001-BROW_C_50] Pack LOVE HEART TRANS BROWN/BROWN x 50 unid | [IBG2023001430506] [DFKSUN0228-0800_C_UNI_UNI_50] Pack BAHAMAS SHINY BLACK / SMOKE | [IBG2023001430476] [DFKSUN0228-0800_C_UNI_UNI_50] Pack BAHAMAS SHINY BLACK / SMOKE | [IBG2024001556098] [DFKSUN1526-0803_C_UNI_UNI_50] Pack Infinity Carey / Gradient Brown | [IBG2024001556043] [DFKSUN1526-0803_C_UNI_UNI_50] Pack Infinity Carey / Gradient Brown | [IBG2024001555862] [DFKSUN1526-0803_C_UNI_UNI_50] Pack Infinity Carey / Gradient Brown | [IBG2024001555800] [DFKSUN1526-0803_C_UNI_UNI_50] Pack Infinity Carey / Gradient Brown | [IBG2024001555428] [DFKSUN1526-0803_C_UNI_UNI_50] Pack Infinity Carey / Gradient Brown | [IBG2024001555367] [DFKSUN1526-0803_C_UNI_UNI_50] Pack Infinity Carey / Gradient Brown | [IBGB2400000358611] [DFSU932001-PURP] Pack WIND GRAD PURPLE / ORANGE x 50 unid | [IBGB2400000358422] [DFSU932001-BLUE] Pack WIND GRAD BLUE / BLUE x 50 unid | [IBGB2400000357204] [DFSU911001-GREE_C_50] Pack Tsunami Gree Chrome / Gree Revo x 50 unid | [IBGB2400000354322] [DFKSUN0262_C_50] Pack 913 Shiny Green / Gradient Smoke x 50 unid | [IBGB2400000390556] [DFSU946001-SILV_C_50] PACK Cuprum Round Silver / Black | [IBGB2400000390451] [DFSU945001-SILV_C_50] PACK Cuprum Pilot Silver / Gradient Blue
CLABD/Stock/StorageBD/CLA-058-04-01-03;900;BLACK;D+B+A;298;90;[IBGB2400000390731] [DFSU947001-SILV_C_50] PACK Cuprum Diamond Silver / Black | [IBGB2400000390405] [DFSU945001-GOLD_C_50] PACK Cuprum Pilot Gold / Gradient Green | [IBGB2400000375012] [DFSU942001-BLAC_C_50] PACK Ultra Light Ellipse Black / Black | [IBGB2400000361799] [DFSU914001-CARE_C_50] Pack BAHAMAS DARK CAREY / GRAD BROWN x 50 unid | [IBGB2400000358242] [DFKSUN0571-0058_C_50] Pack WIND FIFTY BLACK / BLUE x 50 unid | [IBGB2400000358137] [DFKSUN0571-0003_C_50] Pack WIND FIFTY BLACK / RED x 50 unid | [IBGB2400000358133] [DFKSUN0571-0003_C_50] Pack WIND FIFTY BLACK / RED x 50 unid | [IBGB2400000358123] [DFKSUN0571-0003_C_50] Pack WIND FIFTY BLACK / RED x 50 unid | [IBGB2400000354325] [DFKSUN0262_C_50] Pack 913 Shiny Green / Gradient Smoke x 50 unid | [IBGB2400000572195] [DFSU902005-RED_C_50] PACK Aviator Legacy Gold / Photochromic Red | [IBGB2400000390447] [DFSU945001-SILV_C_50] PACK Cuprum Pilot Silver / Gradient Blue | [IBGB2400000358138] [DFKSUN0571-0003_C_50] Pack WIND FIFTY BLACK / RED x 50 unid | [IBGB2400000358113] [DFKSUN0571-0003_C_50] Pack WIND FIFTY BLACK / RED x 50 unid | [IBGB2400000358103] [DFKSUN0571-0003_C_50] Pack WIND FIFTY BLACK / RED x 50 unid | [IBGB2400000357212] [DFSU911001-GREE_C_50] Pack Tsunami Gree Chrome / Gree Revo x 50 unid | [IBGB2400000357208] [DFSU911001-GREE_C_50] Pack Tsunami Gree Chrome / Gree Revo x 50 unid | [IBGB2400000357192] [DFSU911001-GOLD_C_50] Pack Tsunami Gold Chrome / Gold Revo x 50 unid | [IBGB2400000357191] [DFSU911001-GOLD_C_50] Pack Tsunami Gold Chrome / Gold Revo x 50 unid
CLABD/Stock/StorageBD/CLA-058-05-01-01;850;BLACK;D+A;291;85;[IBGB2400000565031] [DFSU943001-BROW_C_50] PACK Ultra Light Landscape Brown / Brown | [IBGB2400000565028] [DFSU943001-BROW_C_50] PACK Ultra Light Landscape Brown / Brown | [IBGB2400000565024] [DFSU943001-BROW_C_50] PACK Ultra Light Landscape Brown / Brown | [IBGB2400000565019] [DFSU943001-BROW_C_50] PACK Ultra Light Landscape Brown / Brown | [IBGB2400000565017] [DFSU943001-BROW_C_50] PACK Ultra Light Landscape Brown / Brown | [IBGB2400000364101] [DFSU922001-BLUE_C_50] Pack ROLLER ROUND V2 LIMITED BLUE x 50 unid | [IBGB2400000363936] [DFSU923001-PEAC_C_50] Pack ROLLER ROUND V2 PEACH / BROWN x 50 unid | [IBGB2400000628262] [DFSU921001-GREE_C_50] Pack JIGGY CRYSTAL GREEN / SMOKE x 50 unid | [IBGB2400000561839] [DFSU945001-ROSE] Cuprum Pilot Rose Gold / Brown | [IBGB2400000561787] [DFSU933001-BROW] Dunar V2 Milky Demi / Brown | [IBGB2400000561775] [DFSU933001-BROW] Dunar V2 Milky Demi / Brown | [IBGB2400000360036] [DFSU915001-TAN_C_50] Pack 913 SHINY TAN / SMOKE x 50 unid | [IBGB2400000722900] [DFSU911001-SILV_C_50] Pack Tsunami Silver Chrome / Silver Revo x 50 unid | [IBGB2400000722894] [DFSU911001-RED_C_50] Pack Tsunami Red Chrome / Red Revo x 50 unid | [IBGB2400000722887] [DFSU911001-BLUE_C_50] Pack Tsunami Blue Chrome / Ice Blue Revo x 50 unid | [IBGB2400000722883] [DFSU911001-BLUE_C_50] Pack Tsunami Blue Chrome / Ice Blue Revo x 50 unid | [IBGB2400000722698] [DFSU948001-PURP_C_50] PACK Thunder Rimless Photochromic Purple
CLABD/Stock/StorageBD/CLA-058-05-01-02;950;BLACK;A+D;297;95;[IBGB2400000361777] [DFKSUN0229-0825_C_UNI_UNI_50] Pack BAHAMAS SHINY GREEN / SMOKE GREEN | [IBGB2400000361790] [DFKSUN0229-0825_C_UNI_UNI_50] Pack BAHAMAS SHINY GREEN / SMOKE GREEN | [IBGB2400000565910] [DFSU919001-GREY_C_50] PACK Ultra Light S Square Gradient Grey / Brown | [IBGB2400000565908] [DFSU919001-GREY_C_50] PACK Ultra Light S Square Gradient Grey / Brown | [IBGB2400000565905] [DFSU919001-GREY_C_50] PACK Ultra Light S Square Gradient Grey / Brown | [IBGB2400000565901] [DFSU919001-GREY_C_50] PACK Ultra Light S Square Gradient Grey / Brown | [IBGB2400000565899] [DFSU919001-GREY_C_50] PACK Ultra Light S Square Gradient Grey / Brown | [IBGB2400000565897] [DFSU919001-GREY_C_50] PACK Ultra Light S Square Gradient Grey / Brown | [IBGB2400000565896] [DFSU919001-GREY_C_50] PACK Ultra Light S Square Gradient Grey / Brown | [IBGB2400000565894] [DFSU919001-GREY_C_50] PACK Ultra Light S Square Gradient Grey / Brown | [IBGB2400000565890] [DFSU919001-GREY_C_50] PACK Ultra Light S Square Gradient Grey / Brown | [IBGB2400000565889] [DFSU919001-GREY_C_50] PACK Ultra Light S Square Gradient Grey / Brown | [IBGB2400000565888] [DFSU919001-GREY_C_50] PACK Ultra Light S Square Gradient Grey / Brown | [IBGB2400000565885] [DFSU919001-GREY_C_50] PACK Ultra Light S Square Gradient Grey / Brown | [IBGB2400000565882] [DFSU919001-GREY_C_50] PACK Ultra Light S Square Gradient Grey / Brown | [IBGB2400000565880] [DFSU919001-GREY_C_50] PACK Ultra Light S Square Gradient Grey / Brown | [IBGB2400000565877] [DFSU919001-GREY_C_50] PACK Ultra Light S Square Gradient Grey / Brown | [IBGB2400000565874] [DFSU919001-GREY_C_50] PACK Ultra Light S Square Gradient Grey / Brown | [IBGB2400000565829] [DFSU919001-GREY_C_50] PACK Ultra Light S Square Gradient Grey / Brown
CLABD/Stock/StorageBD/CLA-058-05-03-01;60;BLACK;A+D;137;50;[IBGB2400000548757] [DFSH371004-TAUP_C_41_41_12] Pack Nordic V.2 Basic Low Taupe (41) x 12 unid | [IBGB2400000548718] [DFSH371004-TAUP_C_40_40_12] Pack Nordic V.2 Basic Low Taupe (40) x 12 unid | [IBGB2400000548168] [DFSH370021-CRAN_C_36_41_12] PACK NORDIC LOW BASIC CRANBERRY | [IBGB2400000548168] [DFSH370021-CRAN_C_36_41_12] PACK NORDIC LOW BASIC CRANBERRY | [IBGB2400000548168] [DFSH370021-CRAN_C_36_41_12] PACK NORDIC LOW BASIC CRANBERRY | [IBGB2400000548168] [DFSH370021-CRAN_C_36_41_12] PACK NORDIC LOW BASIC CRANBERRY | [IBGB2400000548168] [DFSH370021-CRAN_C_36_41_12] PACK NORDIC LOW BASIC CRANBERRY | [IBGB2400000548168] [DFSH370021-CRAN_C_36_41_12] PACK NORDIC LOW BASIC CRANBERRY | [IBGB2400000548165] [DFSH370021-CRAN_C_36_41_12] PACK NORDIC LOW BASIC CRANBERRY | [IBGB2400000548165] [DFSH370021-CRAN_C_36_41_12] PACK NORDIC LOW BASIC CRANBERRY | [IBGB2400000548165] [DFSH370021-CRAN_C_36_41_12] PACK NORDIC LOW BASIC CRANBERRY | [IBGB2400000548165] [DFSH370021-CRAN_C_36_41_12] PACK NORDIC LOW BASIC CRANBERRY | [IBGB2400000548165] [DFSH370021-CRAN_C_36_41_12] PACK NORDIC LOW BASIC CRANBERRY | [IBGB2400000548165] [DFSH370021-CRAN_C_36_41_12] PACK NORDIC LOW BASIC CRANBERRY | [IBGB2400000545908] [DFSH370021-BEIG_C_41_41_12] PACK NORDIC LOW BASIC BEIGE
CLABD/Stock/StorageBD/CLA-058-06-01-03;750;BLACK;A+B+D;864;75;[IBG2023000644508] [DFSU901003-YELL_C_50] Pack Alpha Shiny Black / Yellow x 50 unid | [IBG2023000644416] [DFSU901003-YELL_C_50] Pack Alpha Shiny Black / Yellow x 50 unid | [IBG2023000644133] [DFSU901001-BLAC_C_50] Pack Alpha Matt Black / Black x 50 unid | [IBG2023000644072] [DFSU901001-BLAC_C_50] Pack Alpha Matt Black / Black x 50 unid | [IBG2023000644065] [DFSU901001-BLAC_C_50] Pack Alpha Matt Black / Black x 50 unid | [IBG2023000644027] [DFSU901001-BLAC_C_50] Pack Alpha Matt Black / Black x 50 unid | [IBG2023000644010] [DFSU901001-BLAC_C_50] Pack Alpha Matt Black / Black x 50 unid | [IBG2023000643914] [DFSU901001-BLAC_C_50] Pack Alpha Matt Black / Black x 50 unid | [IBGB2400000390452] [DFSU945001-SILV_C_50] PACK Cuprum Pilot Silver / Gradient Blue | [IBGB2400000390449] [DFSU945001-SILV_C_50] PACK Cuprum Pilot Silver / Gradient Blue | [IBGB2400000390443] [DFSU945001-SILV_C_50] PACK Cuprum Pilot Silver / Gradient Blue | [IBGB2400000390422] [DFSU945001-ROSE_C_50] PACK Cuprum Pilot Rose Gold / Brown | [IBGB2400000361791] [DFKSUN0229-0825_C_UNI_UNI_50] Pack BAHAMAS SHINY GREEN / SMOKE GREEN | [IBGB2400000361776] [DFKSUN0229-0825_C_UNI_UNI_50] Pack BAHAMAS SHINY GREEN / SMOKE GREEN | [IBGB2400000361772] [DFKSUN0229-0825_C_UNI_UNI_50] Pack BAHAMAS SHINY GREEN / SMOKE GREEN
CLABD/Stock/StorageBD/CLA-058-06-03-02;96;BLACK;A+D;137;80;[IBGB2400000548777] [DFSH371004-TAUP_C_42_42_12] PACK Nordic V.2 Basic Low Taupe | [IBGB2400000548170] [DFSH370021-CRAN_C_36_41_12] PACK NORDIC LOW BASIC CRANBERRY | [IBGB2400000548170] [DFSH370021-CRAN_C_36_41_12] PACK NORDIC LOW BASIC CRANBERRY | [IBGB2400000548170] [DFSH370021-CRAN_C_36_41_12] PACK NORDIC LOW BASIC CRANBERRY | [IBGB2400000548170] [DFSH370021-CRAN_C_36_41_12] PACK NORDIC LOW BASIC CRANBERRY | [IBGB2400000548170] [DFSH370021-CRAN_C_36_41_12] PACK NORDIC LOW BASIC CRANBERRY | [IBGB2400000548170] [DFSH370021-CRAN_C_36_41_12] PACK NORDIC LOW BASIC CRANBERRY | [IBGB2400000548169] [DFSH370021-CRAN_C_36_41_12] PACK NORDIC LOW BASIC CRANBERRY | [IBGB2400000548169] [DFSH370021-CRAN_C_36_41_12] PACK NORDIC LOW BASIC CRANBERRY | [IBGB2400000548169] [DFSH370021-CRAN_C_36_41_12] PACK NORDIC LOW BASIC CRANBERRY | [IBGB2400000548169] [DFSH370021-CRAN_C_36_41_12] PACK NORDIC LOW BASIC CRANBERRY | [IBGB2400000548169] [DFSH370021-CRAN_C_36_41_12] PACK NORDIC LOW BASIC CRANBERRY | [IBGB2400000548169] [DFSH370021-CRAN_C_36_41_12] PACK NORDIC LOW BASIC CRANBERRY | [IBGB2400000548166] [DFSH370021-CRAN_C_36_41_12] PACK NORDIC LOW BASIC CRANBERRY | [IBGB2400000548166] [DFSH370021-CRAN_C_36_41_12] PACK NORDIC LOW BASIC CRANBERRY | [IBGB2400000548166] [DFSH370021-CRAN_C_36_41_12] PACK NORDIC LOW BASIC CRANBERRY | [IBGB2400000548166] [DFSH370021-CRAN_C_36_41_12] PACK NORDIC LOW BASIC CRANBERRY | [IBGB2400000548166] [DFSH370021-CRAN_C_36_41_12] PACK NORDIC LOW BASIC CRANBERRY | [IBGB2400000548166] [DFSH370021-CRAN_C_36_41_12] PACK NORDIC LOW BASIC CRANBERRY | [IBGB2400000548164] [DFSH370021-CRAN_C_36_41_12] PACK NORDIC LOW BASIC CRANBERRY | [IBGB2400000548164] [DFSH370021-CRAN_C_36_41_12] PACK NORDIC LOW BASIC CRANBERRY | [IBGB2400000548164] [DFSH370021-CRAN_C_36_41_12] PACK NORDIC LOW BASIC CRANBERRY | [IBGB2400000548164] [DFSH370021-CRAN_C_36_41_12] PACK NORDIC LOW BASIC CRANBERRY | [IBGB2400000548164] [DFSH370021-CRAN_C_36_41_12] PACK NORDIC LOW BASIC CRANBERRY | [IBGB2400000548164] [DFSH370021-CRAN_C_36_41_12] PACK NORDIC LOW BASIC CRANBERRY | [IBGB2400000548161] [DFSH370021-CRAN_C_36_41_12] PACK NORDIC LOW BASIC CRANBERRY | [IBGB2400000548161] [DFSH370021-CRAN_C_36_41_12] PACK NORDIC LOW BASIC CRANBERRY | [IBGB2400000548161] [DFSH370021-CRAN_C_36_41_12] PACK NORDIC LOW BASIC CRANBERRY | [IBGB2400000548161] [DFSH370021-CRAN_C_36_41_12] PACK NORDIC LOW BASIC CRANBERRY | [IBGB2400000548161] [DFSH370021-CRAN_C_36_41_12] PACK NORDIC LOW BASIC CRANBERRY | [IBGB2400000548161] [DFSH370021-CRAN_C_36_41_12] PACK NORDIC LOW BASIC CRANBERRY | [IBGB2400000548158] [DFSH370021-CRAN_C_36_41_12] PACK NORDIC LOW BASIC CRANBERRY | [IBGB2400000548158] [DFSH370021-CRAN_C_36_41_12] PACK NORDIC LOW BASIC CRANBERRY | [IBGB2400000548158] [DFSH370021-CRAN_C_36_41_12] PACK NORDIC LOW BASIC CRANBERRY | [IBGB2400000548158] [DFSH370021-CRAN_C_36_41_12] PACK NORDIC LOW BASIC CRANBERRY | [IBGB2400000548158] [DFSH370021-CRAN_C_36_41_12] PACK NORDIC LOW BASIC CRANBERRY | [IBGB2400000548158] [DFSH370021-CRAN_C_36_41_12] PACK NORDIC LOW BASIC CRANBERRY | [IBGB2400000548156] [DFSH370021-CRAN_C_36_41_12] PACK NORDIC LOW BASIC CRANBERRY | [IBGB2400000548156] [DFSH370021-CRAN_C_36_41_12] PACK NORDIC LOW BASIC CRANBERRY | [IBGB2400000548156] [DFSH370021-CRAN_C_36_41_12] PACK NORDIC LOW BASIC CRANBERRY | [IBGB2400000548156] [DFSH370021-CRAN_C_36_41_12] PACK NORDIC LOW BASIC CRANBERRY | [IBGB2400000548156] [DFSH370021-CRAN_C_36_41_12] PACK NORDIC LOW BASIC CRANBERRY | [IBGB2400000548156] [DFSH370021-CRAN_C_36_41_12] PACK NORDIC LOW BASIC CRANBERRY
CLABD/Stock/StorageBD/CLA-058-07-01-01;750;BLACK;D+A;1178;85;[IBGB2400000565387] [DFSU913001-GREE_C_50] PACK Ultra Light Max Green / G15 | [IBGB2400000565381] [DFSU913001-GREE_C_50] PACK Ultra Light Max Green / G15 | [IBGB2400000565380] [DFSU913001-GREE_C_50] PACK Ultra Light Max Green / G15 | [IBGB2400000565376] [DFSU913001-GREE_C_50] PACK Ultra Light Max Green / G15 | [IBGB2400000565367] [DFSU913001-GREE_C_50] PACK Ultra Light Max Green / G15 | [FKD 000001820008] [DFKSUN1120-0804_C_UNI_UNI_50] Pack Raptor AV Silver / G15 | [FKD 000001820006] [DFKSUN1120-0804_C_UNI_UNI_50] Pack Raptor AV Silver / G15 | [FAT 000462980051] [DFKBLU0783-0160_C_UNI_UNI_50] Pack Roller SQ Carey / Blue Block | [FAT 000462980046] [DFKBLU0783-0160_C_UNI_UNI_50] Pack Roller SQ Carey / Blue Block | [FAT 000451220031] [DFKSUN0541-0160_C_UNI_UNI_50] Pack America SQ Carey / Blue Block | [FAT 000451220029] [DFKSUN0541-0160_C_UNI_UNI_50] Pack America SQ Carey / Blue Block | [IBG2023001463054] [DFKSUN0783-0805_C_UNI_UNI_50] Pack Roller SQ Carey / G15 | [IBG2023001463023] [DFKSUN0783-0805_C_UNI_UNI_50] Pack Roller SQ Carey / G15 | [IBG2023001463009] [DFKSUN0783-0805_C_UNI_UNI_50] Pack Roller SQ Carey / G15 | [IBG2023001462897] [DFKSUN0783-0805_C_UNI_UNI_50] Pack Roller SQ Carey / G15
CLABD/Stock/StorageBD/CLA-058-07-01-02;800;BLACK;D+A+B;569;80;[IBGB2400000629171] [DFSU913001-TORT_C_50] PACK Ultra Light Max Light Tort / Black | [IBGB2400000629170] [DFSU913001-TORT_C_50] PACK Ultra Light Max Light Tort / Black | [IBGB2400000629169] [DFSU913001-TORT_C_50] PACK Ultra Light Max Light Tort / Black | [IBGB2400000629168] [DFSU913001-TORT_C_50] PACK Ultra Light Max Light Tort / Black | [IBGB2400000629167] [DFSU913001-TORT_C_50] PACK Ultra Light Max Light Tort / Black | [IBGB2400000629165] [DFSU913001-TORT_C_50] PACK Ultra Light Max Light Tort / Black | [IBGB2400000629164] [DFSU913001-TORT_C_50] PACK Ultra Light Max Light Tort / Black | [IBGB2400000629163] [DFSU913001-TORT_C_50] PACK Ultra Light Max Light Tort / Black | [IBGB2400000629161] [DFSU913001-TORT_C_50] PACK Ultra Light Max Light Tort / Black | [IBGB2400000628855] [DFSU942001-BROW_C_50] PACK Ultra Light Ellipse Tort / Brown | [IBGB2400000628849] [DFSU942001-BROW_C_50] PACK Ultra Light Ellipse Tort / Brown | [IBGB2400000565506] [DFSU934001-GREE_C_50] PACK Ultra Light Round Green / Black | [IBGB2400000375066] [DFSU942001-TORT_C_50] PACK Ultra Light Ellipse Amber Tort / Blue | [IBGB2400000375026] [DFSU942001-BLAC_C_50] PACK Ultra Light Ellipse Black / Black | [IBGB2400000361763] [DFKSUN0229-0825_C_UNI_UNI_50] Pack BAHAMAS SHINY GREEN / SMOKE GREEN | [IBGB2400000015845] [DFSU924001-ORAN_C_50] Pack CALIFORNIA ORANGE / SMOKE x 50 unid
CLABD/Stock/StorageBD/CLA-058-07-01-03;524;BLACK;A+D;291;70;[IBGB2400000363944] [DFSU923001-PEAC_C_50] Pack ROLLER ROUND V2 PEACH / BROWN x 50 unid | [IBGB2400000363942] [DFSU923001-PEAC_C_50] Pack ROLLER ROUND V2 PEACH / BROWN x 50 unid | [IBGB2400000363941] [DFSU923001-PEAC_C_50] Pack ROLLER ROUND V2 PEACH / BROWN x 50 unid | [IBGB2400000363939] [DFSU923001-PEAC_C_50] Pack ROLLER ROUND V2 PEACH / BROWN x 50 unid | [IBGB2400000363938] [DFSU923001-PEAC_C_50] Pack ROLLER ROUND V2 PEACH / BROWN x 50 unid | [IBGB2400000390444] [DFSU945001-SILV_C_50] PACK Cuprum Pilot Silver / Gradient Blue | [IBGB2400000630055] [DFSU918001-GREE_C_50] Pack ULTRA LIGHT SQ MED CRYSTAL GREEN / GRAD SMOKE x 50 unid | [IBGB2400000363096] [DFKSUN1231-0020_C_UNI_UNI_50] Pack 993 Crystal Amber/G15 | [IBGB2400000363095] [DFKSUN1231-0020_C_UNI_UNI_50] Pack 993 Crystal Amber/G15 | [IBGB2400000363082] [DFKSUN1231-0020_C_UNI_UNI_50] Pack 993 Crystal Amber/G15 | [IBGB2400000545475] [DFSH370011-TAN_C_40_40_12] PACK NORDIC TRK FUR LOW TAN | [IBGB2400000545262] [DFSH370011-BURG_C_37_37_12] PACK NORDIC TRK FUR LOW BURGUNDY
CLABD/Stock/StorageBD/CLA-058-08-01-01;900;BLACK;D+A;185;90;[IBGB2400000565122] [DFSU943001-TORT_C_50] PACK Ultra Light Landscape Tort / Pink | [IBGB2400000565120] [DFSU943001-TORT_C_50] PACK Ultra Light Landscape Tort / Pink | [IBGB2400000565119] [DFSU943001-TORT_C_50] PACK Ultra Light Landscape Tort / Pink | [IBGB2400000565117] [DFSU943001-TORT_C_50] PACK Ultra Light Landscape Tort / Pink | [IBGB2400000565116] [DFSU943001-TORT_C_50] PACK Ultra Light Landscape Tort / Pink | [IBGB2400000565115] [DFSU943001-TORT_C_50] PACK Ultra Light Landscape Tort / Pink | [IBGB2400000565114] [DFSU943001-TORT_C_50] PACK Ultra Light Landscape Tort / Pink | [IBGB2400000565113] [DFSU943001-TORT_C_50] PACK Ultra Light Landscape Tort / Pink | [IBGB2400000565112] [DFSU943001-TORT_C_50] PACK Ultra Light Landscape Tort / Pink | [IBGB2400000565111] [DFSU943001-TORT_C_50] PACK Ultra Light Landscape Tort / Pink | [IBGB2400000565110] [DFSU943001-TORT_C_50] PACK Ultra Light Landscape Tort / Pink | [IBGB2400000565109] [DFSU943001-TORT_C_50] PACK Ultra Light Landscape Tort / Pink | [IBGB2400000565108] [DFSU943001-TORT_C_50] PACK Ultra Light Landscape Tort / Pink | [IBGB2400000627586] [DFSU090001-GREE_C_50] Pack Roller HEX Dark Green / Grad Brown x 50 unid | [IBGB2400000627584] [DFSU090001-GREE_C_50] Pack Roller HEX Dark Green / Grad Brown x 50 unid | [IBGB2400000565383] [DFSU913001-GREE_C_50] PACK Ultra Light Max Green / G15 | [IBGB2400000564772] [DFSU942001-BLAC_C_50] PACK Ultra Light Ellipse Black / Black | [IBGB2400000564771] [DFSU942001-BLAC_C_50] PACK Ultra Light Ellipse Black / Black
CLABD/Stock/StorageBD/CLA-058-08-01-02;700;BLACK;A+D;534;70;[IBGB2400000565626] [DFKSUN0211-0802_C_50] Pack Ultra Light S Round Havana / Brown x 50 unid | [IBGB2400000565612] [DFKSUN0211-0802_C_50] Pack Ultra Light S Round Havana / Brown x 50 unid | [IBGB2400000564997] [DFSU942001-TORT_C_50] PACK Ultra Light Ellipse Amber Tort / Blue | [IBGB2400000564988] [DFSU942001-TORT_C_50] PACK Ultra Light Ellipse Amber Tort / Blue | [IBGB2400000564986] [DFSU942001-TORT_C_50] PACK Ultra Light Ellipse Amber Tort / Blue | [IBGB2400000564980] [DFSU942001-TORT_C_50] PACK Ultra Light Ellipse Amber Tort / Blue | [IBGB2400000564793] [DFSU942001-BLAC_C_50] PACK Ultra Light Ellipse Black / Black | [IBGB2400000358785] [DFKSUN0565-0011_C_50] Pack WIND LIMITED IRIDISCENT BLUE / BLUE x 50 unid | [IBGB2400000357732] [DFKSUN0561-0020_C_50] Pack Wind Black / Green x 50 unid | [IBGB2400000245214] [DFKSUN1231-0020_C_UNI_UNI_50] Pack 993 Crystal Amber/G15 | [IBGB2400000245213] [DFKSUN1231-0020_C_UNI_UNI_50] Pack 993 Crystal Amber/G15 | [IBGB2400000245211] [DFKSUN1231-0020_C_UNI_UNI_50] Pack 993 Crystal Amber/G15 | [IBG2024001567070] [DFSU916001-BLUE_C_50] Pack AMERICA ROUND CRYSTAL BLUE / GRAD BLUE x 50 unid | [IBGB2400000359897] [DFKSUN0262_C_50] Pack 913 Shiny Green / Gradient Smoke x 50 unid
CLABD/Stock/StorageBD/CLA-058-08-01-03;700;BLACK;A+D;290;70;[IBGB2400000374954] [DFKSUN0522-0800_C_UNI_UNI_50] Pack AMERICA ROUND NAVY / BLACK | [IBGB2400000374952] [DFKSUN0522-0800_C_UNI_UNI_50] Pack AMERICA ROUND NAVY / BLACK | [IBGB2400000374951] [DFKSUN0522-0800_C_UNI_UNI_50] Pack AMERICA ROUND NAVY / BLACK | [IBGB2400000374949] [DFKSUN0522-0800_C_UNI_UNI_50] Pack AMERICA ROUND NAVY / BLACK | [IBGB2400000374947] [DFKSUN0522-0800_C_UNI_UNI_50] Pack AMERICA ROUND NAVY / BLACK | [IBGB2400000628863] [DFSU942001-TORT_C_50] PACK Ultra Light Ellipse Amber Tort / Blue | [IBGB2400000627588] [DFSU090001-GREE_C_50] Pack Roller HEX Dark Green / Grad Brown x 50 unid | [IBGB2400000627587] [DFSU090001-GREE_C_50] Pack Roller HEX Dark Green / Grad Brown x 50 unid | [IBGB2400000627583] [DFSU090001-GREE_C_50] Pack Roller HEX Dark Green / Grad Brown x 50 unid | [IBGB2400000564770] [DFSU942001-BLAC_C_50] PACK Ultra Light Ellipse Black / Black | [IBGB2400000411074] [DFSU906004-BLAC_C_50] PACK HEX LEGACY GOLD / BLACK | [IBGB2400000411044] [DFSU906004-BLAC_C_50] PACK HEX LEGACY GOLD / BLACK | [IBGB2400000411022] [DFSU906004-BLAC_C_50] PACK HEX LEGACY GOLD / BLACK | [IBGB2400000411014] [DFSU906004-BLAC_C_50] PACK HEX LEGACY GOLD / BLACK
CLABD/Stock/StorageBD/CLA-058-08-03-03;500;BLACK;A+D;171;50;[IBGB2400000572603] [DFSU925001-PINK_C_50] Pack TOKYO PINK / PINK x 50 unid | [IBGB2400000572602] [DFSU925001-PINK_C_50] Pack TOKYO PINK / PINK x 50 unid | [IBGB2400000572598] [DFSU925001-PINK_C_50] Pack TOKYO PINK / PINK x 50 unid | [IBGB2400000572596] [DFSU925001-PINK_C_50] Pack TOKYO PINK / PINK x 50 unid | [IBGB2400000572591] [DFSU925001-GREE_C_50] Pack TOKYO GREEN / GRADIENT GREEN x 50 unid | [IBGB2400000572580] [DFSU925001-GREE_C_50] Pack TOKYO GREEN / GRADIENT GREEN x 50 unid | [IBGB2400000572546] [DFSU925001-BROW_C_50] Pack TOKYO BROWN / BROWN x 50 unid | [IBGB2400000572500] [DFSU927001-TORT_C_50] PACK Soho Tort / G15 | [IBGB2400000572495] [DFSU927001-RED_C_50] PACK Soho Red / Warm Brown | [IBGB2400000572403] [DFSU926001-BURG_C_50] PACK Monaco Burgundy / Warm Brown
CLABD/Stock/StorageBD/CLA-058-09-01-01;900;BLACK;A+D;297;90;[IBGB2400000357927] [DFKSUN0563-0020_C_50] Pack Wind Black / Red x 50 unid | [IBGB2400000357924] [DFKSUN0563-0020_C_50] Pack Wind Black / Red x 50 unid | [IBGB2400000357923] [DFKSUN0563-0020_C_50] Pack Wind Black / Red x 50 unid | [IBGB2400000357918] [DFKSUN0563-0020_C_50] Pack Wind Black / Red x 50 unid | [IBGB2400000357916] [DFKSUN0563-0020_C_50] Pack Wind Black / Red x 50 unid | [IBGB2400000357909] [DFKSUN0563-0020_C_50] Pack Wind Black / Red x 50 unid | [IBGB2400000357650] [DFKSUN0561-0011_C_50] Pack Wind Black / Blue x 50 unid | [IBGB2400000357624] [DFKSUN0561-0011_C_50] Pack Wind Black / Blue x 50 unid | [IBGB2400000357623] [DFKSUN0561-0011_C_50] Pack Wind Black / Blue x 50 unid | [IBGB2400000357619] [DFKSUN0561-0011_C_50] Pack Wind Black / Blue x 50 unid | [IBGB2400000357599] [DFKSUN0561-0011_C_50] Pack Wind Black / Blue x 50 unid | [IBGB2400000357591] [DFKSUN0560-0020-UNI_C_50] Pack Wind Charcoal / Bronze x 50 unid | [IBGB2400000357565] [DFKSUN0560-0020-UNI_C_50] Pack Wind Charcoal / Bronze x 50 unid | [IBGB2400000566037] [DFSU919001-TORT_C_50] PACK Ultra Light S Square Matte Tort / Photochromic Brown | [IBGB2400000566086] [DFSU919001-TORT_C_50] PACK Ultra Light S Square Matte Tort / Photochromic Brown | [IBGB2400000566085] [DFSU919001-TORT_C_50] PACK Ultra Light S Square Matte Tort / Photochromic Brown | [IBGB2400000566036] [DFSU919001-TORT_C_50] PACK Ultra Light S Square Matte Tort / Photochromic Brown | [IBGB2400000566022] [DFSU919001-TORT_C_50] PACK Ultra Light S Square Matte Tort / Photochromic Brown
CLABD/Stock/StorageBD/CLA-058-09-02-01;134;BLACK;A+D;141;75;[IBGB2400000561313] [DFKSUN0218_C_50] Pack Ultra Light S Round Trans Grey / Grey x 50 unid | [IBGB2400000556745] [DFSH370016-GOLD_C_36_41_12] PACK NORDIC LOW BOMB GOLD | [IBGB2400000556745] [DFSH370016-GOLD_C_36_41_12] PACK NORDIC LOW BOMB GOLD | [IBGB2400000556745] [DFSH370016-GOLD_C_36_41_12] PACK NORDIC LOW BOMB GOLD | [IBGB2400000556745] [DFSH370016-GOLD_C_36_41_12] PACK NORDIC LOW BOMB GOLD | [IBGB2400000556745] [DFSH370016-GOLD_C_36_41_12] PACK NORDIC LOW BOMB GOLD | [IBGB2400000556745] [DFSH370016-GOLD_C_36_41_12] PACK NORDIC LOW BOMB GOLD | [IBGB2400000556740] [DFSH370016-GOLD_C_36_41_12] PACK NORDIC LOW BOMB GOLD | [IBGB2400000556740] [DFSH370016-GOLD_C_36_41_12] PACK NORDIC LOW BOMB GOLD | [IBGB2400000556740] [DFSH370016-GOLD_C_36_41_12] PACK NORDIC LOW BOMB GOLD | [IBGB2400000556740] [DFSH370016-GOLD_C_36_41_12] PACK NORDIC LOW BOMB GOLD | [IBGB2400000556740] [DFSH370016-GOLD_C_36_41_12] PACK NORDIC LOW BOMB GOLD | [IBGB2400000556740] [DFSH370016-GOLD_C_36_41_12] PACK NORDIC LOW BOMB GOLD | [IBGB2400000556738] [DFSH370016-GOLD_C_36_41_12] PACK NORDIC LOW BOMB GOLD | [IBGB2400000556738] [DFSH370016-GOLD_C_36_41_12] PACK NORDIC LOW BOMB GOLD | [IBGB2400000556738] [DFSH370016-GOLD_C_36_41_12] PACK NORDIC LOW BOMB GOLD | [IBGB2400000556738] [DFSH370016-GOLD_C_36_41_12] PACK NORDIC LOW BOMB GOLD | [IBGB2400000556738] [DFSH370016-GOLD_C_36_41_12] PACK NORDIC LOW BOMB GOLD | [IBGB2400000556738] [DFSH370016-GOLD_C_36_41_12] PACK NORDIC LOW BOMB GOLD | [IBGB2400000556484] [DFSH370016-SILV_C_41_41_12] PACK NORDIC LOW BOMB SILVER | [IBGB2400000556481] [DFSH370016-SILV_C_41_41_12] PACK NORDIC LOW BOMB SILVER | [IBGB2400000556401] [DFSH370016-BLAC_C_41_41_12] PACK NORDIC LOW BOMB BLACK | [IBGB2400000556370] [DFSH370016-BLAC_C_36_36_12] PACK NORDIC LOW BOMB BLACK
CLABD/Stock/StorageBD/CLA-058-09-03-01;950;BLACK;A+D;639;95;[IBG2023001456933] [DFKSUN1521-0800_C_UNI_UNI_50] Pack Infinity Black / Black | [IBG2023001456810] [DFKSUN1521-0800_C_UNI_UNI_50] Pack Infinity Black / Black | [IBG2023001456780] [DFKSUN1521-0800_C_UNI_UNI_50] Pack Infinity Black / Black | [IBG2023001456650] [DFKSUN1521-0800_C_UNI_UNI_50] Pack Infinity Black / Black | [IBG2023001456483] [DFKSUN1521-0800_C_UNI_UNI_50] Pack Infinity Black / Black | [IBG2023001456407] [DFKSUN1521-0800_C_UNI_UNI_50] Pack Infinity Black / Black | [IBG2023001456025] [DFKSUN1521-0800_C_UNI_UNI_50] Pack Infinity Black / Black | [IBG2023001455547] [DFKSUN1521-0800_C_UNI_UNI_50] Pack Infinity Black / Black | [IBG2023001455516] [DFKSUN1521-0800_C_UNI_UNI_50] Pack Infinity Black / Black | [IBG2023001455431] [DFKSUN1521-0800_C_UNI_UNI_50] Pack Infinity Black / Black | [IBG2023001455264] [DFKSUN1521-0800_C_UNI_UNI_50] Pack Infinity Black / Black | [IBG2023001455202] [DFKSUN1521-0800_C_UNI_UNI_50] Pack Infinity Black / Black | [IBG2023001455127] [DFKSUN1521-0800_C_UNI_UNI_50] Pack Infinity Black / Black | [IBGB2400000572604] [DFSU925001-PINK_C_50] Pack TOKYO PINK / PINK x 50 unid | [IBGB2400000572600] [DFSU925001-PINK_C_50] Pack TOKYO PINK / PINK x 50 unid | [IBGB2400000572588] [DFSU925001-GREE_C_50] Pack TOKYO GREEN / GRADIENT GREEN x 50 unid | [IBGB2400000572408] [DFSU926001-CARE_C_50] Pack MONACO CAREY / GRADIENT BROWN x 50 unid | [IBGB2400000572399] [DFSU926001-BURG_C_50] PACK Monaco Burgundy / Warm Brown | [IBGB2400000572397] [DFSU926001-BURG_C_50] PACK Monaco Burgundy / Warm Brown
CLABD/Stock/StorageBD/CLA-059-02-01-01;124;BLACK;D+A;185;30;[IBGB2400000566016] [DFSU919001-TORT_C_50] PACK Ultra Light S Square Matte Tort / Photochromic Brown | [IBGB2400000372197] [DFSU942001-BLAC] Ultra Light Ellipse Black / Black | [IBGB2400000545718] [DFSH370012-TAUP_C_41_41_12] Pack NORDIC TRK FUR TAUPE (41) x 12 unid | [IBGB2400000545705] [DFSH370012-TAUP_C_40_40_12] Pack NORDIC TRK FUR TAUPE (40) x 12 unid
CLABD/Stock/StorageBD/CLA-059-04-02-03;548;BLACK;A+B+C;1178;65;[IBGB2400000364274] [DFKSUN0781-0803_C_UNI_UNI_50] Pack Roller SQ Champagne / Grad Brown | [IBGB2400000364268] [DFKSUN0781-0803_C_UNI_UNI_50] Pack Roller SQ Champagne / Grad Brown | [IBGB2400000364266] [DFKSUN0781-0803_C_UNI_UNI_50] Pack Roller SQ Champagne / Grad Brown | [IBGB2400000364265] [DFKSUN0781-0803_C_UNI_UNI_50] Pack Roller SQ Champagne / Grad Brown | [IBGB2400000289983] [DFKSUN0541-0160] America SQ Carey / Blue Block | [IBGB2400000289981] [DFSU903001-GREE] Emblem SQ Green / Tea | [IBGB2400000289971] [DFSU911001-GREE] Tsunami Gree Chrome / Gree Revo | [IBGB2400000289966] [DFKSUN0783-0805] Roller SQ Carey / G15 | [IBGB2400000289935] [DFKBLU0010] ULISSE BLACK BLUE BLOCK | [IBGB2400000281349] [DFSU903001-GREE] Emblem SQ Green / Tea | [IBGB2400000281339] [DFSU905001-TORT] Emblem GEO Tort / Brown | [IBGB2400000281332] [DFSU915001-WHIT] 913 WHITE / GREEN
CLABD/Stock/StorageBD/CLA-059-04-03-03;191;BLACK;A+D;1178;125;[IBGB2400000289945] [DFKSUN0541-0160] America SQ Carey / Blue Block | [IBGB2400000547948] [DFSH370011-TAN_C_36_42_12] PACK NORDIC TRK FUR LOW TAN | [IBGB2400000547948] [DFSH370011-TAN_C_36_42_12] PACK NORDIC TRK FUR LOW TAN | [IBGB2400000547948] [DFSH370011-TAN_C_36_42_12] PACK NORDIC TRK FUR LOW TAN | [IBGB2400000547948] [DFSH370011-TAN_C_36_42_12] PACK NORDIC TRK FUR LOW TAN | [IBGB2400000547948] [DFSH370011-TAN_C_36_42_12] PACK NORDIC TRK FUR LOW TAN | [IBGB2400000547948] [DFSH370011-TAN_C_36_42_12] PACK NORDIC TRK FUR LOW TAN | [IBGB2400000547948] [DFSH370011-TAN_C_36_42_12] PACK NORDIC TRK FUR LOW TAN | [IBGB2400000547945] [DFSH370011-TAN_C_36_42_12] PACK NORDIC TRK FUR LOW TAN | [IBGB2400000547945] [DFSH370011-TAN_C_36_42_12] PACK NORDIC TRK FUR LOW TAN | [IBGB2400000547945] [DFSH370011-TAN_C_36_42_12] PACK NORDIC TRK FUR LOW TAN | [IBGB2400000547945] [DFSH370011-TAN_C_36_42_12] PACK NORDIC TRK FUR LOW TAN | [IBGB2400000547945] [DFSH370011-TAN_C_36_42_12] PACK NORDIC TRK FUR LOW TAN | [IBGB2400000547945] [DFSH370011-TAN_C_36_42_12] PACK NORDIC TRK FUR LOW TAN | [IBGB2400000547945] [DFSH370011-TAN_C_36_42_12] PACK NORDIC TRK FUR LOW TAN | [IBGB2400000547918] [DFSH370011-TAN_C_36_42_12] PACK NORDIC TRK FUR LOW TAN | [IBGB2400000547918] [DFSH370011-TAN_C_36_42_12] PACK NORDIC TRK FUR LOW TAN | [IBGB2400000547918] [DFSH370011-TAN_C_36_42_12] PACK NORDIC TRK FUR LOW TAN | [IBGB2400000547918] [DFSH370011-TAN_C_36_42_12] PACK NORDIC TRK FUR LOW TAN | [IBGB2400000547918] [DFSH370011-TAN_C_36_42_12] PACK NORDIC TRK FUR LOW TAN | [IBGB2400000547918] [DFSH370011-TAN_C_36_42_12] PACK NORDIC TRK FUR LOW TAN | [IBGB2400000547918] [DFSH370011-TAN_C_36_42_12] PACK NORDIC TRK FUR LOW TAN | [IBGB2400000547914] [DFSH370011-TAN_C_36_42_12] PACK NORDIC TRK FUR LOW TAN | [IBGB2400000547914] [DFSH370011-TAN_C_36_42_12] PACK NORDIC TRK FUR LOW TAN | [IBGB2400000547914] [DFSH370011-TAN_C_36_42_12] PACK NORDIC TRK FUR LOW TAN | [IBGB2400000547914] [DFSH370011-TAN_C_36_42_12] PACK NORDIC TRK FUR LOW TAN | [IBGB2400000547914] [DFSH370011-TAN_C_36_42_12] PACK NORDIC TRK FUR LOW TAN | [IBGB2400000547914] [DFSH370011-TAN_C_36_42_12] PACK NORDIC TRK FUR LOW TAN | [IBGB2400000547914] [DFSH370011-TAN_C_36_42_12] PACK NORDIC TRK FUR LOW TAN | [IBGB2400000547913] [DFSH370011-TAN_C_36_42_12] PACK NORDIC TRK FUR LOW TAN | [IBGB2400000547913] [DFSH370011-TAN_C_36_42_12] PACK NORDIC TRK FUR LOW TAN | [IBGB2400000547913] [DFSH370011-TAN_C_36_42_12] PACK NORDIC TRK FUR LOW TAN | [IBGB2400000547913] [DFSH370011-TAN_C_36_42_12] PACK NORDIC TRK FUR LOW TAN | [IBGB2400000547913] [DFSH370011-TAN_C_36_42_12] PACK NORDIC TRK FUR LOW TAN | [IBGB2400000547913] [DFSH370011-TAN_C_36_42_12] PACK NORDIC TRK FUR LOW TAN | [IBGB2400000547913] [DFSH370011-TAN_C_36_42_12] PACK NORDIC TRK FUR LOW TAN | [IBGB2400000547909] [DFSH370011-TAN_C_36_42_12] PACK NORDIC TRK FUR LOW TAN | [IBGB2400000547909] [DFSH370011-TAN_C_36_42_12] PACK NORDIC TRK FUR LOW TAN | [IBGB2400000547909] [DFSH370011-TAN_C_36_42_12] PACK NORDIC TRK FUR LOW TAN | [IBGB2400000547909] [DFSH370011-TAN_C_36_42_12] PACK NORDIC TRK FUR LOW TAN | [IBGB2400000547909] [DFSH370011-TAN_C_36_42_12] PACK NORDIC TRK FUR LOW TAN | [IBGB2400000547909] [DFSH370011-TAN_C_36_42_12] PACK NORDIC TRK FUR LOW TAN | [IBGB2400000547909] [DFSH370011-TAN_C_36_42_12] PACK NORDIC TRK FUR LOW TAN | [IBGB2400000547907] [DFSH370011-TAN_C_36_42_12] PACK NORDIC TRK FUR LOW TAN | [IBGB2400000547907] [DFSH370011-TAN_C_36_42_12] PACK NORDIC TRK FUR LOW TAN | [IBGB2400000547907] [DFSH370011-TAN_C_36_42_12] PACK NORDIC TRK FUR LOW TAN | [IBGB2400000547907] [DFSH370011-TAN_C_36_42_12] PACK NORDIC TRK FUR LOW TAN | [IBGB2400000547907] [DFSH370011-TAN_C_36_42_12] PACK NORDIC TRK FUR LOW TAN | [IBGB2400000547907] [DFSH370011-TAN_C_36_42_12] PACK NORDIC TRK FUR LOW TAN | [IBGB2400000547907] [DFSH370011-TAN_C_36_42_12] PACK NORDIC TRK FUR LOW TAN | [IBGB2400000547901] [DFSH370011-TAN_C_36_42_12] PACK NORDIC TRK FUR LOW TAN | [IBGB2400000547901] [DFSH370011-TAN_C_36_42_12] PACK NORDIC TRK FUR LOW TAN | [IBGB2400000547901] [DFSH370011-TAN_C_36_42_12] PACK NORDIC TRK FUR LOW TAN | [IBGB2400000547901] [DFSH370011-TAN_C_36_42_12] PACK NORDIC TRK FUR LOW TAN | [IBGB2400000547901] [DFSH370011-TAN_C_36_42_12] PACK NORDIC TRK FUR LOW TAN | [IBGB2400000547901] [DFSH370011-TAN_C_36_42_12] PACK NORDIC TRK FUR LOW TAN | [IBGB2400000547901] [DFSH370011-TAN_C_36_42_12] PACK NORDIC TRK FUR LOW TAN | [IBGB2400000547900] [DFSH370011-TAN_C_36_42_12] PACK NORDIC TRK FUR LOW TAN | [IBGB2400000547900] [DFSH370011-TAN_C_36_42_12] PACK NORDIC TRK FUR LOW TAN | [IBGB2400000547900] [DFSH370011-TAN_C_36_42_12] PACK NORDIC TRK FUR LOW TAN | [IBGB2400000547900] [DFSH370011-TAN_C_36_42_12] PACK NORDIC TRK FUR LOW TAN | [IBGB2400000547900] [DFSH370011-TAN_C_36_42_12] PACK NORDIC TRK FUR LOW TAN | [IBGB2400000547900] [DFSH370011-TAN_C_36_42_12] PACK NORDIC TRK FUR LOW TAN | [IBGB2400000547900] [DFSH370011-TAN_C_36_42_12] PACK NORDIC TRK FUR LOW TAN | [IBGB2400000547889] [DFSH370011-TAN_C_36_42_12] PACK NORDIC TRK FUR LOW TAN | [IBGB2400000547889] [DFSH370011-TAN_C_36_42_12] PACK NORDIC TRK FUR LOW TAN | [IBGB2400000547889] [DFSH370011-TAN_C_36_42_12] PACK NORDIC TRK FUR LOW TAN | [IBGB2400000547889] [DFSH370011-TAN_C_36_42_12] PACK NORDIC TRK FUR LOW TAN | [IBGB2400000547889] [DFSH370011-TAN_C_36_42_12] PACK NORDIC TRK FUR LOW TAN | [IBGB2400000547889] [DFSH370011-TAN_C_36_42_12] PACK NORDIC TRK FUR LOW TAN | [IBGB2400000547889] [DFSH370011-TAN_C_36_42_12] PACK NORDIC TRK FUR LOW TAN | [IBGB2400000547880] [DFSH370011-TAN_C_36_42_12] PACK NORDIC TRK FUR LOW TAN | [IBGB2400000547880] [DFSH370011-TAN_C_36_42_12] PACK NORDIC TRK FUR LOW TAN | [IBGB2400000547880] [DFSH370011-TAN_C_36_42_12] PACK NORDIC TRK FUR LOW TAN | [IBGB2400000547880] [DFSH370011-TAN_C_36_42_12] PACK NORDIC TRK FUR LOW TAN | [IBGB2400000547880] [DFSH370011-TAN_C_36_42_12] PACK NORDIC TRK FUR LOW TAN | [IBGB2400000547880] [DFSH370011-TAN_C_36_42_12] PACK NORDIC TRK FUR LOW TAN | [IBGB2400000547880] [DFSH370011-TAN_C_36_42_12] PACK NORDIC TRK FUR LOW TAN | [IBGB2400000547879] [DFSH370011-TAN_C_36_42_12] PACK NORDIC TRK FUR LOW TAN | [IBGB2400000547879] [DFSH370011-TAN_C_36_42_12] PACK NORDIC TRK FUR LOW TAN | [IBGB2400000547879] [DFSH370011-TAN_C_36_42_12] PACK NORDIC TRK FUR LOW TAN | [IBGB2400000547879] [DFSH370011-TAN_C_36_42_12] PACK NORDIC TRK FUR LOW TAN | [IBGB2400000547879] [DFSH370011-TAN_C_36_42_12] PACK NORDIC TRK FUR LOW TAN | [IBGB2400000547879] [DFSH370011-TAN_C_36_42_12] PACK NORDIC TRK FUR LOW TAN | [IBGB2400000547879] [DFSH370011-TAN_C_36_42_12] PACK NORDIC TRK FUR LOW TAN
CLABD/Stock/StorageBD/CLA-059-05-01-02;84;BLACK;D+A;185;70;[IBGB2400000546955] [DFSH370021-TAUP_C_37_37_12] PACK NORDIC LOW BASIC TAUPE | [IBGB2400000546940] [DFSH370021-TAUP_C_36_36_12] PACK NORDIC LOW BASIC TAUPE | [IBGB2400000546928] [DFSH370021-TAUP_C_36_36_12] PACK NORDIC LOW BASIC TAUPE | [IBGB2400000546927] [DFSH370021-TAUP_C_36_36_12] PACK NORDIC LOW BASIC TAUPE | [IBGB2400000546921] [DFSH370021-TAUP_C_36_36_12] PACK NORDIC LOW BASIC TAUPE | [IBGB2400000546918] [DFSH370021-TAUP_C_36_36_12] PACK NORDIC LOW BASIC TAUPE | [IBGB2400000548758] [DFSH371004-TAUP_C_41_41_12] Pack Nordic V.2 Basic Low Taupe (41) x 12 unid
CLABD/Stock/StorageBD/CLA-059-05-02-02;184;BLACK;A+D;149;75;[SIN_PAQUETE] [DFSU921001-GREE] JIGGY CRYSTAL GREEN / SMOKE | [IBGB2400000554541] [DFSH347011-SILV_C_36_41_12] PACK 347 TRACK MULTI SILVER | [IBGB2400000554541] [DFSH347011-SILV_C_36_41_12] PACK 347 TRACK MULTI SILVER | [IBGB2400000554541] [DFSH347011-SILV_C_36_41_12] PACK 347 TRACK MULTI SILVER | [IBGB2400000554541] [DFSH347011-SILV_C_36_41_12] PACK 347 TRACK MULTI SILVER | [IBGB2400000554541] [DFSH347011-SILV_C_36_41_12] PACK 347 TRACK MULTI SILVER | [IBGB2400000554541] [DFSH347011-SILV_C_36_41_12] PACK 347 TRACK MULTI SILVER | [IBGB2400000554528] [DFSH347011-SILV_C_36_41_12] PACK 347 TRACK MULTI SILVER | [IBGB2400000554528] [DFSH347011-SILV_C_36_41_12] PACK 347 TRACK MULTI SILVER | [IBGB2400000554528] [DFSH347011-SILV_C_36_41_12] PACK 347 TRACK MULTI SILVER | [IBGB2400000554528] [DFSH347011-SILV_C_36_41_12] PACK 347 TRACK MULTI SILVER | [IBGB2400000554528] [DFSH347011-SILV_C_36_41_12] PACK 347 TRACK MULTI SILVER | [IBGB2400000554528] [DFSH347011-SILV_C_36_41_12] PACK 347 TRACK MULTI SILVER | [IBGB2400000554524] [DFSH347011-SILV_C_36_41_12] PACK 347 TRACK MULTI SILVER | [IBGB2400000554524] [DFSH347011-SILV_C_36_41_12] PACK 347 TRACK MULTI SILVER | [IBGB2400000554524] [DFSH347011-SILV_C_36_41_12] PACK 347 TRACK MULTI SILVER | [IBGB2400000554524] [DFSH347011-SILV_C_36_41_12] PACK 347 TRACK MULTI SILVER | [IBGB2400000554524] [DFSH347011-SILV_C_36_41_12] PACK 347 TRACK MULTI SILVER | [IBGB2400000554524] [DFSH347011-SILV_C_36_41_12] PACK 347 TRACK MULTI SILVER | [IBGB2400000554521] [DFSH347011-SILV_C_36_41_12] PACK 347 TRACK MULTI SILVER | [IBGB2400000554521] [DFSH347011-SILV_C_36_41_12] PACK 347 TRACK MULTI SILVER | [IBGB2400000554521] [DFSH347011-SILV_C_36_41_12] PACK 347 TRACK MULTI SILVER | [IBGB2400000554521] [DFSH347011-SILV_C_36_41_12] PACK 347 TRACK MULTI SILVER | [IBGB2400000554521] [DFSH347011-SILV_C_36_41_12] PACK 347 TRACK MULTI SILVER | [IBGB2400000554521] [DFSH347011-SILV_C_36_41_12] PACK 347 TRACK MULTI SILVER | [IBGB2400000554519] [DFSH347011-SILV_C_36_41_12] PACK 347 TRACK MULTI SILVER | [IBGB2400000554519] [DFSH347011-SILV_C_36_41_12] PACK 347 TRACK MULTI SILVER | [IBGB2400000554519] [DFSH347011-SILV_C_36_41_12] PACK 347 TRACK MULTI SILVER | [IBGB2400000554519] [DFSH347011-SILV_C_36_41_12] PACK 347 TRACK MULTI SILVER | [IBGB2400000554519] [DFSH347011-SILV_C_36_41_12] PACK 347 TRACK MULTI SILVER | [IBGB2400000554519] [DFSH347011-SILV_C_36_41_12] PACK 347 TRACK MULTI SILVER | [IBGB2400000554516] [DFSH347011-SILV_C_36_41_12] PACK 347 TRACK MULTI SILVER | [IBGB2400000554516] [DFSH347011-SILV_C_36_41_12] PACK 347 TRACK MULTI SILVER | [IBGB2400000554516] [DFSH347011-SILV_C_36_41_12] PACK 347 TRACK MULTI SILVER | [IBGB2400000554516] [DFSH347011-SILV_C_36_41_12] PACK 347 TRACK MULTI SILVER | [IBGB2400000554516] [DFSH347011-SILV_C_36_41_12] PACK 347 TRACK MULTI SILVER | [IBGB2400000554516] [DFSH347011-SILV_C_36_41_12] PACK 347 TRACK MULTI SILVER | [IBGB2400000554507] [DFSH347011-SILV_C_36_41_12] PACK 347 TRACK MULTI SILVER | [IBGB2400000554507] [DFSH347011-SILV_C_36_41_12] PACK 347 TRACK MULTI SILVER | [IBGB2400000554507] [DFSH347011-SILV_C_36_41_12] PACK 347 TRACK MULTI SILVER | [IBGB2400000554507] [DFSH347011-SILV_C_36_41_12] PACK 347 TRACK MULTI SILVER | [IBGB2400000554507] [DFSH347011-SILV_C_36_41_12] PACK 347 TRACK MULTI SILVER | [IBGB2400000554507] [DFSH347011-SILV_C_36_41_12] PACK 347 TRACK MULTI SILVER
CLABD/Stock/StorageBD/CLA-059-05-02-03;36;BLACK;A+D;137;30;[IBGB2400000548660] [DFSH371004-TAUP_C_39_39_12] Pack Nordic V.2 Basic Low Taupe (39) x 12 unid | [IBGB2400000548167] [DFSH370021-CRAN_C_36_41_12] PACK NORDIC LOW BASIC CRANBERRY | [IBGB2400000548167] [DFSH370021-CRAN_C_36_41_12] PACK NORDIC LOW BASIC CRANBERRY | [IBGB2400000548167] [DFSH370021-CRAN_C_36_41_12] PACK NORDIC LOW BASIC CRANBERRY | [IBGB2400000548167] [DFSH370021-CRAN_C_36_41_12] PACK NORDIC LOW BASIC CRANBERRY | [IBGB2400000548167] [DFSH370021-CRAN_C_36_41_12] PACK NORDIC LOW BASIC CRANBERRY | [IBGB2400000548167] [DFSH370021-CRAN_C_36_41_12] PACK NORDIC LOW BASIC CRANBERRY | [IBGB2400000548162] [DFSH370021-CRAN_C_36_41_12] PACK NORDIC LOW BASIC CRANBERRY | [IBGB2400000548162] [DFSH370021-CRAN_C_36_41_12] PACK NORDIC LOW BASIC CRANBERRY | [IBGB2400000548162] [DFSH370021-CRAN_C_36_41_12] PACK NORDIC LOW BASIC CRANBERRY | [IBGB2400000548162] [DFSH370021-CRAN_C_36_41_12] PACK NORDIC LOW BASIC CRANBERRY | [IBGB2400000548162] [DFSH370021-CRAN_C_36_41_12] PACK NORDIC LOW BASIC CRANBERRY | [IBGB2400000548162] [DFSH370021-CRAN_C_36_41_12] PACK NORDIC LOW BASIC CRANBERRY
CLABD/Stock/StorageBD/CLA-059-05-03-01;98;BLACK;A+D;292;45;[IBGB2400000364961] [DFKSUN0827-0020_C_UNI_UNI_50] Pack Roller TR90 Amber / Black | [IBGB2400000556752] [DFSH370016-SILV_C_36_41_12] PACK NORDIC LOW BOMB SILVER | [IBGB2400000556752] [DFSH370016-SILV_C_36_41_12] PACK NORDIC LOW BOMB SILVER | [IBGB2400000556752] [DFSH370016-SILV_C_36_41_12] PACK NORDIC LOW BOMB SILVER | [IBGB2400000556752] [DFSH370016-SILV_C_36_41_12] PACK NORDIC LOW BOMB SILVER | [IBGB2400000556752] [DFSH370016-SILV_C_36_41_12] PACK NORDIC LOW BOMB SILVER | [IBGB2400000556752] [DFSH370016-SILV_C_36_41_12] PACK NORDIC LOW BOMB SILVER | [IBGB2400000556463] [DFSH370016-SILV_C_39_39_12] PACK NORDIC LOW BOMB SILVER | [IBGB2400000556460] [DFSH370016-SILV_C_39_39_12] PACK NORDIC LOW BOMB SILVER | [IBGB2400000556355] [DFSH370016-BEIG_C_39_39_12] PACK NORDIC LOW BOMB BEIGE
CLABD/Stock/StorageBD/CLA-059-08-01-02;144;BLACK;D+A;184;120;[IBGB2400000545930] [DFSH370021-BLAC_C_36_36_12] PACK NORDIC LOW BASIC BLACK | [IBGB2400000545929] [DFSH370021-BLAC_C_36_36_12] PACK NORDIC LOW BASIC BLACK | [IBGB2400000545928] [DFSH370021-BLAC_C_36_36_12] PACK NORDIC LOW BASIC BLACK | [IBGB2400000545927] [DFSH370021-BLAC_C_36_36_12] PACK NORDIC LOW BASIC BLACK | [IBGB2400000545926] [DFSH370021-BLAC_C_36_36_12] PACK NORDIC LOW BASIC BLACK | [IBGB2400000545925] [DFSH370021-BLAC_C_36_36_12] PACK NORDIC LOW BASIC BLACK | [IBGB2400000545924] [DFSH370021-BLAC_C_36_36_12] PACK NORDIC LOW BASIC BLACK | [IBGB2400000545922] [DFSH370021-BLAC_C_36_36_12] PACK NORDIC LOW BASIC BLACK | [IBGB2400000545921] [DFSH370021-BLAC_C_36_36_12] PACK NORDIC LOW BASIC BLACK | [IBGB2400000544769] [DFSH370011-BLAC_C_40_40_12] Pack NORDIC TRK FUR LOW BLACK  (40) x 12 unid | [IBGB2400000544755] [DFSH370011-BLAC_C_39_39_12] Pack NORDIC TRK FUR LOW BLACK  (39) x 12 unid | [IBGB2400000544699] [DFSH370011-BLAC_C_36_36_12] Pack NORDIC TRK FUR LOW BLACK  (36) x 12 unid
CLABD/Stock/StorageBD/CLA-059-08-01-03;850;BLACK;A+D;26;85;[IBGB2400000800091] [DFSU932001-PINK] Pack WIND GRAD PINK / PURPLE x 50 unid | [IBGB2400000800089] [DFSU932001-PINK] Pack WIND GRAD PINK / PURPLE x 50 unid | [IBGB2400000800088] [DFSU932001-PINK] Pack WIND GRAD PINK / PURPLE x 50 unid | [IBGB2400000800087] [DFSU932001-PINK] Pack WIND GRAD PINK / PURPLE x 50 unid | [IBGB2400000800086] [DFSU932001-PINK] Pack WIND GRAD PINK / PURPLE x 50 unid | [IBGB2400000800085] [DFSU932001-PINK] Pack WIND GRAD PINK / PURPLE x 50 unid | [IBGB2400000800081] [DFKSUN0565-0020_C_50] Pack WIND LIMITED IRIDISCENT PLUMB / SMOKE x 50 unid | [IBGB2400000800079] [DFKSUN0565-0020_C_50] Pack WIND LIMITED IRIDISCENT PLUMB / SMOKE x 50 unid | [IBGB2400000800062] [DFKSUN0564-0020_C_50] Pack Wind Black / Photochromic x 50 unid | [IBGB2400000800044] [DFKSUN0562-0020_C_50] Pack Wind Black / Black x 50 unid | [IBGB2400000800041] [DFKSUN0562-0020_C_50] Pack Wind Black / Black x 50 unid | [IBGB2400000800039] [DFKSUN0562-0020_C_50] Pack Wind Black / Black x 50 unid | [IBGB2400000800034] [DFKSUN0562-0020_C_50] Pack Wind Black / Black x 50 unid | [IBGB2400000800033] [DFKSUN0562-0020_C_50] Pack Wind Black / Black x 50 unid | [IBGB2400000800032] [DFKSUN0562-0020_C_50] Pack Wind Black / Black x 50 unid | [IBGB2400000799997] [DFSU948001-PURP_C_50] PACK Thunder Rimless Photochromic Purple | [IBGB2400000799994] [DFSU948001-PURP_C_50] PACK Thunder Rimless Photochromic Purple
CLABD/Stock/StorageBD/CLA-060-07-01-02;132;BLACK;D+A;192;110;[IBGB2400000547018] [DFSH370021-TAUP_C_38_38_12] PACK NORDIC LOW BASIC TAUPE | [IBGB2400000547012] [DFSH370021-TAUP_C_38_38_12] PACK NORDIC LOW BASIC TAUPE | [IBGB2400000547006] [DFSH370021-TAUP_C_38_38_12] PACK NORDIC LOW BASIC TAUPE | [IBGB2400000547004] [DFSH370021-TAUP_C_38_38_12] PACK NORDIC LOW BASIC TAUPE | [IBGB2400000547003] [DFSH370021-TAUP_C_38_38_12] PACK NORDIC LOW BASIC TAUPE | [IBGB2400000546999] [DFSH370021-TAUP_C_38_38_12] PACK NORDIC LOW BASIC TAUPE | [IBGB2400000546997] [DFSH370021-TAUP_C_38_38_12] PACK NORDIC LOW BASIC TAUPE | [IBGB2400000546920] [DFSH370021-TAUP_C_36_36_12] PACK NORDIC LOW BASIC TAUPE | [IBGB2400000546706] [DFSH370021-TAN_C_39_39_12] PACK NORDIC LOW BASIC TAN | [IBGB2400000546676] [DFSH370021-TAN_C_39_39_12] PACK NORDIC LOW BASIC TAN | [IBGB2400000543827] [DFSH370006-BLAC_C_39_39_12] Pack Nordic Shiny Black (39) x 12 unid
CLABD/Stock/StorageBD/CLA-060-07-01-03;132;BLACK;A+D;200;110;[IBGB2400000544582] [DFSH370011-BEIG_C_41_41_12] Pack NORDIC TRK FUR LOW BEIGE (41) x 12 unid | [IBGB2400000544581] [DFSH370011-BEIG_C_41_41_12] Pack NORDIC TRK FUR LOW BEIGE (41) x 12 unid | [IBGB2400000544113] [DFSH370011-BEIG_C_38_38_12] Pack NORDIC TRK FUR LOW BEIGE (38) x 12 unid | [IBGB2400000544040] [DFSH370011-BEIG_C_36_36_12] Pack NORDIC TRK FUR LOW BEIGE (36) x 12 unid | [IBGB2400000547081] [DFSH370021-TAUP_C_38_38_12] PACK NORDIC LOW BASIC TAUPE | [IBGB2400000547024] [DFSH370021-TAUP_C_38_38_12] PACK NORDIC LOW BASIC TAUPE | [IBGB2400000547010] [DFSH370021-TAUP_C_38_38_12] PACK NORDIC LOW BASIC TAUPE | [IBGB2400000547001] [DFSH370021-TAUP_C_38_38_12] PACK NORDIC LOW BASIC TAUPE | [IBGB2400000546664] [DFSH370021-TAN_C_39_39_12] PACK NORDIC LOW BASIC TAN | [IBGB2400000546662] [DFSH370021-TAN_C_39_39_12] PACK NORDIC LOW BASIC TAN | [IBGB2400000543805] [DFSH370006-BLAC_C_38_38_12] Pack Nordic Shiny Black (38) x 12 unid
CLABD/Stock/StorageBD/CLA-061-01-01-01;60;BLACK;D+B+A;318;50;[IBGB2400000547087] [DFSH370021-TAUP_C_38_38_12] PACK NORDIC LOW BASIC TAUPE | [IBGB2400000547079] [DFSH370021-TAUP_C_38_38_12] PACK NORDIC LOW BASIC TAUPE | [IBGB2400000328455] [DFSH334001-FUCH_C_36_41_12] PACK BLOOMER BIO FUCHSIA | [IBGB2400000328455] [DFSH334001-FUCH_C_36_41_12] PACK BLOOMER BIO FUCHSIA | [IBGB2400000328455] [DFSH334001-FUCH_C_36_41_12] PACK BLOOMER BIO FUCHSIA | [IBGB2400000328455] [DFSH334001-FUCH_C_36_41_12] PACK BLOOMER BIO FUCHSIA | [IBGB2400000328455] [DFSH334001-FUCH_C_36_41_12] PACK BLOOMER BIO FUCHSIA | [IBGB2400000328455] [DFSH334001-FUCH_C_36_41_12] PACK BLOOMER BIO FUCHSIA | [IBGB2400000504716] [DFSH371004-BLAC_C_36_41_12] Pack BOOTS NORDIC.V2 BASIC LOW BLACK | [IBGB2400000504716] [DFSH371004-BLAC_C_36_41_12] Pack BOOTS NORDIC.V2 BASIC LOW BLACK | [IBGB2400000504716] [DFSH371004-BLAC_C_36_41_12] Pack BOOTS NORDIC.V2 BASIC LOW BLACK | [IBGB2400000504716] [DFSH371004-BLAC_C_36_41_12] Pack BOOTS NORDIC.V2 BASIC LOW BLACK | [IBGB2400000504716] [DFSH371004-BLAC_C_36_41_12] Pack BOOTS NORDIC.V2 BASIC LOW BLACK | [IBGB2400000504716] [DFSH371004-BLAC_C_36_41_12] Pack BOOTS NORDIC.V2 BASIC LOW BLACK | [IBGB2400000504507] [DFSH370021-TAUP_C_36_41_12] PACK NORDIC LOW BASIC TAUPE | [IBGB2400000504507] [DFSH370021-TAUP_C_36_41_12] PACK NORDIC LOW BASIC TAUPE | [IBGB2400000504507] [DFSH370021-TAUP_C_36_41_12] PACK NORDIC LOW BASIC TAUPE | [IBGB2400000504507] [DFSH370021-TAUP_C_36_41_12] PACK NORDIC LOW BASIC TAUPE | [IBGB2400000504507] [DFSH370021-TAUP_C_36_41_12] PACK NORDIC LOW BASIC TAUPE | [IBGB2400000504507] [DFSH370021-TAUP_C_36_41_12] PACK NORDIC LOW BASIC TAUPE
CLABD/Stock/StorageBD/CLA-061-02-03-01;108;BLACK;A+D;137;90;[IBGB2400000548776] [DFSH371004-TAUP_C_42_42_12] PACK Nordic V.2 Basic Low Taupe | [IBGB2400000548775] [DFSH371004-TAUP_C_42_42_12] PACK Nordic V.2 Basic Low Taupe | [IBGB2400000548717] [DFSH371004-TAUP_C_40_40_12] Pack Nordic V.2 Basic Low Taupe (40) x 12 unid | [IBGB2400000548661] [DFSH371004-TAUP_C_39_39_12] Pack Nordic V.2 Basic Low Taupe (39) x 12 unid | [IBGB2400000548595] [DFSH371004-TAUP_C_37_37_12] Pack Nordic V.2 Basic Low Taupe (37) x 12 unid | [IBGB2400000548163] [DFSH370021-CRAN_C_36_41_12] PACK NORDIC LOW BASIC CRANBERRY | [IBGB2400000548163] [DFSH370021-CRAN_C_36_41_12] PACK NORDIC LOW BASIC CRANBERRY | [IBGB2400000548163] [DFSH370021-CRAN_C_36_41_12] PACK NORDIC LOW BASIC CRANBERRY | [IBGB2400000548163] [DFSH370021-CRAN_C_36_41_12] PACK NORDIC LOW BASIC CRANBERRY | [IBGB2400000548163] [DFSH370021-CRAN_C_36_41_12] PACK NORDIC LOW BASIC CRANBERRY | [IBGB2400000548163] [DFSH370021-CRAN_C_36_41_12] PACK NORDIC LOW BASIC CRANBERRY | [IBGB2400000545879] [DFSH370021-BEIG_C_39_39_12] PACK NORDIC LOW BASIC BEIGE | [IBGB2400000545878] [DFSH370021-BEIG_C_39_39_12] PACK NORDIC LOW BASIC BEIGE | [IBGB2400000545857] [DFSH370021-BEIG_C_38_38_12] PACK NORDIC LOW BASIC BEIGE
CLABD/Stock/StorageBD/CLA-061-04-01-02;64;BLACK;A+D;184;60;[IBGB2400000548839] [DFSH371008-BLAC_C_40_40_12] Pack Nordic V.2 Trk Black (40) x 12 unid | [IBGB2400000548823] [DFSH371008-BLAC_C_37_37_12] Pack Nordic V.2 Trk Black (37) x 12 unid | [IBGB2400000548822] [DFSH371008-BLAC_C_37_37_12] Pack Nordic V.2 Trk Black (37) x 12 unid | [IBGB2400000543246] [DFSH370004-SAND-K-32] Nordic Fur Sand (32) | [IBGB2400000543246] [DFSH370004-SAND-K-33] Nordic Fur Sand (33) | [IBGB2400000543246] [DFSH370004-SAND-K-35] Nordic Fur Sand (35) | [IBGB2400000543246] [DFSH370004-SAND-K-36] Nordic Fur Sand (36) | [IBGB2400000543245] [DFSH370004-SAND-K-32] Nordic Fur Sand (32) | [IBGB2400000543245] [DFSH370004-SAND-K-33] Nordic Fur Sand (33) | [IBGB2400000543245] [DFSH370004-SAND-K-35] Nordic Fur Sand (35) | [IBGB2400000543245] [DFSH370004-SAND-K-36] Nordic Fur Sand (36) | [IBGB2400000543767] [DFSH370006-BLAC_C_36_36_12] Pack Nordic Shiny Black (36) x 12 unid
CLABD/Stock/StorageBD/CLA-061-04-01-03;80;BLACK;C+A+B;318;80;[IBGB2400000328821] [DFSH334001-BEIG_C_45_45_10] PACK Bloomer Bio Beige | [IBGB2400000328819] [DFSH334001-BEIG_C_45_45_10] PACK Bloomer Bio Beige | [IBGB2400000328805] [DFSH334001-BEIG_C_44_44_10] PACK Bloomer Bio Beige | [IBGB2400000328804] [DFSH334001-BEIG_C_44_44_10] PACK Bloomer Bio Beige | [IBGB2400000328812] [DFSH334001-BEIG_C_44_44_10] PACK Bloomer Bio Beige | [IBGB2400000328803] [DFSH334001-BEIG_C_44_44_10] PACK Bloomer Bio Beige | [IBGB2400000328982] [DFSH334001-FUCH_C_39_39_10] PACK BLOOMER BIO FUCHSIA | [IBGB2400000328968] [DFSH334001-FUCH_C_37_37_10] PACK BLOOMER BIO FUCHSIA
CLABD/Stock/StorageBD/CLA-061-04-02-02;60;BLACK;B+A+D;157;50;[IBGB2400000547819] [DFSH370005-MUST_C_36_41_12] Pack BOOTS NORDIC FUR MUSTARD | [IBGB2400000547819] [DFSH370005-MUST_C_36_41_12] Pack BOOTS NORDIC FUR MUSTARD | [IBGB2400000547819] [DFSH370005-MUST_C_36_41_12] Pack BOOTS NORDIC FUR MUSTARD | [IBGB2400000547819] [DFSH370005-MUST_C_36_41_12] Pack BOOTS NORDIC FUR MUSTARD | [IBGB2400000547819] [DFSH370005-MUST_C_36_41_12] Pack BOOTS NORDIC FUR MUSTARD | [IBGB2400000547819] [DFSH370005-MUST_C_36_41_12] Pack BOOTS NORDIC FUR MUSTARD | [IBGB2400000547817] [DFSH370005-MUST_C_36_41_12] Pack BOOTS NORDIC FUR MUSTARD | [IBGB2400000547817] [DFSH370005-MUST_C_36_41_12] Pack BOOTS NORDIC FUR MUSTARD | [IBGB2400000547817] [DFSH370005-MUST_C_36_41_12] Pack BOOTS NORDIC FUR MUSTARD | [IBGB2400000547817] [DFSH370005-MUST_C_36_41_12] Pack BOOTS NORDIC FUR MUSTARD | [IBGB2400000547817] [DFSH370005-MUST_C_36_41_12] Pack BOOTS NORDIC FUR MUSTARD | [IBGB2400000547817] [DFSH370005-MUST_C_36_41_12] Pack BOOTS NORDIC FUR MUSTARD | [IBGB2400000543886] [DFSH370006-GREY_C_39_39_12] PACK NORDIC SHINY GREY | [IBGB2400000543884] [DFSH370006-GREY_C_39_39_12] PACK NORDIC SHINY GREY | [IBGB2400000543883] [DFSH370006-GREY_C_39_39_12] PACK NORDIC SHINY GREY
CLABD/Stock/StorageBD/CLA-061-04-03-01;60;BLACK;B+A+D;157;50;[IBGB2400000547816] [DFSH370005-MUST_C_36_41_12] Pack BOOTS NORDIC FUR MUSTARD | [IBGB2400000547816] [DFSH370005-MUST_C_36_41_12] Pack BOOTS NORDIC FUR MUSTARD | [IBGB2400000547816] [DFSH370005-MUST_C_36_41_12] Pack BOOTS NORDIC FUR MUSTARD | [IBGB2400000547816] [DFSH370005-MUST_C_36_41_12] Pack BOOTS NORDIC FUR MUSTARD | [IBGB2400000547816] [DFSH370005-MUST_C_36_41_12] Pack BOOTS NORDIC FUR MUSTARD | [IBGB2400000547816] [DFSH370005-MUST_C_36_41_12] Pack BOOTS NORDIC FUR MUSTARD | [IBGB2400000547815] [DFSH370005-MUST_C_36_41_12] Pack BOOTS NORDIC FUR MUSTARD | [IBGB2400000547815] [DFSH370005-MUST_C_36_41_12] Pack BOOTS NORDIC FUR MUSTARD | [IBGB2400000547815] [DFSH370005-MUST_C_36_41_12] Pack BOOTS NORDIC FUR MUSTARD | [IBGB2400000547815] [DFSH370005-MUST_C_36_41_12] Pack BOOTS NORDIC FUR MUSTARD | [IBGB2400000547815] [DFSH370005-MUST_C_36_41_12] Pack BOOTS NORDIC FUR MUSTARD | [IBGB2400000547815] [DFSH370005-MUST_C_36_41_12] Pack BOOTS NORDIC FUR MUSTARD | [IBGB2400000547813] [DFSH370005-MUST_C_36_41_12] Pack BOOTS NORDIC FUR MUSTARD | [IBGB2400000547813] [DFSH370005-MUST_C_36_41_12] Pack BOOTS NORDIC FUR MUSTARD | [IBGB2400000547813] [DFSH370005-MUST_C_36_41_12] Pack BOOTS NORDIC FUR MUSTARD | [IBGB2400000547813] [DFSH370005-MUST_C_36_41_12] Pack BOOTS NORDIC FUR MUSTARD | [IBGB2400000547813] [DFSH370005-MUST_C_36_41_12] Pack BOOTS NORDIC FUR MUSTARD | [IBGB2400000547813] [DFSH370005-MUST_C_36_41_12] Pack BOOTS NORDIC FUR MUSTARD | [IBGB2400000547812] [DFSH370005-MUST_C_36_41_12] Pack BOOTS NORDIC FUR MUSTARD | [IBGB2400000547812] [DFSH370005-MUST_C_36_41_12] Pack BOOTS NORDIC FUR MUSTARD | [IBGB2400000547812] [DFSH370005-MUST_C_36_41_12] Pack BOOTS NORDIC FUR MUSTARD | [IBGB2400000547812] [DFSH370005-MUST_C_36_41_12] Pack BOOTS NORDIC FUR MUSTARD | [IBGB2400000547812] [DFSH370005-MUST_C_36_41_12] Pack BOOTS NORDIC FUR MUSTARD | [IBGB2400000547812] [DFSH370005-MUST_C_36_41_12] Pack BOOTS NORDIC FUR MUSTARD | [IBGB2400000543882] [DFSH370006-GREY_C_39_39_12] PACK NORDIC SHINY GREY
CLABD/Stock/StorageBD/CLA-061-05-02-02;142;BLACK;B+C+A;33;80;[IBGB2400000838291] [DFSH397002-DOTT-38] VENICE SLIDES DOTTY (38) | [IBGB2400000838291] [DFSH397002-DOTT-37] VENICE SLIDES DOTTY (37) | [IBGB2400000838291] [DFSH397001-OFFW-40] VENICE SLIDE OFF WHITE (40) | [IBGB2400000838291] [DFSH397001-OFFW-41] VENICE SLIDE OFF WHITE (41) | [IBGB2400000838291] [DFSH397002-GOLD-37] VENICE SLIDES GOLD (37) | [IBGB2400000838291] [DFSH397002-GOLD-40] VENICE SLIDES GOLD (40) | [IBGB2400000838291] [DFSH397002-GOLD-36] VENICE SLIDES GOLD (36) | [IBGB2400000838291] [DFSH397002-GOLD-38] VENICE SLIDES GOLD (38) | [IBGB2400000838291] [DFSH397001-FBLA-39] VENICE SLIDE FULL BLACK (39) | [IBGB2400000838240] [DFSH397001-BLAC-44] VENICE SLIDE SUMMER CLUB BLACK (44) | [IBGB2400000838240] [DFSH397001-OFFW-40] VENICE SLIDE OFF WHITE (40) | [IBGB2400000838240] [DFSH397001-FBLA-38] VENICE SLIDE FULL BLACK (38) | [IBGB2400000838240] [DFSH397001-OFFW-41] VENICE SLIDE OFF WHITE (41) | [IBGB2400000838240] [DFSH397002-GOLD-41] VENICE SLIDES GOLD (41) | [IBGB2400000838240] [DFSH397002-DOTT-37] VENICE SLIDES DOTTY (37) | [IBGB2400000838240] [DFSH397001-WHIT-41] VENICE SLIDE SUMMER CLUB WHITE (41) | [IBGB2400000838240] [DFSH397002-DOTT-40] VENICE SLIDES DOTTY (40) | [IBGB2400000838240] [DFSH397002-DOTT-38] VENICE SLIDES DOTTY (38) | [IBGB2400000838240] [DFSH397001-BLAC-43] VENICE SLIDE SUMMER CLUB BLACK (43) | [IBGB2400000838240] [DFSH397002-DOTT-41] VENICE SLIDES DOTTY (41) | [IBGB2400000838237] [DFSH397001-FBLA-37] VENICE SLIDE FULL BLACK (37) | [IBGB2400000838237] [DFSH397001-BLAC-43] VENICE SLIDE SUMMER CLUB BLACK (43) | [IBGB2400000838237] [DFSH397001-WHIT-44] VENICE SLIDE SUMMER CLUB WHITE (44) | [IBGB2400000838237] [DFSH397001-FBLA-39] VENICE SLIDE FULL BLACK (39) | [IBGB2400000838237] [DFSH397001-FBLA-38] VENICE SLIDE FULL BLACK (38) | [IBGB2400000838237] [DFSH397001-BLAC-42] VENICE SLIDE SUMMER CLUB BLACK (42) | [IBGB2400000838237] [DFSH397001-OFFW-37] VENICE SLIDE OFF WHITE (37) | [IBGB2400000838237] [DFSH397001-BLAC-44] VENICE SLIDE SUMMER CLUB BLACK (44) | [IBGB2400000838237] [DFSH397001-OFFW-43] VENICE SLIDE OFF WHITE (43) | [IBGB2400000838237] [DFSH397001-WHIT-43] VENICE SLIDE SUMMER CLUB WHITE (43) | [IBGB2400000838237] [DFSH397001-OFFW-40] VENICE SLIDE OFF WHITE (40) | [IBGB2400000838220] [DFSH361003-BLAC-43] FOREST NEO BASIC BLACK (43) | [IBGB2400000838220] [DFSH361007-CYAN-36] FOREST NEO CYAN / BEIGE (36) | [IBGB2400000838220] [DFSH361003-NAVY-44] FOREST NEO BASIC NAVY (44) | [IBGB2400000838220] [DFSH361004-BLAC-40] FOREST NEO BLACK / BLACK (40) | [IBGB2400000838220] [DFSH361007-BLAC-37] FOREST NEO BLACK / BEIGE (37) | [IBGB2400000838220] [DFSH361004-BLAC-37] FOREST NEO BLACK / BLACK (37) | [IBGB2400000838220] [DFSH361005-BLUE-37] FOREST NEO DENIM / NAVY (37) | [IBGB2400000838220] [DFSH361004-BLAC-41] FOREST NEO BLACK / BLACK (41) | [IBGB2400000838220] [DFSH361003-NAVY-43] FOREST NEO BASIC NAVY (43) | [IBGB2400000838204] [DFSH361009-LIME-38] FOREST NEO STRIPS NEON LIME  (38) | [IBGB2400000838204] [DFSH361003-BLAC-45] FOREST NEO BASIC BLACK (45) | [IBGB2400000838204] [DFSH361009-FUCH-40] FOREST NEO STRIPS FUCHSIA (40) | [IBGB2400000838204] [DFSH361009-FUCH-37] FOREST NEO STRIPS FUCHSIA (37) | [IBGB2400000838204] [DFSH361007-BLAC-36] FOREST NEO BLACK / BEIGE (36) | [IBGB2400000838204] [DFSH361009-LIME-37] FOREST NEO STRIPS NEON LIME  (37) | [IBGB2400000838204] [DFSH361009-GREE-36] FOREST NEO STRIPS GREEN (36) | [IBGB2400000838204] [DFSH361009-LIME-40] FOREST NEO STRIPS NEON LIME  (40) | [IBGB2400000838204] [DFSH361003-NAVY-45] FOREST NEO BASIC NAVY (45) | [IBGB2400000838204] [DFSH361003-NAVY-41] FOREST NEO BASIC NAVY (41) | [IBGB2400000838204] [DFSH361003-NAVY-43] FOREST NEO BASIC NAVY (43) | [IBGB2400000838204] [DFSH361009-GREE-37] FOREST NEO STRIPS GREEN (37) | [IBGB2400000838200] [DFSH361007-BLAC-39] FOREST NEO BLACK / BEIGE (39) | [IBGB2400000838200] [DFSH361009-FUCH-38] FOREST NEO STRIPS FUCHSIA (38) | [IBGB2400000838200] [DFSH361009-LIME-40] FOREST NEO STRIPS NEON LIME  (40) | [IBGB2400000838200] [DFSH361009-LIME-37] FOREST NEO STRIPS NEON LIME  (37) | [IBGB2400000838200] [DFSH361009-LIME-38] FOREST NEO STRIPS NEON LIME  (38) | [IBGB2400000838200] [DFSH361007-CYAN-38] FOREST NEO CYAN / BEIGE (38) | [IBGB2400000838200] [DFSH361007-CYAN-37] FOREST NEO CYAN / BEIGE (37) | [IBGB2400000838200] [DFSH361007-BEIG-37] FOREST NEO BEIGE / BEIGE (37) | [IBGB2400000838200] [DFSH361007-BLAC-36] FOREST NEO BLACK / BEIGE (36) | [IBGB2400000838200] [DFSH361003-BLAC-41] FOREST NEO BASIC BLACK (41) | [IBGB2400000838200] [DFSH361007-NAVY-40] FOREST NEO NAVY / BEIGE (40) | [IBGB2400000838168] [DFSH361009-FUCH-38] FOREST NEO STRIPS FUCHSIA (38) | [IBGB2400000838168] [DFSH361007-BLAC-39] FOREST NEO BLACK / BEIGE (39) | [IBGB2400000838168] [DFSH361005-BLUE-36] FOREST NEO DENIM / NAVY (36) | [IBGB2400000838168] [DFSH361009-LIME-38] FOREST NEO STRIPS NEON LIME  (38) | [IBGB2400000838168] [DFSH361007-BLAC-36] FOREST NEO BLACK / BEIGE (36) | [IBGB2400000838168] [DFSH361007-BLAC-37] FOREST NEO BLACK / BEIGE (37) | [IBGB2400000838168] [DFSH361007-CYAN-38] FOREST NEO CYAN / BEIGE (38) | [IBGB2400000838168] [DFSH361007-NAVY-36] FOREST NEO NAVY / BEIGE (36) | [IBGB2400000838168] [DFSH361007-BLAC-41] FOREST NEO BLACK / BEIGE (41) | [IBGB2400000838168] [DFSH361009-LIME-37] FOREST NEO STRIPS NEON LIME  (37) | [IBGB2400000838168] [DFSH361004-BLAC-39] FOREST NEO BLACK / BLACK (39) | [IBGB2400000838168] [DFSH361009-GREE-36] FOREST NEO STRIPS GREEN (36) | [IBGB2400000838106] [DFSH361009-FUCH-38] FOREST NEO STRIPS FUCHSIA (38) | [IBGB2400000838106] [DFSH361009-LIME-36] FOREST NEO STRIPS NEON LIME  (36) | [IBGB2400000838106] [DFSH361009-FUCH-39] FOREST NEO STRIPS FUCHSIA (39) | [IBGB2400000838106] [DFSH361009-FUCH-40] FOREST NEO STRIPS FUCHSIA (40) | [IBGB2400000838106] [DFSH361004-SILV-37] FOREST NEO SILVER / SILVER (37) | [IBGB2400000838106] [DFSH361007-BLAC-36] FOREST NEO BLACK / BEIGE (36) | [IBGB2400000838106] [DFSH361005-BLUE-36] FOREST NEO DENIM / NAVY (36) | [IBGB2400000838106] [DFSH361005-BLUE-37] FOREST NEO DENIM / NAVY (37) | [IBGB2400000838106] [DFSH361003-NAVY-44] FOREST NEO BASIC NAVY (44) | [IBGB2400000838106] [DFSH361009-FUCH-41] FOREST NEO STRIPS FUCHSIA (41) | [IBGB2400000838106] [DFSH361007-NAVY-41] FOREST NEO NAVY / BEIGE (41) | [IBGB2400000838106] [DFSH361007-BLAC-37] FOREST NEO BLACK / BEIGE (37) | [IBGB2400000838106] [DFSH361007-BLAC-39] FOREST NEO BLACK / BEIGE (39) | [IBGB2400000838106] [DFSH361007-BEIG-36] FOREST NEO BEIGE / BEIGE (36) | [IBGB2400000838106] [DFSH361009-FUCH-37] FOREST NEO STRIPS FUCHSIA (37) | [IBGB2400000838106] [DFSH361003-NAVY-43] FOREST NEO BASIC NAVY (43)
CLABD/Stock/StorageBD/CLA-061-06-03-03;76;BLACK;B+C+A;32;60;[IBGB2400000838741] [DFSH334001-FUCH-40] BLOOMER BIO FUCHSIA (40) | [IBGB2400000838741] [DFSH334001-FUCH-36] BLOOMER BIO FUCHSIA (36) | [IBGB2400000838741] [DFSH334010-PINK-38] BLOOMER SB PINK (38) | [IBGB2400000838741] [DFSH334010-PINK-41] BLOOMER SB PINK (41) | [IBGB2400000838741] [DFSH334001-PINK-40] BLOOMER BIO PINK (40) | [IBGB2400000838741] [DFSH334010-PINK-39] BLOOMER SB PINK (39) | [IBGB2400000838741] [DFSH334010-PINK-37] BLOOMER SB PINK (37) | [IBGB2400000838741] [DFSH334001-BLUE-43] BLOOMER BIO BLUE (43) | [IBGB2400000838741] [DFSH334001-BLUE-44] BLOOMER BIO BLUE (44) | [IBGB2400000838741] [DFSH334001-BLUE-45] BLOOMER BIO BLUE (45) | [IBGB2400000838741] [DFSH334009-BLAC-37] BLOOMER NIP BLACK (37) | [IBGB2400000838736] [DFSH334001-FUCH-39] BLOOMER BIO FUCHSIA (39) | [IBGB2400000838736] [DFSH334001-FUCH-38] BLOOMER BIO FUCHSIA (38) | [IBGB2400000838736] [DFSH334001-FUCH-37] BLOOMER BIO FUCHSIA (37) | [IBGB2400000838736] [DFSH334001-BLUE-44] BLOOMER BIO BLUE (44) | [IBGB2400000838736] [DFSH334001-FUCH-40] BLOOMER BIO FUCHSIA (40) | [IBGB2400000838722] [DFSH334001-BLUE-44] BLOOMER BIO BLUE (44) | [IBGB2400000838722] [DFSH334001-FUCH-38] BLOOMER BIO FUCHSIA (38) | [IBGB2400000838722] [DFSH334001-FUCH-41] BLOOMER BIO FUCHSIA (41) | [IBGB2400000838722] [DFSH334001-BLUE-45] BLOOMER BIO BLUE (45) | [IBGB2400000838722] [DFSH334001-BLUE-43] BLOOMER BIO BLUE (43) | [IBGB2400000838722] [DFSH334010-PINK-38] BLOOMER SB PINK (38) | [IBGB2400000838722] [DFSH334001-FUCH-40] BLOOMER BIO FUCHSIA (40) | [IBGB2400000838720] [DFSH334001-BLUE-44] BLOOMER BIO BLUE (44) | [IBGB2400000838720] [DFSH334009-GREY-37] BLOOMER NIP GREY (37) | [IBGB2400000838720] [DFSH334001-BLUE-45] BLOOMER BIO BLUE (45) | [IBGB2400000838720] [DFSH334009-GREY-39] BLOOMER NIP GREY (39) | [IBGB2400000838718] [DFSH334001-BLUE-44] BLOOMER BIO BLUE (44) | [IBGB2400000838718] [DFSH334001-FUCH-39] BLOOMER BIO FUCHSIA (39) | [IBGB2400000838718] [DFSH334001-FUCH-38] BLOOMER BIO FUCHSIA (38) | [IBGB2400000838718] [DFSH334009-GREY-39] BLOOMER NIP GREY (39) | [IBGB2400000838718] [DFSH334009-GREY-37] BLOOMER NIP GREY (37) | [IBGB2400000838710] [DFSH334001-GREY-45] BLOOMER BIO GREY (45) | [IBGB2400000838710] [DFSH334001-BLUE-44] BLOOMER BIO BLUE (44) | [IBGB2400000838710] [DFSH334001-BLUE-43] BLOOMER BIO BLUE (43) | [IBGB2400000838710] [DFSH334001-BLUE-45] BLOOMER BIO BLUE (45) | [IBGB2400000838710] [DFSH334010-PINK-38] BLOOMER SB PINK (38) | [IBGB2400000838710] [DFSH334010-PINK-39] BLOOMER SB PINK (39) | [IBGB2400000838710] [DFSH334001-ORAN-41] BLOOMER BIO ORANGE (41) | [IBGB2400000838710] [DFSH334009-GREY-39] BLOOMER NIP GREY (39) | [IBGB2400000838710] [DFSH334001-FUCH-39] BLOOMER BIO FUCHSIA (39) | [IBGB2400000838710] [DFSH334001-FUCH-37] BLOOMER BIO FUCHSIA (37) | [IBGB2400000838710] [DFSH334010-PINK-40] BLOOMER SB PINK (40)
CLABD/Stock/StorageBD/CLA-061-07-03-01;52;BLACK;B+A+D;318;50;[IBGB2400000328996] [DFSH334001-FUCH_C_40_40_10] PACK BLOOMER BIO FUCHSIA | [IBGB2400000328966] [DFSH334001-FUCH_C_37_37_10] PACK BLOOMER BIO FUCHSIA | [IBGB2400000328813] [DFSH334001-BEIG_C_44_44_10] PACK Bloomer Bio Beige | [IBGB2400000328806] [DFSH334001-BEIG_C_44_44_10] PACK Bloomer Bio Beige | [IBGB2400000557128] [DFSH375005-TAN_C_42_42_12] PACK NORDIC CLOG TAN
CLABD/Stock/StorageBD/CLA-061-09-01-01;66;BLACK;A+D;296;50;[SIN_PAQUETE] [DFSH371004-BLAC-37] BOOTS NORDIC.V2 BASIC LOW BLACK (37) | [SIN_PAQUETE] [DFSH371004-TAUP-40] BOOTS NORDIC.V2 BASIC LOW TAUPE (40) | [SIN_PAQUETE] [DFSH371004-TAUP-41] BOOTS NORDIC.V2 BASIC LOW TAUPE (41) | [IBGB2400000547789] [DFSH370022-TAUP_C_42_42_12] PACK NORDIC TRK FUR TAUPE | [IBGB2400000547744] [DFSH370022-TAUP_C_40_40_12] PACK NORDIC TRK FUR TAUPE | [IBGB2400000547627] [DFSH370022-TAUP_C_38_38_12] PACK NORDIC TRK FUR TAUPE | [IBGB2400000547605] [DFSH370022-TAUP_C_38_38_12] PACK NORDIC TRK FUR TAUPE
CLABD/Stock/StorageBD/CLA-062-01-01-01;56;BLACK;D+A;318;50;[IBGB2400000557127] [DFSH375005-TAN_C_42_42_12] PACK NORDIC CLOG TAN | [IBGB2400000328807] [DFSH334001-BEIG_C_44_44_10] PACK Bloomer Bio Beige | [IBGB2400000328802] [DFSH334001-BEIG_C_44_44_10] PACK Bloomer Bio Beige | [IBGB2400000556495] [DFSH370019-BLAC_C_37_37_12] PACK NORDIC FULL FUR BLACK | [IBGB2400000557186] [DFSH375005-TAUP_C_42_42_12] PACK NORDIC CLOG TAUPE
CLABD/Stock/StorageBD/CLA-062-01-01-03;60;BLACK;D+B+A;318;50;[IBGB2400000555270] [DFSH401001-WFCH_C_36_41_12] PACK AERO WHITE/FUCHSIA | [IBGB2400000555270] [DFSH401001-WFCH_C_36_41_12] PACK AERO WHITE/FUCHSIA | [IBGB2400000555270] [DFSH401001-WFCH_C_36_41_12] PACK AERO WHITE/FUCHSIA | [IBGB2400000555270] [DFSH401001-WFCH_C_36_41_12] PACK AERO WHITE/FUCHSIA | [IBGB2400000555270] [DFSH401001-WFCH_C_36_41_12] PACK AERO WHITE/FUCHSIA | [IBGB2400000555270] [DFSH401001-WFCH_C_36_41_12] PACK AERO WHITE/FUCHSIA | [IBGB2400000555254] [DFSH401001-LILA_C_36_41_12] PACK AERO LILAC | [IBGB2400000555254] [DFSH401001-LILA_C_36_41_12] PACK AERO LILAC | [IBGB2400000555254] [DFSH401001-LILA_C_36_41_12] PACK AERO LILAC | [IBGB2400000555254] [DFSH401001-LILA_C_36_41_12] PACK AERO LILAC | [IBGB2400000555254] [DFSH401001-LILA_C_36_41_12] PACK AERO LILAC | [IBGB2400000555254] [DFSH401001-LILA_C_36_41_12] PACK AERO LILAC | [IBGB2400000328464] [DFSH334001-FUCH_C_36_41_12] PACK BLOOMER BIO FUCHSIA | [IBGB2400000328464] [DFSH334001-FUCH_C_36_41_12] PACK BLOOMER BIO FUCHSIA | [IBGB2400000328464] [DFSH334001-FUCH_C_36_41_12] PACK BLOOMER BIO FUCHSIA | [IBGB2400000328464] [DFSH334001-FUCH_C_36_41_12] PACK BLOOMER BIO FUCHSIA | [IBGB2400000328464] [DFSH334001-FUCH_C_36_41_12] PACK BLOOMER BIO FUCHSIA | [IBGB2400000328464] [DFSH334001-FUCH_C_36_41_12] PACK BLOOMER BIO FUCHSIA | [IBGB2400000548744] [DFSH371004-TAUP_C_40_40_12] Pack Nordic V.2 Basic Low Taupe (40) x 12 unid | [IBGB2400000548719] [DFSH371004-TAUP_C_40_40_12] Pack Nordic V.2 Basic Low Taupe (40) x 12 unid
CLABD/Stock/StorageBD/CLA-062-02-03-01;120;BLACK;D+A;149;100;[IBGB2400000545915] [DFSH370021-BEIG_C_42_42_12] PACK NORDIC LOW BASIC BEIGE | [IBGB2400000545907] [DFSH370021-BEIG_C_41_41_12] PACK NORDIC LOW BASIC BEIGE | [IBGB2400000545906] [DFSH370021-BEIG_C_41_41_12] PACK NORDIC LOW BASIC BEIGE | [IBGB2400000545905] [DFSH370021-BEIG_C_41_41_12] PACK NORDIC LOW BASIC BEIGE | [IBGB2400000545877] [DFSH370021-BEIG_C_39_39_12] PACK NORDIC LOW BASIC BEIGE | [IBGB2400000545853] [DFSH370021-BEIG_C_37_37_12] PACK NORDIC LOW BASIC BEIGE | [IBGB2400000545850] [DFSH370021-BEIG_C_36_36_12] PACK NORDIC LOW BASIC BEIGE | [IBGB2400000545847] [DFSH370021-BEIG_C_36_36_12] PACK NORDIC LOW BASIC BEIGE | [IBGB2400000545846] [DFSH370021-BEIG_C_36_36_12] PACK NORDIC LOW BASIC BEIGE | [IBGB2400000548607] [DFSH371004-TAUP_C_38_38_12] Pack Nordic V.2 Basic Low Taupe (38) x 12 unid
CLABD/Stock/StorageBD/CLA-062-04-01-01;122;BLACK;A+C+B;522;70;[IBGB2400000056335] [DFSH321089-GOLD_C_37_37_12] Pack COURT STICH GOLD  / MULTI  (37) x 12 unid | [IBGB2400000056333] [DFSH321089-GOLD_C_37_37_12] Pack COURT STICH GOLD  / MULTI  (37) x 12 unid | [IBGB2400000056332] [DFSH321089-GOLD_C_37_37_12] Pack COURT STICH GOLD  / MULTI  (37) x 12 unid | [IBGB2400000650550] [DFKBEN0002-0006] RUBBER YELLOW/BLACK BEANIE | [IBGB2400000073870] [DFSH370004-BLAC_C_36_36_12] Pack Nordic Fur Black (36) x 12 unid | [FKD 000015860535] [KI330212-0020_C_41_41_12] Pack FIELTRO R-PET BLACK / YELLOW | [FKD 000015860534] [KI330212-0020_C_41_41_12] Pack FIELTRO R-PET BLACK / YELLOW
CLABD/Stock/StorageBD/CLA-062-04-01-03;38;BLACK;C+A+D;116;30;[IBGB2400000772469] [DFSH334011-BEIG-36] CLOGS BLOOMER BEIG (36) | [IBGB2400000772469] [DFSH334011-BEIG-37] CLOGS BLOOMER BEIG (37) | [IBGB2400000772469] [DFSH334011-BLAC-38] CLOGS BLOOMER BLACK (38) | [IBGB2400000772469] [DFSH334011-BLAC-39] CLOGS BLOOMER BLACK (39) | [IBGB2400000772469] [DFSH334011-ORAN-37] CLOGS BLOOMER ORANGE (37) | [IBGB2400000772469] [DFSH334011-ORAN-38] CLOGS BLOOMER ORANGE (38) | [IBGB2400000772469] [DFSH334011-ORAN-40] CLOGS BLOOMER ORANGE (40) | [IBGB2400000772469] [DFSH334011-PINK-38] CLOGS BLOOMER PINK (38) | [IBGB2400000772469] [DFSH334011-PINK-41] CLOGS BLOOMER PINK (41) | [IBGB2400000554542] [DFSH347011-SILV_C_36_41_12] PACK 347 TRACK MULTI SILVER | [IBGB2400000554542] [DFSH347011-SILV_C_36_41_12] PACK 347 TRACK MULTI SILVER | [IBGB2400000554542] [DFSH347011-SILV_C_36_41_12] PACK 347 TRACK MULTI SILVER | [IBGB2400000554542] [DFSH347011-SILV_C_36_41_12] PACK 347 TRACK MULTI SILVER | [IBGB2400000554542] [DFSH347011-SILV_C_36_41_12] PACK 347 TRACK MULTI SILVER | [IBGB2400000554542] [DFSH347011-SILV_C_36_41_12] PACK 347 TRACK MULTI SILVER | [IBGB2400000554523] [DFSH347011-SILV_C_36_41_12] PACK 347 TRACK MULTI SILVER | [IBGB2400000554523] [DFSH347011-SILV_C_36_41_12] PACK 347 TRACK MULTI SILVER | [IBGB2400000554523] [DFSH347011-SILV_C_36_41_12] PACK 347 TRACK MULTI SILVER | [IBGB2400000554523] [DFSH347011-SILV_C_36_41_12] PACK 347 TRACK MULTI SILVER | [IBGB2400000554523] [DFSH347011-SILV_C_36_41_12] PACK 347 TRACK MULTI SILVER | [IBGB2400000554523] [DFSH347011-SILV_C_36_41_12] PACK 347 TRACK MULTI SILVER
CLABD/Stock/StorageBD/CLA-062-04-02-01;144;BLACK;D+A;157;120;[IBGB2400000545901] [DFSH370021-BEIG_C_40_40_12] PACK NORDIC LOW BASIC BEIGE | [IBGB2400000545895] [DFSH370021-BEIG_C_40_40_12] PACK NORDIC LOW BASIC BEIGE | [IBGB2400000545891] [DFSH370021-BEIG_C_39_39_12] PACK NORDIC LOW BASIC BEIGE | [IBGB2400000545889] [DFSH370021-BEIG_C_39_39_12] PACK NORDIC LOW BASIC BEIGE | [IBGB2400000545887] [DFSH370021-BEIG_C_39_39_12] PACK NORDIC LOW BASIC BEIGE | [IBGB2400000545885] [DFSH370021-BEIG_C_39_39_12] PACK NORDIC LOW BASIC BEIGE | [IBGB2400000545884] [DFSH370021-BEIG_C_39_39_12] PACK NORDIC LOW BASIC BEIGE | [IBGB2400000545860] [DFSH370021-BEIG_C_38_38_12] PACK NORDIC LOW BASIC BEIGE | [IBGB2400000545859] [DFSH370021-BEIG_C_38_38_12] PACK NORDIC LOW BASIC BEIGE | [IBGB2400000545251] [DFSH370011-BROW_C_42_42_12] Pack NORDIC TRK FUR LOW BROWN  (42) x 12 unid | [IBGB2400000545214] [DFSH370011-BROW_C_41_41_12] Pack NORDIC TRK FUR LOW BROWN  (41) x 12 unid | [IBGB2400000545213] [DFSH370011-BROW_C_41_41_12] Pack NORDIC TRK FUR LOW BROWN  (41) x 12 unid
CLABD/Stock/StorageBD/CLA-062-05-01-03;25;BLACK;D+A;626;30;[IBGB2400000543897] [DFSH370006-GREY_C_42_42_12] PACK NORDIC SHINY GREY | [FKD 000018500099] [DFSH321072-SILV-41] COURT BASIC MESH GLITTER SILVER (41) | [IBGB2400000073869] [DFSH370004-BLAC_C_36_36_12] Pack Nordic Fur Black (36) x 12 unid
CLABD/Stock/StorageBD/CLA-062-05-02-01;120;BLACK;A+D;157;100;[IBGB2400000548669] [DFSH371004-TAUP_C_39_39_12] Pack Nordic V.2 Basic Low Taupe (39) x 12 unid | [IBGB2400000548667] [DFSH371004-TAUP_C_39_39_12] Pack Nordic V.2 Basic Low Taupe (39) x 12 unid | [IBGB2400000548608] [DFSH371004-TAUP_C_38_38_12] Pack Nordic V.2 Basic Low Taupe (38) x 12 unid | [IBGB2400000548500] [DFSH371004-BLAC_C_41_41_12] Pack Nordic V.2 Basic Low Black (41) x 12 unid | [IBGB2400000548499] [DFSH371004-BLAC_C_41_41_12] Pack Nordic V.2 Basic Low Black (41) x 12 unid | [IBGB2400000548455] [DFSH371004-BLAC_C_39_39_12] Pack Nordic V.2 Basic Low Black (39) x 12 unid | [IBGB2400000548454] [DFSH371004-BLAC_C_39_39_12] Pack Nordic V.2 Basic Low Black (39) x 12 unid | [IBGB2400000548452] [DFSH371004-BLAC_C_39_39_12] Pack Nordic V.2 Basic Low Black (39) x 12 unid | [IBGB2400000546767] [DFSH370021-TAN_C_40_40_12] PACK NORDIC LOW BASIC TAN | [IBGB2400000546430] [DFSH370021-TAN_C_37_37_12] PACK NORDIC LOW BASIC TAN
CLABD/Stock/StorageBD/CLA-062-06-01-02;121;BLACK;C+B+A;400;90;[IBGB2400000312346] [KV330025-0067-38] Yellow Ecological Sneakers Mercredy (38) | [IBGB2400000312346] [KV330025-0067-41] Yellow Ecological Sneakers Mercredy (41) | [IBGB2400000312346] [KV330025-0067-40] Yellow Ecological Sneakers Mercredy (40) | [IBGB2400000312346] [KV330025-0067-31] Yellow Ecological Sneakers Mercredy (31) | [IBGB2400000312346] [KV330025-0067-37] Yellow Ecological Sneakers Mercredy (37) | [IBGB2400000312346] [KV330025-0067-35] Yellow Ecological Sneakers Mercredy (35) | [IBGB2400000312346] [KV330025-0067-34] Yellow Ecological Sneakers Mercredy (34) | [IBGB2400000312346] [KV330025-0067-30] Yellow Ecological Sneakers Mercredy (30) | [IBGB2400000312346] [KV330025-0067-33] Yellow Ecological Sneakers Mercredy (33) | [IBGB2400000312346] [KV330025-0067-39] Yellow Ecological Sneakers Mercredy (39) | [IBGB2400000312346] [KV330025-0067-32] Yellow Ecological Sneakers Mercredy (32) | [IBGB2400000312346] [KV330025-0067-36] Yellow Ecological Sneakers Mercredy (36) | [IBGB2400000600122] [DFSH407001-KHAK_C_36_41_12] PACK VIBE SANDALS BUCKLE KHAKI  | [IBGB2400000600122] [DFSH407001-KHAK_C_36_41_12] PACK VIBE SANDALS BUCKLE KHAKI  | [IBGB2400000600122] [DFSH407001-KHAK_C_36_41_12] PACK VIBE SANDALS BUCKLE KHAKI  | [IBGB2400000600122] [DFSH407001-KHAK_C_36_41_12] PACK VIBE SANDALS BUCKLE KHAKI  | [IBGB2400000600122] [DFSH407001-KHAK_C_36_41_12] PACK VIBE SANDALS BUCKLE KHAKI  | [IBGB2400000600122] [DFSH407001-KHAK_C_36_41_12] PACK VIBE SANDALS BUCKLE KHAKI  | [IBGB2400000600120] [DFSH407001-KHAK_C_36_41_12] PACK VIBE SANDALS BUCKLE KHAKI  | [IBGB2400000600120] [DFSH407001-KHAK_C_36_41_12] PACK VIBE SANDALS BUCKLE KHAKI  | [IBGB2400000600120] [DFSH407001-KHAK_C_36_41_12] PACK VIBE SANDALS BUCKLE KHAKI  | [IBGB2400000600120] [DFSH407001-KHAK_C_36_41_12] PACK VIBE SANDALS BUCKLE KHAKI  | [IBGB2400000600120] [DFSH407001-KHAK_C_36_41_12] PACK VIBE SANDALS BUCKLE KHAKI  | [IBGB2400000600120] [DFSH407001-KHAK_C_36_41_12] PACK VIBE SANDALS BUCKLE KHAKI  | [IBGB2400000600116] [DFSH407001-KHAK_C_36_41_12] PACK VIBE SANDALS BUCKLE KHAKI  | [IBGB2400000600116] [DFSH407001-KHAK_C_36_41_12] PACK VIBE SANDALS BUCKLE KHAKI  | [IBGB2400000600116] [DFSH407001-KHAK_C_36_41_12] PACK VIBE SANDALS BUCKLE KHAKI  | [IBGB2400000600116] [DFSH407001-KHAK_C_36_41_12] PACK VIBE SANDALS BUCKLE KHAKI  | [IBGB2400000600116] [DFSH407001-KHAK_C_36_41_12] PACK VIBE SANDALS BUCKLE KHAKI  | [IBGB2400000600116] [DFSH407001-KHAK_C_36_41_12] PACK VIBE SANDALS BUCKLE KHAKI  | [IBGB2400000600112] [DFSH407001-KHAK_C_36_41_12] PACK VIBE SANDALS BUCKLE KHAKI  | [IBGB2400000600112] [DFSH407001-KHAK_C_36_41_12] PACK VIBE SANDALS BUCKLE KHAKI  | [IBGB2400000600112] [DFSH407001-KHAK_C_36_41_12] PACK VIBE SANDALS BUCKLE KHAKI  | [IBGB2400000600112] [DFSH407001-KHAK_C_36_41_12] PACK VIBE SANDALS BUCKLE KHAKI  | [IBGB2400000600112] [DFSH407001-KHAK_C_36_41_12] PACK VIBE SANDALS BUCKLE KHAKI  | [IBGB2400000600112] [DFSH407001-KHAK_C_36_41_12] PACK VIBE SANDALS BUCKLE KHAKI  | [IBGB2400000600121] [DFSH407001-KHAK_C_36_41_12] PACK VIBE SANDALS BUCKLE KHAKI  | [IBGB2400000600121] [DFSH407001-KHAK_C_36_41_12] PACK VIBE SANDALS BUCKLE KHAKI  | [IBGB2400000600121] [DFSH407001-KHAK_C_36_41_12] PACK VIBE SANDALS BUCKLE KHAKI  | [IBGB2400000600121] [DFSH407001-KHAK_C_36_41_12] PACK VIBE SANDALS BUCKLE KHAKI  | [IBGB2400000600121] [DFSH407001-KHAK_C_36_41_12] PACK VIBE SANDALS BUCKLE KHAKI  | [IBGB2400000600121] [DFSH407001-KHAK_C_36_41_12] PACK VIBE SANDALS BUCKLE KHAKI  | [IBGB2400000600111] [DFSH407001-KHAK_C_36_41_12] PACK VIBE SANDALS BUCKLE KHAKI  | [IBGB2400000600111] [DFSH407001-KHAK_C_36_41_12] PACK VIBE SANDALS BUCKLE KHAKI  | [IBGB2400000600111] [DFSH407001-KHAK_C_36_41_12] PACK VIBE SANDALS BUCKLE KHAKI  | [IBGB2400000600111] [DFSH407001-KHAK_C_36_41_12] PACK VIBE SANDALS BUCKLE KHAKI  | [IBGB2400000600111] [DFSH407001-KHAK_C_36_41_12] PACK VIBE SANDALS BUCKLE KHAKI  | [IBGB2400000600111] [DFSH407001-KHAK_C_36_41_12] PACK VIBE SANDALS BUCKLE KHAKI  | [IBGB2400000548833] [DFSH371008-BLAC_C_39_39_12] Pack Nordic V.2 Trk Black (39) x 12 unid | [IBGB2400000543855] [DFSH370006-BLAC_C_42_42_12] PACK Nordic Shiny Black
CLABD/Stock/StorageBD/CLA-062-06-01-03;105;BLACK;C+A+B;619;90;[IBG2023001367932] [DFSH392001-BLAC_C_36_41_12] Pack FLOP SUMMER CLUB BLACK | [IBG2023001367932] [DFSH392001-BLAC_C_36_41_12] Pack FLOP SUMMER CLUB BLACK | [IBG2023001367932] [DFSH392001-BLAC_C_36_41_12] Pack FLOP SUMMER CLUB BLACK | [IBG2023001367932] [DFSH392001-BLAC_C_36_41_12] Pack FLOP SUMMER CLUB BLACK | [IBG2023001367932] [DFSH392001-BLAC_C_36_41_12] Pack FLOP SUMMER CLUB BLACK | [IBG2023001367932] [DFSH392001-BLAC_C_36_41_12] Pack FLOP SUMMER CLUB BLACK | [IBG2023001367901] [DFSH392001-BLAC_C_36_41_12] Pack FLOP SUMMER CLUB BLACK | [IBG2023001367901] [DFSH392001-BLAC_C_36_41_12] Pack FLOP SUMMER CLUB BLACK | [IBG2023001367901] [DFSH392001-BLAC_C_36_41_12] Pack FLOP SUMMER CLUB BLACK | [IBG2023001367901] [DFSH392001-BLAC_C_36_41_12] Pack FLOP SUMMER CLUB BLACK | [IBG2023001367901] [DFSH392001-BLAC_C_36_41_12] Pack FLOP SUMMER CLUB BLACK | [IBG2023001367901] [DFSH392001-BLAC_C_36_41_12] Pack FLOP SUMMER CLUB BLACK | [IBG2023001367888] [DFSH392001-BLAC_C_36_41_12] Pack FLOP SUMMER CLUB BLACK | [IBG2023001367888] [DFSH392001-BLAC_C_36_41_12] Pack FLOP SUMMER CLUB BLACK | [IBG2023001367888] [DFSH392001-BLAC_C_36_41_12] Pack FLOP SUMMER CLUB BLACK | [IBG2023001367888] [DFSH392001-BLAC_C_36_41_12] Pack FLOP SUMMER CLUB BLACK | [IBG2023001367888] [DFSH392001-BLAC_C_36_41_12] Pack FLOP SUMMER CLUB BLACK | [IBG2023001367888] [DFSH392001-BLAC_C_36_41_12] Pack FLOP SUMMER CLUB BLACK | [IBG2023001367833] [DFSH392001-BLAC_C_36_41_12] Pack FLOP SUMMER CLUB BLACK | [IBG2023001367833] [DFSH392001-BLAC_C_36_41_12] Pack FLOP SUMMER CLUB BLACK | [IBG2023001367833] [DFSH392001-BLAC_C_36_41_12] Pack FLOP SUMMER CLUB BLACK | [IBG2023001367833] [DFSH392001-BLAC_C_36_41_12] Pack FLOP SUMMER CLUB BLACK | [IBG2023001367833] [DFSH392001-BLAC_C_36_41_12] Pack FLOP SUMMER CLUB BLACK | [IBG2023001367833] [DFSH392001-BLAC_C_36_41_12] Pack FLOP SUMMER CLUB BLACK | [IBG2023001367772] [DFSH392001-BLAC_C_36_41_12] Pack FLOP SUMMER CLUB BLACK | [IBG2023001367772] [DFSH392001-BLAC_C_36_41_12] Pack FLOP SUMMER CLUB BLACK | [IBG2023001367772] [DFSH392001-BLAC_C_36_41_12] Pack FLOP SUMMER CLUB BLACK | [IBG2023001367772] [DFSH392001-BLAC_C_36_41_12] Pack FLOP SUMMER CLUB BLACK | [IBG2023001367772] [DFSH392001-BLAC_C_36_41_12] Pack FLOP SUMMER CLUB BLACK | [IBG2023001367772] [DFSH392001-BLAC_C_36_41_12] Pack FLOP SUMMER CLUB BLACK | [IBG2023001367659] [DFSH392001-BLAC_C_36_41_12] Pack FLOP SUMMER CLUB BLACK | [IBG2023001367659] [DFSH392001-BLAC_C_36_41_12] Pack FLOP SUMMER CLUB BLACK | [IBG2023001367659] [DFSH392001-BLAC_C_36_41_12] Pack FLOP SUMMER CLUB BLACK | [IBG2023001367659] [DFSH392001-BLAC_C_36_41_12] Pack FLOP SUMMER CLUB BLACK | [IBG2023001367659] [DFSH392001-BLAC_C_36_41_12] Pack FLOP SUMMER CLUB BLACK | [IBG2023001367659] [DFSH392001-BLAC_C_36_41_12] Pack FLOP SUMMER CLUB BLACK | [IBG2023001367628] [DFSH392001-BLAC_C_36_41_12] Pack FLOP SUMMER CLUB BLACK | [IBG2023001367628] [DFSH392001-BLAC_C_36_41_12] Pack FLOP SUMMER CLUB BLACK | [IBG2023001367628] [DFSH392001-BLAC_C_36_41_12] Pack FLOP SUMMER CLUB BLACK | [IBG2023001367628] [DFSH392001-BLAC_C_36_41_12] Pack FLOP SUMMER CLUB BLACK | [IBG2023001367628] [DFSH392001-BLAC_C_36_41_12] Pack FLOP SUMMER CLUB BLACK | [IBG2023001367628] [DFSH392001-BLAC_C_36_41_12] Pack FLOP SUMMER CLUB BLACK | [IBGG2400000003700] [DFSH394001-BLAC_C_36_41_9] Pack SONAX SLIDE BLACK | [IBGG2400000003700] [DFSH394001-BLAC_C_36_41_9] Pack SONAX SLIDE BLACK | [IBGG2400000003700] [DFSH394001-BLAC_C_36_41_9] Pack SONAX SLIDE BLACK | [IBGG2400000003700] [DFSH394001-BLAC_C_36_41_9] Pack SONAX SLIDE BLACK | [IBGG2400000003700] [DFSH394001-BLAC_C_36_41_9] Pack SONAX SLIDE BLACK | [IBGG2400000003700] [DFSH394001-BLAC_C_36_41_9] Pack SONAX SLIDE BLACK | [IBGB2400000056264] [DFSH321089-BLAC_C_37_37_12] Pack COURT STICH BLACK / MULTI  (37) x 12 unid
CLABD/Stock/StorageBD/CLA-062-07-01-02;360;BLACK;B+A+C;619;80;[IBGB2400000328975] [DFSH334001-FUCH_C_38_38_10] PACK BLOOMER BIO FUCHSIA | [IBGB2400000328974] [DFSH334001-FUCH_C_38_38_10] PACK BLOOMER BIO FUCHSIA | [IBGB2400000328973] [DFSH334001-FUCH_C_38_38_10] PACK BLOOMER BIO FUCHSIA | [IBGB2400000328972] [DFSH334001-FUCH_C_38_38_10] PACK BLOOMER BIO FUCHSIA | [IBGB2400000328965] [DFSH334001-FUCH_C_36_36_10] PACK BLOOMER BIO FUCHSIA | [IBGB2400000641818] [DFSH370005-CAME-37] BOOTS NORDIC FUR CAMEL (37) | [IBGB2400000641818] [DFSH370005-CAME-36] BOOTS NORDIC FUR CAMEL (36) | [IBGB2400000641818] [DFSH370005-CAME-41] BOOTS NORDIC FUR CAMEL (41) | [IBGB2400000641818] [DFSH370005-CAME-38] BOOTS NORDIC FUR CAMEL (38) | [IBG2023001370956] [DFSH397001-WHIT_WEB_C_41_45_9] Pack VENICE SLIDE SUMMER CLUB WHITE | [IBG2023001370956] [DFSH397001-WHIT_WEB_C_41_45_9] Pack VENICE SLIDE SUMMER CLUB WHITE | [IBG2023001370956] [DFSH397001-WHIT_WEB_C_41_45_9] Pack VENICE SLIDE SUMMER CLUB WHITE | [IBG2023001370956] [DFSH397001-WHIT_WEB_C_41_45_9] Pack VENICE SLIDE SUMMER CLUB WHITE | [IBG2023001370956] [DFSH397001-WHIT_WEB_C_41_45_9] Pack VENICE SLIDE SUMMER CLUB WHITE | [IBGB2400000650554] [DFKMAS0104] D.Franklin Mask III Black
CLABD/Stock/StorageBD/CLA-062-07-02-01;144;BLACK;D+A;157;120;[IBGB2400000545893] [DFSH370021-BEIG_C_40_40_12] PACK NORDIC LOW BASIC BEIGE | [IBGB2400000545892] [DFSH370021-BEIG_C_39_39_12] PACK NORDIC LOW BASIC BEIGE | [IBGB2400000545890] [DFSH370021-BEIG_C_39_39_12] PACK NORDIC LOW BASIC BEIGE | [IBGB2400000545886] [DFSH370021-BEIG_C_39_39_12] PACK NORDIC LOW BASIC BEIGE | [IBGB2400000545883] [DFSH370021-BEIG_C_39_39_12] PACK NORDIC LOW BASIC BEIGE | [IBGB2400000545880] [DFSH370021-BEIG_C_39_39_12] PACK NORDIC LOW BASIC BEIGE | [IBGB2400000545875] [DFSH370021-BEIG_C_39_39_12] PACK NORDIC LOW BASIC BEIGE | [IBGB2400000545862] [DFSH370021-BEIG_C_38_38_12] PACK NORDIC LOW BASIC BEIGE | [IBGB2400000545858] [DFSH370021-BEIG_C_38_38_12] PACK NORDIC LOW BASIC BEIGE | [IBGB2400000545256] [DFSH370011-BROW_C_42_42_12] Pack NORDIC TRK FUR LOW BROWN  (42) x 12 unid | [IBGB2400000545255] [DFSH370011-BROW_C_42_42_12] Pack NORDIC TRK FUR LOW BROWN  (42) x 12 unid | [IBGB2400000545216] [DFSH370011-BROW_C_41_41_12] Pack NORDIC TRK FUR LOW BROWN  (41) x 12 unid
CLABD/Stock/StorageBD/CLA-062-09-01-02;47;BLACK;B+C+A;619;40;[IBGB2400000315172] [NVK33410-0269-41] CORAL (41) | [IBGB2400000315172] [NVK33410-0269-38] CORAL (38) | [IBGB2400000642503] [DFSH375003-BLAC-39] NORDIC NOVA LEATHER BLACK (39) | [IBGB2400000642503] [DFSH375003-BLAC-37] NORDIC NOVA LEATHER BLACK (37) | [IBGB2400000642503] [DFSH375003-BLAC-36] NORDIC NOVA LEATHER BLACK (36) | [IBGB2400000642503] [DFSH375003-BLAC-38] NORDIC NOVA LEATHER BLACK (38) | [IBG2023001369721] [DFSH393001-WHIT_C_36_41_12] Pack DANA SLIDE SUMMER CLUB WHITE | [IBG2023001369721] [DFSH393001-WHIT_C_36_41_12] Pack DANA SLIDE SUMMER CLUB WHITE | [IBG2023001369721] [DFSH393001-WHIT_C_36_41_12] Pack DANA SLIDE SUMMER CLUB WHITE | [IBG2023001369721] [DFSH393001-WHIT_C_36_41_12] Pack DANA SLIDE SUMMER CLUB WHITE | [IBG2023001369721] [DFSH393001-WHIT_C_36_41_12] Pack DANA SLIDE SUMMER CLUB WHITE | [IBG2023001369721] [DFSH393001-WHIT_C_36_41_12] Pack DANA SLIDE SUMMER CLUB WHITE | [IBGB2400000056393] [DFSH321089-GOLD_C_40_40_12] Pack COURT STICH GOLD  / MULTI  (40) x 12 unid
CLABD/Stock/StorageBD/CLA-063-01-01-03;285;BLACK;A+C;619;80;[IBGB2400000680614] [DFSH370003-TAUP-36] BOOTS NORDIC BASIC TAUPE (36) | [IBGB2400000650553] [DFKMAS0020-NAVY] Mask Viraloff X D.Franklin Navy | [IBG2023001371311] [DFSH397001-WHIT_WEB_C_41_45_9] Pack VENICE SLIDE SUMMER CLUB WHITE | [IBG2023001371311] [DFSH397001-WHIT_WEB_C_41_45_9] Pack VENICE SLIDE SUMMER CLUB WHITE | [IBG2023001371311] [DFSH397001-WHIT_WEB_C_41_45_9] Pack VENICE SLIDE SUMMER CLUB WHITE | [IBG2023001371311] [DFSH397001-WHIT_WEB_C_41_45_9] Pack VENICE SLIDE SUMMER CLUB WHITE | [IBG2023001371311] [DFSH397001-WHIT_WEB_C_41_45_9] Pack VENICE SLIDE SUMMER CLUB WHITE | [IBG2023001371113] [DFSH397001-WHIT_WEB_C_41_45_9] Pack VENICE SLIDE SUMMER CLUB WHITE | [IBG2023001371113] [DFSH397001-WHIT_WEB_C_41_45_9] Pack VENICE SLIDE SUMMER CLUB WHITE | [IBG2023001371113] [DFSH397001-WHIT_WEB_C_41_45_9] Pack VENICE SLIDE SUMMER CLUB WHITE | [IBG2023001371113] [DFSH397001-WHIT_WEB_C_41_45_9] Pack VENICE SLIDE SUMMER CLUB WHITE | [IBG2023001371113] [DFSH397001-WHIT_WEB_C_41_45_9] Pack VENICE SLIDE SUMMER CLUB WHITE | [IBG2023001371090] [DFSH397001-WHIT_WEB_C_41_45_9] Pack VENICE SLIDE SUMMER CLUB WHITE | [IBG2023001371090] [DFSH397001-WHIT_WEB_C_41_45_9] Pack VENICE SLIDE SUMMER CLUB WHITE | [IBG2023001371090] [DFSH397001-WHIT_WEB_C_41_45_9] Pack VENICE SLIDE SUMMER CLUB WHITE | [IBG2023001371090] [DFSH397001-WHIT_WEB_C_41_45_9] Pack VENICE SLIDE SUMMER CLUB WHITE | [IBG2023001371090] [DFSH397001-WHIT_WEB_C_41_45_9] Pack VENICE SLIDE SUMMER CLUB WHITE | [IBG2023001370994] [DFSH397001-WHIT_WEB_C_41_45_9] Pack VENICE SLIDE SUMMER CLUB WHITE | [IBG2023001370994] [DFSH397001-WHIT_WEB_C_41_45_9] Pack VENICE SLIDE SUMMER CLUB WHITE | [IBG2023001370994] [DFSH397001-WHIT_WEB_C_41_45_9] Pack VENICE SLIDE SUMMER CLUB WHITE | [IBG2023001370994] [DFSH397001-WHIT_WEB_C_41_45_9] Pack VENICE SLIDE SUMMER CLUB WHITE | [IBG2023001370994] [DFSH397001-WHIT_WEB_C_41_45_9] Pack VENICE SLIDE SUMMER CLUB WHITE | [IBG2023001370987] [DFSH397001-WHIT_WEB_C_41_45_9] Pack VENICE SLIDE SUMMER CLUB WHITE | [IBG2023001370987] [DFSH397001-WHIT_WEB_C_41_45_9] Pack VENICE SLIDE SUMMER CLUB WHITE | [IBG2023001370987] [DFSH397001-WHIT_WEB_C_41_45_9] Pack VENICE SLIDE SUMMER CLUB WHITE | [IBG2023001370987] [DFSH397001-WHIT_WEB_C_41_45_9] Pack VENICE SLIDE SUMMER CLUB WHITE | [IBG2023001370987] [DFSH397001-WHIT_WEB_C_41_45_9] Pack VENICE SLIDE SUMMER CLUB WHITE | [IBG2023001370949] [DFSH397001-WHIT_WEB_C_41_45_9] Pack VENICE SLIDE SUMMER CLUB WHITE | [IBG2023001370949] [DFSH397001-WHIT_WEB_C_41_45_9] Pack VENICE SLIDE SUMMER CLUB WHITE | [IBG2023001370949] [DFSH397001-WHIT_WEB_C_41_45_9] Pack VENICE SLIDE SUMMER CLUB WHITE | [IBG2023001370949] [DFSH397001-WHIT_WEB_C_41_45_9] Pack VENICE SLIDE SUMMER CLUB WHITE | [IBG2023001370949] [DFSH397001-WHIT_WEB_C_41_45_9] Pack VENICE SLIDE SUMMER CLUB WHITE
CLABD/Stock/StorageBD/CLA-063-03-03-02;90;BLACK;A+C;571;90;[IBGB2400000068010] [DFSH371004-TAN_C_37_37_12] Pack Nordic V.2 Basic Low Tan (37) x 12 unid | [IBGB2400000068008] [DFSH371004-TAN_C_37_37_12] Pack Nordic V.2 Basic Low Tan (37) x 12 unid | [IBGB2400000068001] [DFSH371004-TAN_C_36_36_12] Pack Nordic V.2 Basic Low Tan (36) x 12 unid | [IBGG2400000003834] [DFSH394001-ORAN_C_36_41_9] Pack SONAX SLIDE ORANGE | [IBGG2400000003834] [DFSH394001-ORAN_C_36_41_9] Pack SONAX SLIDE ORANGE | [IBGG2400000003834] [DFSH394001-ORAN_C_36_41_9] Pack SONAX SLIDE ORANGE | [IBGG2400000003834] [DFSH394001-ORAN_C_36_41_9] Pack SONAX SLIDE ORANGE | [IBGG2400000003834] [DFSH394001-ORAN_C_36_41_9] Pack SONAX SLIDE ORANGE | [IBGG2400000003834] [DFSH394001-ORAN_C_36_41_9] Pack SONAX SLIDE ORANGE | [IBGG2400000003833] [DFSH394001-ORAN_C_36_41_9] Pack SONAX SLIDE ORANGE | [IBGG2400000003833] [DFSH394001-ORAN_C_36_41_9] Pack SONAX SLIDE ORANGE | [IBGG2400000003833] [DFSH394001-ORAN_C_36_41_9] Pack SONAX SLIDE ORANGE | [IBGG2400000003833] [DFSH394001-ORAN_C_36_41_9] Pack SONAX SLIDE ORANGE | [IBGG2400000003833] [DFSH394001-ORAN_C_36_41_9] Pack SONAX SLIDE ORANGE | [IBGG2400000003833] [DFSH394001-ORAN_C_36_41_9] Pack SONAX SLIDE ORANGE | [IBGG2400000003828] [DFSH394001-ORAN_C_36_41_9] Pack SONAX SLIDE ORANGE | [IBGG2400000003828] [DFSH394001-ORAN_C_36_41_9] Pack SONAX SLIDE ORANGE | [IBGG2400000003828] [DFSH394001-ORAN_C_36_41_9] Pack SONAX SLIDE ORANGE | [IBGG2400000003828] [DFSH394001-ORAN_C_36_41_9] Pack SONAX SLIDE ORANGE | [IBGG2400000003828] [DFSH394001-ORAN_C_36_41_9] Pack SONAX SLIDE ORANGE | [IBGG2400000003828] [DFSH394001-ORAN_C_36_41_9] Pack SONAX SLIDE ORANGE | [IBGG2400000003826] [DFSH394001-ORAN_C_36_41_9] Pack SONAX SLIDE ORANGE | [IBGG2400000003826] [DFSH394001-ORAN_C_36_41_9] Pack SONAX SLIDE ORANGE | [IBGG2400000003826] [DFSH394001-ORAN_C_36_41_9] Pack SONAX SLIDE ORANGE | [IBGG2400000003826] [DFSH394001-ORAN_C_36_41_9] Pack SONAX SLIDE ORANGE | [IBGG2400000003826] [DFSH394001-ORAN_C_36_41_9] Pack SONAX SLIDE ORANGE | [IBGG2400000003826] [DFSH394001-ORAN_C_36_41_9] Pack SONAX SLIDE ORANGE | [IBGG2400000003825] [DFSH394001-ORAN_C_36_41_9] Pack SONAX SLIDE ORANGE | [IBGG2400000003825] [DFSH394001-ORAN_C_36_41_9] Pack SONAX SLIDE ORANGE | [IBGG2400000003825] [DFSH394001-ORAN_C_36_41_9] Pack SONAX SLIDE ORANGE | [IBGG2400000003825] [DFSH394001-ORAN_C_36_41_9] Pack SONAX SLIDE ORANGE | [IBGG2400000003825] [DFSH394001-ORAN_C_36_41_9] Pack SONAX SLIDE ORANGE | [IBGG2400000003825] [DFSH394001-ORAN_C_36_41_9] Pack SONAX SLIDE ORANGE | [IBGG2400000003681] [DFSH394001-BLAC_C_36_41_9] Pack SONAX SLIDE BLACK | [IBGG2400000003681] [DFSH394001-BLAC_C_36_41_9] Pack SONAX SLIDE BLACK | [IBGG2400000003681] [DFSH394001-BLAC_C_36_41_9] Pack SONAX SLIDE BLACK | [IBGG2400000003681] [DFSH394001-BLAC_C_36_41_9] Pack SONAX SLIDE BLACK | [IBGG2400000003681] [DFSH394001-BLAC_C_36_41_9] Pack SONAX SLIDE BLACK | [IBGG2400000003681] [DFSH394001-BLAC_C_36_41_9] Pack SONAX SLIDE BLACK
CLABD/Stock/StorageBD/CLA-063-04-01-02;93;BLACK;B+A+C;619;80;[IBGB2400000734223] [DFTXPUF004-NAVY-XS] Logo Puffer Navy (XS) | [IBGB2400000734223] [DFTXPUF004-NAVY-M] Logo Puffer Navy (M) | [IBGB2400000734220] [DFTXHOD017-BLAC-M] D Is Not For Doctor Hoodie Black (M) | [IBGB2400000734217] [DFACSC2308-BLAC] NORDIC BASIC SCARF BLACK | [IBGB2400000734217] [DFACSC2306-TAUP] NORDIC BASIC SCARF TAUPE | [IBGB2400000734217] [DFACSC2302-PINK] NORDIC BASIC PLAID SCARF PINK/BLUE | [IBGB2400000733964] [DFACBE2304-BLAC] NORDIC BOMB SLOUCH BEANIE BLACK | [IBGB2400000733961] [DFACSC2308-BLAC] NORDIC BASIC SCARF BLACK | [IBGB2400000733956] [DFTXHOD019-GREE-M] Worldwide Hoodie Green (M) | [IBGB2400000733954] [DFACSC2303-BLAC] NORDIC BOMB PLAID SCARF BLACK | [IBG2023001371021] [DFSH397001-WHIT_WEB_C_41_45_9] Pack VENICE SLIDE SUMMER CLUB WHITE | [IBG2023001371021] [DFSH397001-WHIT_WEB_C_41_45_9] Pack VENICE SLIDE SUMMER CLUB WHITE | [IBG2023001371021] [DFSH397001-WHIT_WEB_C_41_45_9] Pack VENICE SLIDE SUMMER CLUB WHITE | [IBG2023001371021] [DFSH397001-WHIT_WEB_C_41_45_9] Pack VENICE SLIDE SUMMER CLUB WHITE | [IBG2023001371021] [DFSH397001-WHIT_WEB_C_41_45_9] Pack VENICE SLIDE SUMMER CLUB WHITE
CLABD/Stock/StorageBD/CLA-063-04-01-03;50;BLACK;A+C;382;50;[IBGB2400000736560] [DFSH369002-WHIT-36] COURT BOMB MED WHITE (36) | [IBGB2400000733775] [DFSH371004-TAUP-40] BOOTS NORDIC.V2 BASIC LOW TAUPE (40) | [IBGB2400000733775] [DFSH371004-TAUP-36] BOOTS NORDIC.V2 BASIC LOW TAUPE (36) | [IBGB2400000733775] [DFSH371004-TAUP-39] BOOTS NORDIC.V2 BASIC LOW TAUPE (39) | [IBGB2400000733775] [DFSH371004-TAUP-37] BOOTS NORDIC.V2 BASIC LOW TAUPE (37) | [IBGB2400000733775] [DFSH371004-TAUP-41] BOOTS NORDIC.V2 BASIC LOW TAUPE (41) | [IBGB2400000733775] [DFSH371004-TAUP-38] BOOTS NORDIC.V2 BASIC LOW TAUPE (38) | [IBGB2400000733769] [LI330261-0334-37] Mercredy Slipper Capuccino (37) | [IBGB2400000733769] [LI330261-0334-38] Mercredy Slipper Capuccino (38) | [IBGB2400000733769] [LI330261-0334-36] Mercredy Slipper Capuccino (36) | [IBGB2400000733769] [LI330261-0334-39] Mercredy Slipper Capuccino (39) | [IBGB2400000074757] [DFSH371004-TAN_C_39_39_12] Pack Nordic V.2 Basic Low Tan (39) x 12 unid | [IBGB2400000074738] [DFSH371004-TAN_C_39_39_12] Pack Nordic V.2 Basic Low Tan (39) x 12 unid
CLABD/Stock/StorageBD/CLA-063-04-02-02;36;BLACK;D+B+A;128;30;[IBGB2400000570481] [DFSH391012-BEIG_C_36_41_12] PACK ALL TRACK STRAP BEIGE | [IBGB2400000570481] [DFSH391012-BEIG_C_36_41_12] PACK ALL TRACK STRAP BEIGE | [IBGB2400000570481] [DFSH391012-BEIG_C_36_41_12] PACK ALL TRACK STRAP BEIGE | [IBGB2400000570481] [DFSH391012-BEIG_C_36_41_12] PACK ALL TRACK STRAP BEIGE | [IBGB2400000570481] [DFSH391012-BEIG_C_36_41_12] PACK ALL TRACK STRAP BEIGE | [IBGB2400000570481] [DFSH391012-BEIG_C_36_41_12] PACK ALL TRACK STRAP BEIGE | [IBGB2400000570467] [DFSH391012-BEIG_C_36_41_12] PACK ALL TRACK STRAP BEIGE | [IBGB2400000570467] [DFSH391012-BEIG_C_36_41_12] PACK ALL TRACK STRAP BEIGE | [IBGB2400000570467] [DFSH391012-BEIG_C_36_41_12] PACK ALL TRACK STRAP BEIGE | [IBGB2400000570467] [DFSH391012-BEIG_C_36_41_12] PACK ALL TRACK STRAP BEIGE | [IBGB2400000570467] [DFSH391012-BEIG_C_36_41_12] PACK ALL TRACK STRAP BEIGE | [IBGB2400000570467] [DFSH391012-BEIG_C_36_41_12] PACK ALL TRACK STRAP BEIGE | [IBGB2400000570335] [DFSH391001-BEIG_C_36_41_12] PackALL TRACK BASIC BEIGE | [IBGB2400000570335] [DFSH391001-BEIG_C_36_41_12] PackALL TRACK BASIC BEIGE | [IBGB2400000570335] [DFSH391001-BEIG_C_36_41_12] PackALL TRACK BASIC BEIGE | [IBGB2400000570335] [DFSH391001-BEIG_C_36_41_12] PackALL TRACK BASIC BEIGE | [IBGB2400000570335] [DFSH391001-BEIG_C_36_41_12] PackALL TRACK BASIC BEIGE | [IBGB2400000570335] [DFSH391001-BEIG_C_36_41_12] PackALL TRACK BASIC BEIGE
CLABD/Stock/StorageBD/CLA-063-05-01-02;27;BLACK;A+C;435;30;[IBGB2400000054664] [DFSH371012-BEIG_C_36_41_9] PackNORDIC V.2 LOW BEIG | [IBGB2400000054664] [DFSH371012-BEIG_C_36_41_9] PackNORDIC V.2 LOW BEIG | [IBGB2400000054664] [DFSH371012-BEIG_C_36_41_9] PackNORDIC V.2 LOW BEIG | [IBGB2400000054664] [DFSH371012-BEIG_C_36_41_9] PackNORDIC V.2 LOW BEIG | [IBGB2400000054664] [DFSH371012-BEIG_C_36_41_9] PackNORDIC V.2 LOW BEIG | [IBGB2400000054664] [DFSH371012-BEIG_C_36_41_9] PackNORDIC V.2 LOW BEIG | [IBGB2400000054654] [DFSH371012-BEIG_C_36_41_9] PackNORDIC V.2 LOW BEIG | [IBGB2400000054654] [DFSH371012-BEIG_C_36_41_9] PackNORDIC V.2 LOW BEIG | [IBGB2400000054654] [DFSH371012-BEIG_C_36_41_9] PackNORDIC V.2 LOW BEIG | [IBGB2400000054654] [DFSH371012-BEIG_C_36_41_9] PackNORDIC V.2 LOW BEIG | [IBGB2400000054654] [DFSH371012-BEIG_C_36_41_9] PackNORDIC V.2 LOW BEIG | [IBGB2400000054654] [DFSH371012-BEIG_C_36_41_9] PackNORDIC V.2 LOW BEIG | [IBGB2400000054630] [DFSH371012-BEIG_C_36_41_9] PackNORDIC V.2 LOW BEIG | [IBGB2400000054630] [DFSH371012-BEIG_C_36_41_9] PackNORDIC V.2 LOW BEIG | [IBGB2400000054630] [DFSH371012-BEIG_C_36_41_9] PackNORDIC V.2 LOW BEIG | [IBGB2400000054630] [DFSH371012-BEIG_C_36_41_9] PackNORDIC V.2 LOW BEIG | [IBGB2400000054630] [DFSH371012-BEIG_C_36_41_9] PackNORDIC V.2 LOW BEIG | [IBGB2400000054630] [DFSH371012-BEIG_C_36_41_9] PackNORDIC V.2 LOW BEIG
CLABD/Stock/StorageBD/CLA-063-05-01-03;81;BLACK;A+B+D;521;70;[IBGB2400000076459] [DFSH371010-BLAC_C_37_37_12] Pack Nordic V.2 Low Bomb Black (37) x 12 unid | [IBGB2400000075269] [DFSH371006-BEIG_C_36_36_12] Pack Nordic V.2 Bomb Beige (36) x 12 unid | [IBGB2400000073880] [DFSH370004-BLAC_C_37_37_12] Pack Nordic Fur Black (37) x 12 unid | [IBGB2400000073879] [DFSH370004-BLAC_C_37_37_12] Pack Nordic Fur Black (37) x 12 unid | [IBGB2400000073874] [DFSH370004-BLAC_C_37_37_12] Pack Nordic Fur Black (37) x 12 unid | [IBGB2400000328984] [DFSH334001-FUCH-39] BLOOMER BIO FUCHSIA (39) | [IBGB2400000554535] [DFSH347011-SILV_C_36_41_12] PACK 347 TRACK MULTI SILVER | [IBGB2400000554535] [DFSH347011-SILV_C_36_41_12] PACK 347 TRACK MULTI SILVER | [IBGB2400000554535] [DFSH347011-SILV_C_36_41_12] PACK 347 TRACK MULTI SILVER | [IBGB2400000554535] [DFSH347011-SILV_C_36_41_12] PACK 347 TRACK MULTI SILVER | [IBGB2400000554535] [DFSH347011-SILV_C_36_41_12] PACK 347 TRACK MULTI SILVER | [IBGB2400000554535] [DFSH347011-SILV_C_36_41_12] PACK 347 TRACK MULTI SILVER
CLABD/Stock/StorageBD/CLA-063-07-01-01;68;BLACK;B+A+C;522;50;[IBGB2400000056341] [DFSH321089-GOLD_C_38_38_12] Pack COURT STICH GOLD  / MULTI  (38) x 12 unid | [IBGB2400000056323] [DFSH321089-GOLD_C_37_37_12] Pack COURT STICH GOLD  / MULTI  (37) x 12 unid | [IBGB2400000312081] [KV330025-0067-39] Yellow Ecological Sneakers Mercredy (39) | [IBGB2400000312081] [KV330025-0067-36] Yellow Ecological Sneakers Mercredy (36) | [IBGB2400000312081] [KV330025-0067-41] Yellow Ecological Sneakers Mercredy (41) | [IBGB2400000312081] [KV330025-0067-38] Yellow Ecological Sneakers Mercredy (38) | [IBGB2400000312081] [KV330025-0067-40] Yellow Ecological Sneakers Mercredy (40) | [IBGB2400000312081] [KV330025-0067-37] Yellow Ecological Sneakers Mercredy (37) | [IBGB2400000312068] [KV330025-0067-37] Yellow Ecological Sneakers Mercredy (37) | [IBGB2400000312068] [KV330025-0067-39] Yellow Ecological Sneakers Mercredy (39) | [IBGB2400000312068] [KV330025-0067-38] Yellow Ecological Sneakers Mercredy (38) | [IBGB2400000312068] [KV330025-0067-36] Yellow Ecological Sneakers Mercredy (36) | [IBGB2400000312068] [KV330025-0067-41] Yellow Ecological Sneakers Mercredy (41) | [IBGB2400000312068] [KV330025-0067-40] Yellow Ecological Sneakers Mercredy (40) | [IBGB2400000312552] [MIK34901-0043-45] PVC BEIGE (45) | [IBGB2400000312552] [MIK34901-0043-44] PVC BEIGE (44) | [IBGB2400000312552] [MIK34901-0043-43] PVC BEIGE (43) | [IBGB2400000312552] [MIK34901-0043-42] PVC BEIGE (42)
CLABD/Stock/StorageBD/CLA-063-08-01-02;78;BLACK;A+D+C;435;70;[IBGB2400000548604] [DFSH371004-TAUP_C_38_38_12] Pack Nordic V.2 Basic Low Taupe (38) x 12 unid | [IBGB2400000547282] [DFSH370021-TAUP_C_40_40_12] PACK NORDIC LOW BASIC TAUPE | [IBGB2400000546726] [DFSH370021-TAN_C_39_39_12] PACK NORDIC LOW BASIC TAN | [IBGB2400000546065] [DFSH370021-BLAC_C_39_39_12] PACK NORDIC LOW BASIC BLACK | [IBGB2400000504053] [DFSH370011-BLAC_C_36_41_12] PackNORDIC TRK FUR LOW BLACK  | [IBGB2400000504053] [DFSH370011-BLAC_C_36_41_12] PackNORDIC TRK FUR LOW BLACK  | [IBGB2400000504053] [DFSH370011-BLAC_C_36_41_12] PackNORDIC TRK FUR LOW BLACK  | [IBGB2400000504053] [DFSH370011-BLAC_C_36_41_12] PackNORDIC TRK FUR LOW BLACK  | [IBGB2400000504053] [DFSH370011-BLAC_C_36_41_12] PackNORDIC TRK FUR LOW BLACK  | [IBGB2400000504053] [DFSH370011-BLAC_C_36_41_12] PackNORDIC TRK FUR LOW BLACK  | [IBGB2400000054648] [DFSH371012-BEIG_C_36_41_9] PackNORDIC V.2 LOW BEIG | [IBGB2400000054648] [DFSH371012-BEIG_C_36_41_9] PackNORDIC V.2 LOW BEIG | [IBGB2400000054648] [DFSH371012-BEIG_C_36_41_9] PackNORDIC V.2 LOW BEIG | [IBGB2400000054648] [DFSH371012-BEIG_C_36_41_9] PackNORDIC V.2 LOW BEIG | [IBGB2400000054648] [DFSH371012-BEIG_C_36_41_9] PackNORDIC V.2 LOW BEIG | [IBGB2400000054648] [DFSH371012-BEIG_C_36_41_9] PackNORDIC V.2 LOW BEIG | [IBGB2400000054647] [DFSH371012-BEIG_C_36_41_9] PackNORDIC V.2 LOW BEIG | [IBGB2400000054647] [DFSH371012-BEIG_C_36_41_9] PackNORDIC V.2 LOW BEIG | [IBGB2400000054647] [DFSH371012-BEIG_C_36_41_9] PackNORDIC V.2 LOW BEIG | [IBGB2400000054647] [DFSH371012-BEIG_C_36_41_9] PackNORDIC V.2 LOW BEIG | [IBGB2400000054647] [DFSH371012-BEIG_C_36_41_9] PackNORDIC V.2 LOW BEIG | [IBGB2400000054647] [DFSH371012-BEIG_C_36_41_9] PackNORDIC V.2 LOW BEIG
CLABD/Stock/StorageBD/CLA-064-01-01-02;24;BLACK;B+A+D;144;20;[IBGB2400000582506] [DFSH387005-BLAC_C_41_46_12] PACK Rebel Basic Flag Black | [IBGB2400000582506] [DFSH387005-BLAC_C_41_46_12] PACK Rebel Basic Flag Black | [IBGB2400000582506] [DFSH387005-BLAC_C_41_46_12] PACK Rebel Basic Flag Black | [IBGB2400000582506] [DFSH387005-BLAC_C_41_46_12] PACK Rebel Basic Flag Black | [IBGB2400000582506] [DFSH387005-BLAC_C_41_46_12] PACK Rebel Basic Flag Black | [IBGB2400000582506] [DFSH387005-BLAC_C_41_46_12] PACK Rebel Basic Flag Black | [IBGB2400000582505] [DFSH387005-BLAC_C_41_46_12] PACK Rebel Basic Flag Black | [IBGB2400000582505] [DFSH387005-BLAC_C_41_46_12] PACK Rebel Basic Flag Black | [IBGB2400000582505] [DFSH387005-BLAC_C_41_46_12] PACK Rebel Basic Flag Black | [IBGB2400000582505] [DFSH387005-BLAC_C_41_46_12] PACK Rebel Basic Flag Black | [IBGB2400000582505] [DFSH387005-BLAC_C_41_46_12] PACK Rebel Basic Flag Black | [IBGB2400000582505] [DFSH387005-BLAC_C_41_46_12] PACK Rebel Basic Flag Black
CLABD/Stock/StorageBD/CLA-064-02-01-03;104;BLACK;B+A+C;702;110;[IBG2023001170389] [DFBG24W101-BLAC_C_10] Pack Bomb Weekender Black x 10 unid | [IBGB2400000838600] [DFSH334001-BLUE-44] BLOOMER BIO BLUE (44) | [IBGB2400000838600] [DFSH334001-ORAN-39] BLOOMER BIO ORANGE (39) | [IBGB2400000838600] [DFSH334001-ORAN-38] BLOOMER BIO ORANGE (38) | [IBGB2400000838600] [DFSH334001-BLUE-45] BLOOMER BIO BLUE (45) | [IBGB2400000838595] [DFSH334001-BLUE-44] BLOOMER BIO BLUE (44) | [IBGB2400000838595] [DFSH334001-BLUE-45] BLOOMER BIO BLUE (45) | [IBGB2400000838595] [DFSH334001-BLUE-43] BLOOMER BIO BLUE (43) | [IBGB2400000838595] [DFSH334001-ORAN-39] BLOOMER BIO ORANGE (39) | [IBGB2400000838595] [DFSH334001-ORAN-38] BLOOMER BIO ORANGE (38) | [IBGB2400000838595] [DFSH334001-OLIV-38] BLOOMER BIO OLIVE (38) | [IBGB2400000838595] [DFSH334001-OLIV-40] BLOOMER BIO OLIVE (40) | [IBGB2400000838595] [DFSH334001-BEIG-44] BLOOMER BIO BEIGE (44) | [IBGB2400000838587] [DFSH334009-GREY-37] BLOOMER NIP GREY (37) | [IBGB2400000838587] [DFSH334001-FUCH-39] BLOOMER BIO FUCHSIA (39) | [IBGB2400000838587] [DFSH334001-BLUE-45] BLOOMER BIO BLUE (45) | [IBGB2400000838587] [DFSH334001-BLUE-44] BLOOMER BIO BLUE (44) | [IBGB2400000838587] [DFSH334009-ORAN-41] BLOOMER NIP ORANGE (41) | [IBGB2400000838587] [DFSH334001-BEIG-44] BLOOMER BIO BEIGE (44) | [IBGB2400000838587] [DFSH334001-ORAN-37] BLOOMER BIO ORANGE (37) | [IBGB2400000838587] [DFSH334001-KHAK-46] BLOOMER BIO KHAKI (46) | [IBGB2400000838573] [DFSH334001-FUCH-39] BLOOMER BIO FUCHSIA (39) | [IBGB2400000838573] [DFSH334001-BLUE-44] BLOOMER BIO BLUE (44) | [IBGB2400000838573] [DFSH334001-BLUE-45] BLOOMER BIO BLUE (45) | [IBGB2400000838573] [DFSH334001-BLUE-43] BLOOMER BIO BLUE (43) | [IBGB2400000838559] [DFSH334001-BLUE-44] BLOOMER BIO BLUE (44) | [IBGB2400000838559] [DFSH334001-BLUE-43] BLOOMER BIO BLUE (43) | [IBGB2400000838559] [DFSH334001-BEIG-44] BLOOMER BIO BEIGE (44) | [IBGB2400000838559] [DFSH334001-FUCH-37] BLOOMER BIO FUCHSIA (37) | [IBGB2400000838559] [DFSH334001-FUCH-39] BLOOMER BIO FUCHSIA (39) | [IBGB2400000838559] [DFSH334001-BLUE-45] BLOOMER BIO BLUE (45) | [IBGB2400000838559] [DFSH334001-ROSE-36] BLOOMER BIO ROSE GOLD  (36) | [IBGB2400000838559] [DFSH334001-ORAN-38] BLOOMER BIO ORANGE (38) | [IBGB2400000838559] [DFSH334009-GREY-39] BLOOMER NIP GREY (39) | [IBGB2400000838541] [DFSH334001-ORAN-38] BLOOMER BIO ORANGE (38) | [IBGB2400000838541] [DFSH334001-TAUP-37] BLOOMER BIO TAUPE (37) | [IBGB2400000838541] [DFSH334001-BLUE-45] BLOOMER BIO BLUE (45) | [IBGB2400000838541] [DFSH334001-BLUE-44] BLOOMER BIO BLUE (44) | [IBGB2400000838541] [DFSH334001-BLAC-36] BLOOMER BIO BLACK (36) | [IBGB2400000838541] [DFSH334009-GREY-39] BLOOMER NIP GREY (39) | [IBGB2400000838541] [DFSH334001-ORAN-37] BLOOMER BIO ORANGE (37) | [IBGB2400000838528] [DFSH334001-KHAK-45] BLOOMER BIO KHAKI (45) | [IBGB2400000838528] [DFSH334001-BEIG-44] BLOOMER BIO BEIGE (44) | [IBGB2400000838528] [DFSH334009-GREY-37] BLOOMER NIP GREY (37) | [IBGB2400000838528] [DFSH334001-TAUP-36] BLOOMER BIO TAUPE (36) | [IBGB2400000838528] [DFSH334009-GREY-39] BLOOMER NIP GREY (39) | [IBGB2400000838528] [DFSH334001-OLIV-41] BLOOMER BIO OLIVE (41) | [IBGB2400000838528] [DFSH334001-TAUP-40] BLOOMER BIO TAUPE (40) | [IBGB2400000838528] [DFSH334001-ROSE-39] BLOOMER BIO ROSE GOLD  (39) | [IBGB2400000838486] [DFSH334001-BLUE-44] BLOOMER BIO BLUE (44) | [IBGB2400000838486] [DFSH334001-PURP-38] BLOOMER BIO PURPLE (38) | [IBGB2400000838486] [DFSH334001-BLUE-45] BLOOMER BIO BLUE (45) | [IBGB2400000838486] [DFSH334001-OLIV-44] BLOOMER BIO OLIVE (44) | [IBGB2400000838468] [DFSH334001-SILV-39] BLOOMER BIO SILVER  (39) | [IBGB2400000838468] [DFSH334001-ORAN-37] BLOOMER BIO ORANGE (37) | [IBGB2400000838468] [DFSH334001-GOLD-38] BLOOMER BIO GOLD  (38) | [IBGB2400000838468] [DFSH334009-GREY-38] BLOOMER NIP GREY (38) | [IBGB2400000838468] [DFSH334001-GOLD-41] BLOOMER BIO GOLD  (41) | [IBGB2400000838468] [DFSH334001-BLUE-44] BLOOMER BIO BLUE (44) | [IBGB2400000838468] [DFSH334001-BLAC-38] BLOOMER BIO BLACK (38) | [IBGB2400000838444] [DFSH334009-GREY-39] BLOOMER NIP GREY (39) | [IBGB2400000838444] [DFSH334009-GREY-37] BLOOMER NIP GREY (37) | [IBGB2400000838444] [DFSH334009-ORAN-37] BLOOMER NIP ORANGE (37) | [IBGB2400000838444] [DFSH334001-BEIG-44] BLOOMER BIO BEIGE (44) | [IBGB2400000838444] [DFSH334001-BLUE-43] BLOOMER BIO BLUE (43) | [IBGB2400000838444] [DFSH334001-BLUE-45] BLOOMER BIO BLUE (45)
CLABD/Stock/StorageBD/CLA-064-02-03-03;62;BLACK;C+A+D;31;50;[IBGB2400000839863] [DFSH397001-OFFW-43] VENICE SLIDE OFF WHITE (43) | [IBGB2400000839863] [DFSH397001-BLAC-43] VENICE SLIDE SUMMER CLUB BLACK (43) | [IBGB2400000839863] [DFSH397001-BLAC-42] VENICE SLIDE SUMMER CLUB BLACK (42) | [IBGB2400000839863] [DFSH397001-BLAC-44] VENICE SLIDE SUMMER CLUB BLACK (44) | [IBGB2400000839856] [DFSH397001-OFFW-43] VENICE SLIDE OFF WHITE (43) | [IBGB2400000839856] [DFSH397001-FBLA-38] VENICE SLIDE FULL BLACK (38) | [IBGB2400000839856] [DFSH397001-BLAC-42] VENICE SLIDE SUMMER CLUB BLACK (42) | [IBGB2400000839856] [DFSH397001-BLAC-43] VENICE SLIDE SUMMER CLUB BLACK (43) | [IBGB2400000839856] [DFSH397001-OFFW-42] VENICE SLIDE OFF WHITE (42) | [IBGB2400000839856] [DFSH397001-BLAC-44] VENICE SLIDE SUMMER CLUB BLACK (44) | [IBGB2400000839856] [DFSH397001-OFFW-41] VENICE SLIDE OFF WHITE (41) | [IBGB2400000839787] [DFSH397001-OFFW-42] VENICE SLIDE OFF WHITE (42) | [IBGB2400000839787] [DFSH397001-OFFW-41] VENICE SLIDE OFF WHITE (41) | [IBGB2400000839787] [DFSH397001-OFFW-38] VENICE SLIDE OFF WHITE (38) | [IBGB2400000839787] [DFSH397001-OFFW-44] VENICE SLIDE OFF WHITE (44) | [IBGB2400000839787] [DFSH397001-OFFW-39] VENICE SLIDE OFF WHITE (39) | [IBGB2400000839787] [DFSH397001-OFFW-43] VENICE SLIDE OFF WHITE (43) | [IBGB2400000839787] [DFSH397001-OFFW-40] VENICE SLIDE OFF WHITE (40) | [IBGB2400000839787] [DFSH397001-OFFW-37] VENICE SLIDE OFF WHITE (37) | [IBGB2400000839780] [DFSH397001-WHIT-43] VENICE SLIDE SUMMER CLUB WHITE (43) | [IBGB2400000839780] [DFSH397001-BLAC-43] VENICE SLIDE SUMMER CLUB BLACK (43) | [IBGB2400000839780] [DFSH397001-BLAC-42] VENICE SLIDE SUMMER CLUB BLACK (42) | [IBGB2400000839780] [DFSH397001-OFFW-39] VENICE SLIDE OFF WHITE (39) | [IBGB2400000839780] [DFSH397001-OFFW-40] VENICE SLIDE OFF WHITE (40) | [IBGB2400000839780] [DFSH397001-OFFW-44] VENICE SLIDE OFF WHITE (44) | [IBGB2400000839780] [DFSH397001-BLAC-44] VENICE SLIDE SUMMER CLUB BLACK (44) | [IBGB2400000839780] [DFSH397001-OFFW-38] VENICE SLIDE OFF WHITE (38) | [IBGB2400000839780] [DFSH397001-OFFW-37] VENICE SLIDE OFF WHITE (37) | [IBGB2400000839780] [DFSH397001-OFFW-43] VENICE SLIDE OFF WHITE (43) | [IBGB2400000839780] [DFSH397001-OFFW-41] VENICE SLIDE OFF WHITE (41) | [IBGB2400000839745] [DFSH370021-TAN-42] NORDIC LOW BASIC TAN (42) | [IBGB2400000839745] [DFSH370021-TAN-40] NORDIC LOW BASIC TAN (40) | [IBGB2400000839745] [DFSH370021-TAN-37] NORDIC LOW BASIC TAN (37) | [IBGB2400000839745] [DFSH370021-TAN-39] NORDIC LOW BASIC TAN (39) | [IBGB2400000839745] [DFSH370021-TAN-38] NORDIC LOW BASIC TAN (38) | [IBGB2400000839745] [DFSH370021-TAN-41] NORDIC LOW BASIC TAN (41)
CLABD/Stock/StorageBD/CLA-064-03-03-02;12;BLACK;B+A+D;144;10;[IBGB2400000582504] [DFSH387005-BLAC_C_41_46_12] PACK Rebel Basic Flag Black | [IBGB2400000582504] [DFSH387005-BLAC_C_41_46_12] PACK Rebel Basic Flag Black | [IBGB2400000582504] [DFSH387005-BLAC_C_41_46_12] PACK Rebel Basic Flag Black | [IBGB2400000582504] [DFSH387005-BLAC_C_41_46_12] PACK Rebel Basic Flag Black | [IBGB2400000582504] [DFSH387005-BLAC_C_41_46_12] PACK Rebel Basic Flag Black | [IBGB2400000582504] [DFSH387005-BLAC_C_41_46_12] PACK Rebel Basic Flag Black
CLABD/Stock/StorageBD/CLA-064-03-03-03;60;BLACK;B+A+D;144;50;[IBGB2400000582676] [DFSH387006-BLAC_C_41_46_12] PACK Rebel Micro Black | [IBGB2400000582676] [DFSH387006-BLAC_C_41_46_12] PACK Rebel Micro Black | [IBGB2400000582676] [DFSH387006-BLAC_C_41_46_12] PACK Rebel Micro Black | [IBGB2400000582676] [DFSH387006-BLAC_C_41_46_12] PACK Rebel Micro Black | [IBGB2400000582676] [DFSH387006-BLAC_C_41_46_12] PACK Rebel Micro Black | [IBGB2400000582676] [DFSH387006-BLAC_C_41_46_12] PACK Rebel Micro Black | [IBGB2400000582664] [DFSH387006-BLAC_C_41_46_12] PACK Rebel Micro Black | [IBGB2400000582664] [DFSH387006-BLAC_C_41_46_12] PACK Rebel Micro Black | [IBGB2400000582664] [DFSH387006-BLAC_C_41_46_12] PACK Rebel Micro Black | [IBGB2400000582664] [DFSH387006-BLAC_C_41_46_12] PACK Rebel Micro Black | [IBGB2400000582664] [DFSH387006-BLAC_C_41_46_12] PACK Rebel Micro Black | [IBGB2400000582664] [DFSH387006-BLAC_C_41_46_12] PACK Rebel Micro Black | [IBGB2400000582657] [DFSH387006-BLAC_C_41_46_12] PACK Rebel Micro Black | [IBGB2400000582657] [DFSH387006-BLAC_C_41_46_12] PACK Rebel Micro Black | [IBGB2400000582657] [DFSH387006-BLAC_C_41_46_12] PACK Rebel Micro Black | [IBGB2400000582657] [DFSH387006-BLAC_C_41_46_12] PACK Rebel Micro Black | [IBGB2400000582657] [DFSH387006-BLAC_C_41_46_12] PACK Rebel Micro Black | [IBGB2400000582657] [DFSH387006-BLAC_C_41_46_12] PACK Rebel Micro Black | [IBGB2400000582549] [DFSH387005-CREA_C_41_46_12] PACK REBEL CREAM | [IBGB2400000582549] [DFSH387005-CREA_C_41_46_12] PACK REBEL CREAM | [IBGB2400000582549] [DFSH387005-CREA_C_41_46_12] PACK REBEL CREAM | [IBGB2400000582549] [DFSH387005-CREA_C_41_46_12] PACK REBEL CREAM | [IBGB2400000582549] [DFSH387005-CREA_C_41_46_12] PACK REBEL CREAM | [IBGB2400000582549] [DFSH387005-CREA_C_41_46_12] PACK REBEL CREAM | [IBGB2400000582543] [DFSH387005-CREA_C_41_46_12] PACK REBEL CREAM | [IBGB2400000582543] [DFSH387005-CREA_C_41_46_12] PACK REBEL CREAM | [IBGB2400000582543] [DFSH387005-CREA_C_41_46_12] PACK REBEL CREAM | [IBGB2400000582543] [DFSH387005-CREA_C_41_46_12] PACK REBEL CREAM | [IBGB2400000582543] [DFSH387005-CREA_C_41_46_12] PACK REBEL CREAM | [IBGB2400000582543] [DFSH387005-CREA_C_41_46_12] PACK REBEL CREAM
CLABD/Stock/StorageBD/CLA-064-04-01-03;60;BLACK;B+A+C+D;144;50;[IBGB2400000582649] [DFSH387006-BLAC_C_36_41_12] PACK REBEL BASIC FLAG BLACK  | [IBGB2400000582649] [DFSH387006-BLAC_C_36_41_12] PACK REBEL BASIC FLAG BLACK  | [IBGB2400000582649] [DFSH387006-BLAC_C_36_41_12] PACK REBEL BASIC FLAG BLACK  | [IBGB2400000582649] [DFSH387006-BLAC_C_36_41_12] PACK REBEL BASIC FLAG BLACK  | [IBGB2400000582649] [DFSH387006-BLAC_C_36_41_12] PACK REBEL BASIC FLAG BLACK  | [IBGB2400000582649] [DFSH387006-BLAC_C_36_41_12] PACK REBEL BASIC FLAG BLACK  | [IBGB2400000582643] [DFSH387006-BLAC_C_36_41_12] PACK REBEL BASIC FLAG BLACK  | [IBGB2400000582643] [DFSH387006-BLAC_C_36_41_12] PACK REBEL BASIC FLAG BLACK  | [IBGB2400000582643] [DFSH387006-BLAC_C_36_41_12] PACK REBEL BASIC FLAG BLACK  | [IBGB2400000582643] [DFSH387006-BLAC_C_36_41_12] PACK REBEL BASIC FLAG BLACK  | [IBGB2400000582643] [DFSH387006-BLAC_C_36_41_12] PACK REBEL BASIC FLAG BLACK  | [IBGB2400000582643] [DFSH387006-BLAC_C_36_41_12] PACK REBEL BASIC FLAG BLACK  | [IBGB2400000582634] [DFSH387006-BLAC_C_36_41_12] PACK REBEL BASIC FLAG BLACK  | [IBGB2400000582634] [DFSH387006-BLAC_C_36_41_12] PACK REBEL BASIC FLAG BLACK  | [IBGB2400000582634] [DFSH387006-BLAC_C_36_41_12] PACK REBEL BASIC FLAG BLACK  | [IBGB2400000582634] [DFSH387006-BLAC_C_36_41_12] PACK REBEL BASIC FLAG BLACK  | [IBGB2400000582634] [DFSH387006-BLAC_C_36_41_12] PACK REBEL BASIC FLAG BLACK  | [IBGB2400000582634] [DFSH387006-BLAC_C_36_41_12] PACK REBEL BASIC FLAG BLACK  | [IBGB2400000582675] [DFSH387006-BLAC_C_41_46_12] PACK Rebel Micro Black | [IBGB2400000582675] [DFSH387006-BLAC_C_41_46_12] PACK Rebel Micro Black | [IBGB2400000582675] [DFSH387006-BLAC_C_41_46_12] PACK Rebel Micro Black | [IBGB2400000582675] [DFSH387006-BLAC_C_41_46_12] PACK Rebel Micro Black | [IBGB2400000582675] [DFSH387006-BLAC_C_41_46_12] PACK Rebel Micro Black | [IBGB2400000582675] [DFSH387006-BLAC_C_41_46_12] PACK Rebel Micro Black | [IBGB2400000582534] [DFSH387005-CREA_C_41_46_12] PACK REBEL CREAM | [IBGB2400000582534] [DFSH387005-CREA_C_41_46_12] PACK REBEL CREAM | [IBGB2400000582534] [DFSH387005-CREA_C_41_46_12] PACK REBEL CREAM | [IBGB2400000582534] [DFSH387005-CREA_C_41_46_12] PACK REBEL CREAM | [IBGB2400000582534] [DFSH387005-CREA_C_41_46_12] PACK REBEL CREAM | [IBGB2400000582534] [DFSH387005-CREA_C_41_46_12] PACK REBEL CREAM
CLABD/Stock/StorageBD/CLA-064-04-03-02;120;BLACK;D+A+B;171;100;[IBGB2400000547464] [DFSH370022-GREY_C_42_42_12] PACK NORDIC TRK FUR GREY | [IBGB2400000547444] [DFSH370022-GREY_C_38_38_12] PACK NORDIC TRK FUR GREY | [IBGB2400000543760] [DFSH370005-MUST_C_40_40_12] PACK Nordic Trk Fur Mustard | [IBGB2400000543756] [DFSH370005-MUST_C_39_39_12] PACK Nordic Trk Fur Mustard | [IBGB2400000543755] [DFSH370005-MUST_C_39_39_12] PACK Nordic Trk Fur Mustard | [IBGB2400000543741] [DFSH370005-MUST_C_38_38_12] PACK Nordic Trk Fur Mustard | [IBGB2400000543738] [DFSH370005-MUST_C_37_37_12] PACK Nordic Trk Fur Mustard | [IBGB2400000543737] [DFSH370005-MUST_C_37_37_12] PACK Nordic Trk Fur Mustard | [IBGB2400000543733] [DFSH370005-MUST_C_36_36_12] PACK Nordic Trk Fur Mustard | [IBGB2400000543732] [DFSH370005-MUST_C_36_36_12] PACK Nordic Trk Fur Mustard
CLABD/Stock/StorageBD/CLA-064-04-03-03;60;BLACK;B+A+D;144;50;[IBGB2400000582667] [DFSH387006-BLAC_C_41_46_12] PACK Rebel Micro Black | [IBGB2400000582667] [DFSH387006-BLAC_C_41_46_12] PACK Rebel Micro Black | [IBGB2400000582667] [DFSH387006-BLAC_C_41_46_12] PACK Rebel Micro Black | [IBGB2400000582667] [DFSH387006-BLAC_C_41_46_12] PACK Rebel Micro Black | [IBGB2400000582667] [DFSH387006-BLAC_C_41_46_12] PACK Rebel Micro Black | [IBGB2400000582667] [DFSH387006-BLAC_C_41_46_12] PACK Rebel Micro Black | [IBGB2400000582666] [DFSH387006-BLAC_C_41_46_12] PACK Rebel Micro Black | [IBGB2400000582666] [DFSH387006-BLAC_C_41_46_12] PACK Rebel Micro Black | [IBGB2400000582666] [DFSH387006-BLAC_C_41_46_12] PACK Rebel Micro Black | [IBGB2400000582666] [DFSH387006-BLAC_C_41_46_12] PACK Rebel Micro Black | [IBGB2400000582666] [DFSH387006-BLAC_C_41_46_12] PACK Rebel Micro Black | [IBGB2400000582666] [DFSH387006-BLAC_C_41_46_12] PACK Rebel Micro Black | [IBGB2400000582659] [DFSH387006-BLAC_C_41_46_12] PACK Rebel Micro Black | [IBGB2400000582659] [DFSH387006-BLAC_C_41_46_12] PACK Rebel Micro Black | [IBGB2400000582659] [DFSH387006-BLAC_C_41_46_12] PACK Rebel Micro Black | [IBGB2400000582659] [DFSH387006-BLAC_C_41_46_12] PACK Rebel Micro Black | [IBGB2400000582659] [DFSH387006-BLAC_C_41_46_12] PACK Rebel Micro Black | [IBGB2400000582659] [DFSH387006-BLAC_C_41_46_12] PACK Rebel Micro Black | [IBGB2400000582548] [DFSH387005-CREA_C_41_46_12] PACK REBEL CREAM | [IBGB2400000582548] [DFSH387005-CREA_C_41_46_12] PACK REBEL CREAM | [IBGB2400000582548] [DFSH387005-CREA_C_41_46_12] PACK REBEL CREAM | [IBGB2400000582548] [DFSH387005-CREA_C_41_46_12] PACK REBEL CREAM | [IBGB2400000582548] [DFSH387005-CREA_C_41_46_12] PACK REBEL CREAM | [IBGB2400000582548] [DFSH387005-CREA_C_41_46_12] PACK REBEL CREAM | [IBGB2400000582545] [DFSH387005-CREA_C_41_46_12] PACK REBEL CREAM | [IBGB2400000582545] [DFSH387005-CREA_C_41_46_12] PACK REBEL CREAM | [IBGB2400000582545] [DFSH387005-CREA_C_41_46_12] PACK REBEL CREAM | [IBGB2400000582545] [DFSH387005-CREA_C_41_46_12] PACK REBEL CREAM | [IBGB2400000582545] [DFSH387005-CREA_C_41_46_12] PACK REBEL CREAM | [IBGB2400000582545] [DFSH387005-CREA_C_41_46_12] PACK REBEL CREAM
CLABD/Stock/StorageBD/CLA-064-05-01-02;96;BLACK;C+B+A;619;80;[IBGB2400000582690] [DFSH387006-WHIT_C_36_41_12] PACK Rebel Basic Flag White | [IBGB2400000582690] [DFSH387006-WHIT_C_36_41_12] PACK Rebel Basic Flag White | [IBGB2400000582690] [DFSH387006-WHIT_C_36_41_12] PACK Rebel Basic Flag White | [IBGB2400000582690] [DFSH387006-WHIT_C_36_41_12] PACK Rebel Basic Flag White | [IBGB2400000582690] [DFSH387006-WHIT_C_36_41_12] PACK Rebel Basic Flag White | [IBGB2400000582690] [DFSH387006-WHIT_C_36_41_12] PACK Rebel Basic Flag White | [IBGB2400000582654] [DFSH387006-BLAC_C_36_41_12] PACK REBEL BASIC FLAG BLACK  | [IBGB2400000582654] [DFSH387006-BLAC_C_36_41_12] PACK REBEL BASIC FLAG BLACK  | [IBGB2400000582654] [DFSH387006-BLAC_C_36_41_12] PACK REBEL BASIC FLAG BLACK  | [IBGB2400000582654] [DFSH387006-BLAC_C_36_41_12] PACK REBEL BASIC FLAG BLACK  | [IBGB2400000582654] [DFSH387006-BLAC_C_36_41_12] PACK REBEL BASIC FLAG BLACK  | [IBGB2400000582654] [DFSH387006-BLAC_C_36_41_12] PACK REBEL BASIC FLAG BLACK  | [IBGB2400000582652] [DFSH387006-BLAC_C_36_41_12] PACK REBEL BASIC FLAG BLACK  | [IBGB2400000582652] [DFSH387006-BLAC_C_36_41_12] PACK REBEL BASIC FLAG BLACK  | [IBGB2400000582652] [DFSH387006-BLAC_C_36_41_12] PACK REBEL BASIC FLAG BLACK  | [IBGB2400000582652] [DFSH387006-BLAC_C_36_41_12] PACK REBEL BASIC FLAG BLACK  | [IBGB2400000582652] [DFSH387006-BLAC_C_36_41_12] PACK REBEL BASIC FLAG BLACK  | [IBGB2400000582652] [DFSH387006-BLAC_C_36_41_12] PACK REBEL BASIC FLAG BLACK  | [IBGB2400000582640] [DFSH387006-BLAC_C_36_41_12] PACK REBEL BASIC FLAG BLACK  | [IBGB2400000582640] [DFSH387006-BLAC_C_36_41_12] PACK REBEL BASIC FLAG BLACK  | [IBGB2400000582640] [DFSH387006-BLAC_C_36_41_12] PACK REBEL BASIC FLAG BLACK  | [IBGB2400000582640] [DFSH387006-BLAC_C_36_41_12] PACK REBEL BASIC FLAG BLACK  | [IBGB2400000582640] [DFSH387006-BLAC_C_36_41_12] PACK REBEL BASIC FLAG BLACK  | [IBGB2400000582640] [DFSH387006-BLAC_C_36_41_12] PACK REBEL BASIC FLAG BLACK  | [IBGB2400000582632] [DFSH387006-BLAC_C_36_41_12] PACK REBEL BASIC FLAG BLACK  | [IBGB2400000582632] [DFSH387006-BLAC_C_36_41_12] PACK REBEL BASIC FLAG BLACK  | [IBGB2400000582632] [DFSH387006-BLAC_C_36_41_12] PACK REBEL BASIC FLAG BLACK  | [IBGB2400000582632] [DFSH387006-BLAC_C_36_41_12] PACK REBEL BASIC FLAG BLACK  | [IBGB2400000582632] [DFSH387006-BLAC_C_36_41_12] PACK REBEL BASIC FLAG BLACK  | [IBGB2400000582632] [DFSH387006-BLAC_C_36_41_12] PACK REBEL BASIC FLAG BLACK  | [IBGB2400000582631] [DFSH387006-BLAC_C_36_41_12] PACK REBEL BASIC FLAG BLACK  | [IBGB2400000582631] [DFSH387006-BLAC_C_36_41_12] PACK REBEL BASIC FLAG BLACK  | [IBGB2400000582631] [DFSH387006-BLAC_C_36_41_12] PACK REBEL BASIC FLAG BLACK  | [IBGB2400000582631] [DFSH387006-BLAC_C_36_41_12] PACK REBEL BASIC FLAG BLACK  | [IBGB2400000582631] [DFSH387006-BLAC_C_36_41_12] PACK REBEL BASIC FLAG BLACK  | [IBGB2400000582631] [DFSH387006-BLAC_C_36_41_12] PACK REBEL BASIC FLAG BLACK  | [IBG2023001368267] [DFSH392001-WHIT_C_36_41_12] Pack FLOP SUMMER CLUB WHITE | [IBG2023001368267] [DFSH392001-WHIT_C_36_41_12] Pack FLOP SUMMER CLUB WHITE | [IBG2023001368267] [DFSH392001-WHIT_C_36_41_12] Pack FLOP SUMMER CLUB WHITE | [IBG2023001368267] [DFSH392001-WHIT_C_36_41_12] Pack FLOP SUMMER CLUB WHITE | [IBG2023001368267] [DFSH392001-WHIT_C_36_41_12] Pack FLOP SUMMER CLUB WHITE | [IBG2023001368267] [DFSH392001-WHIT_C_36_41_12] Pack FLOP SUMMER CLUB WHITE | [IBG2023001368014] [DFSH392001-WHIT_C_36_41_12] Pack FLOP SUMMER CLUB WHITE | [IBG2023001368014] [DFSH392001-WHIT_C_36_41_12] Pack FLOP SUMMER CLUB WHITE | [IBG2023001368014] [DFSH392001-WHIT_C_36_41_12] Pack FLOP SUMMER CLUB WHITE | [IBG2023001368014] [DFSH392001-WHIT_C_36_41_12] Pack FLOP SUMMER CLUB WHITE | [IBG2023001368014] [DFSH392001-WHIT_C_36_41_12] Pack FLOP SUMMER CLUB WHITE | [IBG2023001368014] [DFSH392001-WHIT_C_36_41_12] Pack FLOP SUMMER CLUB WHITE
CLABD/Stock/StorageBD/CLA-064-05-03-03;84;BLACK;B+A+D;144;70;[IBGB2400000582515] [DFSH387005-BLAC_C_41_46_12] PACK Rebel Basic Flag Black | [IBGB2400000582515] [DFSH387005-BLAC_C_41_46_12] PACK Rebel Basic Flag Black | [IBGB2400000582515] [DFSH387005-BLAC_C_41_46_12] PACK Rebel Basic Flag Black | [IBGB2400000582515] [DFSH387005-BLAC_C_41_46_12] PACK Rebel Basic Flag Black | [IBGB2400000582515] [DFSH387005-BLAC_C_41_46_12] PACK Rebel Basic Flag Black | [IBGB2400000582515] [DFSH387005-BLAC_C_41_46_12] PACK Rebel Basic Flag Black | [IBGB2400000582513] [DFSH387005-BLAC_C_41_46_12] PACK Rebel Basic Flag Black | [IBGB2400000582513] [DFSH387005-BLAC_C_41_46_12] PACK Rebel Basic Flag Black | [IBGB2400000582513] [DFSH387005-BLAC_C_41_46_12] PACK Rebel Basic Flag Black | [IBGB2400000582513] [DFSH387005-BLAC_C_41_46_12] PACK Rebel Basic Flag Black | [IBGB2400000582513] [DFSH387005-BLAC_C_41_46_12] PACK Rebel Basic Flag Black | [IBGB2400000582513] [DFSH387005-BLAC_C_41_46_12] PACK Rebel Basic Flag Black | [IBGB2400000582512] [DFSH387005-BLAC_C_41_46_12] PACK Rebel Basic Flag Black | [IBGB2400000582512] [DFSH387005-BLAC_C_41_46_12] PACK Rebel Basic Flag Black | [IBGB2400000582512] [DFSH387005-BLAC_C_41_46_12] PACK Rebel Basic Flag Black | [IBGB2400000582512] [DFSH387005-BLAC_C_41_46_12] PACK Rebel Basic Flag Black | [IBGB2400000582512] [DFSH387005-BLAC_C_41_46_12] PACK Rebel Basic Flag Black | [IBGB2400000582512] [DFSH387005-BLAC_C_41_46_12] PACK Rebel Basic Flag Black | [IBGB2400000582509] [DFSH387005-BLAC_C_41_46_12] PACK Rebel Basic Flag Black | [IBGB2400000582509] [DFSH387005-BLAC_C_41_46_12] PACK Rebel Basic Flag Black | [IBGB2400000582509] [DFSH387005-BLAC_C_41_46_12] PACK Rebel Basic Flag Black | [IBGB2400000582509] [DFSH387005-BLAC_C_41_46_12] PACK Rebel Basic Flag Black | [IBGB2400000582509] [DFSH387005-BLAC_C_41_46_12] PACK Rebel Basic Flag Black | [IBGB2400000582509] [DFSH387005-BLAC_C_41_46_12] PACK Rebel Basic Flag Black | [IBGB2400000582508] [DFSH387005-BLAC_C_41_46_12] PACK Rebel Basic Flag Black | [IBGB2400000582508] [DFSH387005-BLAC_C_41_46_12] PACK Rebel Basic Flag Black | [IBGB2400000582508] [DFSH387005-BLAC_C_41_46_12] PACK Rebel Basic Flag Black | [IBGB2400000582508] [DFSH387005-BLAC_C_41_46_12] PACK Rebel Basic Flag Black | [IBGB2400000582508] [DFSH387005-BLAC_C_41_46_12] PACK Rebel Basic Flag Black | [IBGB2400000582508] [DFSH387005-BLAC_C_41_46_12] PACK Rebel Basic Flag Black | [IBGB2400000582507] [DFSH387005-BLAC_C_41_46_12] PACK Rebel Basic Flag Black | [IBGB2400000582507] [DFSH387005-BLAC_C_41_46_12] PACK Rebel Basic Flag Black | [IBGB2400000582507] [DFSH387005-BLAC_C_41_46_12] PACK Rebel Basic Flag Black | [IBGB2400000582507] [DFSH387005-BLAC_C_41_46_12] PACK Rebel Basic Flag Black | [IBGB2400000582507] [DFSH387005-BLAC_C_41_46_12] PACK Rebel Basic Flag Black | [IBGB2400000582507] [DFSH387005-BLAC_C_41_46_12] PACK Rebel Basic Flag Black | [IBGB2400000582502] [DFSH387005-BLAC_C_41_46_12] PACK Rebel Basic Flag Black | [IBGB2400000582502] [DFSH387005-BLAC_C_41_46_12] PACK Rebel Basic Flag Black | [IBGB2400000582502] [DFSH387005-BLAC_C_41_46_12] PACK Rebel Basic Flag Black | [IBGB2400000582502] [DFSH387005-BLAC_C_41_46_12] PACK Rebel Basic Flag Black | [IBGB2400000582502] [DFSH387005-BLAC_C_41_46_12] PACK Rebel Basic Flag Black | [IBGB2400000582502] [DFSH387005-BLAC_C_41_46_12] PACK Rebel Basic Flag Black
CLABD/Stock/StorageBD/CLA-064-07-01-01;24;BLACK;C+B+A+D;144;20;[IBGB2400000582692] [DFSH387006-WHIT_C_36_41_12] PACK Rebel Basic Flag White | [IBGB2400000582692] [DFSH387006-WHIT_C_36_41_12] PACK Rebel Basic Flag White | [IBGB2400000582692] [DFSH387006-WHIT_C_36_41_12] PACK Rebel Basic Flag White | [IBGB2400000582692] [DFSH387006-WHIT_C_36_41_12] PACK Rebel Basic Flag White | [IBGB2400000582692] [DFSH387006-WHIT_C_36_41_12] PACK Rebel Basic Flag White | [IBGB2400000582692] [DFSH387006-WHIT_C_36_41_12] PACK Rebel Basic Flag White | [IBGB2400000582617] [DFSH387005-PPIN_C_36_41_12] PACK REBEL PALE PINK | [IBGB2400000582617] [DFSH387005-PPIN_C_36_41_12] PACK REBEL PALE PINK | [IBGB2400000582617] [DFSH387005-PPIN_C_36_41_12] PACK REBEL PALE PINK | [IBGB2400000582617] [DFSH387005-PPIN_C_36_41_12] PACK REBEL PALE PINK | [IBGB2400000582617] [DFSH387005-PPIN_C_36_41_12] PACK REBEL PALE PINK | [IBGB2400000582617] [DFSH387005-PPIN_C_36_41_12] PACK REBEL PALE PINK
CLABD/Stock/StorageBD/CLA-064-07-01-03;78;BLACK;B+A+D;492;60;[IBGB2400000315203] [NVK33410-0006-39] YELLOW (39) | [IBGB2400000315203] [NVK33410-0006-38] YELLOW (38) | [IBGB2400000315203] [NVK33410-0006-37] YELLOW (37) | [IBGB2400000315203] [NVK33410-0006-40] YELLOW (40) | [IBGB2400000315186] [NVK33410-0269-37] CORAL (37) | [IBGB2400000315186] [NVK33410-0020-38] BLACK (38) | [IBGB2400000315186] [NVK33410-0020-39] BLACK (39) | [IBGB2400000315186] [NVK33410-0020-40] BLACK (40) | [IBGB2400000315186] [NVK33410-0020-36] BLACK (36) | [IBGB2400000315461] [NVK33410-0269-38] CORAL (38) | [IBGB2400000315461] [NVK33410-0269-39] CORAL (39) | [IBGB2400000315461] [NVK33410-0269-37] CORAL (37) | [IBGB2400000059036] [DFSH347001-SILV_C_36_36_12] Pack 347 TRACK STELLAR SILVER (36) x 12 unid | [IBGB2400000582665] [DFSH387006-BLAC_C_41_46_12] PACK Rebel Micro Black | [IBGB2400000582665] [DFSH387006-BLAC_C_41_46_12] PACK Rebel Micro Black | [IBGB2400000582665] [DFSH387006-BLAC_C_41_46_12] PACK Rebel Micro Black | [IBGB2400000582665] [DFSH387006-BLAC_C_41_46_12] PACK Rebel Micro Black | [IBGB2400000582665] [DFSH387006-BLAC_C_41_46_12] PACK Rebel Micro Black | [IBGB2400000582665] [DFSH387006-BLAC_C_41_46_12] PACK Rebel Micro Black | [IBGB2400000582611] [DFSH387005-PPIN_C_36_41_12] PACK REBEL PALE PINK | [IBGB2400000582611] [DFSH387005-PPIN_C_36_41_12] PACK REBEL PALE PINK | [IBGB2400000582611] [DFSH387005-PPIN_C_36_41_12] PACK REBEL PALE PINK | [IBGB2400000582611] [DFSH387005-PPIN_C_36_41_12] PACK REBEL PALE PINK | [IBGB2400000582611] [DFSH387005-PPIN_C_36_41_12] PACK REBEL PALE PINK | [IBGB2400000582611] [DFSH387005-PPIN_C_36_41_12] PACK REBEL PALE PINK
CLABD/Stock/StorageBD/CLA-064-07-03-03;98;BLACK;C+A;32;80;[IBGB2400000838776] [DFSH397001-FBLA-39] VENICE SLIDE FULL BLACK (39) | [IBGB2400000838776] [DFSH397001-OFFW-43] VENICE SLIDE OFF WHITE (43) | [IBGB2400000838776] [DFSH397001-OFFW-41] VENICE SLIDE OFF WHITE (41) | [IBGB2400000838776] [DFSH397001-WHIT-43] VENICE SLIDE SUMMER CLUB WHITE (43) | [IBGB2400000838776] [DFSH397001-WHIT-44] VENICE SLIDE SUMMER CLUB WHITE (44) | [IBGB2400000838776] [DFSH397001-BLAC-43] VENICE SLIDE SUMMER CLUB BLACK (43) | [IBGB2400000838776] [DFSH397001-OFFW-39] VENICE SLIDE OFF WHITE (39) | [IBGB2400000838776] [DFSH397001-FBLA-38] VENICE SLIDE FULL BLACK (38) | [IBGB2400000838776] [DFSH397001-WHIT-41] VENICE SLIDE SUMMER CLUB WHITE (41) | [IBGB2400000838776] [DFSH397001-FBLA-37] VENICE SLIDE FULL BLACK (37) | [IBGB2400000838774] [DFSH397001-BLAC-44] VENICE SLIDE SUMMER CLUB BLACK (44) | [IBGB2400000838774] [DFSH397001-FBLA-37] VENICE SLIDE FULL BLACK (37) | [IBGB2400000838774] [DFSH397001-OFFW-40] VENICE SLIDE OFF WHITE (40) | [IBGB2400000838774] [DFSH397001-BLAC-42] VENICE SLIDE SUMMER CLUB BLACK (42) | [IBGB2400000838774] [DFSH397001-BLAC-43] VENICE SLIDE SUMMER CLUB BLACK (43) | [IBGB2400000838770] [DFSH397001-OFFW-44] VENICE SLIDE OFF WHITE (44) | [IBGB2400000838770] [DFSH397001-WHIT-44] VENICE SLIDE SUMMER CLUB WHITE (44) | [IBGB2400000838770] [DFSH397001-BLAC-44] VENICE SLIDE SUMMER CLUB BLACK (44) | [IBGB2400000838770] [DFSH397001-BLAC-43] VENICE SLIDE SUMMER CLUB BLACK (43) | [IBGB2400000838770] [DFSH397001-FBLA-37] VENICE SLIDE FULL BLACK (37) | [IBGB2400000838770] [DFSH397001-FBLA-39] VENICE SLIDE FULL BLACK (39) | [IBGB2400000838770] [DFSH397001-BLAC-42] VENICE SLIDE SUMMER CLUB BLACK (42) | [IBGB2400000838767] [DFSH397001-BLAC-44] VENICE SLIDE SUMMER CLUB BLACK (44) | [IBGB2400000838767] [DFSH397001-FBLA-38] VENICE SLIDE FULL BLACK (38) | [IBGB2400000838767] [DFSH397001-BLAC-43] VENICE SLIDE SUMMER CLUB BLACK (43) | [IBGB2400000838767] [DFSH397001-OFFW-38] VENICE SLIDE OFF WHITE (38) | [IBGB2400000838767] [DFSH397001-BLAC-42] VENICE SLIDE SUMMER CLUB BLACK (42) | [IBGB2400000838767] [DFSH397001-FBLA-39] VENICE SLIDE FULL BLACK (39) | [IBGB2400000838764] [DFSH397001-BLAC-44] VENICE SLIDE SUMMER CLUB BLACK (44) | [IBGB2400000838764] [DFSH397001-BLAC-43] VENICE SLIDE SUMMER CLUB BLACK (43) | [IBGB2400000838764] [DFSH397001-FBLA-38] VENICE SLIDE FULL BLACK (38) | [IBGB2400000838764] [DFSH397001-WHIT-43] VENICE SLIDE SUMMER CLUB WHITE (43) | [IBGB2400000838764] [DFSH397001-FBLA-37] VENICE SLIDE FULL BLACK (37) | [IBGB2400000838764] [DFSH397001-FBLA-39] VENICE SLIDE FULL BLACK (39) | [IBGB2400000838764] [DFSH397001-OFFW-41] VENICE SLIDE OFF WHITE (41) | [IBGB2400000838762] [DFSH397001-BLAC-44] VENICE SLIDE SUMMER CLUB BLACK (44) | [IBGB2400000838762] [DFSH397001-BLAC-43] VENICE SLIDE SUMMER CLUB BLACK (43) | [IBGB2400000838762] [DFSH397001-WHIT-41] VENICE SLIDE SUMMER CLUB WHITE (41) | [IBGB2400000838762] [DFSH397001-BLAC-42] VENICE SLIDE SUMMER CLUB BLACK (42) | [IBGB2400000838762] [DFSH397001-OFFW-43] VENICE SLIDE OFF WHITE (43) | [IBGB2400000838760] [DFSH397001-BLAC-43] VENICE SLIDE SUMMER CLUB BLACK (43) | [IBGB2400000838760] [DFSH397001-FBLA-39] VENICE SLIDE FULL BLACK (39) | [IBGB2400000838760] [DFSH397001-BLAC-44] VENICE SLIDE SUMMER CLUB BLACK (44) | [IBGB2400000838760] [DFSH397001-BLAC-42] VENICE SLIDE SUMMER CLUB BLACK (42) | [IBGB2400000838760] [DFSH397001-BLAC-41] VENICE SLIDE SUMMER CLUB BLACK (41) | [IBGB2400000838760] [DFSH397001-OFFW-40] VENICE SLIDE OFF WHITE (40) | [IBGB2400000838759] [DFSH397001-BLAC-44] VENICE SLIDE SUMMER CLUB BLACK (44) | [IBGB2400000838759] [DFSH397001-BLAC-41] VENICE SLIDE SUMMER CLUB BLACK (41) | [IBGB2400000838759] [DFSH397001-WHIT-42] VENICE SLIDE SUMMER CLUB WHITE (42) | [IBGB2400000838759] [DFSH397001-BLAC-43] VENICE SLIDE SUMMER CLUB BLACK (43) | [IBGB2400000838759] [DFSH397001-WHIT-41] VENICE SLIDE SUMMER CLUB WHITE (41) | [IBGB2400000838759] [DFSH397001-WHIT-43] VENICE SLIDE SUMMER CLUB WHITE (43) | [IBGB2400000838759] [DFSH397001-BLAC-42] VENICE SLIDE SUMMER CLUB BLACK (42)
CLABD/Stock/StorageBD/CLA-064-08-01-03;86;BLACK;B+A+C;502;70;[IBGB2400000076443] [DFSH371010-BEIG_C_41_41_12] Pack Nordic V.2 Low Bomb Beige (41) x 12 unid | [IBGB2400000076440] [DFSH371010-BEIG_C_41_41_12] Pack Nordic V.2 Low Bomb Beige (41) x 12 unid | [IBGB2400000076439] [DFSH371010-BEIG_C_41_41_12] Pack Nordic V.2 Low Bomb Beige (41) x 12 unid | [IBGB2400000076384] [DFSH371010-BEIG_C_36_36_12] Pack Nordic V.2 Low Bomb Beige (36) x 12 unid | [IBGB2400000312061] [DFSH392001-SILV-38] FLOP SUMMER CLUB SILVER (38) | [IBGB2400000312061] [DFSH392001-SILV-37] FLOP SUMMER CLUB SILVER (37) | [IBGB2400000312061] [DFSH392001-SILV-39] FLOP SUMMER CLUB SILVER (39) | [IBGB2400000312061] [DFSH392001-SILV-36] FLOP SUMMER CLUB SILVER (36) | [IBGB2400000312061] [DFSH392001-SILV-40] FLOP SUMMER CLUB SILVER (40) | [IBGB2400000063862] [DFSH391001-BEIG_C_41_41_12] Pack ALL TRACK BASIC BEIGE (41) x 12 unid | [IBGB2400000053645] [DFSH381001-BLAC_C_40_40_12] Pack NEVIS RAIN BLACK (40) x 12 unid
CLABD/Stock/StorageBD/CLA-064-08-02-02;98;BLACK;C+A+B;31;100;[IBGB2400000839574] [DFSH393001-BLAC-38] DANA SLIDE SUMMER CLUB BLACK (38) | [IBGB2400000839574] [DFSH393001-WHIT-37] DANA SLIDE SUMMER CLUB WHITE (37) | [IBGB2400000839574] [DFSH393001-BLAC-37] DANA SLIDE SUMMER CLUB BLACK (37) | [IBGB2400000839574] [DFSH393001-BLAC-36] DANA SLIDE SUMMER CLUB BLACK (36) | [IBGB2400000839574] [DFSH393001-BLAC-40] DANA SLIDE SUMMER CLUB BLACK (40) | [IBGB2400000839574] [DFSH393001-BLAC-39] DANA SLIDE SUMMER CLUB BLACK (39) | [IBGB2400000839574] [DFSH393001-WHIT-40] DANA SLIDE SUMMER CLUB WHITE (40) | [IBGB2400000839297] [DFSH393001-WHIT-39] DANA SLIDE SUMMER CLUB WHITE (39) | [IBGB2400000839297] [DFSH393001-WHIT-40] DANA SLIDE SUMMER CLUB WHITE (40) | [IBGB2400000839297] [DFSH393001-WHIT-38] DANA SLIDE SUMMER CLUB WHITE (38) | [IBGB2400000839297] [DFSH393001-BLAC-40] DANA SLIDE SUMMER CLUB BLACK (40) | [IBGB2400000839297] [DFSH393001-BLAC-38] DANA SLIDE SUMMER CLUB BLACK (38) | [IBGB2400000839297] [DFSH393001-BLAC-39] DANA SLIDE SUMMER CLUB BLACK (39) | [IBGB2400000839297] [DFSH393001-WHIT-37] DANA SLIDE SUMMER CLUB WHITE (37) | [IBGB2400000839297] [DFSH393001-BLAC-37] DANA SLIDE SUMMER CLUB BLACK (37) | [IBGB2400000839280] [DFSH405001-FBEI-36] NORDIC SANDAL BUCKLE FULL BEIGE (36) | [IBGB2400000839280] [DFSH405001-FBEI-37] NORDIC SANDAL BUCKLE FULL BEIGE (37) | [IBGB2400000839280] [DFSH405002-ZEBR-41] NORDIC SANDAL BUCKLE ZEBRA  (41) | [IBGB2400000839280] [DFSH405003-GOLD-39] NORDIC SANDAL BUCKLE GOLD  (39) | [IBGB2400000839280] [DFSH405003-SILV-37] NORDIC SANDAL BUCKLE SILVER  (37) | [IBGB2400000839280] [DFSH405003-SILV-39] NORDIC SANDAL BUCKLE SILVER  (39) | [IBGB2400000839280] [DFSH405002-ZEBR-37] NORDIC SANDAL BUCKLE ZEBRA  (37) | [IBGB2400000839280] [DFSH405001-FBEI-40] NORDIC SANDAL BUCKLE FULL BEIGE (40) | [IBGB2400000839280] [DFSH405004-BURG-39] NORDIC SANDAL BUCKLE BURGUNDY  (39) | [IBGB2400000839280] [DFSH405002-ZEBR-36] NORDIC SANDAL BUCKLE ZEBRA  (36) | [IBGB2400000839273] [DFSH405001-FBEI-40] NORDIC SANDAL BUCKLE FULL BEIGE (40) | [IBGB2400000839273] [DFSH405002-ZEBR-37] NORDIC SANDAL BUCKLE ZEBRA  (37) | [IBGB2400000839273] [DFSH405001-FBLA-40] NORDIC SANDAL BUCKLE FULL BLACK  (40) | [IBGB2400000839273] [DFSH405004-BURG-38] NORDIC SANDAL BUCKLE BURGUNDY  (38) | [IBGB2400000839273] [DFSH405002-LEOP-41] NORDIC SANDAL BUCKLE LEOPARD  (41) | [IBGB2400000839273] [DFSH405002-ZEBR-39] NORDIC SANDAL BUCKLE ZEBRA  (39) | [IBGB2400000839273] [DFSH405002-LEOP-39] NORDIC SANDAL BUCKLE LEOPARD  (39) | [IBGB2400000839273] [DFSH405002-ZEBR-38] NORDIC SANDAL BUCKLE ZEBRA  (38) | [IBGB2400000839273] [DFSH405001-FBLA-38] NORDIC SANDAL BUCKLE FULL BLACK  (38) | [IBGB2400000839273] [DFSH405004-BURG-39] NORDIC SANDAL BUCKLE BURGUNDY  (39) | [IBGB2400000839265] [DFSH405003-GOLD-37] NORDIC SANDAL BUCKLE GOLD  (37) | [IBGB2400000839265] [DFSH405003-GOLD-39] NORDIC SANDAL BUCKLE GOLD  (39) | [IBGB2400000839265] [DFSH405001-FBLA-41] NORDIC SANDAL BUCKLE FULL BLACK  (41) | [IBGB2400000839265] [DFSH405002-LEOP-38] NORDIC SANDAL BUCKLE LEOPARD  (38) | [IBGB2400000839265] [DFSH405003-GOLD-38] NORDIC SANDAL BUCKLE GOLD  (38) | [IBGB2400000839265] [DFSH405002-ZEBR-41] NORDIC SANDAL BUCKLE ZEBRA  (41) | [IBGB2400000839265] [DFSH405002-ZEBR-40] NORDIC SANDAL BUCKLE ZEBRA  (40) | [IBGB2400000839265] [DFSH405003-GOLD-36] NORDIC SANDAL BUCKLE GOLD  (36) | [IBGB2400000839265] [DFSH405002-ZEBR-37] NORDIC SANDAL BUCKLE ZEBRA  (37) | [IBGB2400000839252] [DFSH393001-BLAC-37] DANA SLIDE SUMMER CLUB BLACK (37) | [IBGB2400000839252] [DFSH393001-WHIT-38] DANA SLIDE SUMMER CLUB WHITE (38) | [IBGB2400000839252] [DFSH393001-WHIT-40] DANA SLIDE SUMMER CLUB WHITE (40) | [IBGB2400000839252] [DFSH393001-BLAC-38] DANA SLIDE SUMMER CLUB BLACK (38) | [IBGB2400000839244] [DFSH393001-BLAC-37] DANA SLIDE SUMMER CLUB BLACK (37) | [IBGB2400000839244] [DFSH393001-BLAC-40] DANA SLIDE SUMMER CLUB BLACK (40) | [IBGB2400000839244] [DFSH393001-BLAC-39] DANA SLIDE SUMMER CLUB BLACK (39) | [IBGB2400000839244] [DFSH393001-BLAC-38] DANA SLIDE SUMMER CLUB BLACK (38) | [IBGB2400000839244] [DFSH393001-BLAC-36] DANA SLIDE SUMMER CLUB BLACK (36) | [IBGB2400000839244] [DFSH393001-WHIT-40] DANA SLIDE SUMMER CLUB WHITE (40) | [IBGB2400000839236] [DFSH393001-BLAC-40] DANA SLIDE SUMMER CLUB BLACK (40) | [IBGB2400000839236] [DFSH393001-WHIT-40] DANA SLIDE SUMMER CLUB WHITE (40) | [IBGB2400000839236] [DFSH393001-WHIT-38] DANA SLIDE SUMMER CLUB WHITE (38) | [IBGB2400000839236] [DFSH393001-BLAC-39] DANA SLIDE SUMMER CLUB BLACK (39) | [IBGB2400000839236] [DFSH393001-BLAC-37] DANA SLIDE SUMMER CLUB BLACK (37) | [IBGB2400000839236] [DFSH393001-WHIT-39] DANA SLIDE SUMMER CLUB WHITE (39) | [IBGB2400000839231] [DFSH393001-WHIT-39] DANA SLIDE SUMMER CLUB WHITE (39) | [IBGB2400000839231] [DFSH393001-BLAC-37] DANA SLIDE SUMMER CLUB BLACK (37) | [IBGB2400000839231] [DFSH393001-WHIT-37] DANA SLIDE SUMMER CLUB WHITE (37) | [IBGB2400000839231] [DFSH393001-WHIT-38] DANA SLIDE SUMMER CLUB WHITE (38) | [IBGB2400000839231] [DFSH393001-BLAC-38] DANA SLIDE SUMMER CLUB BLACK (38) | [IBGB2400000839220] [DFSH393001-BLAC-39] DANA SLIDE SUMMER CLUB BLACK (39) | [IBGB2400000839220] [DFSH393001-WHIT-37] DANA SLIDE SUMMER CLUB WHITE (37) | [IBGB2400000839220] [DFSH393001-WHIT-40] DANA SLIDE SUMMER CLUB WHITE (40) | [IBGB2400000839220] [DFSH393001-BLAC-40] DANA SLIDE SUMMER CLUB BLACK (40) | [IBGB2400000839220] [DFSH393001-WHIT-39] DANA SLIDE SUMMER CLUB WHITE (39) | [IBGB2400000839220] [DFSH393001-WHIT-38] DANA SLIDE SUMMER CLUB WHITE (38)
CLABD/Stock/StorageBD/CLA-064-09-01-02;82;BLACK;C+A+B;31;60;[IBGB2400000839158] [DFSH393001-WHIT-37] DANA SLIDE SUMMER CLUB WHITE (37) | [IBGB2400000839158] [DFSH393001-BLAC-37] DANA SLIDE SUMMER CLUB BLACK (37) | [IBGB2400000839158] [DFSH393001-WHIT-40] DANA SLIDE SUMMER CLUB WHITE (40) | [IBGB2400000839158] [DFSH393001-WHIT-39] DANA SLIDE SUMMER CLUB WHITE (39) | [IBGB2400000839158] [DFSH393001-WHIT-38] DANA SLIDE SUMMER CLUB WHITE (38) | [IBGB2400000839158] [DFSH393001-BLAC-40] DANA SLIDE SUMMER CLUB BLACK (40) | [IBGB2400000839158] [DFSH393001-BLAC-38] DANA SLIDE SUMMER CLUB BLACK (38) | [IBGB2400000839156] [DFSH393001-WHIT-39] DANA SLIDE SUMMER CLUB WHITE (39) | [IBGB2400000839156] [DFSH393001-BLAC-38] DANA SLIDE SUMMER CLUB BLACK (38) | [IBGB2400000839156] [DFSH393001-WHIT-38] DANA SLIDE SUMMER CLUB WHITE (38) | [IBGB2400000839156] [DFSH393001-WHIT-37] DANA SLIDE SUMMER CLUB WHITE (37) | [IBGB2400000839154] [DFSH393001-SILV-41] DANA SLIDE SUMMER CLUB SILVER (41) | [IBGB2400000839154] [DFSH393001-BLAC-36] DANA SLIDE SUMMER CLUB BLACK (36) | [IBGB2400000839154] [DFSH393001-WHIT-41] DANA SLIDE SUMMER CLUB WHITE (41) | [IBGB2400000839154] [DFSH393001-WHIT-37] DANA SLIDE SUMMER CLUB WHITE (37) | [IBGB2400000839154] [DFSH393001-SILV-38] DANA SLIDE SUMMER CLUB SILVER (38) | [IBGB2400000839154] [DFSH393001-BLAC-38] DANA SLIDE SUMMER CLUB BLACK (38) | [IBGB2400000839154] [DFSH393001-WHIT-40] DANA SLIDE SUMMER CLUB WHITE (40) | [IBGB2400000839154] [DFSH393001-WHIT-38] DANA SLIDE SUMMER CLUB WHITE (38) | [IBGB2400000839154] [DFSH393001-BLAC-40] DANA SLIDE SUMMER CLUB BLACK (40) | [IBGB2400000839147] [DFSH361007-BLAC-37] FOREST NEO BLACK / BEIGE (37) | [IBGB2400000839147] [DFSH361007-BLAC-36] FOREST NEO BLACK / BEIGE (36) | [IBGB2400000839147] [DFSH361009-LIME-36] FOREST NEO STRIPS NEON LIME  (36) | [IBGB2400000839147] [DFSH361009-FUCH-37] FOREST NEO STRIPS FUCHSIA (37) | [IBGB2400000839147] [DFSH361011-ABUR-40] FOREST NEO SLIDES ANIMAL BURGUNDY  (40) | [IBGB2400000839147] [DFSH361009-LIME-40] FOREST NEO STRIPS NEON LIME  (40) | [IBGB2400000839147] [DFSH361003-NAVY-44] FOREST NEO BASIC NAVY (44) | [IBGB2400000839147] [DFSH361003-NAVY-43] FOREST NEO BASIC NAVY (43) | [IBGB2400000839147] [DFSH361009-LIME-38] FOREST NEO STRIPS NEON LIME  (38) | [IBGB2400000839147] [DFSH361009-LIME-39] FOREST NEO STRIPS NEON LIME  (39) | [IBGB2400000839147] [DFSH361009-LIME-37] FOREST NEO STRIPS NEON LIME  (37) | [IBGB2400000839147] [DFSH361007-BLAC-38] FOREST NEO BLACK / BEIGE (38) | [IBGB2400000839141] [DFSH334001-BLUE-44] BLOOMER BIO BLUE (44) | [IBGB2400000839141] [DFSH334001-PINK-41] BLOOMER BIO PINK (41) | [IBGB2400000839141] [DFSH334001-BLUE-45] BLOOMER BIO BLUE (45) | [IBGB2400000839141] [DFSH334001-BLUE-43] BLOOMER BIO BLUE (43) | [IBGB2400000839141] [DFSH334001-FUCH-36] BLOOMER BIO FUCHSIA (36) | [IBGB2400000839141] [DFSH334001-FUCH-40] BLOOMER BIO FUCHSIA (40) | [IBGB2400000839141] [DFSH334001-FUCH-39] BLOOMER BIO FUCHSIA (39) | [IBGB2400000839130] [DFSH334001-BLUE-45] BLOOMER BIO BLUE (45) | [IBGB2400000839130] [DFSH334009-GREY-37] BLOOMER NIP GREY (37) | [IBGB2400000839130] [DFSH334001-BLUE-44] BLOOMER BIO BLUE (44) | [IBGB2400000839130] [DFSH334001-LIME-37] BLOOMER BIO LIME (37) | [IBGB2400000839130] [DFSH334001-BLUE-43] BLOOMER BIO BLUE (43) | [IBGB2400000839130] [DFSH334001-FUCH-39] BLOOMER BIO FUCHSIA (39)
CLABD/Stock/StorageBD/CLA-064-09-01-03;42;BLACK;B+D+A;492;30;[IBGB2400000312331] [KV330025-0012-39] Fuchsia Ecological Sneakers Mercredy (39) | [IBGB2400000312331] [KV330025-0012-38] Fuchsia Ecological Sneakers Mercredy (38) | [IBGB2400000312331] [KV330025-0012-41] Fuchsia Ecological Sneakers Mercredy (41) | [IBGB2400000312331] [KV330025-0012-36] Fuchsia Ecological Sneakers Mercredy (36) | [IBGB2400000312331] [KV330025-0012-40] Fuchsia Ecological Sneakers Mercredy (40) | [IBGB2400000312331] [KV330025-0012-37] Fuchsia Ecological Sneakers Mercredy (37) | [IBGB2400000582220] [DFSH378011-GOLD_C_36_41_12] PACK VIBLA BRIGHT GOLD | [IBGB2400000582220] [DFSH378011-GOLD_C_36_41_12] PACK VIBLA BRIGHT GOLD | [IBGB2400000582220] [DFSH378011-GOLD_C_36_41_12] PACK VIBLA BRIGHT GOLD | [IBGB2400000582220] [DFSH378011-GOLD_C_36_41_12] PACK VIBLA BRIGHT GOLD | [IBGB2400000582220] [DFSH378011-GOLD_C_36_41_12] PACK VIBLA BRIGHT GOLD | [IBGB2400000582220] [DFSH378011-GOLD_C_36_41_12] PACK VIBLA BRIGHT GOLD | [IBGB2400000076388] [DFSH371010-BEIG_C_36_36_12] Pack Nordic V.2 Low Bomb Beige (36) x 12 unid
CLABD/Stock/StorageBD/CLA-064-09-02-01;84;BLACK;C+B+A;144;70;[IBGB2400000582691] [DFSH387006-WHIT_C_36_41_12] PACK Rebel Basic Flag White | [IBGB2400000582691] [DFSH387006-WHIT_C_36_41_12] PACK Rebel Basic Flag White | [IBGB2400000582691] [DFSH387006-WHIT_C_36_41_12] PACK Rebel Basic Flag White | [IBGB2400000582691] [DFSH387006-WHIT_C_36_41_12] PACK Rebel Basic Flag White | [IBGB2400000582691] [DFSH387006-WHIT_C_36_41_12] PACK Rebel Basic Flag White | [IBGB2400000582691] [DFSH387006-WHIT_C_36_41_12] PACK Rebel Basic Flag White | [IBGB2400000582684] [DFSH387006-WHIT_C_36_41_12] PACK Rebel Basic Flag White | [IBGB2400000582684] [DFSH387006-WHIT_C_36_41_12] PACK Rebel Basic Flag White | [IBGB2400000582684] [DFSH387006-WHIT_C_36_41_12] PACK Rebel Basic Flag White | [IBGB2400000582684] [DFSH387006-WHIT_C_36_41_12] PACK Rebel Basic Flag White | [IBGB2400000582684] [DFSH387006-WHIT_C_36_41_12] PACK Rebel Basic Flag White | [IBGB2400000582684] [DFSH387006-WHIT_C_36_41_12] PACK Rebel Basic Flag White | [IBGB2400000582650] [DFSH387006-BLAC_C_36_41_12] PACK REBEL BASIC FLAG BLACK  | [IBGB2400000582650] [DFSH387006-BLAC_C_36_41_12] PACK REBEL BASIC FLAG BLACK  | [IBGB2400000582650] [DFSH387006-BLAC_C_36_41_12] PACK REBEL BASIC FLAG BLACK  | [IBGB2400000582650] [DFSH387006-BLAC_C_36_41_12] PACK REBEL BASIC FLAG BLACK  | [IBGB2400000582650] [DFSH387006-BLAC_C_36_41_12] PACK REBEL BASIC FLAG BLACK  | [IBGB2400000582650] [DFSH387006-BLAC_C_36_41_12] PACK REBEL BASIC FLAG BLACK  | [IBGB2400000582648] [DFSH387006-BLAC_C_36_41_12] PACK REBEL BASIC FLAG BLACK  | [IBGB2400000582648] [DFSH387006-BLAC_C_36_41_12] PACK REBEL BASIC FLAG BLACK  | [IBGB2400000582648] [DFSH387006-BLAC_C_36_41_12] PACK REBEL BASIC FLAG BLACK  | [IBGB2400000582648] [DFSH387006-BLAC_C_36_41_12] PACK REBEL BASIC FLAG BLACK  | [IBGB2400000582648] [DFSH387006-BLAC_C_36_41_12] PACK REBEL BASIC FLAG BLACK  | [IBGB2400000582648] [DFSH387006-BLAC_C_36_41_12] PACK REBEL BASIC FLAG BLACK  | [IBGB2400000582647] [DFSH387006-BLAC_C_36_41_12] PACK REBEL BASIC FLAG BLACK  | [IBGB2400000582647] [DFSH387006-BLAC_C_36_41_12] PACK REBEL BASIC FLAG BLACK  | [IBGB2400000582647] [DFSH387006-BLAC_C_36_41_12] PACK REBEL BASIC FLAG BLACK  | [IBGB2400000582647] [DFSH387006-BLAC_C_36_41_12] PACK REBEL BASIC FLAG BLACK  | [IBGB2400000582647] [DFSH387006-BLAC_C_36_41_12] PACK REBEL BASIC FLAG BLACK  | [IBGB2400000582647] [DFSH387006-BLAC_C_36_41_12] PACK REBEL BASIC FLAG BLACK  | [IBGB2400000582645] [DFSH387006-BLAC_C_36_41_12] PACK REBEL BASIC FLAG BLACK  | [IBGB2400000582645] [DFSH387006-BLAC_C_36_41_12] PACK REBEL BASIC FLAG BLACK  | [IBGB2400000582645] [DFSH387006-BLAC_C_36_41_12] PACK REBEL BASIC FLAG BLACK  | [IBGB2400000582645] [DFSH387006-BLAC_C_36_41_12] PACK REBEL BASIC FLAG BLACK  | [IBGB2400000582645] [DFSH387006-BLAC_C_36_41_12] PACK REBEL BASIC FLAG BLACK  | [IBGB2400000582645] [DFSH387006-BLAC_C_36_41_12] PACK REBEL BASIC FLAG BLACK  | [IBGB2400000582638] [DFSH387006-BLAC_C_36_41_12] PACK REBEL BASIC FLAG BLACK  | [IBGB2400000582638] [DFSH387006-BLAC_C_36_41_12] PACK REBEL BASIC FLAG BLACK  | [IBGB2400000582638] [DFSH387006-BLAC_C_36_41_12] PACK REBEL BASIC FLAG BLACK  | [IBGB2400000582638] [DFSH387006-BLAC_C_36_41_12] PACK REBEL BASIC FLAG BLACK  | [IBGB2400000582638] [DFSH387006-BLAC_C_36_41_12] PACK REBEL BASIC FLAG BLACK  | [IBGB2400000582638] [DFSH387006-BLAC_C_36_41_12] PACK REBEL BASIC FLAG BLACK 
CLABD/Stock/StorageBD/CLA-064-09-02-03;116;BLACK;A+C+B+D;450;90;[IBGB2400000074901] [DFSH371004-CORA_C_37_37_12] Pack NORDIC V.2 BASIC LOW CORAL (37) x 12 unid | [IBGB2400000838904] [DFSH334001-BLUE-45] BLOOMER BIO BLUE (45) | [IBGB2400000838904] [DFSH334001-BLUE-43] BLOOMER BIO BLUE (43) | [IBGB2400000838904] [DFSH334001-BLUE-44] BLOOMER BIO BLUE (44) | [IBGB2400000838904] [DFSH334001-ROSE-38] BLOOMER BIO ROSE GOLD  (38) | [IBGB2400000838904] [DFSH334001-KHAK-39] BLOOMER BIO KHAKI (39) | [IBGB2400000838904] [DFSH334001-KHAK-38] BLOOMER BIO KHAKI (38) | [IBGB2400000838904] [DFSH334001-FUCH-38] BLOOMER BIO FUCHSIA (38) | [IBGB2400000838904] [DFSH334009-GREY-38] BLOOMER NIP GREY (38) | [IBGB2400000838902] [DFSH334001-BLUE-43] BLOOMER BIO BLUE (43) | [IBGB2400000838902] [DFSH334009-BEIG-41] BLOOMER NIP BEIGE (41) | [IBGB2400000838902] [DFSH334001-KHAK-40] BLOOMER BIO KHAKI (40) | [IBGB2400000838902] [DFSH334001-KHAK-39] BLOOMER BIO KHAKI (39) | [IBGB2400000838902] [DFSH334001-BLUE-44] BLOOMER BIO BLUE (44) | [IBGB2400000838902] [DFSH334001-BEIG-44] BLOOMER BIO BEIGE (44) | [IBGB2400000838902] [DFSH334001-BLUE-45] BLOOMER BIO BLUE (45) | [IBGB2400000838891] [DFSH334009-GREY-39] BLOOMER NIP GREY (39) | [IBGB2400000838891] [DFSH334009-GREY-38] BLOOMER NIP GREY (38) | [IBGB2400000838891] [DFSH334001-BLUE-45] BLOOMER BIO BLUE (45) | [IBGB2400000838891] [DFSH334001-BLUE-43] BLOOMER BIO BLUE (43) | [IBGB2400000838891] [DFSH334001-BLUE-44] BLOOMER BIO BLUE (44) | [IBGB2400000838891] [DFSH334001-BLAC-38] BLOOMER BIO BLACK (38) | [IBGB2400000838891] [DFSH334001-BLAC-39] BLOOMER BIO BLACK (39) | [IBGB2400000838891] [DFSH334009-ORAN-40] BLOOMER NIP ORANGE (40) | [IBGB2400000838891] [DFSH334001-BLUE-41] BLOOMER BIO BLUE (41) | [IBGB2400000838891] [DFSH334001-BEIG-45] BLOOMER BIO BEIGE (45) | [IBGB2400000838881] [DFSH334001-ORAN-36] BLOOMER BIO ORANGE (36) | [IBGB2400000838881] [DFSH334001-BLUE-42] BLOOMER BIO BLUE (42) | [IBGB2400000838881] [DFSH334001-BLUE-45] BLOOMER BIO BLUE (45) | [IBGB2400000838881] [DFSH334001-BLUE-43] BLOOMER BIO BLUE (43) | [IBGB2400000838881] [DFSH334001-BLUE-44] BLOOMER BIO BLUE (44) | [IBGB2400000838881] [DFSH334001-ORAN-38] BLOOMER BIO ORANGE (38) | [IBGB2400000838881] [DFSH334001-BEIG-45] BLOOMER BIO BEIGE (45) | [IBGB2400000838881] [DFSH334009-ORAN-40] BLOOMER NIP ORANGE (40) | [IBGB2400000838881] [DFSH334001-FUCH-38] BLOOMER BIO FUCHSIA (38) | [IBGB2400000838877] [DFSH334001-BLUE-44] BLOOMER BIO BLUE (44) | [IBGB2400000838877] [DFSH334001-BLUE-43] BLOOMER BIO BLUE (43) | [IBGB2400000838877] [DFSH334009-ORAN-37] BLOOMER NIP ORANGE (37) | [IBGB2400000838877] [DFSH334001-ROSE-40] BLOOMER BIO ROSE GOLD  (40) | [IBGB2400000838877] [DFSH334001-GREY-37] BLOOMER BIO GREY (37) | [IBGB2400000838877] [DFSH334001-BLUE-42] BLOOMER BIO BLUE (42) | [IBGB2400000838877] [DFSH334001-ORAN-36] BLOOMER BIO ORANGE (36) | [IBGB2400000838875] [DFSH334009-GREY-36] BLOOMER NIP GREY (36) | [IBGB2400000838875] [DFSH334009-GREY-38] BLOOMER NIP GREY (38) | [IBGB2400000838875] [DFSH334009-ORAN-36] BLOOMER NIP ORANGE (36) | [IBGB2400000838875] [DFSH334001-BEIG-44] BLOOMER BIO BEIGE (44) | [IBGB2400000838875] [DFSH334001-FUCH-41] BLOOMER BIO FUCHSIA (41) | [IBGB2400000838875] [DFSH334001-GOLD-39] BLOOMER BIO GOLD  (39) | [IBGB2400000838875] [DFSH334001-GOLD-36] BLOOMER BIO GOLD  (36) | [IBGB2400000838875] [DFSH334001-BLUE-43] BLOOMER BIO BLUE (43) | [IBGB2400000838875] [DFSH334001-BLUE-45] BLOOMER BIO BLUE (45) | [IBGB2400000838875] [DFSH334001-BLUE-44] BLOOMER BIO BLUE (44) | [IBGB2400000838875] [DFSH334001-ORAN-38] BLOOMER BIO ORANGE (38) | [IBGB2400000838855] [DFSH334009-BLAC-41] BLOOMER NIP BLACK (41) | [IBGB2400000838855] [DFSH334001-FUCH-39] BLOOMER BIO FUCHSIA (39) | [IBGB2400000838855] [DFSH334001-FUCH-37] BLOOMER BIO FUCHSIA (37) | [IBGB2400000838855] [DFSH334001-FUCH-38] BLOOMER BIO FUCHSIA (38) | [IBGB2400000838855] [DFSH334001-BEIG-40] BLOOMER BIO BEIGE (40) | [IBGB2400000838855] [DFSH334001-BLUE-45] BLOOMER BIO BLUE (45) | [IBGB2400000838855] [DFSH334001-BLUE-43] BLOOMER BIO BLUE (43) | [IBGB2400000838855] [DFSH334001-FUCH-41] BLOOMER BIO FUCHSIA (41) | [IBGB2400000838855] [DFSH334001-BLAC-36] BLOOMER BIO BLACK (36) | [IBGB2400000838838] [DFSH334001-BLUE-44] BLOOMER BIO BLUE (44) | [IBGB2400000838838] [DFSH334001-BLUE-43] BLOOMER BIO BLUE (43) | [IBGB2400000838838] [DFSH334001-BLUE-45] BLOOMER BIO BLUE (45)
CLABD/Stock/StorageBD/CLA-065-01-01-02;114;BLACK;B+A+C;443;100;[IBGB2400000679633] [DFSH375003-TAN-36] NORDIC NOVA LEATHER TAN (36) | [IBGB2400000679633] [DFSH391001-BEIG-39] ALL TRACK BASIC BEIGE (39) | [IBGB2400000679633] [DFSH375003-TAN-37] NORDIC NOVA LEATHER TAN (37) | [IBGB2400000228602] [DFTXSWE011-GREY-L] Crewneck Binary Oversize Sweatshirt Grey (L) | [IBGB2400000228599] [DFTXSWE011-GREY-M] Crewneck Binary Oversize Sweatshirt Grey (M) | [IBGB2400000228590] [DFTXHOD019-BROW-XL] Worldwide Hoodie Brown (XL) | [IBGB2400000228576] [DFTXHOD019-GREE-XL] Worldwide Hoodie Green (XL) | [IBGB2400000228568] [DFTXHOD019-GREE-M] Worldwide Hoodie Green (M) | [IBGB2400000228549] [DFTXHOD018-GREY-S] 911 Iconic hoodie Grey (S) | [IBGB2400000228546] [DFTXHOD018-BLAC-XL] 911 Iconic hoodie Black (XL) | [IBGB2400000311951] [KV330025-0011-39] Pink Ecological Sneakers Mercredy (39) | [IBGB2400000311951] [KV330025-0011-41] Pink Ecological Sneakers Mercredy (41) | [IBGB2400000311951] [KV330025-0011-38] Pink Ecological Sneakers Mercredy (38) | [IBGB2400000311951] [KV330025-0011-37] Pink Ecological Sneakers Mercredy (37) | [IBGB2400000311951] [KV330025-0011-40] Pink Ecological Sneakers Mercredy (40) | [IBGB2400000319460] [KVK10102-0001-36] NAPA BLANCO (36) | [IBGB2400000319460] [KVK10102-0001-37] NAPA BLANCO (37) | [IBGB2400000319460] [KVK10102-0001-38] NAPA BLANCO (38) | [IBGB2400000319460] [KVK10102-0001-39] NAPA BLANCO (39) | [IBGB2400000319460] [KVK10102-0001-40] NAPA BLANCO (40) | [IBGB2400000319460] [KVK10102-0001-41] NAPA BLANCO (41) | [IBGB2400000319460] [NVK33410-0006-40] YELLOW (40) | [IBGB2400000319460] [NVK33410-0006-39] YELLOW (39)
CLABD/Stock/StorageBD/CLA-065-02-01-02;84;BLACK;C+B+A;270;70;[IBGB2400000582689] [DFSH387006-WHIT_C_36_41_12] PACK Rebel Basic Flag White | [IBGB2400000582689] [DFSH387006-WHIT_C_36_41_12] PACK Rebel Basic Flag White | [IBGB2400000582689] [DFSH387006-WHIT_C_36_41_12] PACK Rebel Basic Flag White | [IBGB2400000582689] [DFSH387006-WHIT_C_36_41_12] PACK Rebel Basic Flag White | [IBGB2400000582689] [DFSH387006-WHIT_C_36_41_12] PACK Rebel Basic Flag White | [IBGB2400000582689] [DFSH387006-WHIT_C_36_41_12] PACK Rebel Basic Flag White | [IBGB2400000582681] [DFSH387006-WHIT_C_36_41_12] PACK Rebel Basic Flag White | [IBGB2400000582681] [DFSH387006-WHIT_C_36_41_12] PACK Rebel Basic Flag White | [IBGB2400000582681] [DFSH387006-WHIT_C_36_41_12] PACK Rebel Basic Flag White | [IBGB2400000582681] [DFSH387006-WHIT_C_36_41_12] PACK Rebel Basic Flag White | [IBGB2400000582681] [DFSH387006-WHIT_C_36_41_12] PACK Rebel Basic Flag White | [IBGB2400000582681] [DFSH387006-WHIT_C_36_41_12] PACK Rebel Basic Flag White | [IBGB2400000582644] [DFSH387006-BLAC_C_36_41_12] PACK REBEL BASIC FLAG BLACK  | [IBGB2400000582644] [DFSH387006-BLAC_C_36_41_12] PACK REBEL BASIC FLAG BLACK  | [IBGB2400000582644] [DFSH387006-BLAC_C_36_41_12] PACK REBEL BASIC FLAG BLACK  | [IBGB2400000582644] [DFSH387006-BLAC_C_36_41_12] PACK REBEL BASIC FLAG BLACK  | [IBGB2400000582644] [DFSH387006-BLAC_C_36_41_12] PACK REBEL BASIC FLAG BLACK  | [IBGB2400000582644] [DFSH387006-BLAC_C_36_41_12] PACK REBEL BASIC FLAG BLACK  | [IBGB2400000582642] [DFSH387006-BLAC_C_36_41_12] PACK REBEL BASIC FLAG BLACK  | [IBGB2400000582642] [DFSH387006-BLAC_C_36_41_12] PACK REBEL BASIC FLAG BLACK  | [IBGB2400000582642] [DFSH387006-BLAC_C_36_41_12] PACK REBEL BASIC FLAG BLACK  | [IBGB2400000582642] [DFSH387006-BLAC_C_36_41_12] PACK REBEL BASIC FLAG BLACK  | [IBGB2400000582642] [DFSH387006-BLAC_C_36_41_12] PACK REBEL BASIC FLAG BLACK  | [IBGB2400000582642] [DFSH387006-BLAC_C_36_41_12] PACK REBEL BASIC FLAG BLACK  | [IBGB2400000582637] [DFSH387006-BLAC_C_36_41_12] PACK REBEL BASIC FLAG BLACK  | [IBGB2400000582637] [DFSH387006-BLAC_C_36_41_12] PACK REBEL BASIC FLAG BLACK  | [IBGB2400000582637] [DFSH387006-BLAC_C_36_41_12] PACK REBEL BASIC FLAG BLACK  | [IBGB2400000582637] [DFSH387006-BLAC_C_36_41_12] PACK REBEL BASIC FLAG BLACK  | [IBGB2400000582637] [DFSH387006-BLAC_C_36_41_12] PACK REBEL BASIC FLAG BLACK  | [IBGB2400000582637] [DFSH387006-BLAC_C_36_41_12] PACK REBEL BASIC FLAG BLACK  | [IBGB2400000582633] [DFSH387006-BLAC_C_36_41_12] PACK REBEL BASIC FLAG BLACK  | [IBGB2400000582633] [DFSH387006-BLAC_C_36_41_12] PACK REBEL BASIC FLAG BLACK  | [IBGB2400000582633] [DFSH387006-BLAC_C_36_41_12] PACK REBEL BASIC FLAG BLACK  | [IBGB2400000582633] [DFSH387006-BLAC_C_36_41_12] PACK REBEL BASIC FLAG BLACK  | [IBGB2400000582633] [DFSH387006-BLAC_C_36_41_12] PACK REBEL BASIC FLAG BLACK  | [IBGB2400000582633] [DFSH387006-BLAC_C_36_41_12] PACK REBEL BASIC FLAG BLACK  | [IBGB2400000332109] [DFSH405003-SILV_C_36_41_12] PACK NORDIC SANDAL BUCKLE SILVER  | [IBGB2400000332109] [DFSH405003-SILV_C_36_41_12] PACK NORDIC SANDAL BUCKLE SILVER  | [IBGB2400000332109] [DFSH405003-SILV_C_36_41_12] PACK NORDIC SANDAL BUCKLE SILVER  | [IBGB2400000332109] [DFSH405003-SILV_C_36_41_12] PACK NORDIC SANDAL BUCKLE SILVER  | [IBGB2400000332109] [DFSH405003-SILV_C_36_41_12] PACK NORDIC SANDAL BUCKLE SILVER  | [IBGB2400000332109] [DFSH405003-SILV_C_36_41_12] PACK NORDIC SANDAL BUCKLE SILVER 
CLABD/Stock/StorageBD/CLA-065-02-02-03;44;BLACK;D+A+B;144;40;[IBGB2400000582060] [DFSH321102-BEIG_C_36_41_12] PACK COURT '74 WHITE / LEOPARD | [IBGB2400000582060] [DFSH321102-BEIG_C_36_41_12] PACK COURT '74 WHITE / LEOPARD | [IBGB2400000582060] [DFSH321102-BEIG_C_36_41_12] PACK COURT '74 WHITE / LEOPARD | [IBGB2400000582060] [DFSH321102-BEIG_C_36_41_12] PACK COURT '74 WHITE / LEOPARD | [IBGB2400000582060] [DFSH321102-BEIG_C_36_41_12] PACK COURT '74 WHITE / LEOPARD | [IBGB2400000582060] [DFSH321102-BEIG_C_36_41_12] PACK COURT '74 WHITE / LEOPARD | [IBGB2400000581890] [DFSH321085-WHIT_C_41_45_12] PACK Court Basket Basic White | [IBGB2400000581890] [DFSH321085-WHIT_C_41_45_12] PACK Court Basket Basic White | [IBGB2400000581890] [DFSH321085-WHIT_C_41_45_12] PACK Court Basket Basic White | [IBGB2400000581890] [DFSH321085-WHIT_C_41_45_12] PACK Court Basket Basic White | [IBGB2400000581890] [DFSH321085-WHIT_C_41_45_12] PACK Court Basket Basic White | [IBGB2400000581817] [DFSH321102-BEIG_C_39_39_10] PACK COURT '74 WHITE / LEOPARD | [IBGB2400000581815] [DFSH321102-BEIG_C_39_39_10] PACK COURT '74 WHITE / LEOPARD
CLABD/Stock/StorageBD/CLA-065-03-01-03;76;BLACK;D+A+C+B;31;70;[IBGB2400000839112] [DFSH334001-KHAK-36] BLOOMER BIO KHAKI (36) | [IBGB2400000839112] [DFSH334001-KHAK-38] BLOOMER BIO KHAKI (38) | [IBGB2400000839112] [DFSH334001-BLUE-44] BLOOMER BIO BLUE (44) | [IBGB2400000839112] [DFSH334001-BLUE-43] BLOOMER BIO BLUE (43) | [IBGB2400000839112] [DFSH334001-FUCH-38] BLOOMER BIO FUCHSIA (38) | [IBGB2400000839112] [DFSH334010-PINK-36] BLOOMER SB PINK (36) | [IBGB2400000839112] [DFSH334010-PINK-39] BLOOMER SB PINK (39) | [IBGB2400000839090] [DFSH334001-FUCH-37] BLOOMER BIO FUCHSIA (37) | [IBGB2400000839090] [DFSH334001-BLUE-44] BLOOMER BIO BLUE (44) | [IBGB2400000839090] [DFSH334001-BEIG-43] BLOOMER BIO BEIGE (43) | [IBGB2400000839090] [DFSH334001-GOLD-37] BLOOMER BIO GOLD  (37) | [IBGB2400000839090] [DFSH334009-BEIG-40] BLOOMER NIP BEIGE (40) | [IBGB2400000839090] [DFSH334001-FUCH-36] BLOOMER BIO FUCHSIA (36) | [IBGB2400000839090] [DFSH334001-BLUE-45] BLOOMER BIO BLUE (45) | [IBGB2400000839090] [DFSH334001-BEIG-44] BLOOMER BIO BEIGE (44) | [IBGB2400000839090] [DFSH334001-SILV-38] BLOOMER BIO SILVER  (38) | [IBGB2400000839086] [DFSH334009-GREY-38] BLOOMER NIP GREY (38) | [IBGB2400000839086] [DFSH334010-PINK-37] BLOOMER SB PINK (37) | [IBGB2400000839086] [DFSH334001-BEIG-43] BLOOMER BIO BEIGE (43) | [IBGB2400000839086] [DFSH334001-BLUE-45] BLOOMER BIO BLUE (45) | [IBGB2400000839086] [DFSH334001-BLUE-44] BLOOMER BIO BLUE (44) | [IBGB2400000839086] [DFSH334001-BLUE-43] BLOOMER BIO BLUE (43) | [IBGB2400000839086] [DFSH334001-ORAN-37] BLOOMER BIO ORANGE (37) | [IBGB2400000839081] [DFSH334001-BEIG-44] BLOOMER BIO BEIGE (44) | [IBGB2400000839081] [DFSH334001-BLUE-45] BLOOMER BIO BLUE (45) | [IBGB2400000839081] [DFSH334001-BEIG-43] BLOOMER BIO BEIGE (43) | [IBGB2400000839081] [DFSH334001-KHAK-39] BLOOMER BIO KHAKI (39) | [IBGB2400000839081] [DFSH334001-BLUE-44] BLOOMER BIO BLUE (44) | [IBGB2400000839081] [DFSH334001-KHAK-44] BLOOMER BIO KHAKI (44) | [IBGB2400000839081] [DFSH334001-BLUE-43] BLOOMER BIO BLUE (43) | [IBGB2400000839075] [DFSH334001-BLUE-45] BLOOMER BIO BLUE (45) | [IBGB2400000839075] [DFSH334001-BEIG-44] BLOOMER BIO BEIGE (44) | [IBGB2400000839075] [DFSH334001-BLAC-38] BLOOMER BIO BLACK (38) | [IBGB2400000839075] [DFSH334001-FUCH-39] BLOOMER BIO FUCHSIA (39) | [IBGB2400000839075] [DFSH334001-ORAN-38] BLOOMER BIO ORANGE (38) | [IBGB2400000839075] [DFSH334009-GREY-37] BLOOMER NIP GREY (37) | [IBGB2400000839073] [DFSH334001-FUCH-39] BLOOMER BIO FUCHSIA (39) | [IBGB2400000839073] [DFSH334001-FUCH-38] BLOOMER BIO FUCHSIA (38) | [IBGB2400000839073] [DFSH334001-FUCH-37] BLOOMER BIO FUCHSIA (37) | [IBGB2400000839073] [DFSH334001-BLUE-44] BLOOMER BIO BLUE (44) | [IBGB2400000839073] [DFSH334010-PINK-37] BLOOMER SB PINK (37) | [IBGB2400000839073] [DFSH334001-BEIG-44] BLOOMER BIO BEIGE (44) | [IBGB2400000839073] [DFSH334001-BEIG-43] BLOOMER BIO BEIGE (43) | [IBGB2400000839069] [DFSH334001-FUCH-39] BLOOMER BIO FUCHSIA (39) | [IBGB2400000839069] [DFSH334001-BLUE-44] BLOOMER BIO BLUE (44) | [IBGB2400000839069] [DFSH334009-GREY-41] BLOOMER NIP GREY (41) | [IBGB2400000839069] [DFSH334001-BLUE-43] BLOOMER BIO BLUE (43) | [IBGB2400000839069] [DFSH334001-BEIG-44] BLOOMER BIO BEIGE (44)
CLABD/Stock/StorageBD/CLA-065-03-02-02;101;BLACK;A+C+B+D;31;60;[IBGB2400000839686] [DFSH334001-BLUE-45] BLOOMER BIO BLUE (45) | [IBGB2400000839686] [DFSH334001-BLUE-43] BLOOMER BIO BLUE (43) | [IBGB2400000839686] [DFSH334001-OLIV-36] BLOOMER BIO OLIVE (36) | [IBGB2400000839686] [DFSH334001-BEIG-37] BLOOMER BIO BEIGE (37) | [IBGB2400000839686] [DFSH334001-FUCH-36] BLOOMER BIO FUCHSIA (36) | [IBGB2400000839686] [DFSH334001-FUCH-38] BLOOMER BIO FUCHSIA (38) | [IBGB2400000839675] [NVK33401-0269-37] CORAL (37) | [IBGB2400000839675] [NVK33410-0006-37] YELLOW (37) | [IBGB2400000839675] [NVK33409-0010-38] LAVENDER (38) | [IBGB2400000839675] [NVK33409-0009-39] LAVENDER (copia) (39) | [IBGB2400000839675] [NVK33409-0010-39] LAVENDER (39) | [IBGB2400000839675] [NVK33409-0010-37] LAVENDER (37) | [IBGB2400000839675] [NVK33401-0269-38] CORAL (38) | [IBGB2400000839675] [NVK33409-0006-39] YELLOW (39) | [IBGB2400000839675] [NVK33401-0269-40] CORAL (40) | [IBGB2400000839675] [NVK33401-0020-39] NEGRO (39) | [IBGB2400000839675] [NVK33409-0010-36] LAVENDER (36) | [IBGB2400000839675] [NVK33409-0010-40] LAVENDER (40) | [IBGB2400000839670] [NVK33409-0006-38] YELLOW (38) | [IBGB2400000839670] [NVK33409-0010-38] LAVENDER (38) | [IBGB2400000839670] [NVK33409-0009-39] LAVENDER (copia) (39) | [IBGB2400000839670] [NVK33409-0010-36] LAVENDER (36) | [IBGB2400000839670] [NVK33409-0009-41] LAVENDER (copia) (41) | [IBGB2400000839670] [NVK33409-0010-40] LAVENDER (40) | [IBGB2400000839670] [NVK33409-0010-39] LAVENDER (39) | [IBGB2400000839670] [NVK33401-0269-37] CORAL (37) | [IBGB2400000839670] [NVK33409-0010-37] LAVENDER (37) | [IBGB2400000839670] [NVK33409-0006-37] YELLOW (37) | [IBGB2400000839584] [NVK33409-0010-40] LAVENDER (40) | [IBGB2400000839584] [NVK33409-0010-37] LAVENDER (37) | [IBGB2400000839584] [NVK33409-0009-36] LAVENDER (copia) (36) | [IBGB2400000839584] [NVK33409-0010-39] LAVENDER (39) | [IBGB2400000839584] [NVK33409-0009-40] LAVENDER (copia) (40) | [IBGB2400000839584] [NVK33401-0269-37] CORAL (37) | [IBGB2400000839584] [NVK33401-0009-39] ORANGE (39) | [IBGB2400000839584] [NVK33409-0009-37] LAVENDER (copia) (37) | [IBGB2400000839584] [DFSH334009-BLAC-36] BLOOMER NIP BLACK (36) | [IBGB2400000839584] [NVK33409-0006-39] YELLOW (39) | [IBGB2400000839584] [NVK33409-0010-36] LAVENDER (36) | [IBGB2400000839584] [NVK33401-0043-37] BEIGE (37) | [IBGB2400000839584] [NVK33401-0010-39] LAVENDER (39) | [IBGB2400000839584] [NVK33401-0043-41] BEIGE (41) | [IBGB2400000839584] [NVK33401-0043-38] BEIGE (38) | [IBGB2400000839583] [NVK33401-0269-37] CORAL (37) | [IBGB2400000839583] [NVK33409-0010-38] LAVENDER (38) | [IBGB2400000839583] [NVK33409-0010-40] LAVENDER (40) | [IBGB2400000839583] [NVK33409-0009-39] LAVENDER (copia) (39) | [IBGB2400000839583] [NVK33409-0010-39] LAVENDER (39) | [IBGB2400000839583] [NVK33401-0020-36] NEGRO (36) | [IBGB2400000839583] [NVK33401-0004-44] GREEN (44) | [IBGB2400000839583] [NVK33401-0004-41] GREEN (41) | [IBGB2400000839583] [NVK33401-0043-37] BEIGE (37) | [IBGB2400000839583] [DFSH334001-FUCH-37] BLOOMER BIO FUCHSIA (37) | [IBGB2400000839580] [NVK33409-0010-36] LAVENDER (36) | [IBGB2400000839580] [NVK33409-0010-39] LAVENDER (39) | [IBGB2400000839580] [DFSH407001-TAUP-37] VIBE SANDALS BUCKLE TAUPE  (37) | [IBGB2400000839580] [DFSH407005-BLAC-36] VIBE CLOG GLITTER BLACK (36) | [IBGB2400000839580] [DFSH407007-LEOP-40] VIBE CLOG LEOPARD (40) | [IBGB2400000839580] [DFSH407007-LEOP-38] VIBE CLOG LEOPARD (38) | [IBGB2400000839580] [DFSH407002-TAUP-37] VIBE CLOG BUCKLE TAUPE (37) | [IBGB2400000839580] [NVK33401-0004-41] GREEN (41) | [IBGB2400000839580] [NVK33401-0020-41] NEGRO (41) | [IBGB2400000839580] [NVK33401-0269-37] CORAL (37) | [IBGB2400000839580] [NVK33401-0043-36] BEIGE (36)
CLABD/Stock/StorageBD/CLA-065-04-01-02;94;BLACK;B+A+C;619;80;[IBGB2400000063827] [DFSH391001-BEIG-37] ALL TRACK BASIC BEIGE (37) | [IBGB2400000406974] [DFSH321086-OFFW-38] COURT BASIC STICH OFF WHITE (38) | [IBGB2400000406974] [DFSH321086-OFFW-36] COURT BASIC STICH OFF WHITE (36) | [IBGB2400000406974] [DFSH321086-OFFW-37] COURT BASIC STICH OFF WHITE (37) | [IBGB2400000406965] [DFSH321086-OFFW-37] COURT BASIC STICH OFF WHITE (37) | [IBGB2400000406965] [DFSH321086-OFFW-36] COURT BASIC STICH OFF WHITE (36) | [IBGB2400000334537] [DFSH397002-GOLD_C_36_41_12] PACK VENICE SLIDES GOLD | [IBGB2400000334537] [DFSH397002-GOLD_C_36_41_12] PACK VENICE SLIDES GOLD | [IBGB2400000334537] [DFSH397002-GOLD_C_36_41_12] PACK VENICE SLIDES GOLD | [IBGB2400000334537] [DFSH397002-GOLD_C_36_41_12] PACK VENICE SLIDES GOLD | [IBGB2400000334537] [DFSH397002-GOLD_C_36_41_12] PACK VENICE SLIDES GOLD | [IBGB2400000334537] [DFSH397002-GOLD_C_36_41_12] PACK VENICE SLIDES GOLD | [IBGB2400000334535] [DFSH397002-GOLD_C_36_41_12] PACK VENICE SLIDES GOLD | [IBGB2400000334535] [DFSH397002-GOLD_C_36_41_12] PACK VENICE SLIDES GOLD | [IBGB2400000334535] [DFSH397002-GOLD_C_36_41_12] PACK VENICE SLIDES GOLD | [IBGB2400000334535] [DFSH397002-GOLD_C_36_41_12] PACK VENICE SLIDES GOLD | [IBGB2400000334535] [DFSH397002-GOLD_C_36_41_12] PACK VENICE SLIDES GOLD | [IBGB2400000334535] [DFSH397002-GOLD_C_36_41_12] PACK VENICE SLIDES GOLD | [IBGB2400000334531] [DFSH397002-GOLD_C_36_41_12] PACK VENICE SLIDES GOLD | [IBGB2400000334531] [DFSH397002-GOLD_C_36_41_12] PACK VENICE SLIDES GOLD | [IBGB2400000334531] [DFSH397002-GOLD_C_36_41_12] PACK VENICE SLIDES GOLD | [IBGB2400000334531] [DFSH397002-GOLD_C_36_41_12] PACK VENICE SLIDES GOLD | [IBGB2400000334531] [DFSH397002-GOLD_C_36_41_12] PACK VENICE SLIDES GOLD | [IBGB2400000334531] [DFSH397002-GOLD_C_36_41_12] PACK VENICE SLIDES GOLD | [IBG2023001368212] [DFSH392001-WHIT_C_36_41_12] Pack FLOP SUMMER CLUB WHITE | [IBG2023001368212] [DFSH392001-WHIT_C_36_41_12] Pack FLOP SUMMER CLUB WHITE | [IBG2023001368212] [DFSH392001-WHIT_C_36_41_12] Pack FLOP SUMMER CLUB WHITE | [IBG2023001368212] [DFSH392001-WHIT_C_36_41_12] Pack FLOP SUMMER CLUB WHITE | [IBG2023001368212] [DFSH392001-WHIT_C_36_41_12] Pack FLOP SUMMER CLUB WHITE | [IBG2023001368212] [DFSH392001-WHIT_C_36_41_12] Pack FLOP SUMMER CLUB WHITE | [IBG2023001368168] [DFSH392001-WHIT_C_36_41_12] Pack FLOP SUMMER CLUB WHITE | [IBG2023001368168] [DFSH392001-WHIT_C_36_41_12] Pack FLOP SUMMER CLUB WHITE | [IBG2023001368168] [DFSH392001-WHIT_C_36_41_12] Pack FLOP SUMMER CLUB WHITE | [IBG2023001368168] [DFSH392001-WHIT_C_36_41_12] Pack FLOP SUMMER CLUB WHITE | [IBG2023001368168] [DFSH392001-WHIT_C_36_41_12] Pack FLOP SUMMER CLUB WHITE | [IBG2023001368168] [DFSH392001-WHIT_C_36_41_12] Pack FLOP SUMMER CLUB WHITE
CLABD/Stock/StorageBD/CLA-065-04-01-03;96;BLACK;D+B+C+A;31;60;[IBGB2400000839462] [DFSH407007-LEOP-39] VIBE CLOG LEOPARD (39) | [IBGB2400000839462] [DFSH407007-COW-36] VIBE CLOG COW (36) | [IBGB2400000839462] [DFSH407007-COW-37] VIBE CLOG COW (37) | [IBGB2400000839462] [DFSH407007-LEOP-37] VIBE CLOG LEOPARD (37) | [IBGB2400000839462] [DFSH407002-TAN-36] VIBE CLOG BUCKE TAN (36) | [IBGB2400000839462] [DFSH407007-LEOP-36] VIBE CLOG LEOPARD (36) | [IBGB2400000839462] [DFSH407005-BLAC-39] VIBE CLOG GLITTER BLACK (39) | [IBGB2400000839462] [DFSH407006-MINT-37] VIBE CLOG FLEECE MINT (37) | [IBGB2400000839462] [DFSH407005-BLAC-38] VIBE CLOG GLITTER BLACK (38) | [IBGB2400000839462] [DFSH407001-BLAC-36] VIBE SANDALS BUCKLE BLACK (36) | [IBGB2400000839462] [DFSH407007-LEOP-38] VIBE CLOG LEOPARD (38) | [IBGB2400000839450] [DFSH407004-BEIG-37] VIBE CLOG CORDUROY BEIGE (37) | [IBGB2400000839450] [DFSH407007-COW-37] VIBE CLOG COW (37) | [IBGB2400000839450] [DFSH407002-TAN-39] VIBE CLOG BUCKE TAN (39) | [IBGB2400000839450] [DFSH407007-LEOP-39] VIBE CLOG LEOPARD (39) | [IBGB2400000839450] [DFSH407007-LEOP-38] VIBE CLOG LEOPARD (38) | [IBGB2400000839450] [DFSH407007-LEOP-37] VIBE CLOG LEOPARD (37) | [IBGB2400000839450] [DFSH407006-MINT-36] VIBE CLOG FLEECE MINT (36) | [IBGB2400000839450] [DFSH407001-BLAC-39] VIBE SANDALS BUCKLE BLACK (39) | [IBGB2400000839450] [DFSH407004-BEIG-39] VIBE CLOG CORDUROY BEIGE (39) | [IBGB2400000839450] [DFSH407001-DKHA-42] VIBE SANDALS BUCKLE DARK KHAKI  (42) | [IBGB2400000839450] [DFSH407002-FUCH-39] VIBE CLOG BUCKLE SALMON  (39) | [IBGB2400000839398] [DFSH393001-BLAC-37] DANA SLIDE SUMMER CLUB BLACK (37) | [IBGB2400000839398] [DFSH393001-WHIT-38] DANA SLIDE SUMMER CLUB WHITE (38) | [IBGB2400000839398] [DFSH393001-BLAC-36] DANA SLIDE SUMMER CLUB BLACK (36) | [IBGB2400000839398] [DFSH393001-BLAC-39] DANA SLIDE SUMMER CLUB BLACK (39) | [IBGB2400000839398] [DFSH393001-WHIT-37] DANA SLIDE SUMMER CLUB WHITE (37) | [IBGB2400000839398] [DFSH393001-WHIT-40] DANA SLIDE SUMMER CLUB WHITE (40) | [IBGB2400000839398] [DFSH393001-BLAC-40] DANA SLIDE SUMMER CLUB BLACK (40) | [IBGB2400000839398] [DFSH393001-BLAC-38] DANA SLIDE SUMMER CLUB BLACK (38) | [IBGB2400000839398] [DFSH393001-SILV-38] DANA SLIDE SUMMER CLUB SILVER (38) | [IBGB2400000839398] [DFSH393001-SILV-39] DANA SLIDE SUMMER CLUB SILVER (39) | [IBGB2400000839391] [DFSH393001-SILV-38] DANA SLIDE SUMMER CLUB SILVER (38) | [IBGB2400000839391] [DFSH393001-BLAC-40] DANA SLIDE SUMMER CLUB BLACK (40) | [IBGB2400000839391] [DFSH393001-BLAC-39] DANA SLIDE SUMMER CLUB BLACK (39) | [IBGB2400000839391] [DFSH393001-BLAC-37] DANA SLIDE SUMMER CLUB BLACK (37) | [IBGB2400000839391] [DFSH393001-BLAC-38] DANA SLIDE SUMMER CLUB BLACK (38) | [IBGB2400000839391] [DFSH393001-BLAC-36] DANA SLIDE SUMMER CLUB BLACK (36) | [IBGB2400000839381] [DFSH393001-BLAC-37] DANA SLIDE SUMMER CLUB BLACK (37) | [IBGB2400000839381] [DFSH393001-BLAC-39] DANA SLIDE SUMMER CLUB BLACK (39) | [IBGB2400000839381] [DFSH393001-BLAC-38] DANA SLIDE SUMMER CLUB BLACK (38) | [IBGB2400000839381] [DFSH393001-SILV-38] DANA SLIDE SUMMER CLUB SILVER (38) | [IBGB2400000839381] [DFSH393001-WHIT-36] DANA SLIDE SUMMER CLUB WHITE (36) | [IBGB2400000839381] [DFSH393001-WHIT-37] DANA SLIDE SUMMER CLUB WHITE (37) | [IBGB2400000839381] [DFSH393001-WHIT-39] DANA SLIDE SUMMER CLUB WHITE (39) | [IBGB2400000839381] [DFSH393001-WHIT-40] DANA SLIDE SUMMER CLUB WHITE (40) | [IBGB2400000839381] [DFSH393001-WHIT-41] DANA SLIDE SUMMER CLUB WHITE (41) | [IBGB2400000839381] [DFSH393001-BLAC-36] DANA SLIDE SUMMER CLUB BLACK (36) | [IBGB2400000839353] [DFSH334001-BLUE-44] BLOOMER BIO BLUE (44) | [IBGB2400000839353] [DFSH334009-GREY-37] BLOOMER NIP GREY (37)
CLABD/Stock/StorageBD/CLA-065-05-01-01;84;BLACK;A+B+D+C;619;70;[IBGB2400000075653] [DFSH371006-BEIG_C_40_40_12] Pack Nordic V.2 Bomb Beige (40) x 12 unid | [IBGB2400000582660] [DFSH387006-BLAC_C_41_46_12] PACK Rebel Micro Black | [IBGB2400000582660] [DFSH387006-BLAC_C_41_46_12] PACK Rebel Micro Black | [IBGB2400000582660] [DFSH387006-BLAC_C_41_46_12] PACK Rebel Micro Black | [IBGB2400000582660] [DFSH387006-BLAC_C_41_46_12] PACK Rebel Micro Black | [IBGB2400000582660] [DFSH387006-BLAC_C_41_46_12] PACK Rebel Micro Black | [IBGB2400000582660] [DFSH387006-BLAC_C_41_46_12] PACK Rebel Micro Black | [IBGB2400000582615] [DFSH387005-PPIN_C_36_41_12] PACK REBEL PALE PINK | [IBGB2400000582615] [DFSH387005-PPIN_C_36_41_12] PACK REBEL PALE PINK | [IBGB2400000582615] [DFSH387005-PPIN_C_36_41_12] PACK REBEL PALE PINK | [IBGB2400000582615] [DFSH387005-PPIN_C_36_41_12] PACK REBEL PALE PINK | [IBGB2400000582615] [DFSH387005-PPIN_C_36_41_12] PACK REBEL PALE PINK | [IBGB2400000582615] [DFSH387005-PPIN_C_36_41_12] PACK REBEL PALE PINK | [IBGB2400000582612] [DFSH387005-PPIN_C_36_41_12] PACK REBEL PALE PINK | [IBGB2400000582612] [DFSH387005-PPIN_C_36_41_12] PACK REBEL PALE PINK | [IBGB2400000582612] [DFSH387005-PPIN_C_36_41_12] PACK REBEL PALE PINK | [IBGB2400000582612] [DFSH387005-PPIN_C_36_41_12] PACK REBEL PALE PINK | [IBGB2400000582612] [DFSH387005-PPIN_C_36_41_12] PACK REBEL PALE PINK | [IBGB2400000582612] [DFSH387005-PPIN_C_36_41_12] PACK REBEL PALE PINK | [IBGB2400000582685] [DFSH387006-WHIT_C_36_41_12] PACK Rebel Basic Flag White | [IBGB2400000582685] [DFSH387006-WHIT_C_36_41_12] PACK Rebel Basic Flag White | [IBGB2400000582685] [DFSH387006-WHIT_C_36_41_12] PACK Rebel Basic Flag White | [IBGB2400000582685] [DFSH387006-WHIT_C_36_41_12] PACK Rebel Basic Flag White | [IBGB2400000582685] [DFSH387006-WHIT_C_36_41_12] PACK Rebel Basic Flag White | [IBGB2400000582685] [DFSH387006-WHIT_C_36_41_12] PACK Rebel Basic Flag White | [IBG2023001368144] [DFSH392001-WHIT_C_36_41_12] Pack FLOP SUMMER CLUB WHITE | [IBG2023001368144] [DFSH392001-WHIT_C_36_41_12] Pack FLOP SUMMER CLUB WHITE | [IBG2023001368144] [DFSH392001-WHIT_C_36_41_12] Pack FLOP SUMMER CLUB WHITE | [IBG2023001368144] [DFSH392001-WHIT_C_36_41_12] Pack FLOP SUMMER CLUB WHITE | [IBG2023001368144] [DFSH392001-WHIT_C_36_41_12] Pack FLOP SUMMER CLUB WHITE | [IBG2023001368144] [DFSH392001-WHIT_C_36_41_12] Pack FLOP SUMMER CLUB WHITE | [IBG2023001367963] [DFSH392001-WHIT_C_36_41_12] Pack FLOP SUMMER CLUB WHITE | [IBG2023001367963] [DFSH392001-WHIT_C_36_41_12] Pack FLOP SUMMER CLUB WHITE | [IBG2023001367963] [DFSH392001-WHIT_C_36_41_12] Pack FLOP SUMMER CLUB WHITE | [IBG2023001367963] [DFSH392001-WHIT_C_36_41_12] Pack FLOP SUMMER CLUB WHITE | [IBG2023001367963] [DFSH392001-WHIT_C_36_41_12] Pack FLOP SUMMER CLUB WHITE | [IBG2023001367963] [DFSH392001-WHIT_C_36_41_12] Pack FLOP SUMMER CLUB WHITE
CLABD/Stock/StorageBD/CLA-065-05-01-02;69;BLACK;A+B+C;619;50;[IBGB2400000071847] [DFSH370005-BLAC_C_36_36_12] Pack Nordic Trk Fur Black (36) x 12 unid | [IBGB2400000071840] [DFSH370005-BLAC_C_36_36_12] Pack Nordic Trk Fur Black (36) x 12 unid | [IBGB2400000071844] [DFSH370005-BLAC_C_36_36_12] Pack Nordic Trk Fur Black (36) x 12 unid | [IBGB2400000314127] [DFSH384005-SILV-39] COURT V2 TENNIS BASIC GLITTER SILVER LEO (39) | [IBGB2400000314127] [DFSH384005-SILV-37] COURT V2 TENNIS BASIC GLITTER SILVER LEO (37) | [IBGB2400000314127] [DFSH384007-WHIT-43] COURT V2 BASIC LEATHER WHITE / WHITE (43) | [IBGB2400000314127] [DFSH384005-SILV-38] COURT V2 TENNIS BASIC GLITTER SILVER LEO (38) | [IBGB2400000314127] [DFSH384005-SILV-36] COURT V2 TENNIS BASIC GLITTER SILVER LEO (36) | [IBGB2400000314127] [DFSH384005-SILV-41] COURT V2 TENNIS BASIC GLITTER SILVER LEO (41) | [IBG2023001368250] [DFSH392001-WHIT_C_36_41_12] Pack FLOP SUMMER CLUB WHITE | [IBG2023001368250] [DFSH392001-WHIT_C_36_41_12] Pack FLOP SUMMER CLUB WHITE | [IBG2023001368250] [DFSH392001-WHIT_C_36_41_12] Pack FLOP SUMMER CLUB WHITE | [IBG2023001368250] [DFSH392001-WHIT_C_36_41_12] Pack FLOP SUMMER CLUB WHITE | [IBG2023001368250] [DFSH392001-WHIT_C_36_41_12] Pack FLOP SUMMER CLUB WHITE | [IBG2023001368250] [DFSH392001-WHIT_C_36_41_12] Pack FLOP SUMMER CLUB WHITE
CLABD/Stock/StorageBD/CLA-065-06-01-02;63;BLACK;B+A+C+D;718;60;[IBG2023001013778] [DFSH371010-BEIG_C_41_41_9] Pack BEIG (41) x 9 unid | [IBG2023000926499] [DFSH370005-MUST_C_37_37_9] Pack BOOTS NORDIC FUR MUSTARD (37) x 9 unid | [IBG2023000926352] [DFSH370005-MUST_C_36_36_9] Pack BOOTS NORDIC FUR MUSTARD (36) x 9 unid | [IBGB2400000582703] [DFSH387006-WHIT_C_41_46_12] PACK Rebel Basic Flag White | [IBGB2400000582703] [DFSH387006-WHIT_C_41_46_12] PACK Rebel Basic Flag White | [IBGB2400000582703] [DFSH387006-WHIT_C_41_46_12] PACK Rebel Basic Flag White | [IBGB2400000582703] [DFSH387006-WHIT_C_41_46_12] PACK Rebel Basic Flag White | [IBGB2400000582703] [DFSH387006-WHIT_C_41_46_12] PACK Rebel Basic Flag White | [IBGB2400000582703] [DFSH387006-WHIT_C_41_46_12] PACK Rebel Basic Flag White | [IBGB2400000582702] [DFSH387006-WHIT_C_41_46_12] PACK Rebel Basic Flag White | [IBGB2400000582702] [DFSH387006-WHIT_C_41_46_12] PACK Rebel Basic Flag White | [IBGB2400000582702] [DFSH387006-WHIT_C_41_46_12] PACK Rebel Basic Flag White | [IBGB2400000582702] [DFSH387006-WHIT_C_41_46_12] PACK Rebel Basic Flag White | [IBGB2400000582702] [DFSH387006-WHIT_C_41_46_12] PACK Rebel Basic Flag White | [IBGB2400000582702] [DFSH387006-WHIT_C_41_46_12] PACK Rebel Basic Flag White | [IBGB2400000582694] [DFSH387006-WHIT_C_41_46_12] PACK Rebel Basic Flag White | [IBGB2400000582694] [DFSH387006-WHIT_C_41_46_12] PACK Rebel Basic Flag White | [IBGB2400000582694] [DFSH387006-WHIT_C_41_46_12] PACK Rebel Basic Flag White | [IBGB2400000582694] [DFSH387006-WHIT_C_41_46_12] PACK Rebel Basic Flag White | [IBGB2400000582694] [DFSH387006-WHIT_C_41_46_12] PACK Rebel Basic Flag White | [IBGB2400000582694] [DFSH387006-WHIT_C_41_46_12] PACK Rebel Basic Flag White
CLABD/Stock/StorageBD/CLA-065-07-01-02;245;BLACK;B+A+C+D;1178;65;[IBG2023001143840] [DFACBE2308-NAVY_C_50] Pack NORDIC TRK FAIR ISLE BEANIE NAVY x 50 unid | [IBG2023001143772] [DFACBE2308-PINK_C_50] Pack NORDIC TRK FAIR ISLE BEANIE PINK x 50 unid | [FAT 000426200106] [DFKSUN1025-0216_C_UNI_UNI_100] Pack ORION II CAREY / BI-BURGUNDY | [IBGG2400000003847] [DFSH394001-PURP_C_36_41_9] Pack SONAX SLIDE PURPLE | [IBGG2400000003847] [DFSH394001-PURP_C_36_41_9] Pack SONAX SLIDE PURPLE | [IBGG2400000003847] [DFSH394001-PURP_C_36_41_9] Pack SONAX SLIDE PURPLE | [IBGG2400000003847] [DFSH394001-PURP_C_36_41_9] Pack SONAX SLIDE PURPLE | [IBGG2400000003847] [DFSH394001-PURP_C_36_41_9] Pack SONAX SLIDE PURPLE | [IBGG2400000003847] [DFSH394001-PURP_C_36_41_9] Pack SONAX SLIDE PURPLE | [IBGB2400000582673] [DFSH387006-BLAC_C_41_46_12] PACK Rebel Micro Black | [IBGB2400000582673] [DFSH387006-BLAC_C_41_46_12] PACK Rebel Micro Black | [IBGB2400000582673] [DFSH387006-BLAC_C_41_46_12] PACK Rebel Micro Black | [IBGB2400000582673] [DFSH387006-BLAC_C_41_46_12] PACK Rebel Micro Black | [IBGB2400000582673] [DFSH387006-BLAC_C_41_46_12] PACK Rebel Micro Black | [IBGB2400000582673] [DFSH387006-BLAC_C_41_46_12] PACK Rebel Micro Black | [IBGB2400000582669] [DFSH387006-BLAC_C_41_46_12] PACK Rebel Micro Black | [IBGB2400000582669] [DFSH387006-BLAC_C_41_46_12] PACK Rebel Micro Black | [IBGB2400000582669] [DFSH387006-BLAC_C_41_46_12] PACK Rebel Micro Black | [IBGB2400000582669] [DFSH387006-BLAC_C_41_46_12] PACK Rebel Micro Black | [IBGB2400000582669] [DFSH387006-BLAC_C_41_46_12] PACK Rebel Micro Black | [IBGB2400000582669] [DFSH387006-BLAC_C_41_46_12] PACK Rebel Micro Black | [IBGB2400000582668] [DFSH387006-BLAC_C_41_46_12] PACK Rebel Micro Black | [IBGB2400000582668] [DFSH387006-BLAC_C_41_46_12] PACK Rebel Micro Black | [IBGB2400000582668] [DFSH387006-BLAC_C_41_46_12] PACK Rebel Micro Black | [IBGB2400000582668] [DFSH387006-BLAC_C_41_46_12] PACK Rebel Micro Black | [IBGB2400000582668] [DFSH387006-BLAC_C_41_46_12] PACK Rebel Micro Black | [IBGB2400000582668] [DFSH387006-BLAC_C_41_46_12] PACK Rebel Micro Black
CLABD/Stock/StorageBD/CLA-066-02-01-01;57;BLACK;A+C;619;50;[IBGB2400000075686] [DFSH371006-BEIG_C_41_41_12] Pack Nordic V.2 Bomb Beige (41) x 12 unid | [IBGB2400000059132] [DFSH347003-BEIG__C_37_37_12] Pack 347 TRACK STELLAR BEIGE (37) x 12 unid | [IBGB2400000059131] [DFSH347003-BEIG__C_36_36_12] Pack 347 TRACK STELLAR BEIGE (36) x 12 unid | [IBGB2400000076331] [DFSH371007-WHIT_C_36_36_12] Pack Nordic V.2 Shiny Bomb White (36) x 12 unid | [IBG2023001371137] [DFSH397001-WHIT_WEB_C_41_45_9] Pack VENICE SLIDE SUMMER CLUB WHITE | [IBG2023001371137] [DFSH397001-WHIT_WEB_C_41_45_9] Pack VENICE SLIDE SUMMER CLUB WHITE | [IBG2023001371137] [DFSH397001-WHIT_WEB_C_41_45_9] Pack VENICE SLIDE SUMMER CLUB WHITE | [IBG2023001371137] [DFSH397001-WHIT_WEB_C_41_45_9] Pack VENICE SLIDE SUMMER CLUB WHITE | [IBG2023001371137] [DFSH397001-WHIT_WEB_C_41_45_9] Pack VENICE SLIDE SUMMER CLUB WHITE
CLABD/Stock/StorageBD/CLA-066-02-01-03;92;BLACK;C+A;30;80;[IBGB2400000840663] [DFSH394001-BLAC-39] SONAX SLIDE BLACK (39) | [IBGB2400000840663] [DFSH394001-BLAC-38] SONAX SLIDE BLACK (38) | [IBGB2400000840663] [DFSH394001-BLAC-37] SONAX SLIDE BLACK (37) | [IBGB2400000840663] [DFSH394001-BLAC-36] SONAX SLIDE BLACK (36) | [IBGB2400000840660] [DFSH394001-BEIG-37] SONAX SLIDE BEIGE (37) | [IBGB2400000840660] [DFSH394001-PURP-37] SONAX SLIDE PURPLE (37) | [IBGB2400000840660] [DFSH394001-BLAC-37] SONAX SLIDE BLACK (37) | [IBGB2400000840660] [DFSH394001-PINK-38] SONAX SLIDE PINK (38) | [IBGB2400000840660] [DFSH394001-PINK-37] SONAX SLIDE PINK (37) | [IBGB2400000840660] [DFSH394001-BLAC-41] SONAX SLIDE BLACK (41) | [IBGB2400000840659] [DFSH394001-BEIG-39] SONAX SLIDE BEIGE (39) | [IBGB2400000840659] [DFSH394001-PURP-39] SONAX SLIDE PURPLE (39) | [IBGB2400000840659] [DFSH394001-PURP-41] SONAX SLIDE PURPLE (41) | [IBGB2400000840659] [DFSH394001-ORAN-41] SONAX SLIDE ORANGE (41) | [IBGB2400000840659] [DFSH394001-BLAC-39] SONAX SLIDE BLACK (39) | [IBGB2400000840659] [DFSH394001-BLAC-38] SONAX SLIDE BLACK (38) | [IBGB2400000840627] [DFSH394001-BEIG-39] SONAX SLIDE BEIGE (39) | [IBGB2400000840627] [DFSH394001-PURP-37] SONAX SLIDE PURPLE (37) | [IBGB2400000840627] [DFSH394001-PURP-39] SONAX SLIDE PURPLE (39) | [IBGB2400000840627] [DFSH394001-ORAN-39] SONAX SLIDE ORANGE (39) | [IBGB2400000840627] [DFSH394001-PURP-36] SONAX SLIDE PURPLE (36) | [IBGB2400000840627] [DFSH394002-BEIG-39] SONAX CLOG BEIGE (39) | [IBGB2400000840627] [DFSH394001-ORAN-36] SONAX SLIDE ORANGE (36) | [IBGB2400000840627] [DFSH394001-PURP-40] SONAX SLIDE PURPLE (40) | [IBGB2400000840627] [DFSH361003-KHAK-44] FOREST NEO BASIC KHAKI (44) | [IBGB2400000840627] [DFSH394001-PINK-38] SONAX SLIDE PINK (38) | [IBGB2400000840623] [DFSH394001-PINK-39] SONAX SLIDE PINK (39) | [IBGB2400000840623] [DFSH394001-PINK-37] SONAX SLIDE PINK (37) | [IBGB2400000840623] [DFSH394001-BEIG-36] SONAX SLIDE BEIGE (36) | [IBGB2400000840623] [DFSH394002-PURP-37] SONAX CLOG PURPLE (37) | [IBGB2400000840623] [DFSH394001-PURP-39] SONAX SLIDE PURPLE (39) | [IBGB2400000840623] [DFSH394001-BLAC-36] SONAX SLIDE BLACK (36) | [IBGB2400000840623] [DFSH394001-BLAC-37] SONAX SLIDE BLACK (37) | [IBGB2400000840623] [DFSH394001-PINK-36] SONAX SLIDE PINK (36) | [IBGB2400000840623] [DFSH394001-PINK-38] SONAX SLIDE PINK (38) | [IBGB2400000840622] [DFSH394001-BLAC-38] SONAX SLIDE BLACK (38) | [IBGB2400000840622] [DFSH394001-BLAC-39] SONAX SLIDE BLACK (39) | [IBGB2400000840622] [DFSH394001-BLAC-41] SONAX SLIDE BLACK (41) | [IBGB2400000840622] [DFSH394001-BLAC-37] SONAX SLIDE BLACK (37) | [IBGB2400000840622] [DFSH394001-BEIG-37] SONAX SLIDE BEIGE (37) | [IBGB2400000840622] [DFSH394001-BLAC-36] SONAX SLIDE BLACK (36) | [IBGB2400000840621] [DFSH394001-PINK-37] SONAX SLIDE PINK (37) | [IBGB2400000840621] [DFSH394001-PINK-41] SONAX SLIDE PINK (41) | [IBGB2400000840621] [DFSH394001-BLAC-38] SONAX SLIDE BLACK (38) | [IBGB2400000840621] [DFSH394001-BLAC-37] SONAX SLIDE BLACK (37) | [IBGB2400000840621] [DFSH394001-BLAC-36] SONAX SLIDE BLACK (36) | [IBGB2400000840621] [DFSH394001-ORAN-38] SONAX SLIDE ORANGE (38) | [IBGB2400000840621] [DFSH394001-PURP-39] SONAX SLIDE PURPLE (39) | [IBGB2400000840621] [DFSH394001-PURP-41] SONAX SLIDE PURPLE (41) | [IBGB2400000840621] [DFSH394001-PURP-40] SONAX SLIDE PURPLE (40) | [IBGB2400000840621] [DFSH394001-BLAC-41] SONAX SLIDE BLACK (41) | [IBGB2400000840621] [DFSH394001-BLAC-39] SONAX SLIDE BLACK (39) | [IBGB2400000840612] [DFSH394001-ORAN-36] SONAX SLIDE ORANGE (36) | [IBGB2400000840612] [DFSH394001-BLAC-37] SONAX SLIDE BLACK (37) | [IBGB2400000840612] [DFSH394001-BLAC-36] SONAX SLIDE BLACK (36) | [IBGB2400000840612] [DFSH394001-ORAN-41] SONAX SLIDE ORANGE (41) | [IBGB2400000840612] [DFSH394001-ORAN-37] SONAX SLIDE ORANGE (37) | [IBGB2400000840612] [DFSH394001-BLAC-38] SONAX SLIDE BLACK (38)
CLABD/Stock/StorageBD/CLA-066-02-02-02;86;BLACK;B+A+C+D;32;80;[IBGB2400000838824] [DFSH334001-FUCH-39] BLOOMER BIO FUCHSIA (39) | [IBGB2400000838824] [DFSH334001-FUCH-40] BLOOMER BIO FUCHSIA (40) | [IBGB2400000838824] [DFSH334001-BLUE-44] BLOOMER BIO BLUE (44) | [IBGB2400000838824] [DFSH334001-BLAC-38] BLOOMER BIO BLACK (38) | [IBGB2400000838808] [DFSH334001-BLUE-43] BLOOMER BIO BLUE (43) | [IBGB2400000838808] [DFSH334001-BLUE-44] BLOOMER BIO BLUE (44) | [IBGB2400000838808] [DFSH334001-FUCH-38] BLOOMER BIO FUCHSIA (38) | [IBGB2400000838808] [DFSH334001-PINK-37] BLOOMER BIO PINK (37) | [IBGB2400000838808] [DFSH334009-GREY-38] BLOOMER NIP GREY (38) | [IBGB2400000838801] [DFSH334001-BLAC-38] BLOOMER BIO BLACK (38) | [IBGB2400000838801] [DFSH334001-BLUE-43] BLOOMER BIO BLUE (43) | [IBGB2400000838801] [DFSH334001-FUCH-37] BLOOMER BIO FUCHSIA (37) | [IBGB2400000838801] [DFSH334001-LIME-38] BLOOMER BIO LIME (38) | [IBGB2400000838801] [DFSH334001-BLUE-44] BLOOMER BIO BLUE (44) | [IBGB2400000838801] [DFSH334001-BLUE-45] BLOOMER BIO BLUE (45) | [IBGB2400000838801] [DFSH334001-KHAK-38] BLOOMER BIO KHAKI (38) | [IBGB2400000838801] [DFSH334001-GREY-42] BLOOMER BIO GREY (42) | [IBGB2400000838801] [DFSH334001-ROSE-38] BLOOMER BIO ROSE GOLD  (38) | [IBGB2400000838775] [DFSH334001-FUCH-37] BLOOMER BIO FUCHSIA (37) | [IBGB2400000838775] [DFSH334001-GREY-43] BLOOMER BIO GREY (43) | [IBGB2400000838775] [DFSH334001-BLUE-45] BLOOMER BIO BLUE (45) | [IBGB2400000838775] [DFSH334001-BLUE-44] BLOOMER BIO BLUE (44) | [IBGB2400000838775] [DFSH334001-SILV-36] BLOOMER BIO SILVER  (36) | [IBGB2400000838775] [DFSH334009-GREY-38] BLOOMER NIP GREY (38) | [IBGB2400000838775] [DFSH334001-LIME-36] BLOOMER BIO LIME (36) | [IBGB2400000838775] [DFSH334001-KHAK-36] BLOOMER BIO KHAKI (36) | [IBGB2400000838775] [DFSH334001-BLAC-38] BLOOMER BIO BLACK (38) | [IBGB2400000838775] [DFSH334001-KHAK-37] BLOOMER BIO KHAKI (37) | [IBGB2400000838775] [DFSH334001-KHAK-38] BLOOMER BIO KHAKI (38) | [IBGB2400000838775] [DFSH334001-BLUE-43] BLOOMER BIO BLUE (43) | [IBGB2400000838775] [DFSH334001-PINK-39] BLOOMER BIO PINK (39) | [IBGB2400000838771] [DFSH334001-BLAC-40] BLOOMER BIO BLACK (40) | [IBGB2400000838771] [DFSH334009-BEIG-38] BLOOMER NIP BEIGE (38) | [IBGB2400000838771] [DFSH334001-BLAC-38] BLOOMER BIO BLACK (38) | [IBGB2400000838771] [DFSH334001-BLAC-37] BLOOMER BIO BLACK (37) | [IBGB2400000838771] [DFSH334001-BLUE-43] BLOOMER BIO BLUE (43) | [IBGB2400000838771] [DFSH334001-GREY-37] BLOOMER BIO GREY (37) | [IBGB2400000838771] [DFSH334001-BLUE-45] BLOOMER BIO BLUE (45) | [IBGB2400000838771] [DFSH334001-LAVA-41] BLOOMER BIO LAVANDA (41) | [IBGB2400000838771] [DFSH334001-BEIG-44] BLOOMER BIO BEIGE (44) | [IBGB2400000838768] [DFSH334001-BLUE-45] BLOOMER BIO BLUE (45) | [IBGB2400000838768] [DFSH334001-BLUE-44] BLOOMER BIO BLUE (44) | [IBGB2400000838768] [DFSH334001-BLUE-43] BLOOMER BIO BLUE (43) | [IBGB2400000838768] [DFSH334001-ORAN-38] BLOOMER BIO ORANGE (38) | [IBGB2400000838768] [DFSH334009-BLAC-41] BLOOMER NIP BLACK (41) | [IBGB2400000838768] [DFSH334001-SILV-37] BLOOMER BIO SILVER  (37) | [IBGB2400000838763] [DFSH334001-GREY-46] BLOOMER BIO GREY (46) | [IBGB2400000838763] [DFSH334009-GREY-39] BLOOMER NIP GREY (39) | [IBGB2400000838763] [DFSH334001-BLUE-43] BLOOMER BIO BLUE (43) | [IBGB2400000838763] [DFSH334001-BLUE-45] BLOOMER BIO BLUE (45) | [IBGB2400000838763] [DFSH334001-BLUE-44] BLOOMER BIO BLUE (44) | [IBGB2400000838743] [DFSH334001-FUCH-41] BLOOMER BIO FUCHSIA (41) | [IBGB2400000838743] [DFSH334001-FUCH-36] BLOOMER BIO FUCHSIA (36) | [IBGB2400000838743] [DFSH334001-FUCH-40] BLOOMER BIO FUCHSIA (40) | [IBGB2400000838743] [DFSH334001-BLUE-44] BLOOMER BIO BLUE (44) | [IBGB2400000838743] [DFSH334001-BLUE-43] BLOOMER BIO BLUE (43) | [IBGB2400000838743] [DFSH334001-BLUE-45] BLOOMER BIO BLUE (45)
CLABD/Stock/StorageBD/CLA-066-02-03-03;240;BLACK;C+A;619;200;[IBG2023001368434] [DFSH392001-WHIT_C_36_41_12] Pack FLOP SUMMER CLUB WHITE | [IBG2023001368434] [DFSH392001-WHIT_C_36_41_12] Pack FLOP SUMMER CLUB WHITE | [IBG2023001368434] [DFSH392001-WHIT_C_36_41_12] Pack FLOP SUMMER CLUB WHITE | [IBG2023001368434] [DFSH392001-WHIT_C_36_41_12] Pack FLOP SUMMER CLUB WHITE | [IBG2023001368434] [DFSH392001-WHIT_C_36_41_12] Pack FLOP SUMMER CLUB WHITE | [IBG2023001368434] [DFSH392001-WHIT_C_36_41_12] Pack FLOP SUMMER CLUB WHITE | [IBG2023001368410] [DFSH392001-WHIT_C_36_41_12] Pack FLOP SUMMER CLUB WHITE | [IBG2023001368410] [DFSH392001-WHIT_C_36_41_12] Pack FLOP SUMMER CLUB WHITE | [IBG2023001368410] [DFSH392001-WHIT_C_36_41_12] Pack FLOP SUMMER CLUB WHITE | [IBG2023001368410] [DFSH392001-WHIT_C_36_41_12] Pack FLOP SUMMER CLUB WHITE | [IBG2023001368410] [DFSH392001-WHIT_C_36_41_12] Pack FLOP SUMMER CLUB WHITE | [IBG2023001368410] [DFSH392001-WHIT_C_36_41_12] Pack FLOP SUMMER CLUB WHITE | [IBG2023001368335] [DFSH392001-WHIT_C_36_41_12] Pack FLOP SUMMER CLUB WHITE | [IBG2023001368335] [DFSH392001-WHIT_C_36_41_12] Pack FLOP SUMMER CLUB WHITE | [IBG2023001368335] [DFSH392001-WHIT_C_36_41_12] Pack FLOP SUMMER CLUB WHITE | [IBG2023001368335] [DFSH392001-WHIT_C_36_41_12] Pack FLOP SUMMER CLUB WHITE | [IBG2023001368335] [DFSH392001-WHIT_C_36_41_12] Pack FLOP SUMMER CLUB WHITE | [IBG2023001368335] [DFSH392001-WHIT_C_36_41_12] Pack FLOP SUMMER CLUB WHITE | [IBG2023001368311] [DFSH392001-WHIT_C_36_41_12] Pack FLOP SUMMER CLUB WHITE | [IBG2023001368311] [DFSH392001-WHIT_C_36_41_12] Pack FLOP SUMMER CLUB WHITE | [IBG2023001368311] [DFSH392001-WHIT_C_36_41_12] Pack FLOP SUMMER CLUB WHITE | [IBG2023001368311] [DFSH392001-WHIT_C_36_41_12] Pack FLOP SUMMER CLUB WHITE | [IBG2023001368311] [DFSH392001-WHIT_C_36_41_12] Pack FLOP SUMMER CLUB WHITE | [IBG2023001368311] [DFSH392001-WHIT_C_36_41_12] Pack FLOP SUMMER CLUB WHITE | [IBG2023001368304] [DFSH392001-WHIT_C_36_41_12] Pack FLOP SUMMER CLUB WHITE | [IBG2023001368304] [DFSH392001-WHIT_C_36_41_12] Pack FLOP SUMMER CLUB WHITE | [IBG2023001368304] [DFSH392001-WHIT_C_36_41_12] Pack FLOP SUMMER CLUB WHITE | [IBG2023001368304] [DFSH392001-WHIT_C_36_41_12] Pack FLOP SUMMER CLUB WHITE | [IBG2023001368304] [DFSH392001-WHIT_C_36_41_12] Pack FLOP SUMMER CLUB WHITE | [IBG2023001368304] [DFSH392001-WHIT_C_36_41_12] Pack FLOP SUMMER CLUB WHITE | [IBG2023001368243] [DFSH392001-WHIT_C_36_41_12] Pack FLOP SUMMER CLUB WHITE | [IBG2023001368243] [DFSH392001-WHIT_C_36_41_12] Pack FLOP SUMMER CLUB WHITE | [IBG2023001368243] [DFSH392001-WHIT_C_36_41_12] Pack FLOP SUMMER CLUB WHITE | [IBG2023001368243] [DFSH392001-WHIT_C_36_41_12] Pack FLOP SUMMER CLUB WHITE | [IBG2023001368243] [DFSH392001-WHIT_C_36_41_12] Pack FLOP SUMMER CLUB WHITE | [IBG2023001368243] [DFSH392001-WHIT_C_36_41_12] Pack FLOP SUMMER CLUB WHITE | [IBG2023001368236] [DFSH392001-WHIT_C_36_41_12] Pack FLOP SUMMER CLUB WHITE | [IBG2023001368236] [DFSH392001-WHIT_C_36_41_12] Pack FLOP SUMMER CLUB WHITE | [IBG2023001368236] [DFSH392001-WHIT_C_36_41_12] Pack FLOP SUMMER CLUB WHITE | [IBG2023001368236] [DFSH392001-WHIT_C_36_41_12] Pack FLOP SUMMER CLUB WHITE | [IBG2023001368236] [DFSH392001-WHIT_C_36_41_12] Pack FLOP SUMMER CLUB WHITE | [IBG2023001368236] [DFSH392001-WHIT_C_36_41_12] Pack FLOP SUMMER CLUB WHITE | [IBG2023001368205] [DFSH392001-WHIT_C_36_41_12] Pack FLOP SUMMER CLUB WHITE | [IBG2023001368205] [DFSH392001-WHIT_C_36_41_12] Pack FLOP SUMMER CLUB WHITE | [IBG2023001368205] [DFSH392001-WHIT_C_36_41_12] Pack FLOP SUMMER CLUB WHITE | [IBG2023001368205] [DFSH392001-WHIT_C_36_41_12] Pack FLOP SUMMER CLUB WHITE | [IBG2023001368205] [DFSH392001-WHIT_C_36_41_12] Pack FLOP SUMMER CLUB WHITE | [IBG2023001368205] [DFSH392001-WHIT_C_36_41_12] Pack FLOP SUMMER CLUB WHITE | [IBG2023001368182] [DFSH392001-WHIT_C_36_41_12] Pack FLOP SUMMER CLUB WHITE | [IBG2023001368182] [DFSH392001-WHIT_C_36_41_12] Pack FLOP SUMMER CLUB WHITE | [IBG2023001368182] [DFSH392001-WHIT_C_36_41_12] Pack FLOP SUMMER CLUB WHITE | [IBG2023001368182] [DFSH392001-WHIT_C_36_41_12] Pack FLOP SUMMER CLUB WHITE | [IBG2023001368182] [DFSH392001-WHIT_C_36_41_12] Pack FLOP SUMMER CLUB WHITE | [IBG2023001368182] [DFSH392001-WHIT_C_36_41_12] Pack FLOP SUMMER CLUB WHITE | [IBG2023001368175] [DFSH392001-WHIT_C_36_41_12] Pack FLOP SUMMER CLUB WHITE | [IBG2023001368175] [DFSH392001-WHIT_C_36_41_12] Pack FLOP SUMMER CLUB WHITE | [IBG2023001368175] [DFSH392001-WHIT_C_36_41_12] Pack FLOP SUMMER CLUB WHITE | [IBG2023001368175] [DFSH392001-WHIT_C_36_41_12] Pack FLOP SUMMER CLUB WHITE | [IBG2023001368175] [DFSH392001-WHIT_C_36_41_12] Pack FLOP SUMMER CLUB WHITE | [IBG2023001368175] [DFSH392001-WHIT_C_36_41_12] Pack FLOP SUMMER CLUB WHITE | [IBG2023001368120] [DFSH392001-WHIT_C_36_41_12] Pack FLOP SUMMER CLUB WHITE | [IBG2023001368120] [DFSH392001-WHIT_C_36_41_12] Pack FLOP SUMMER CLUB WHITE | [IBG2023001368120] [DFSH392001-WHIT_C_36_41_12] Pack FLOP SUMMER CLUB WHITE | [IBG2023001368120] [DFSH392001-WHIT_C_36_41_12] Pack FLOP SUMMER CLUB WHITE | [IBG2023001368120] [DFSH392001-WHIT_C_36_41_12] Pack FLOP SUMMER CLUB WHITE | [IBG2023001368120] [DFSH392001-WHIT_C_36_41_12] Pack FLOP SUMMER CLUB WHITE | [IBG2023001368106] [DFSH392001-WHIT_C_36_41_12] Pack FLOP SUMMER CLUB WHITE | [IBG2023001368106] [DFSH392001-WHIT_C_36_41_12] Pack FLOP SUMMER CLUB WHITE | [IBG2023001368106] [DFSH392001-WHIT_C_36_41_12] Pack FLOP SUMMER CLUB WHITE | [IBG2023001368106] [DFSH392001-WHIT_C_36_41_12] Pack FLOP SUMMER CLUB WHITE | [IBG2023001368106] [DFSH392001-WHIT_C_36_41_12] Pack FLOP SUMMER CLUB WHITE | [IBG2023001368106] [DFSH392001-WHIT_C_36_41_12] Pack FLOP SUMMER CLUB WHITE | [IBG2023001368090] [DFSH392001-WHIT_C_36_41_12] Pack FLOP SUMMER CLUB WHITE | [IBG2023001368090] [DFSH392001-WHIT_C_36_41_12] Pack FLOP SUMMER CLUB WHITE | [IBG2023001368090] [DFSH392001-WHIT_C_36_41_12] Pack FLOP SUMMER CLUB WHITE | [IBG2023001368090] [DFSH392001-WHIT_C_36_41_12] Pack FLOP SUMMER CLUB WHITE | [IBG2023001368090] [DFSH392001-WHIT_C_36_41_12] Pack FLOP SUMMER CLUB WHITE | [IBG2023001368090] [DFSH392001-WHIT_C_36_41_12] Pack FLOP SUMMER CLUB WHITE | [IBG2023001368083] [DFSH392001-WHIT_C_36_41_12] Pack FLOP SUMMER CLUB WHITE | [IBG2023001368083] [DFSH392001-WHIT_C_36_41_12] Pack FLOP SUMMER CLUB WHITE | [IBG2023001368083] [DFSH392001-WHIT_C_36_41_12] Pack FLOP SUMMER CLUB WHITE | [IBG2023001368083] [DFSH392001-WHIT_C_36_41_12] Pack FLOP SUMMER CLUB WHITE | [IBG2023001368083] [DFSH392001-WHIT_C_36_41_12] Pack FLOP SUMMER CLUB WHITE | [IBG2023001368083] [DFSH392001-WHIT_C_36_41_12] Pack FLOP SUMMER CLUB WHITE | [IBG2023001368052] [DFSH392001-WHIT_C_36_41_12] Pack FLOP SUMMER CLUB WHITE | [IBG2023001368052] [DFSH392001-WHIT_C_36_41_12] Pack FLOP SUMMER CLUB WHITE | [IBG2023001368052] [DFSH392001-WHIT_C_36_41_12] Pack FLOP SUMMER CLUB WHITE | [IBG2023001368052] [DFSH392001-WHIT_C_36_41_12] Pack FLOP SUMMER CLUB WHITE | [IBG2023001368052] [DFSH392001-WHIT_C_36_41_12] Pack FLOP SUMMER CLUB WHITE | [IBG2023001368052] [DFSH392001-WHIT_C_36_41_12] Pack FLOP SUMMER CLUB WHITE | [IBG2023001368045] [DFSH392001-WHIT_C_36_41_12] Pack FLOP SUMMER CLUB WHITE | [IBG2023001368045] [DFSH392001-WHIT_C_36_41_12] Pack FLOP SUMMER CLUB WHITE | [IBG2023001368045] [DFSH392001-WHIT_C_36_41_12] Pack FLOP SUMMER CLUB WHITE | [IBG2023001368045] [DFSH392001-WHIT_C_36_41_12] Pack FLOP SUMMER CLUB WHITE | [IBG2023001368045] [DFSH392001-WHIT_C_36_41_12] Pack FLOP SUMMER CLUB WHITE | [IBG2023001368045] [DFSH392001-WHIT_C_36_41_12] Pack FLOP SUMMER CLUB WHITE | [IBG2023001368021] [DFSH392001-WHIT_C_36_41_12] Pack FLOP SUMMER CLUB WHITE | [IBG2023001368021] [DFSH392001-WHIT_C_36_41_12] Pack FLOP SUMMER CLUB WHITE | [IBG2023001368021] [DFSH392001-WHIT_C_36_41_12] Pack FLOP SUMMER CLUB WHITE | [IBG2023001368021] [DFSH392001-WHIT_C_36_41_12] Pack FLOP SUMMER CLUB WHITE | [IBG2023001368021] [DFSH392001-WHIT_C_36_41_12] Pack FLOP SUMMER CLUB WHITE | [IBG2023001368021] [DFSH392001-WHIT_C_36_41_12] Pack FLOP SUMMER CLUB WHITE | [IBG2023001368007] [DFSH392001-WHIT_C_36_41_12] Pack FLOP SUMMER CLUB WHITE | [IBG2023001368007] [DFSH392001-WHIT_C_36_41_12] Pack FLOP SUMMER CLUB WHITE | [IBG2023001368007] [DFSH392001-WHIT_C_36_41_12] Pack FLOP SUMMER CLUB WHITE | [IBG2023001368007] [DFSH392001-WHIT_C_36_41_12] Pack FLOP SUMMER CLUB WHITE | [IBG2023001368007] [DFSH392001-WHIT_C_36_41_12] Pack FLOP SUMMER CLUB WHITE | [IBG2023001368007] [DFSH392001-WHIT_C_36_41_12] Pack FLOP SUMMER CLUB WHITE | [IBG2023001367994] [DFSH392001-WHIT_C_36_41_12] Pack FLOP SUMMER CLUB WHITE | [IBG2023001367994] [DFSH392001-WHIT_C_36_41_12] Pack FLOP SUMMER CLUB WHITE | [IBG2023001367994] [DFSH392001-WHIT_C_36_41_12] Pack FLOP SUMMER CLUB WHITE | [IBG2023001367994] [DFSH392001-WHIT_C_36_41_12] Pack FLOP SUMMER CLUB WHITE | [IBG2023001367994] [DFSH392001-WHIT_C_36_41_12] Pack FLOP SUMMER CLUB WHITE | [IBG2023001367994] [DFSH392001-WHIT_C_36_41_12] Pack FLOP SUMMER CLUB WHITE | [IBG2023001367987] [DFSH392001-WHIT_C_36_41_12] Pack FLOP SUMMER CLUB WHITE | [IBG2023001367987] [DFSH392001-WHIT_C_36_41_12] Pack FLOP SUMMER CLUB WHITE | [IBG2023001367987] [DFSH392001-WHIT_C_36_41_12] Pack FLOP SUMMER CLUB WHITE | [IBG2023001367987] [DFSH392001-WHIT_C_36_41_12] Pack FLOP SUMMER CLUB WHITE | [IBG2023001367987] [DFSH392001-WHIT_C_36_41_12] Pack FLOP SUMMER CLUB WHITE | [IBG2023001367987] [DFSH392001-WHIT_C_36_41_12] Pack FLOP SUMMER CLUB WHITE
CLABD/Stock/StorageBD/CLA-066-03-01-03;81;BLACK;A+C;619;70;[IBGB2400000067808] [DFSH370004-BLAC_C_38_38_12] Pack Nordic Fur Black (38) x 12 unid | [IBGB2400000067796] [DFSH370004-BLAC_C_37_37_12] Pack Nordic Fur Black (37) x 12 unid | [IBGB2400000067792] [DFSH370004-BLAC_C_37_37_12] Pack Nordic Fur Black (37) x 12 unid | [IBGB2400000067791] [DFSH370004-BLAC_C_37_37_12] Pack Nordic Fur Black (37) x 12 unid | [IBGB2400000073568] [DFSH370003-BLAC_C_38_38_12] Pack Nordic Basic Black (38) x 12 unid | [IBGB2400000643559] [DFSH370004-BLAC-38] BOOTS NORDIC FUR BLACK (38) | [IBG2023001371045] [DFSH397001-WHIT_WEB_C_41_45_9] Pack VENICE SLIDE SUMMER CLUB WHITE | [IBG2023001371045] [DFSH397001-WHIT_WEB_C_41_45_9] Pack VENICE SLIDE SUMMER CLUB WHITE | [IBG2023001371045] [DFSH397001-WHIT_WEB_C_41_45_9] Pack VENICE SLIDE SUMMER CLUB WHITE | [IBG2023001371045] [DFSH397001-WHIT_WEB_C_41_45_9] Pack VENICE SLIDE SUMMER CLUB WHITE | [IBG2023001371045] [DFSH397001-WHIT_WEB_C_41_45_9] Pack VENICE SLIDE SUMMER CLUB WHITE
CLABD/Stock/StorageBD/CLA-066-03-03-01;120;BLACK;D+A;171;100;[IBGB2400000547456] [DFSH370022-GREY_C_40_40_12] PACK NORDIC TRK FUR GREY | [IBGB2400000547455] [DFSH370022-GREY_C_40_40_12] PACK NORDIC TRK FUR GREY | [IBGB2400000547449] [DFSH370022-GREY_C_39_39_12] PACK NORDIC TRK FUR GREY | [IBGB2400000547447] [DFSH370022-GREY_C_39_39_12] PACK NORDIC TRK FUR GREY | [IBGB2400000547446] [DFSH370022-GREY_C_39_39_12] PACK NORDIC TRK FUR GREY | [IBGB2400000547445] [DFSH370022-GREY_C_39_39_12] PACK NORDIC TRK FUR GREY | [IBGB2400000547440] [DFSH370022-GREY_C_38_38_12] PACK NORDIC TRK FUR GREY | [IBGB2400000547439] [DFSH370022-GREY_C_38_38_12] PACK NORDIC TRK FUR GREY | [IBGB2400000547434] [DFSH370022-GREY_C_37_37_12] PACK NORDIC TRK FUR GREY | [IBGB2400000502755] [DFSH370003-TAUP_C_36_41_12] Pack BOOTS NORDIC BASIC TAUPE | [IBGB2400000502755] [DFSH370003-TAUP_C_36_41_12] Pack BOOTS NORDIC BASIC TAUPE | [IBGB2400000502755] [DFSH370003-TAUP_C_36_41_12] Pack BOOTS NORDIC BASIC TAUPE | [IBGB2400000502755] [DFSH370003-TAUP_C_36_41_12] Pack BOOTS NORDIC BASIC TAUPE | [IBGB2400000502755] [DFSH370003-TAUP_C_36_41_12] Pack BOOTS NORDIC BASIC TAUPE | [IBGB2400000502755] [DFSH370003-TAUP_C_36_41_12] Pack BOOTS NORDIC BASIC TAUPE
CLABD/Stock/StorageBD/CLA-066-04-01-02;185;BLACK;A+C+B;150;100;[IBGB2400000706456] [DFSH370006-BLAC-36] BOOTS NORDIC SHINY BLACK (36) | [IBGB2400000706456] [DFSH370005-CAME-37] BOOTS NORDIC FUR CAMEL (37) | [IBGB2400000706456] [DFSH371008-CAME-36] BOOTS NORDIC.V2 TRK CAMEL (36) | [IBGB2400000706456] [DFSH370012-TAUP-37] NORDIC TRK FUR TAUPE (37) | [IBGB2400000706456] [DFSH370004-BLAC-37] BOOTS NORDIC FUR BLACK (37) | [IBGB2400000706456] [DFSH370004-BLAC-36] BOOTS NORDIC FUR BLACK (36) | [IBGB2400000706426] [DFSH371004-TAN-36] BOOTS NORDIC.V2 BASIC LOW TAN (36) | [IBGB2400000706426] [DFSH371004-BLAC-37] BOOTS NORDIC.V2 BASIC LOW BLACK (37) | [IBGB2400000706426] [DFSH371008-BLAC-36] BOOTS NORDIC.V2 TRK BLACK (36) | [IBGB2400000706426] [DFSH370004-BLAC-37] BOOTS NORDIC FUR BLACK (37) | [IBGB2400000706426] [DFSH370004-BLAC-36] BOOTS NORDIC FUR BLACK (36) | [IBGB2400000706413] [DFSH370004-BLAC-37] BOOTS NORDIC FUR BLACK (37) | [IBGB2400000706413] [DFSH370006-BLAC-37] BOOTS NORDIC SHINY BLACK (37) | [IBGB2400000706413] [DFSH370004-BLAC-36] BOOTS NORDIC FUR BLACK (36) | [IBGB2400000706413] [DFSH370005-CAME-37] BOOTS NORDIC FUR CAMEL (37) | [IBGB2400000834461] [DFSH392001-SILV-41] FLOP SUMMER CLUB SILVER (41) | [IBGB2400000834461] [DFSH392001-BLAC-38] FLOP SUMMER CLUB BLACK (38) | [IBGB2400000834461] [DFSH392001-BLAC-40] FLOP SUMMER CLUB BLACK (40) | [IBGB2400000834461] [DFSH392001-WHIT-39] FLOP SUMMER CLUB WHITE (39) | [IBGB2400000834461] [DFSH392001-BLAC-37] FLOP SUMMER CLUB BLACK (37) | [IBGB2400000834461] [DFSH392001-WHIT-37] FLOP SUMMER CLUB WHITE (37) | [IBGB2400000834461] [DFSH392001-BLAC-39] FLOP SUMMER CLUB BLACK (39) | [IBGB2400000834461] [DFSH392001-SILV-36] FLOP SUMMER CLUB SILVER (36) | [IBGB2400000834461] [DFSH392001-SILV-39] FLOP SUMMER CLUB SILVER (39) | [IBGB2400000834461] [DFSH392001-SILV-40] FLOP SUMMER CLUB SILVER (40) | [IBGB2400000834461] [DFSH392001-BLAC-36] FLOP SUMMER CLUB BLACK (36) | [IBGB2400000834460] [DFSH392001-SILV-36] FLOP SUMMER CLUB SILVER (36) | [IBGB2400000834460] [DFSH392001-BLAC-39] FLOP SUMMER CLUB BLACK (39) | [IBGB2400000834460] [DFSH392001-BLAC-38] FLOP SUMMER CLUB BLACK (38) | [IBGB2400000834460] [DFSH392001-WHIT-39] FLOP SUMMER CLUB WHITE (39) | [IBGB2400000834460] [DFSH392001-WHIT-40] FLOP SUMMER CLUB WHITE (40) | [IBGB2400000834460] [DFSH392001-SILV-38] FLOP SUMMER CLUB SILVER (38) | [IBGB2400000834460] [DFSH392001-BLAC-37] FLOP SUMMER CLUB BLACK (37) | [IBGB2400000834460] [DFSH392001-SILV-39] FLOP SUMMER CLUB SILVER (39) | [IBGB2400000834460] [DFSH392001-SILV-37] FLOP SUMMER CLUB SILVER (37) | [IBGB2400000834460] [DFSH392001-BLAC-40] FLOP SUMMER CLUB BLACK (40) | [IBGB2400000834460] [DFSH392001-BLAC-36] FLOP SUMMER CLUB BLACK (36) | [IBGB2400000834460] [DFSH392001-WHIT-37] FLOP SUMMER CLUB WHITE (37) | [IBGB2400000834459] [DFSH392001-SILV-40] FLOP SUMMER CLUB SILVER (40) | [IBGB2400000834459] [DFSH392001-WHIT-37] FLOP SUMMER CLUB WHITE (37) | [IBGB2400000834459] [DFSH392001-BLAC-36] FLOP SUMMER CLUB BLACK (36) | [IBGB2400000834459] [DFSH392001-SILV-37] FLOP SUMMER CLUB SILVER (37) | [IBGB2400000834459] [DFSH392001-SILV-41] FLOP SUMMER CLUB SILVER (41) | [IBGB2400000834459] [DFSH392001-BLAC-38] FLOP SUMMER CLUB BLACK (38) | [IBGB2400000834459] [DFSH392001-WHIT-39] FLOP SUMMER CLUB WHITE (39) | [IBGB2400000834459] [DFSH392001-SILV-36] FLOP SUMMER CLUB SILVER (36) | [IBGB2400000834459] [DFSH392001-BLAC-39] FLOP SUMMER CLUB BLACK (39) | [IBGB2400000834459] [DFSH392001-WHIT-38] FLOP SUMMER CLUB WHITE (38) | [IBGB2400000834459] [DFSH392001-BLAC-37] FLOP SUMMER CLUB BLACK (37) | [IBGB2400000834459] [DFSH392001-WHIT-40] FLOP SUMMER CLUB WHITE (40) | [IBGB2400000834459] [DFSH392001-SILV-39] FLOP SUMMER CLUB SILVER (39) | [IBGB2400000834459] [DFSH392001-BLAC-40] FLOP SUMMER CLUB BLACK (40) | [IBGB2400000834458] [DFSH392001-SILV-40] FLOP SUMMER CLUB SILVER (40) | [IBGB2400000834458] [DFSH392001-BLAC-37] FLOP SUMMER CLUB BLACK (37) | [IBGB2400000834458] [DFSH392001-WHIT-38] FLOP SUMMER CLUB WHITE (38) | [IBGB2400000834458] [DFSH392001-BLAC-39] FLOP SUMMER CLUB BLACK (39) | [IBGB2400000834458] [DFSH392001-BLAC-36] FLOP SUMMER CLUB BLACK (36) | [IBGB2400000834458] [DFSH392001-WHIT-40] FLOP SUMMER CLUB WHITE (40) | [IBGB2400000834458] [DFSH392001-SILV-39] FLOP SUMMER CLUB SILVER (39) | [IBGB2400000834458] [DFSH392001-BLAC-38] FLOP SUMMER CLUB BLACK (38) | [IBGB2400000834458] [DFSH392001-SILV-37] FLOP SUMMER CLUB SILVER (37) | [IBGB2400000834458] [DFSH392001-WHIT-39] FLOP SUMMER CLUB WHITE (39) | [IBGB2400000834458] [DFSH392001-BLAC-40] FLOP SUMMER CLUB BLACK (40) | [IBGB2400000834458] [DFSH392001-SILV-41] FLOP SUMMER CLUB SILVER (41) | [IBGB2400000834452] [DFSH361007-BLAC-36] FOREST NEO BLACK / BEIGE (36) | [IBGB2400000834452] [DFSH361007-BLAC-37] FOREST NEO BLACK / BEIGE (37) | [IBGB2400000834452] [DFSH361007-BLAC-38] FOREST NEO BLACK / BEIGE (38) | [IBGB2400000834452] [DFSH361007-BLAC-39] FOREST NEO BLACK / BEIGE (39) | [IBGB2400000834452] [DFSH392001-BLAC-38] FLOP SUMMER CLUB BLACK (38) | [IBGB2400000834452] [DFSH392001-WHIT-40] FLOP SUMMER CLUB WHITE (40) | [IBGB2400000834452] [DFSH361009-GREE-36] FOREST NEO STRIPS GREEN (36) | [IBGB2400000834452] [DFSH361009-LIME-38] FOREST NEO STRIPS NEON LIME  (38) | [IBGB2400000834452] [DFSH361003-NAVY-44] FOREST NEO BASIC NAVY (44) | [IBGB2400000834452] [DFSH392001-BLAC-40] FLOP SUMMER CLUB BLACK (40) | [IBGB2400000834452] [DFSH392001-WHIT-38] FLOP SUMMER CLUB WHITE (38) | [IBGB2400000834452] [DFSH392001-BLAC-39] FLOP SUMMER CLUB BLACK (39) | [IBGB2400000834452] [DFSH392001-SILV-37] FLOP SUMMER CLUB SILVER (37) | [IBGB2400000834452] [DFSH392001-SILV-36] FLOP SUMMER CLUB SILVER (36) | [IBGB2400000834452] [DFSH392001-SILV-40] FLOP SUMMER CLUB SILVER (40) | [IBGB2400000834451] [DFSH392001-SILV-39] FLOP SUMMER CLUB SILVER (39) | [IBGB2400000834451] [DFSH392001-SILV-37] FLOP SUMMER CLUB SILVER (37) | [IBGB2400000834451] [DFSH392001-WHIT-40] FLOP SUMMER CLUB WHITE (40) | [IBGB2400000834451] [DFSH392001-WHIT-39] FLOP SUMMER CLUB WHITE (39) | [IBGB2400000834451] [DFSH392001-BLAC-39] FLOP SUMMER CLUB BLACK (39) | [IBGB2400000834451] [DFSH392001-SILV-40] FLOP SUMMER CLUB SILVER (40) | [IBGB2400000834451] [DFSH392001-SILV-36] FLOP SUMMER CLUB SILVER (36) | [IBGB2400000834451] [DFSH392001-WHIT-38] FLOP SUMMER CLUB WHITE (38) | [IBGB2400000834451] [DFSH392001-BLAC-38] FLOP SUMMER CLUB BLACK (38) | [IBGB2400000834451] [DFSH392001-BLAC-40] FLOP SUMMER CLUB BLACK (40) | [IBGB2400000834451] [DFSH392001-WHIT-36] FLOP SUMMER CLUB WHITE (36) | [IBGB2400000834451] [DFSH392001-BLAC-37] FLOP SUMMER CLUB BLACK (37) | [IBGB2400000834450] [DFSH392001-SILV-39] FLOP SUMMER CLUB SILVER (39) | [IBGB2400000834450] [DFSH392001-BLAC-40] FLOP SUMMER CLUB BLACK (40) | [IBGB2400000834450] [DFSH392001-WHIT-41] FLOP SUMMER CLUB WHITE (41) | [IBGB2400000834450] [DFSH392001-SILV-40] FLOP SUMMER CLUB SILVER (40) | [IBGB2400000834450] [DFSH392001-BLAC-37] FLOP SUMMER CLUB BLACK (37) | [IBGB2400000834450] [DFSH392001-BLAC-39] FLOP SUMMER CLUB BLACK (39) | [IBGB2400000834450] [DFSH392001-BLAC-36] FLOP SUMMER CLUB BLACK (36) | [IBGB2400000834450] [DFSH392001-SILV-38] FLOP SUMMER CLUB SILVER (38) | [IBGB2400000834450] [DFSH392001-BLAC-38] FLOP SUMMER CLUB BLACK (38) | [IBGB2400000834450] [DFSH392001-WHIT-38] FLOP SUMMER CLUB WHITE (38) | [IBGB2400000834450] [DFSH392001-WHIT-40] FLOP SUMMER CLUB WHITE (40) | [IBGB2400000834450] [DFSH392001-SILV-41] FLOP SUMMER CLUB SILVER (41)
CLABD/Stock/StorageBD/CLA-066-04-02-02;153;BLACK;A+C;571;90;[IBGG2400000003791] [DFSH394001-BEIG_C_36_41_9] Pack SONAX SLIDE BEIGE | [IBGG2400000003791] [DFSH394001-BEIG_C_36_41_9] Pack SONAX SLIDE BEIGE | [IBGG2400000003791] [DFSH394001-BEIG_C_36_41_9] Pack SONAX SLIDE BEIGE | [IBGG2400000003791] [DFSH394001-BEIG_C_36_41_9] Pack SONAX SLIDE BEIGE | [IBGG2400000003791] [DFSH394001-BEIG_C_36_41_9] Pack SONAX SLIDE BEIGE | [IBGG2400000003791] [DFSH394001-BEIG_C_36_41_9] Pack SONAX SLIDE BEIGE | [IBGG2400000003789] [DFSH394001-BEIG-36] SONAX SLIDE BEIGE (36) | [IBGG2400000003789] [DFSH394001-BEIG-37] SONAX SLIDE BEIGE (37) | [IBGG2400000003789] [DFSH394001-BEIG-38] SONAX SLIDE BEIGE (38) | [IBGG2400000003789] [DFSH394001-BEIG-39] SONAX SLIDE BEIGE (39) | [IBGG2400000003789] [DFSH394001-BEIG-40] SONAX SLIDE BEIGE (40) | [IBGG2400000003789] [DFSH394001-BEIG-41] SONAX SLIDE BEIGE (41) | [IBGG2400000003788] [DFSH394001-BEIG-36] SONAX SLIDE BEIGE (36) | [IBGG2400000003788] [DFSH394001-BEIG-37] SONAX SLIDE BEIGE (37) | [IBGG2400000003788] [DFSH394001-BEIG-38] SONAX SLIDE BEIGE (38) | [IBGG2400000003788] [DFSH394001-BEIG-39] SONAX SLIDE BEIGE (39) | [IBGG2400000003788] [DFSH394001-BEIG-40] SONAX SLIDE BEIGE (40) | [IBGG2400000003788] [DFSH394001-BEIG-41] SONAX SLIDE BEIGE (41) | [IBGG2400000003787] [DFSH394001-BEIG-36] SONAX SLIDE BEIGE (36) | [IBGG2400000003787] [DFSH394001-BEIG-37] SONAX SLIDE BEIGE (37) | [IBGG2400000003787] [DFSH394001-BEIG-38] SONAX SLIDE BEIGE (38) | [IBGG2400000003787] [DFSH394001-BEIG-39] SONAX SLIDE BEIGE (39) | [IBGG2400000003787] [DFSH394001-BEIG-40] SONAX SLIDE BEIGE (40) | [IBGG2400000003787] [DFSH394001-BEIG-41] SONAX SLIDE BEIGE (41) | [IBGG2400000003786] [DFSH394001-BEIG-36] SONAX SLIDE BEIGE (36) | [IBGG2400000003786] [DFSH394001-BEIG-37] SONAX SLIDE BEIGE (37) | [IBGG2400000003786] [DFSH394001-BEIG-38] SONAX SLIDE BEIGE (38) | [IBGG2400000003786] [DFSH394001-BEIG-39] SONAX SLIDE BEIGE (39) | [IBGG2400000003786] [DFSH394001-BEIG-40] SONAX SLIDE BEIGE (40) | [IBGG2400000003786] [DFSH394001-BEIG-41] SONAX SLIDE BEIGE (41) | [IBGG2400000003785] [DFSH394001-BEIG-36] SONAX SLIDE BEIGE (36) | [IBGG2400000003785] [DFSH394001-BEIG-37] SONAX SLIDE BEIGE (37) | [IBGG2400000003785] [DFSH394001-BEIG-38] SONAX SLIDE BEIGE (38) | [IBGG2400000003785] [DFSH394001-BEIG-39] SONAX SLIDE BEIGE (39) | [IBGG2400000003785] [DFSH394001-BEIG-40] SONAX SLIDE BEIGE (40) | [IBGG2400000003785] [DFSH394001-BEIG-41] SONAX SLIDE BEIGE (41) | [IBGG2400000003784] [DFSH394001-BEIG-36] SONAX SLIDE BEIGE (36) | [IBGG2400000003784] [DFSH394001-BEIG-37] SONAX SLIDE BEIGE (37) | [IBGG2400000003784] [DFSH394001-BEIG-38] SONAX SLIDE BEIGE (38) | [IBGG2400000003784] [DFSH394001-BEIG-39] SONAX SLIDE BEIGE (39) | [IBGG2400000003784] [DFSH394001-BEIG-40] SONAX SLIDE BEIGE (40) | [IBGG2400000003784] [DFSH394001-BEIG-41] SONAX SLIDE BEIGE (41) | [IBGG2400000003783] [DFSH394001-BEIG-36] SONAX SLIDE BEIGE (36) | [IBGG2400000003783] [DFSH394001-BEIG-37] SONAX SLIDE BEIGE (37) | [IBGG2400000003783] [DFSH394001-BEIG-38] SONAX SLIDE BEIGE (38) | [IBGG2400000003783] [DFSH394001-BEIG-39] SONAX SLIDE BEIGE (39) | [IBGG2400000003783] [DFSH394001-BEIG-40] SONAX SLIDE BEIGE (40) | [IBGG2400000003783] [DFSH394001-BEIG-41] SONAX SLIDE BEIGE (41) | [IBGG2400000003782] [DFSH394001-BEIG-36] SONAX SLIDE BEIGE (36) | [IBGG2400000003782] [DFSH394001-BEIG-37] SONAX SLIDE BEIGE (37) | [IBGG2400000003782] [DFSH394001-BEIG-38] SONAX SLIDE BEIGE (38) | [IBGG2400000003782] [DFSH394001-BEIG-39] SONAX SLIDE BEIGE (39) | [IBGG2400000003782] [DFSH394001-BEIG-40] SONAX SLIDE BEIGE (40) | [IBGG2400000003782] [DFSH394001-BEIG-41] SONAX SLIDE BEIGE (41)
CLABD/Stock/StorageBD/CLA-066-05-01-01;38;BLACK;B+A+C;400;30;[IBGB2400000312900] [DFSH384005-GOLD-37] COURT V2 TENNIS BASIC GLITTER GOLD LEO (37) | [IBGB2400000312900] [DFSH384005-GOLD-36] COURT V2 TENNIS BASIC GLITTER GOLD LEO (36) | [IBGB2400000311886] [DFSH394001-ORAN-37] SONAX SLIDE ORANGE (37) | [IBGB2400000311886] [DFSH394001-ORAN-36] SONAX SLIDE ORANGE (36) | [IBGB2400000311886] [DFSH394001-ORAN-39] SONAX SLIDE ORANGE (39) | [IBGB2400000311886] [DFSH394001-ORAN-38] SONAX SLIDE ORANGE (38) | [IBGB2400000311886] [DFSH394001-ORAN-41] SONAX SLIDE ORANGE (41) | [IBGB2400000311886] [DFSH394001-ORAN-40] SONAX SLIDE ORANGE (40) | [IBGB2400000311913] [DFSH393001-SILV-38] DANA SLIDE SUMMER CLUB SILVER (38) | [IBGB2400000311913] [DFSH393001-SILV-39] DANA SLIDE SUMMER CLUB SILVER (39) | [IBGB2400000311913] [DFSH393001-SILV-41] DANA SLIDE SUMMER CLUB SILVER (41)
CLABD/Stock/StorageBD/CLA-066-06-01-02;48;BLACK;D+B+A;165;40;[IBGB2400000555312] [DFSH401001-WSIL_C_41_45_12] PACK AERO WHITE/SILVER | [IBGB2400000555312] [DFSH401001-WSIL_C_41_45_12] PACK AERO WHITE/SILVER | [IBGB2400000555312] [DFSH401001-WSIL_C_41_45_12] PACK AERO WHITE/SILVER | [IBGB2400000555312] [DFSH401001-WSIL_C_41_45_12] PACK AERO WHITE/SILVER | [IBGB2400000555312] [DFSH401001-WSIL_C_41_45_12] PACK AERO WHITE/SILVER | [IBGB2400000555292] [DFSH401001-WSIL_C_36_41_12] PACK AERO WHITE/SILVER | [IBGB2400000555292] [DFSH401001-WSIL_C_36_41_12] PACK AERO WHITE/SILVER | [IBGB2400000555292] [DFSH401001-WSIL_C_36_41_12] PACK AERO WHITE/SILVER | [IBGB2400000555292] [DFSH401001-WSIL_C_36_41_12] PACK AERO WHITE/SILVER | [IBGB2400000555292] [DFSH401001-WSIL_C_36_41_12] PACK AERO WHITE/SILVER | [IBGB2400000555292] [DFSH401001-WSIL_C_36_41_12] PACK AERO WHITE/SILVER | [IBGB2400000581939] [DFSH321090-GOLD_C_36_41_12] PackCOURT GOLD / MULTI | [IBGB2400000581939] [DFSH321090-GOLD_C_36_41_12] PackCOURT GOLD / MULTI | [IBGB2400000581939] [DFSH321090-GOLD_C_36_41_12] PackCOURT GOLD / MULTI | [IBGB2400000581939] [DFSH321090-GOLD_C_36_41_12] PackCOURT GOLD / MULTI | [IBGB2400000581939] [DFSH321090-GOLD_C_36_41_12] PackCOURT GOLD / MULTI | [IBGB2400000581939] [DFSH321090-GOLD_C_36_41_12] PackCOURT GOLD / MULTI | [IBGB2400000581937] [DFSH321090-GOLD_C_36_41_12] PackCOURT GOLD / MULTI | [IBGB2400000581937] [DFSH321090-GOLD_C_36_41_12] PackCOURT GOLD / MULTI | [IBGB2400000581937] [DFSH321090-GOLD_C_36_41_12] PackCOURT GOLD / MULTI | [IBGB2400000581937] [DFSH321090-GOLD_C_36_41_12] PackCOURT GOLD / MULTI | [IBGB2400000581937] [DFSH321090-GOLD_C_36_41_12] PackCOURT GOLD / MULTI | [IBGB2400000581937] [DFSH321090-GOLD_C_36_41_12] PackCOURT GOLD / MULTI
CLABD/Stock/StorageBD/CLA-066-06-02-02;46;BLACK;B+A+D;478;40;[IBGB2400000581928] [DFSH321090-GOLD_C_36_41_12] PackCOURT GOLD / MULTI | [IBGB2400000581928] [DFSH321090-GOLD_C_36_41_12] PackCOURT GOLD / MULTI | [IBGB2400000581928] [DFSH321090-GOLD_C_36_41_12] PackCOURT GOLD / MULTI | [IBGB2400000581928] [DFSH321090-GOLD_C_36_41_12] PackCOURT GOLD / MULTI | [IBGB2400000581928] [DFSH321090-GOLD_C_36_41_12] PackCOURT GOLD / MULTI | [IBGB2400000581928] [DFSH321090-GOLD_C_36_41_12] PackCOURT GOLD / MULTI | [IBGB2400000570534] [DFSH391013-BLAC_C_36_41_12] PACK ALL TRACK BIKER HIGH BLACK | [IBGB2400000570534] [DFSH391013-BLAC_C_36_41_12] PACK ALL TRACK BIKER HIGH BLACK | [IBGB2400000570534] [DFSH391013-BLAC_C_36_41_12] PACK ALL TRACK BIKER HIGH BLACK | [IBGB2400000570534] [DFSH391013-BLAC_C_36_41_12] PACK ALL TRACK BIKER HIGH BLACK | [IBGB2400000570534] [DFSH391013-BLAC_C_36_41_12] PACK ALL TRACK BIKER HIGH BLACK | [IBGB2400000570534] [DFSH391013-BLAC_C_36_41_12] PACK ALL TRACK BIKER HIGH BLACK | [IBGB2400000570063] [DFSH391001-BLAC_C_37_37_10] PACK All Track Full Black | [IBGB2400000075585] [DFSH371006-BEIG_C_39_39_12] Pack Nordic V.2 Bomb Beige (39) x 12 unid
CLABD/Stock/StorageBD/CLA-066-08-01-03;102;BLACK;A+C+B;521;90;[IBGB2400000595325] [DFSH347003_-BLAC-39] 347 TRACK STELLAR BLACK  (39) | [IBGB2400000595325] [LIK22018-0020-40] One Way D Is Not Black (40) | [IBGB2400000595325] [DFSH375001-TAUP-37] NORDIC NOVA LEATHER TAUPE (37) | [IBGB2400000595309] [DFSH387006-BLAC-44] REBEL BASIC FLAG BLACK  (44) | [IBGB2400000595309] [DFSH387006-BLAC-45] REBEL BASIC FLAG BLACK  (45) | [IBGB2400000595309] [DFSH387007-BLAC-36] REBEL GLITTER BLACK (36) | [IBGB2400000595309] [LI330261-0334-38] Mercredy Slipper Capuccino (38) | [IBGB2400000074530] [DFSH371004-BLAC_C_41_41_12] Pack Nordic V.2 Basic Low Black (41) x 12 unid | [IBGB2400000074373] [DFSH371004-BLAC_C_36_36_12] Pack Nordic V.2 Basic Low Black (36) x 12 unid | [IBGB2400000073881] [DFSH370004-BLAC_C_37_37_12] Pack Nordic Fur Black (37) x 12 unid | [IBGB2400000073875] [DFSH370004-BLAC_C_37_37_12] Pack Nordic Fur Black (37) x 12 unid | [IBGB2400000074860] [DFSH371004-TAN_C_41_41_12] Pack Nordic V.2 Basic Low Tan (41) x 12 unid | [IBGB2400000074857] [DFSH371004-TAN_C_41_41_12] Pack Nordic V.2 Basic Low Tan (41) x 12 unid | [IBGB2400000074736] [DFSH371004-TAN_C_39_39_12] Pack Nordic V.2 Basic Low Tan (39) x 12 unid
CLABD/Stock/StorageBD/CLA-066-09-01-01;32;BLACK;B+A+C;571;40;[IBGG2400000275175] [DFSH387005-LPIN-41] COLOR REPETIDO I24 (41) | [IBGG2400000275175] [DFSH387005-LPIN-39] COLOR REPETIDO I24 (39) | [IBGG2400000275175] [DFSH387005-LPIN-38] COLOR REPETIDO I24 (38) | [IBGG2400000275175] [DFSH387005-LPIN-40] COLOR REPETIDO I24 (40) | [IBGG2400000275175] [DFSH387005-LPIN-36] COLOR REPETIDO I24 (36) | [IBGG2400000275175] [DFSH387005-LPIN-37] COLOR REPETIDO I24 (37) | [IBGG2400000003845] [DFSH394001-ORAN_C_36_41_9] Pack SONAX SLIDE ORANGE | [IBGG2400000003845] [DFSH394001-ORAN_C_36_41_9] Pack SONAX SLIDE ORANGE | [IBGG2400000003845] [DFSH394001-ORAN_C_36_41_9] Pack SONAX SLIDE ORANGE | [IBGG2400000003845] [DFSH394001-ORAN_C_36_41_9] Pack SONAX SLIDE ORANGE | [IBGG2400000003845] [DFSH394001-ORAN_C_36_41_9] Pack SONAX SLIDE ORANGE | [IBGG2400000003845] [DFSH394001-ORAN_C_36_41_9] Pack SONAX SLIDE ORANGE | [IBGG2400000003844] [DFSH394001-ORAN_C_36_41_9] Pack SONAX SLIDE ORANGE | [IBGG2400000003844] [DFSH394001-ORAN_C_36_41_9] Pack SONAX SLIDE ORANGE | [IBGG2400000003844] [DFSH394001-ORAN_C_36_41_9] Pack SONAX SLIDE ORANGE | [IBGG2400000003844] [DFSH394001-ORAN_C_36_41_9] Pack SONAX SLIDE ORANGE | [IBGG2400000003844] [DFSH394001-ORAN_C_36_41_9] Pack SONAX SLIDE ORANGE | [IBGG2400000003844] [DFSH394001-ORAN_C_36_41_9] Pack SONAX SLIDE ORANGE | [IBGB2400000705577] [DFSH370003-TAN-39] BOOTS NORDIC BASIC TAN (39) | [IBGB2400000705577] [DFSH347002-BEIG-41] 347 TRACK STELLAR BEIG / MULTI (41) | [IBGB2400000705577] [DFSH370004-BLAC-38] BOOTS NORDIC FUR BLACK (38) | [IBGB2400000705577] [DFSH371004-TAN-36] BOOTS NORDIC.V2 BASIC LOW TAN (36) | [IBGB2400000705577] [DFSH371004-TAN-38] BOOTS NORDIC.V2 BASIC LOW TAN (38)
CLABD/Stock/StorageBD/CLA-066-09-01-02;73;BLACK;A+B+C;430;70;[IBGB2400000067630] [DFSH370003-BLAC_C_36_36_12] Pack Nordic Basic Black (36) x 12 unid | [IBGB2400000074874] [DFSH371004-TAN_C_41_41_12] Pack Nordic V.2 Basic Low Tan (41) x 12 unid | [IBGB2400000074877] [DFSH371004-TAN_C_41_41_12] Pack Nordic V.2 Basic Low Tan (41) x 12 unid | [IBGB2400000074880] [DFSH371004-TAN_C_41_41_12] Pack Nordic V.2 Basic Low Tan (41) x 12 unid | [IBGB2400000074563] [DFSH371004-TAN_C_36_36_12] Pack Nordic V.2 Basic Low Tan (36) x 12 unid | [IBGB2400000559751] [DFSH387005-BLAC-44] REBEL BASIC FLAG BLACK  (44) | [IBGB2400000559751] [DFSH387005-BLAC-45] REBEL BASIC FLAG BLACK  (45) | [IBGB2400000559751] [DFSH387005-BLAC-43] REBEL BASIC FLAG BLACK  (43) | [IBGB2400000559751] [DFSH387005-BLAC-41] REBEL BASIC FLAG BLACK  (41) | [IBGB2400000559751] [DFSH387005-BLAC-42] REBEL BASIC FLAG BLACK  (42) | [IBGB2400000705668] [DFSH375001-TAN-37] NORDIC NOVA LEATHER TAN (37) | [IBGB2400000705668] [DFSH371013-BLAC-40] NORDIC V.2 LOW BLACK (40) | [IBGB2400000705668] [DFSH371006-BLAC-37] BOOTS NORDIC.V2 BOOMB BLACK (37) | [IBGB2400000705668] [DFSH370005-MUST-36] BOOTS NORDIC FUR MUSTARD (36)
CLABD/Stock/StorageBD/CLA-067-02-01-03;95;BLACK;A+B+C;400;80;[IBGB2400000071998] [DFSH370005-CAME_C_36_36_12] Pack Nordic Trk Fur Camel (36) x 12 unid | [IBGB2400000314200] [NVK33410-0009-38] ORANGE (38) | [IBGB2400000314200] [NVK33410-0009-36] ORANGE (36) | [IBGB2400000314200] [NVK33410-0009-40] ORANGE (40) | [IBGB2400000314200] [NVK33410-0009-37] ORANGE (37) | [IBGB2400000314137] [NVK33401-0269-37] CORAL (37) | [IBGB2400000314137] [NVK33401-0269-38] CORAL (38) | [IBGB2400000311806] [DFSH394001-ORAN-40] SONAX SLIDE ORANGE (40) | [IBGB2400000311806] [DFSH394001-ORAN-38] SONAX SLIDE ORANGE (38) | [IBGB2400000311806] [DFSH394001-ORAN-37] SONAX SLIDE ORANGE (37) | [IBGB2400000311806] [DFSH394001-ORAN-36] SONAX SLIDE ORANGE (36) | [IBGB2400000311806] [DFSH394001-ORAN-39] SONAX SLIDE ORANGE (39) | [IBGB2400000311806] [DFSH394001-ORAN-41] SONAX SLIDE ORANGE (41) | [IBGB2400000315477] [NVK33410-0020-39] BLACK (39) | [IBGB2400000315477] [NVK33410-0020-36] BLACK (36) | [IBGB2400000315477] [NVK33410-0020-38] BLACK (38) | [IBGB2400000315469] [NVK33410-0006-36] YELLOW (36) | [IBGB2400000315469] [NVK33410-0006-38] YELLOW (38) | [IBGB2400000315469] [NVK33410-0006-39] YELLOW (39) | [IBGB2400000315469] [NVK33410-0006-40] YELLOW (40) | [IBGB2400000315469] [NVK33410-0006-37] YELLOW (37) | [IBGB2400000315469] [NVK33401-0022-41] LIGHT BROWN (41) | [IBGB2400000315465] [NVK33410-0006-39] YELLOW (39) | [IBGB2400000315465] [NVK33410-0006-38] YELLOW (38) | [IBGB2400000315465] [NVK33410-0006-37] YELLOW (37) | [IBGB2400000315465] [NVK33410-0006-36] YELLOW (36) | [IBGB2400000314822] [NVK33410-0269-38] CORAL (38) | [IBGB2400000314822] [NVK33410-0006-38] YELLOW (38) | [IBGB2400000314822] [NVK33410-0006-39] YELLOW (39) | [IBGB2400000314822] [NVK33410-0006-37] YELLOW (37)
CLABD/Stock/StorageBD/CLA-067-02-02-02;96;BLACK;D+A;383;80;[IBGB2400000546263] [DFSH370021-BLAC_C_42_42_12] PACK NORDIC LOW BASIC BLACK | [IBGB2400000546258] [DFSH370021-BLAC_C_42_42_12] PACK NORDIC LOW BASIC BLACK | [IBGB2400000545980] [DFSH370021-BLAC_C_38_38_12] PACK NORDIC LOW BASIC BLACK | [IBGB2400000544711] [DFSH370011-BLAC_C_38_38_12] Pack NORDIC TRK FUR LOW BLACK  (38) x 12 unid | [IBGB2400000544707] [DFSH370011-BLAC_C_37_37_12] Pack NORDIC TRK FUR LOW BLACK  (37) x 12 unid | [IBGB2400000072004] [DFSH370005-CAME_C_36_36_12] Pack Nordic Trk Fur Camel (36) x 12 unid | [IBGB2400000072003] [DFSH370005-CAME_C_36_36_12] Pack Nordic Trk Fur Camel (36) x 12 unid | [IBGB2400000072000] [DFSH370005-CAME_C_36_36_12] Pack Nordic Trk Fur Camel (36) x 12 unid
CLABD/Stock/StorageBD/CLA-067-03-01-03;35;BLACK;D+A+B;577;30;[IBG2023001387459] [DFSH334001-KHAK_C_36_41_12] PackBLOOMER BIO KHAKI | [IBG2023001387459] [DFSH334001-KHAK_C_36_41_12] PackBLOOMER BIO KHAKI | [IBG2023001387459] [DFSH334001-KHAK_C_36_41_12] PackBLOOMER BIO KHAKI | [IBG2023001387459] [DFSH334001-KHAK_C_36_41_12] PackBLOOMER BIO KHAKI | [IBG2023001387459] [DFSH334001-KHAK_C_36_41_12] PackBLOOMER BIO KHAKI | [IBG2023001387459] [DFSH334001-KHAK_C_36_41_12] PackBLOOMER BIO KHAKI | [IBGB2400000076382] [DFSH371007-WHIT_C_41_41_12] Pack Nordic V.2 Shiny Bomb White (41) x 12 unid | [IBGG2400000087779] [NVK33401-0022-44] LIGHT BROWN (44)
CLABD/Stock/StorageBD/CLA-067-04-01-01;81;BLACK;A+B+C;509;70;[IBGB2400000076330] [DFSH371007-WHIT_C_36_36_12] Pack Nordic V.2 Shiny Bomb White (36) x 12 unid | [IBGB2400000071732] [DFSH370011-BLAC_C_36_36_12] Pack NORDIC TRK FUR LOW BLACK  (36) x 12 unid | [IBGB2400000074859] [DFSH371004-TAN_C_41_41_12] Pack Nordic V.2 Basic Low Tan (41) x 12 unid | [IBGB2400000071849] [DFSH370005-BLAC_C_36_36_12] Pack Nordic Trk Fur Black (36) x 12 unid | [IBGB2400000071843] [DFSH370005-BLAC_C_36_36_12] Pack Nordic Trk Fur Black (36) x 12 unid | [IBGB2400000580715] [MV231605-0001-37] WHITE (37) | [IBGB2400000580715] [MV231605-0001-40] WHITE (40) | [IBGB2400000580715] [MV231605-0001-41] WHITE (41) | [IBGB2400000580715] [MV231601-0001-36] WHITE (36) | [IBGB2400000316930] [DFSH384005-GOLD-36] COURT V2 TENNIS BASIC GLITTER GOLD LEO (36) | [IBGB2400000316930] [DFSH384005-GOLD-38] COURT V2 TENNIS BASIC GLITTER GOLD LEO (38) | [IBGB2400000316930] [DFSH384005-SILV-38] COURT V2 TENNIS BASIC GLITTER SILVER LEO (38)
CLABD/Stock/StorageBD/CLA-067-04-01-02;83;BLACK;A+B+D;430;80;[IBGB2400000706301] [DFSH370005-CAME-37] BOOTS NORDIC FUR CAMEL (37) | [IBGB2400000706301] [DFSH371006-BEIG-36] BOOTS NORDIC.V2 BOOMB BEIG (36) | [IBGB2400000706295] [DFSH375004-TAN-36] NORDIC NOVA LEATHER LACES TAN (36) | [IBGB2400000706295] [DFSH375004-TAN-37] NORDIC NOVA LEATHER LACES TAN (37) | [IBGB2400000706295] [DFSH391001-WHIT-39] ALL TRACK BASIC WHITE (39) | [IBGB2400000706295] [DFSH370005-CAME-36] BOOTS NORDIC FUR CAMEL (36) | [IBGB2400000706295] [DFSH370004-SAND-36] BOOTS NORDIC FUR SAND (36) | [IBGB2400000706295] [DFSH370005-CAME-37] BOOTS NORDIC FUR CAMEL (37) | [IBGB2400000074980] [DFSH370006-NUT_C_36_36_12] Pack Nordic Shiny Nut (36) x 12 unid | [IBGB2400000074979] [DFSH370006-NUT_C_36_36_12] Pack Nordic Shiny Nut (36) x 12 unid | [IBGB2400000071994] [DFSH370005-CAME_C_36_36_12] Pack Nordic Trk Fur Camel (36) x 12 unid | [IBGG2400000087780] [NVK33401-0022-42] LIGHT BROWN (42) | [IBGB2400000555325] [DFSH401001-WSIL_C_41_45_12] PACK AERO WHITE/SILVER | [IBGB2400000555325] [DFSH401001-WSIL_C_41_45_12] PACK AERO WHITE/SILVER | [IBGB2400000555325] [DFSH401001-WSIL_C_41_45_12] PACK AERO WHITE/SILVER | [IBGB2400000555325] [DFSH401001-WSIL_C_41_45_12] PACK AERO WHITE/SILVER | [IBGB2400000555325] [DFSH401001-WSIL_C_41_45_12] PACK AERO WHITE/SILVER | [IBGB2400000555317] [DFSH401001-WSIL_C_41_45_12] PACK AERO WHITE/SILVER | [IBGB2400000555317] [DFSH401001-WSIL_C_41_45_12] PACK AERO WHITE/SILVER | [IBGB2400000555317] [DFSH401001-WSIL_C_41_45_12] PACK AERO WHITE/SILVER | [IBGB2400000555317] [DFSH401001-WSIL_C_41_45_12] PACK AERO WHITE/SILVER | [IBGB2400000555317] [DFSH401001-WSIL_C_41_45_12] PACK AERO WHITE/SILVER
CLABD/Stock/StorageBD/CLA-067-06-01-02;56;BLACK;D+A;165;50;[IBGB2400000555376] [DFSH401002-PETR_C_41_45_12] PACK AERO SPECTRO PETROL BLUE | [IBGB2400000555376] [DFSH401002-PETR_C_41_45_12] PACK AERO SPECTRO PETROL BLUE | [IBGB2400000555376] [DFSH401002-PETR_C_41_45_12] PACK AERO SPECTRO PETROL BLUE | [IBGB2400000555376] [DFSH401002-PETR_C_41_45_12] PACK AERO SPECTRO PETROL BLUE | [IBGB2400000555376] [DFSH401002-PETR_C_41_45_12] PACK AERO SPECTRO PETROL BLUE | [IBGB2400000555366] [DFSH401002-PETR_C_41_45_12] PACK AERO SPECTRO PETROL BLUE | [IBGB2400000555366] [DFSH401002-PETR_C_41_45_12] PACK AERO SPECTRO PETROL BLUE | [IBGB2400000555366] [DFSH401002-PETR_C_41_45_12] PACK AERO SPECTRO PETROL BLUE | [IBGB2400000555366] [DFSH401002-PETR_C_41_45_12] PACK AERO SPECTRO PETROL BLUE | [IBGB2400000555366] [DFSH401002-PETR_C_41_45_12] PACK AERO SPECTRO PETROL BLUE | [IBGB2400000526358] [DFSH408004-BLAC_C_36_41_12] PACK ATLAS GLITTER BLACK/BLACK | [IBGB2400000526358] [DFSH408004-BLAC_C_36_41_12] PACK ATLAS GLITTER BLACK/BLACK | [IBGB2400000526358] [DFSH408004-BLAC_C_36_41_12] PACK ATLAS GLITTER BLACK/BLACK | [IBGB2400000526358] [DFSH408004-BLAC_C_36_41_12] PACK ATLAS GLITTER BLACK/BLACK | [IBGB2400000526358] [DFSH408004-BLAC_C_36_41_12] PACK ATLAS GLITTER BLACK/BLACK | [IBGB2400000526358] [DFSH408004-BLAC_C_36_41_12] PACK ATLAS GLITTER BLACK/BLACK | [IBGB2400000570099] [DFSH391001-BLAC_C_39_39_10] PACK All Track Full Black | [IBGB2400000570098] [DFSH391001-BLAC_C_39_39_10] PACK All Track Full Black
CLABD/Stock/StorageBD/CLA-067-08-01-01;67;BLACK;A+C;509;60;[IBGB2400000075131] [DFSH370006-BLAC_C_37_37_12] Pack Nordic Shiny Black (37) x 12 unid | [IBGB2400000075129] [DFSH370006-BLAC_C_37_37_12] Pack Nordic Shiny Black (37) x 12 unid | [IBGB2400000073984] [DFSH370004-BLAC_C_40_40_12] Pack Nordic Fur Black (40) x 12 unid | [IBGB2400000076503] [DFSH371010-BLAC_C_40_40_12] Pack Nordic V.2 Low Bomb Black (40) x 12 unid | [IBGB2400000311293] [DFSH389013-WHIT-38] ONE WAY HIGH FROM HEART WHITE (38) | [IBGB2400000311293] [DFSH389013-WHIT-36] ONE WAY HIGH FROM HEART WHITE (36) | [IBGB2400000311293] [DFSH389013-WHIT-37] ONE WAY HIGH FROM HEART WHITE (37) | [IBGB2400000504213] [DFSH370011-BROW_C_36_41_12] PackNORDIC TRK FUR LOW BROWN  | [IBGB2400000504213] [DFSH370011-BROW_C_36_41_12] PackNORDIC TRK FUR LOW BROWN  | [IBGB2400000504213] [DFSH370011-BROW_C_36_41_12] PackNORDIC TRK FUR LOW BROWN  | [IBGB2400000504213] [DFSH370011-BROW_C_36_41_12] PackNORDIC TRK FUR LOW BROWN  | [IBGB2400000504213] [DFSH370011-BROW_C_36_41_12] PackNORDIC TRK FUR LOW BROWN  | [IBGB2400000504213] [DFSH370011-BROW_C_36_41_12] PackNORDIC TRK FUR LOW BROWN 
CLABD/Stock/StorageBD/CLA-068-01-01-01;48;BLACK;D+A;450;40;[IBGB2400000582168] [DFSH378010-CREA_C_41_45_12] PACK VIBLA CREAM | [IBGB2400000582168] [DFSH378010-CREA_C_41_45_12] PACK VIBLA CREAM | [IBGB2400000582168] [DFSH378010-CREA_C_41_45_12] PACK VIBLA CREAM | [IBGB2400000582168] [DFSH378010-CREA_C_41_45_12] PACK VIBLA CREAM | [IBGB2400000582168] [DFSH378010-CREA_C_41_45_12] PACK VIBLA CREAM | [IBGB2400000582163] [DFSH378010-CREA_C_41_45_12] PACK VIBLA CREAM | [IBGB2400000582163] [DFSH378010-CREA_C_41_45_12] PACK VIBLA CREAM | [IBGB2400000582163] [DFSH378010-CREA_C_41_45_12] PACK VIBLA CREAM | [IBGB2400000582163] [DFSH378010-CREA_C_41_45_12] PACK VIBLA CREAM | [IBGB2400000582163] [DFSH378010-CREA_C_41_45_12] PACK VIBLA CREAM | [IBGB2400000582152] [DFSH378010-CREA_C_41_45_12] PACK VIBLA CREAM | [IBGB2400000582152] [DFSH378010-CREA_C_41_45_12] PACK VIBLA CREAM | [IBGB2400000582152] [DFSH378010-CREA_C_41_45_12] PACK VIBLA CREAM | [IBGB2400000582152] [DFSH378010-CREA_C_41_45_12] PACK VIBLA CREAM | [IBGB2400000582152] [DFSH378010-CREA_C_41_45_12] PACK VIBLA CREAM | [IBGB2400000074899] [DFSH371004-CORA_C_37_37_12] Pack NORDIC V.2 BASIC LOW CORAL (37) x 12 unid
CLABD/Stock/StorageBD/CLA-068-02-01-01;63;BLACK;B+A+D;522;90;[IBGB2400000676551] [DFSH375003-BLAC-39] NORDIC NOVA LEATHER BLACK (39) | [IBGB2400000676551] [DFSH370003-BLAC-37] BOOTS NORDIC BASIC BLACK (37) | [IBGB2400000676551] [DFSH375003-BLAC-37] NORDIC NOVA LEATHER BLACK (37) | [IBGB2400000676551] [DFSH375003-BLAC-36] NORDIC NOVA LEATHER BLACK (36) | [IBGB2400000676551] [DFSH375003-BLAC-38] NORDIC NOVA LEATHER BLACK (38) | [IBGB2400000676551] [DFSH375003-BLAC-41] NORDIC NOVA LEATHER BLACK (41) | [IBGB2400000676535] [DFSH371006-BLAC-37] BOOTS NORDIC.V2 BOOMB BLACK (37) | [IBGB2400000676459] [DFSH371006-BEIG-41] BOOTS NORDIC.V2 BOOMB BEIG (41) | [IBGB2400000676459] [DFSH371006-BEIG-37] BOOTS NORDIC.V2 BOOMB BEIG (37) | [IBGB2400000676459] [DFSH371006-BEIG-38] BOOTS NORDIC.V2 BOOMB BEIG (38) | [IBGB2400000676415] [DFSH391001-BEIG-37] ALL TRACK BASIC BEIGE (37) | [IBGB2400000676415] [DFSH391001-BEIG-40] ALL TRACK BASIC BEIGE (40) | [IBGB2400000676414] [DFSH371006-BEIG-36] BOOTS NORDIC.V2 BOOMB BEIG (36) | [IBGB2400000676414] [DFSH371006-BEIG-37] BOOTS NORDIC.V2 BOOMB BEIG (37) | [IBGB2400000676411] [DFSH370005-CAME-38] BOOTS NORDIC FUR CAMEL (38) | [IBGB2400000676411] [DFSH370005-CAME-37] BOOTS NORDIC FUR CAMEL (37) | [IBGB2400000676411] [DFSH370005-CAME-41] BOOTS NORDIC FUR CAMEL (41) | [IBGB2400000676411] [DFSH370005-CAME-36] BOOTS NORDIC FUR CAMEL (36) | [IBGB2400000676391] [DFSH371006-BEIG-40] BOOTS NORDIC.V2 BOOMB BEIG (40) | [IBGB2400000676391] [DFSH371006-BEIG-37] BOOTS NORDIC.V2 BOOMB BEIG (37) | [IBGB2400000676391] [DFSH371006-BEIG-41] BOOTS NORDIC.V2 BOOMB BEIG (41) | [IBGB2400000676391] [DFSH371006-BEIG-36] BOOTS NORDIC.V2 BOOMB BEIG (36) | [IBGB2400000056262] [DFSH321089-BLAC_C_37_37_12] Pack COURT STICH BLACK / MULTI  (37) x 12 unid | [IBGB2400000570225] [DFSH391010-BLAC_C_41_41_10] PACK ALL TRACK CHELSEA BLACK
CLABD/Stock/StorageBD/CLA-068-02-01-02;115;BLACK;B+C+A;31;90;[IBGB2400000840024] [DFSH404001-SILV-40] FOREST HIGH STRIPS SILVER (40) | [IBGB2400000840024] [DFSH404004-ORAN-38] FOREST HIGH STRIPS ORANGE (38) | [IBGB2400000840024] [DFSH334001-BEIG-45] BLOOMER BIO BEIGE (45) | [IBGB2400000840024] [KV330025-0004-39] Green Ecological Sneakers Mercredy (39) | [IBGB2400000840024] [DFSH404001-SILV-38] FOREST HIGH STRIPS SILVER (38) | [IBGB2400000840024] [DFSH404001-SILV-39] FOREST HIGH STRIPS SILVER (39) | [IBGB2400000840024] [DFSH404001-SILV-36] FOREST HIGH STRIPS SILVER (36) | [IBGB2400000840023] [DFSH404001-SILV-37] FOREST HIGH STRIPS SILVER (37) | [IBGB2400000840023] [DFSH404001-SILV-38] FOREST HIGH STRIPS SILVER (38) | [IBGB2400000840023] [DFSH404001-SILV-39] FOREST HIGH STRIPS SILVER (39) | [IBGB2400000840023] [DFSH404001-SILV-40] FOREST HIGH STRIPS SILVER (40) | [IBGB2400000840023] [DFSH404004-ORAN-40] FOREST HIGH STRIPS ORANGE (40) | [IBGB2400000840023] [DFSH404003-GREE-38] FOREST HIGH STRIPS GREEN  (38) | [IBGB2400000840021] [DFSH404001-FBLA-36] FOREST HIGH STRIPS FULL BLACK (36) | [IBGB2400000840021] [DFSH404001-SILV-40] FOREST HIGH STRIPS SILVER (40) | [IBGB2400000840021] [DFSH404002-ABLA-41] FOREST HIGH STRIPS ANIMAL PRINT BLACK (41) | [IBGB2400000840021] [DFSH404001-SILV-38] FOREST HIGH STRIPS SILVER (38) | [IBGB2400000840021] [DFSH404003-GREE-36] FOREST HIGH STRIPS GREEN  (36) | [IBGB2400000840021] [DFSH404002-ABUR-40] FOREST HIGH STRIPS ANIMAL BURGUNDY (40) | [IBGB2400000840021] [DFSH404001-SILV-39] FOREST HIGH STRIPS SILVER (39) | [IBGB2400000840021] [DFSH404004-ORAN-39] FOREST HIGH STRIPS ORANGE (39) | [IBGB2400000840021] [DFSH404001-FBLA-37] FOREST HIGH STRIPS FULL BLACK (37) | [IBGB2400000840021] [DFSH404002-ABUR-36] FOREST HIGH STRIPS ANIMAL BURGUNDY (36) | [IBGB2400000840021] [DFSH404003-GREE-39] FOREST HIGH STRIPS GREEN  (39) | [IBGB2400000840021] [DFSH404002-ABUR-38] FOREST HIGH STRIPS ANIMAL BURGUNDY (38) | [IBGB2400000840021] [DFSH404003-GREE-41] FOREST HIGH STRIPS GREEN  (41) | [IBGB2400000840021] [DFSH404004-ORAN-38] FOREST HIGH STRIPS ORANGE (38) | [IBGB2400000839961] [DFSH397001-OFFW-42] VENICE SLIDE OFF WHITE (42) | [IBGB2400000839961] [DFSH397001-BLAC-43] VENICE SLIDE SUMMER CLUB BLACK (43) | [IBGB2400000839961] [DFSH397001-BLAC-42] VENICE SLIDE SUMMER CLUB BLACK (42) | [IBGB2400000839961] [DFSH397001-OFFW-43] VENICE SLIDE OFF WHITE (43) | [IBGB2400000839957] [DFSH397001-BLAC-43] VENICE SLIDE SUMMER CLUB BLACK (43) | [IBGB2400000839957] [DFSH397001-BLAC-42] VENICE SLIDE SUMMER CLUB BLACK (42) | [IBGB2400000839957] [DFSH397001-BLAC-44] VENICE SLIDE SUMMER CLUB BLACK (44) | [IBGB2400000839957] [DFSH397001-FBLA-39] VENICE SLIDE FULL BLACK (39) | [IBGB2400000839957] [DFSH397001-OFFW-38] VENICE SLIDE OFF WHITE (38) | [IBGB2400000839957] [DFSH397001-OFFW-44] VENICE SLIDE OFF WHITE (44) | [IBGB2400000839957] [DFSH397001-OFFW-39] VENICE SLIDE OFF WHITE (39) | [IBGB2400000839941] [DFSH397001-OFFW-41] VENICE SLIDE OFF WHITE (41) | [IBGB2400000839941] [DFSH397001-OFFW-43] VENICE SLIDE OFF WHITE (43) | [IBGB2400000839941] [DFSH397001-OFFW-42] VENICE SLIDE OFF WHITE (42) | [IBGB2400000839941] [DFSH397001-BLAC-42] VENICE SLIDE SUMMER CLUB BLACK (42) | [IBGB2400000839941] [DFSH397001-BLAC-43] VENICE SLIDE SUMMER CLUB BLACK (43) | [IBGB2400000839941] [DFSH397001-BLAC-44] VENICE SLIDE SUMMER CLUB BLACK (44) | [IBGB2400000839941] [DFSH397001-BLAC-41] VENICE SLIDE SUMMER CLUB BLACK (41) | [IBGB2400000839913] [DFSH397001-OFFW-43] VENICE SLIDE OFF WHITE (43) | [IBGB2400000839913] [DFSH397001-WHIT-43] VENICE SLIDE SUMMER CLUB WHITE (43) | [IBGB2400000839913] [DFSH397001-OFFW-44] VENICE SLIDE OFF WHITE (44) | [IBGB2400000839913] [DFSH397001-WHIT-44] VENICE SLIDE SUMMER CLUB WHITE (44) | [IBGB2400000839894] [DFSH397001-FBLA-38] VENICE SLIDE FULL BLACK (38) | [IBGB2400000839894] [DFSH397001-FBLA-37] VENICE SLIDE FULL BLACK (37) | [IBGB2400000839894] [DFSH397001-WHIT-44] VENICE SLIDE SUMMER CLUB WHITE (44) | [IBGB2400000839894] [DFSH397001-WHIT-43] VENICE SLIDE SUMMER CLUB WHITE (43) | [IBGB2400000839894] [DFSH397001-OFFW-41] VENICE SLIDE OFF WHITE (41) | [IBGB2400000839894] [DFSH397001-OFFW-43] VENICE SLIDE OFF WHITE (43) | [IBGB2400000839894] [DFSH397001-BLAC-44] VENICE SLIDE SUMMER CLUB BLACK (44) | [IBGB2400000839883] [DFSH397001-FBLA-37] VENICE SLIDE FULL BLACK (37) | [IBGB2400000839883] [DFSH397001-FBLA-39] VENICE SLIDE FULL BLACK (39) | [IBGB2400000839883] [DFSH397001-BLAC-42] VENICE SLIDE SUMMER CLUB BLACK (42) | [IBGB2400000839883] [DFSH397001-WHIT-43] VENICE SLIDE SUMMER CLUB WHITE (43) | [IBGB2400000839883] [DFSH397001-WHIT-41] VENICE SLIDE SUMMER CLUB WHITE (41) | [IBGB2400000839883] [DFSH397001-BLAC-44] VENICE SLIDE SUMMER CLUB BLACK (44) | [IBGB2400000839883] [DFSH397001-WHIT-44] VENICE SLIDE SUMMER CLUB WHITE (44)
CLABD/Stock/StorageBD/CLA-068-02-01-03;82;BLACK;D+A;450;70;[IBGB2400000582170] [DFSH378010-CREA_C_41_45_12] PACK VIBLA CREAM | [IBGB2400000582170] [DFSH378010-CREA_C_41_45_12] PACK VIBLA CREAM | [IBGB2400000582170] [DFSH378010-CREA_C_41_45_12] PACK VIBLA CREAM | [IBGB2400000582170] [DFSH378010-CREA_C_41_45_12] PACK VIBLA CREAM | [IBGB2400000582170] [DFSH378010-CREA_C_41_45_12] PACK VIBLA CREAM | [IBGB2400000582159] [DFSH378010-CREA_C_41_45_12] PACK VIBLA CREAM | [IBGB2400000582159] [DFSH378010-CREA_C_41_45_12] PACK VIBLA CREAM | [IBGB2400000582159] [DFSH378010-CREA_C_41_45_12] PACK VIBLA CREAM | [IBGB2400000582159] [DFSH378010-CREA_C_41_45_12] PACK VIBLA CREAM | [IBGB2400000582159] [DFSH378010-CREA_C_41_45_12] PACK VIBLA CREAM | [IBGB2400000582158] [DFSH378010-CREA_C_41_45_12] PACK VIBLA CREAM | [IBGB2400000582158] [DFSH378010-CREA_C_41_45_12] PACK VIBLA CREAM | [IBGB2400000582158] [DFSH378010-CREA_C_41_45_12] PACK VIBLA CREAM | [IBGB2400000582158] [DFSH378010-CREA_C_41_45_12] PACK VIBLA CREAM | [IBGB2400000582158] [DFSH378010-CREA_C_41_45_12] PACK VIBLA CREAM | [IBGB2400000582155] [DFSH378010-CREA_C_41_45_12] PACK VIBLA CREAM | [IBGB2400000582155] [DFSH378010-CREA_C_41_45_12] PACK VIBLA CREAM | [IBGB2400000582155] [DFSH378010-CREA_C_41_45_12] PACK VIBLA CREAM | [IBGB2400000582155] [DFSH378010-CREA_C_41_45_12] PACK VIBLA CREAM | [IBGB2400000582155] [DFSH378010-CREA_C_41_45_12] PACK VIBLA CREAM | [IBGB2400000543379] [DFSH370022-SAND-K_C_32_36_10] PACK NORDIC TRK FUR SAND | [IBGB2400000543379] [DFSH370022-SAND-K_C_32_36_10] PACK NORDIC TRK FUR SAND | [IBGB2400000543379] [DFSH370022-SAND-K_C_32_36_10] PACK NORDIC TRK FUR SAND | [IBGB2400000543379] [DFSH370022-SAND-K_C_32_36_10] PACK NORDIC TRK FUR SAND | [IBGB2400000543379] [DFSH370022-SAND-K_C_32_36_10] PACK NORDIC TRK FUR SAND | [IBGB2400000074893] [DFSH371004-CORA_C_36_36_12] Pack NORDIC V.2 BASIC LOW CORAL (36) x 12 unid | [IBGB2400000074891] [DFSH371004-CORA_C_36_36_12] Pack NORDIC V.2 BASIC LOW CORAL (36) x 12 unid
CLABD/Stock/StorageBD/CLA-068-02-03-02;132;BLACK;A+D;478;110;[IBGB2400000070030] [DFSH371006-BLAC_C_38_38_12] Pack Nordic V.2 Bomb Black (38) x 12 unid | [IBGB2400000582039] [DFSH321100-WHIT_C_36_41_12] PACK COURT FLEECE WHITE | [IBGB2400000582039] [DFSH321100-WHIT_C_36_41_12] PACK COURT FLEECE WHITE | [IBGB2400000582039] [DFSH321100-WHIT_C_36_41_12] PACK COURT FLEECE WHITE | [IBGB2400000582039] [DFSH321100-WHIT_C_36_41_12] PACK COURT FLEECE WHITE | [IBGB2400000582039] [DFSH321100-WHIT_C_36_41_12] PACK COURT FLEECE WHITE | [IBGB2400000582039] [DFSH321100-WHIT_C_36_41_12] PACK COURT FLEECE WHITE | [IBGB2400000582034] [DFSH321100-WHIT_C_36_41_12] PACK COURT FLEECE WHITE | [IBGB2400000582034] [DFSH321100-WHIT_C_36_41_12] PACK COURT FLEECE WHITE | [IBGB2400000582034] [DFSH321100-WHIT_C_36_41_12] PACK COURT FLEECE WHITE | [IBGB2400000582034] [DFSH321100-WHIT_C_36_41_12] PACK COURT FLEECE WHITE | [IBGB2400000582034] [DFSH321100-WHIT_C_36_41_12] PACK COURT FLEECE WHITE | [IBGB2400000582034] [DFSH321100-WHIT_C_36_41_12] PACK COURT FLEECE WHITE | [IBGB2400000582030] [DFSH321100-WHIT_C_36_41_12] PACK COURT FLEECE WHITE | [IBGB2400000582030] [DFSH321100-WHIT_C_36_41_12] PACK COURT FLEECE WHITE | [IBGB2400000582030] [DFSH321100-WHIT_C_36_41_12] PACK COURT FLEECE WHITE | [IBGB2400000582030] [DFSH321100-WHIT_C_36_41_12] PACK COURT FLEECE WHITE | [IBGB2400000582030] [DFSH321100-WHIT_C_36_41_12] PACK COURT FLEECE WHITE | [IBGB2400000582030] [DFSH321100-WHIT_C_36_41_12] PACK COURT FLEECE WHITE | [IBGB2400000582028] [DFSH321100-WHIT_C_36_41_12] PACK COURT FLEECE WHITE | [IBGB2400000582028] [DFSH321100-WHIT_C_36_41_12] PACK COURT FLEECE WHITE | [IBGB2400000582028] [DFSH321100-WHIT_C_36_41_12] PACK COURT FLEECE WHITE | [IBGB2400000582028] [DFSH321100-WHIT_C_36_41_12] PACK COURT FLEECE WHITE | [IBGB2400000582028] [DFSH321100-WHIT_C_36_41_12] PACK COURT FLEECE WHITE | [IBGB2400000582028] [DFSH321100-WHIT_C_36_41_12] PACK COURT FLEECE WHITE | [IBGB2400000582023] [DFSH321100-WHIT_C_36_41_12] PACK COURT FLEECE WHITE | [IBGB2400000582023] [DFSH321100-WHIT_C_36_41_12] PACK COURT FLEECE WHITE | [IBGB2400000582023] [DFSH321100-WHIT_C_36_41_12] PACK COURT FLEECE WHITE | [IBGB2400000582023] [DFSH321100-WHIT_C_36_41_12] PACK COURT FLEECE WHITE | [IBGB2400000582023] [DFSH321100-WHIT_C_36_41_12] PACK COURT FLEECE WHITE | [IBGB2400000582023] [DFSH321100-WHIT_C_36_41_12] PACK COURT FLEECE WHITE | [IBGB2400000582016] [DFSH321100-BLAC_C_36_41_12] PACK COURT FLEECE FULL BLACK  | [IBGB2400000582016] [DFSH321100-BLAC_C_36_41_12] PACK COURT FLEECE FULL BLACK  | [IBGB2400000582016] [DFSH321100-BLAC_C_36_41_12] PACK COURT FLEECE FULL BLACK  | [IBGB2400000582016] [DFSH321100-BLAC_C_36_41_12] PACK COURT FLEECE FULL BLACK  | [IBGB2400000582016] [DFSH321100-BLAC_C_36_41_12] PACK COURT FLEECE FULL BLACK  | [IBGB2400000582016] [DFSH321100-BLAC_C_36_41_12] PACK COURT FLEECE FULL BLACK  | [IBGB2400000582015] [DFSH321100-BLAC_C_36_41_12] PACK COURT FLEECE FULL BLACK  | [IBGB2400000582015] [DFSH321100-BLAC_C_36_41_12] PACK COURT FLEECE FULL BLACK  | [IBGB2400000582015] [DFSH321100-BLAC_C_36_41_12] PACK COURT FLEECE FULL BLACK  | [IBGB2400000582015] [DFSH321100-BLAC_C_36_41_12] PACK COURT FLEECE FULL BLACK  | [IBGB2400000582015] [DFSH321100-BLAC_C_36_41_12] PACK COURT FLEECE FULL BLACK  | [IBGB2400000582015] [DFSH321100-BLAC_C_36_41_12] PACK COURT FLEECE FULL BLACK  | [IBGB2400000582009] [DFSH321100-BLAC_C_36_41_12] PACK COURT FLEECE FULL BLACK  | [IBGB2400000582009] [DFSH321100-BLAC_C_36_41_12] PACK COURT FLEECE FULL BLACK  | [IBGB2400000582009] [DFSH321100-BLAC_C_36_41_12] PACK COURT FLEECE FULL BLACK  | [IBGB2400000582009] [DFSH321100-BLAC_C_36_41_12] PACK COURT FLEECE FULL BLACK  | [IBGB2400000582009] [DFSH321100-BLAC_C_36_41_12] PACK COURT FLEECE FULL BLACK  | [IBGB2400000582009] [DFSH321100-BLAC_C_36_41_12] PACK COURT FLEECE FULL BLACK  | [IBGB2400000582007] [DFSH321100-BLAC_C_36_41_12] PACK COURT FLEECE FULL BLACK  | [IBGB2400000582007] [DFSH321100-BLAC_C_36_41_12] PACK COURT FLEECE FULL BLACK  | [IBGB2400000582007] [DFSH321100-BLAC_C_36_41_12] PACK COURT FLEECE FULL BLACK  | [IBGB2400000582007] [DFSH321100-BLAC_C_36_41_12] PACK COURT FLEECE FULL BLACK  | [IBGB2400000582007] [DFSH321100-BLAC_C_36_41_12] PACK COURT FLEECE FULL BLACK  | [IBGB2400000582007] [DFSH321100-BLAC_C_36_41_12] PACK COURT FLEECE FULL BLACK  | [IBGB2400000582005] [DFSH321100-BLAC_C_36_41_12] PACK COURT FLEECE FULL BLACK  | [IBGB2400000582005] [DFSH321100-BLAC_C_36_41_12] PACK COURT FLEECE FULL BLACK  | [IBGB2400000582005] [DFSH321100-BLAC_C_36_41_12] PACK COURT FLEECE FULL BLACK  | [IBGB2400000582005] [DFSH321100-BLAC_C_36_41_12] PACK COURT FLEECE FULL BLACK  | [IBGB2400000582005] [DFSH321100-BLAC_C_36_41_12] PACK COURT FLEECE FULL BLACK  | [IBGB2400000582005] [DFSH321100-BLAC_C_36_41_12] PACK COURT FLEECE FULL BLACK 
CLABD/Stock/StorageBD/CLA-068-04-01-03;56;BLACK;A+D;487;40;[IBGB2400000053716] [DFSH381001-KHAK_C_40_40_12] Pack NEVIS RAIN KHAKI (40) x 12 unid | [IBGB2400000053679] [DFSH381001-KHAK_C_38_38_12] Pack NEVIS RAIN KHAKI (38) x 12 unid | [IBGB2400000053673] [DFSH381001-KHAK_C_37_37_12] Pack NEVIS RAIN KHAKI (37) x 12 unid | [IBGB2400000543383] [DFSH370022-SAND-K-32] NORDIC TRK FUR SAND (32) | [IBGB2400000543383] [DFSH370022-SAND-K-33] NORDIC TRK FUR SAND (33) | [IBGB2400000543383] [DFSH370022-SAND-K-34] NORDIC TRK FUR SAND (34) | [IBGB2400000543383] [DFSH370022-SAND-K-35] NORDIC TRK FUR SAND (35) | [IBGB2400000543383] [DFSH370022-SAND-K-36] NORDIC TRK FUR SAND (36)
CLABD/Stock/StorageBD/CLA-068-05-01-03;90;BLACK;A+C;487;60;[IBGB2400000053709] [DFSH381001-KHAK_C_39_39_12] Pack NEVIS RAIN KHAKI (39) x 12 unid | [IBGB2400000053706] [DFSH381001-KHAK_C_39_39_12] Pack NEVIS RAIN KHAKI (39) x 12 unid | [IBGB2400000053697] [DFSH381001-KHAK_C_39_39_12] Pack NEVIS RAIN KHAKI (39) x 12 unid | [IBGB2400000053692] [DFSH381001-KHAK_C_38_38_12] Pack NEVIS RAIN KHAKI (38) x 12 unid | [IBGB2400000053678] [DFSH381001-KHAK_C_38_38_12] Pack NEVIS RAIN KHAKI (38) x 12 unid | [IBGB2400000313018] [KI330220-0011-29] Pink Ecological Home Slippers (29) | [IBGB2400000313018] [KI330220-0011-28] Pink Ecological Home Slippers (28) | [IBGB2400000313018] [KI330220-0011-32] Pink Ecological Home Slippers (32) | [IBGB2400000313018] [KI330220-0011-34] Pink Ecological Home Slippers (34) | [IBGB2400000313018] [KI330220-0011-35] Pink Ecological Home Slippers (35) | [IBGB2400000313018] [KI330220-0011-31] Pink Ecological Home Slippers (31) | [IBGB2400000313018] [KI330220-0011-33] Pink Ecological Home Slippers (33) | [IBGB2400000313018] [KI330220-0011-30] Pink Ecological Home Slippers (30)
CLABD/Stock/StorageBD/CLA-068-05-03-03;31;BLACK;A+C;163;50;[IBGB2400000683273] [DFSH375001-TAN-37] NORDIC NOVA LEATHER TAN (37) | [IBGB2400000683267] [DFSH370006-BLAC-40] BOOTS NORDIC SHINY BLACK (40) | [IBGB2400000683267] [DFSH370006-BLAC-37] BOOTS NORDIC SHINY BLACK (37) | [IBGB2400000683267] [DFSH371006-BLAC-38] BOOTS NORDIC.V2 BOOMB BLACK (38) | [IBGB2400000683267] [DFSH370004-BLAC-41] BOOTS NORDIC FUR BLACK (41) | [IBGB2400000683000] [DFSH375001-TAN-37] NORDIC NOVA LEATHER TAN (37) | [IBGB2400000683000] [DFSH375001-TAN-36] NORDIC NOVA LEATHER TAN (36) | [IBGB2400000682996] [DFSH370012-BLAC-37] NORDIC TRK FUR BLACK (37) | [IBGB2400000682996] [DFSH371012-BEIG-41] NORDIC V.2 LOW BEIG (41) | [IBGB2400000682996] [DFSH371012-BEIG-36] NORDIC V.2 LOW BEIG (36) | [IBGB2400000682996] [DFSH371004-TAUP-41] BOOTS NORDIC.V2 BASIC LOW TAUPE (41) | [IBGB2400000682996] [DFSH370003-TAN-38] BOOTS NORDIC BASIC TAN (38) | [IBGB2400000682996] [DFSH370003-TAUP-38] BOOTS NORDIC BASIC TAUPE (38) | [IBGB2400000682996] [DFSH371007-WHIT-41] BOOTS NORDIC.V2 BOOMB WHITE (41) | [IBGB2400000682996] [DFSH370006-BLAC-38] BOOTS NORDIC SHINY BLACK (38) | [IBGB2400000682995] [DFSH375001-TAN-37] NORDIC NOVA LEATHER TAN (37) | [IBGB2400000682995] [DFSH375001-TAN-36] NORDIC NOVA LEATHER TAN (36) | [IBGB2400000682995] [DFSH370006-BLAC-41] BOOTS NORDIC SHINY BLACK (41) | [IBGB2400000682995] [DFSH370006-BLAC-36] BOOTS NORDIC SHINY BLACK (36) | [IBGB2400000682995] [DFSH370006-BLAC-38] BOOTS NORDIC SHINY BLACK (38)
CLABD/Stock/StorageBD/CLA-068-06-01-02;108;BLACK;B+A+D;509;90;[IBGB2400000059073] [DFSH347001-SILV_C_44_44_12] Pack 347 TRACK STELLAR SILVER (44) x 12 unid | [IBGB2400000059071] [DFSH347001-SILV_C_43_43_12] Pack 347 TRACK STELLAR SILVER (43) x 12 unid | [IBGB2400000059060] [DFSH347001-SILV_C_41_41_12] Pack 347 TRACK STELLAR SILVER (41) x 12 unid | [IBGB2400000075117] [DFSH370006-BLAC_C_36_36_12] Pack Nordic Shiny Black (36) x 12 unid | [IBGB2400000071782] [DFSH370011-BLAC_C_41_41_12] Pack NORDIC TRK FUR LOW BLACK  (41) x 12 unid | [IBGB2400000071766] [DFSH370011-BLAC_C_40_40_12] Pack NORDIC TRK FUR LOW BLACK  (40) x 12 unid | [IBGB2400000071783] [DFSH370011-BLAC_C_41_41_12] Pack NORDIC TRK FUR LOW BLACK  (41) x 12 unid | [IBGB2400000071779] [DFSH370011-BLAC_C_41_41_12] Pack NORDIC TRK FUR LOW BLACK  (41) x 12 unid | [IBGB2400000546025] [DFSH370021-BLAC_C_38_38_12] PACK NORDIC LOW BASIC BLACK
CLABD/Stock/StorageBD/CLA-068-08-01-03;53;BLACK;A+C+D;186;90;[IBGB2400000707186] [DFSH375001-TAUP-37] NORDIC NOVA LEATHER TAUPE (37) | [IBGB2400000707186] [DFSH375001-TAUP-36] NORDIC NOVA LEATHER TAUPE (36) | [IBGB2400000707186] [DFSH370004-BLAC-36] BOOTS NORDIC FUR BLACK (36) | [IBGB2400000707186] [DFSH370012-TAUP-37] NORDIC TRK FUR TAUPE (37) | [IBGB2400000707186] [DFSH370012-TAUP-36] NORDIC TRK FUR TAUPE (36) | [IBGB2400000707168] [DFSH371006-BEIG-36] BOOTS NORDIC.V2 BOOMB BEIG (36) | [IBGB2400000707168] [DFSH371006-BEIG-37] BOOTS NORDIC.V2 BOOMB BEIG (37) | [IBGB2400000707168] [DFSH371006-BEIG-41] BOOTS NORDIC.V2 BOOMB BEIG (41) | [IBGB2400000707083] [DFSH370004-BLAC-39] BOOTS NORDIC FUR BLACK (39) | [IBGB2400000707083] [DFSH370004-BLAC-38] BOOTS NORDIC FUR BLACK (38) | [IBGB2400000707083] [DFSH370004-BLAC-40] BOOTS NORDIC FUR BLACK (40) | [IBGB2400000707081] [DFSH370004-BLAC-38] BOOTS NORDIC FUR BLACK (38) | [IBGB2400000707081] [DFSH370004-BLAC-39] BOOTS NORDIC FUR BLACK (39) | [IBGB2400000707081] [DFSH370004-BLAC-40] BOOTS NORDIC FUR BLACK (40) | [IBGB2400000676728] [DFSH347003_-BEIG-41] 347 TRACK STELLAR BEIGE (41) | [IBGB2400000676728] [DFSH381001-KHAK-40] NEVIS RAIN KHAKI (40) | [IBGB2400000676666] [DFSH370006-BLAC-40] BOOTS NORDIC SHINY BLACK (40) | [IBGB2400000676666] [DFSH370006-BLAC-36] BOOTS NORDIC SHINY BLACK (36) | [IBGB2400000676666] [DFSH370006-BLAC-41] BOOTS NORDIC SHINY BLACK (41) | [IBGB2400000676666] [DFSH371006-BLAC-37] BOOTS NORDIC.V2 BOOMB BLACK (37) | [IBGB2400000676650] [DFSH370003-TAN-40] BOOTS NORDIC BASIC TAN (40) | [IBGB2400000676635] [DFSH371004-TAN-36] BOOTS NORDIC.V2 BASIC LOW TAN (36) | [IBGB2400000676635] [DFSH371004-TAN-38] BOOTS NORDIC.V2 BASIC LOW TAN (38) | [IBGB2400000570421] [DFSH391011-BLAC_C_36_41_12] PACK ALL TRACK ZIP BLACK | [IBGB2400000570421] [DFSH391011-BLAC_C_36_41_12] PACK ALL TRACK ZIP BLACK | [IBGB2400000570421] [DFSH391011-BLAC_C_36_41_12] PACK ALL TRACK ZIP BLACK | [IBGB2400000570421] [DFSH391011-BLAC_C_36_41_12] PACK ALL TRACK ZIP BLACK | [IBGB2400000570421] [DFSH391011-BLAC_C_36_41_12] PACK ALL TRACK ZIP BLACK | [IBGB2400000570421] [DFSH391011-BLAC_C_36_41_12] PACK ALL TRACK ZIP BLACK
CLABD/Stock/StorageBD/CLA-068-08-02-02;22;BLACK;D+A;128;20;[IBGB2400000570465] [DFSH391012-BEIG_C_36_41_12] PACK ALL TRACK STRAP BEIGE | [IBGB2400000570465] [DFSH391012-BEIG_C_36_41_12] PACK ALL TRACK STRAP BEIGE | [IBGB2400000570465] [DFSH391012-BEIG_C_36_41_12] PACK ALL TRACK STRAP BEIGE | [IBGB2400000570465] [DFSH391012-BEIG_C_36_41_12] PACK ALL TRACK STRAP BEIGE | [IBGB2400000570465] [DFSH391012-BEIG_C_36_41_12] PACK ALL TRACK STRAP BEIGE | [IBGB2400000570465] [DFSH391012-BEIG_C_36_41_12] PACK ALL TRACK STRAP BEIGE | [IBGB2400000570095] [DFSH391001-BLAC_C_39_39_10] PACK All Track Full Black
CLABD/Stock/StorageBD/CLA-068-08-02-03;64;BLACK;D+A;128;60;[IBGB2400000570220] [DFSH391010-BLAC_C_40_40_10] PACK ALL TRACK CHELSEA BLACK | [IBGB2400000570091] [DFSH391001-BLAC_C_39_39_10] PACK All Track Full Black | [IBGB2400000570086] [DFSH391001-BLAC_C_39_39_10] PACK All Track Full Black | [IBGB2400000570054] [DFSH391001-BLAC_C_37_37_10] PACK All Track Full Black | [IBGB2400000548227] [DFSH370022-SAND_C_36_42_12] PACK NORDIC TRK FUR SAND | [IBGB2400000548227] [DFSH370022-SAND_C_36_42_12] PACK NORDIC TRK FUR SAND | [IBGB2400000548227] [DFSH370022-SAND_C_36_42_12] PACK NORDIC TRK FUR SAND | [IBGB2400000548227] [DFSH370022-SAND_C_36_42_12] PACK NORDIC TRK FUR SAND | [IBGB2400000548227] [DFSH370022-SAND_C_36_42_12] PACK NORDIC TRK FUR SAND | [IBGB2400000548227] [DFSH370022-SAND_C_36_42_12] PACK NORDIC TRK FUR SAND | [IBGB2400000548227] [DFSH370022-SAND_C_36_42_12] PACK NORDIC TRK FUR SAND | [IBGB2400000548214] [DFSH370022-SAND_C_36_42_12] PACK NORDIC TRK FUR SAND | [IBGB2400000548214] [DFSH370022-SAND_C_36_42_12] PACK NORDIC TRK FUR SAND | [IBGB2400000548214] [DFSH370022-SAND_C_36_42_12] PACK NORDIC TRK FUR SAND | [IBGB2400000548214] [DFSH370022-SAND_C_36_42_12] PACK NORDIC TRK FUR SAND | [IBGB2400000548214] [DFSH370022-SAND_C_36_42_12] PACK NORDIC TRK FUR SAND | [IBGB2400000548214] [DFSH370022-SAND_C_36_42_12] PACK NORDIC TRK FUR SAND | [IBGB2400000548214] [DFSH370022-SAND_C_36_42_12] PACK NORDIC TRK FUR SAND
CLABD/Stock/StorageBD/CLA-068-09-02-02;96;BLACK;A+D;149;80;[IBGB2400000548610] [DFSH371004-TAUP_C_38_38_12] Pack Nordic V.2 Basic Low Taupe (38) x 12 unid | [IBGB2400000548118] [DFSH370021-BURG_C_36_42_12] PACK NORDIC LOW BASIC BURGUNDY  | [IBGB2400000548118] [DFSH370021-BURG_C_36_42_12] PACK NORDIC LOW BASIC BURGUNDY  | [IBGB2400000548118] [DFSH370021-BURG_C_36_42_12] PACK NORDIC LOW BASIC BURGUNDY  | [IBGB2400000548118] [DFSH370021-BURG_C_36_42_12] PACK NORDIC LOW BASIC BURGUNDY  | [IBGB2400000548118] [DFSH370021-BURG_C_36_42_12] PACK NORDIC LOW BASIC BURGUNDY  | [IBGB2400000548118] [DFSH370021-BURG_C_36_42_12] PACK NORDIC LOW BASIC BURGUNDY  | [IBGB2400000548118] [DFSH370021-BURG_C_36_42_12] PACK NORDIC LOW BASIC BURGUNDY  | [IBGB2400000548110] [DFSH370021-BURG_C_36_42_12] PACK NORDIC LOW BASIC BURGUNDY  | [IBGB2400000548110] [DFSH370021-BURG_C_36_42_12] PACK NORDIC LOW BASIC BURGUNDY  | [IBGB2400000548110] [DFSH370021-BURG_C_36_42_12] PACK NORDIC LOW BASIC BURGUNDY  | [IBGB2400000548110] [DFSH370021-BURG_C_36_42_12] PACK NORDIC LOW BASIC BURGUNDY  | [IBGB2400000548110] [DFSH370021-BURG_C_36_42_12] PACK NORDIC LOW BASIC BURGUNDY  | [IBGB2400000548110] [DFSH370021-BURG_C_36_42_12] PACK NORDIC LOW BASIC BURGUNDY  | [IBGB2400000548110] [DFSH370021-BURG_C_36_42_12] PACK NORDIC LOW BASIC BURGUNDY  | [IBGB2400000546822] [DFSH370021-TAN_C_41_41_12] PACK NORDIC LOW BASIC TAN | [IBGB2400000546307] [DFSH370021-BURG_C_41_41_12] PACK NORDIC LOW BASIC BURGUNDY  | [IBGB2400000546300] [DFSH370021-BURG_C_40_40_12] PACK NORDIC LOW BASIC BURGUNDY  | [IBGB2400000546287] [DFSH370021-BURG_C_39_39_12] PACK NORDIC LOW BASIC BURGUNDY  | [IBGB2400000546272] [DFSH370021-BURG_C_37_37_12] PACK NORDIC LOW BASIC BURGUNDY 
CLABD/Stock/StorageBD/CLA-068-09-03-03;72;BLACK;A+C;695;80;[IBG2023001371304] [DFSH370004-BLAC-37] BOOTS NORDIC FUR BLACK (37) | [IBG2023001371120] [DFSH397001-WHIT_WEB_C_41_45_9] Pack VENICE SLIDE SUMMER CLUB WHITE | [IBG2023001371120] [DFSH397001-WHIT_WEB_C_41_45_9] Pack VENICE SLIDE SUMMER CLUB WHITE | [IBG2023001371120] [DFSH397001-WHIT_WEB_C_41_45_9] Pack VENICE SLIDE SUMMER CLUB WHITE | [IBG2023001371120] [DFSH397001-WHIT_WEB_C_41_45_9] Pack VENICE SLIDE SUMMER CLUB WHITE | [IBG2023001371120] [DFSH397001-WHIT_WEB_C_41_45_9] Pack VENICE SLIDE SUMMER CLUB WHITE | [IBG2023000914663] [DFSH370004-BLAC_C_37_37_9] Pack BOOTS NORDIC FUR BLACK (37) x 9 unid | [IBG2023000914632] [DFSH370004-BLAC_C_37_37_9] Pack BOOTS NORDIC FUR BLACK (37) x 9 unid | [IBG2023000914540] [DFSH370004-BLAC_C_37_37_9] Pack BOOTS NORDIC FUR BLACK (37) x 9 unid | [IBG2023000914526] [DFSH370004-BLAC_C_37_37_9] Pack BOOTS NORDIC FUR BLACK (37) x 9 unid | [IBG2023000914465] [DFSH370004-BLAC_C_37_37_9] Pack BOOTS NORDIC FUR BLACK (37) x 9 unid | [IBG2023000914366] [DFSH370004-BLAC_C_37_37_9] Pack BOOTS NORDIC FUR BLACK (37) x 9 unid
CLABD/Stock/StorageBD/CLA-069-01-01-03;68;BLACK;D+B+A;128;60;[IBGB2400000570460] [DFSH391012-BEIG_C_36_41_12] PACK ALL TRACK STRAP BEIGE | [IBGB2400000570460] [DFSH391012-BEIG_C_36_41_12] PACK ALL TRACK STRAP BEIGE | [IBGB2400000570460] [DFSH391012-BEIG_C_36_41_12] PACK ALL TRACK STRAP BEIGE | [IBGB2400000570460] [DFSH391012-BEIG_C_36_41_12] PACK ALL TRACK STRAP BEIGE | [IBGB2400000570460] [DFSH391012-BEIG_C_36_41_12] PACK ALL TRACK STRAP BEIGE | [IBGB2400000570460] [DFSH391012-BEIG_C_36_41_12] PACK ALL TRACK STRAP BEIGE | [IBGB2400000570334] [DFSH391001-BEIG_C_36_41_12] PackALL TRACK BASIC BEIGE | [IBGB2400000570334] [DFSH391001-BEIG_C_36_41_12] PackALL TRACK BASIC BEIGE | [IBGB2400000570334] [DFSH391001-BEIG_C_36_41_12] PackALL TRACK BASIC BEIGE | [IBGB2400000570334] [DFSH391001-BEIG_C_36_41_12] PackALL TRACK BASIC BEIGE | [IBGB2400000570334] [DFSH391001-BEIG_C_36_41_12] PackALL TRACK BASIC BEIGE | [IBGB2400000570334] [DFSH391001-BEIG_C_36_41_12] PackALL TRACK BASIC BEIGE | [IBGB2400000570327] [DFSH391001-BEIG_C_36_41_12] PackALL TRACK BASIC BEIGE | [IBGB2400000570327] [DFSH391001-BEIG_C_36_41_12] PackALL TRACK BASIC BEIGE | [IBGB2400000570327] [DFSH391001-BEIG_C_36_41_12] PackALL TRACK BASIC BEIGE | [IBGB2400000570327] [DFSH391001-BEIG_C_36_41_12] PackALL TRACK BASIC BEIGE | [IBGB2400000570327] [DFSH391001-BEIG_C_36_41_12] PackALL TRACK BASIC BEIGE | [IBGB2400000570327] [DFSH391001-BEIG_C_36_41_12] PackALL TRACK BASIC BEIGE | [IBGB2400000570265] [DFSH391010-BROW_C_40_40_10] PACK ALL TRACK CHELSEA BROWN | [IBGB2400000570062] [DFSH391001-BLAC_C_37_37_10] PACK All Track Full Black | [IBGB2400000546289] [DFSH370021-BURG_C_39_39_12] PACK NORDIC LOW BASIC BURGUNDY 
CLABD/Stock/StorageBD/CLA-069-02-01-01;84;BLACK;A+C;619;70;[IBGB2400000075377] [DFSH371006-BEIG_C_38_38_12] Pack Nordic V.2 Bomb Beige (38) x 12 unid | [IBGB2400000075372] [DFSH371006-BEIG_C_38_38_12] Pack Nordic V.2 Bomb Beige (38) x 12 unid | [IBGB2400000075370] [DFSH371006-BEIG_C_38_38_12] Pack Nordic V.2 Bomb Beige (38) x 12 unid | [IBGB2400000075353] [DFSH371006-BEIG_C_38_38_12] Pack Nordic V.2 Bomb Beige (38) x 12 unid | [IBGB2400000075329] [DFSH371006-BEIG_C_37_37_12] Pack Nordic V.2 Bomb Beige (37) x 12 unid | [IBGB2400000075371] [DFSH371006-BEIG_C_38_38_12] Pack Nordic V.2 Bomb Beige (38) x 12 unid | [IBG2023001369752] [DFSH393001-WHIT_C_36_41_12] Pack DANA SLIDE SUMMER CLUB WHITE | [IBG2023001369752] [DFSH393001-WHIT_C_36_41_12] Pack DANA SLIDE SUMMER CLUB WHITE | [IBG2023001369752] [DFSH393001-WHIT_C_36_41_12] Pack DANA SLIDE SUMMER CLUB WHITE | [IBG2023001369752] [DFSH393001-WHIT_C_36_41_12] Pack DANA SLIDE SUMMER CLUB WHITE | [IBG2023001369752] [DFSH393001-WHIT_C_36_41_12] Pack DANA SLIDE SUMMER CLUB WHITE | [IBG2023001369752] [DFSH393001-WHIT_C_36_41_12] Pack DANA SLIDE SUMMER CLUB WHITE
CLABD/Stock/StorageBD/CLA-069-02-01-02;41;BLACK;A+C;186;90;[IBGB2400000643719] [DFSH371006-BEIG-38] BOOTS NORDIC.V2 BOOMB BEIG (38) | [IBGB2400000643719] [DFSH371006-BEIG-37] BOOTS NORDIC.V2 BOOMB BEIG (37) | [IBGB2400000643719] [DFSH371006-BEIG-39] BOOTS NORDIC.V2 BOOMB BEIG (39) | [IBGB2400000643714] [DFSH371006-BEIG-37] BOOTS NORDIC.V2 BOOMB BEIG (37) | [IBGB2400000643714] [DFSH371006-BEIG-36] BOOTS NORDIC.V2 BOOMB BEIG (36) | [IBGB2400000643701] [DFSH371006-BEIG-36] BOOTS NORDIC.V2 BOOMB BEIG (36) | [IBGB2400000643701] [DFSH370004-BLAC-38] BOOTS NORDIC FUR BLACK (38) | [IBGB2400000643693] [DFSH370006-NUT-40] BOOTS NORDIC SHINY NUT (40) | [IBGB2400000643693] [DFSH370004-BLAC-38] BOOTS NORDIC FUR BLACK (38) | [IBGB2400000643693] [DFSH370003-TAN-38] BOOTS NORDIC BASIC TAN (38) | [IBGB2400000643693] [DFSH371012-BEIG-41] NORDIC V.2 LOW BEIG (41) | [IBGB2400000643682] [DFSH371004-TAN-38] BOOTS NORDIC.V2 BASIC LOW TAN (38) | [IBGB2400000643679] [DFSH371006-BEIG-38] BOOTS NORDIC.V2 BOOMB BEIG (38) | [IBGB2400000643676] [DFSH371006-BEIG-38] BOOTS NORDIC.V2 BOOMB BEIG (38) | [IBGB2400000643672] [DFSH370006-NUT-39] BOOTS NORDIC SHINY NUT (39) | [IBGB2400000643672] [DFSH370006-NUT-38] BOOTS NORDIC SHINY NUT (38) | [IBGB2400000643670] [DFSH370006-NUT-38] BOOTS NORDIC SHINY NUT (38)
CLABD/Stock/StorageBD/CLA-069-02-02-01;41;BLACK;C+A;445;30;[IBGB2400000313161] [DFSH394001-BEIG-41] SONAX SLIDE BEIGE (41) | [IBGB2400000313161] [DFSH394001-BEIG-39] SONAX SLIDE BEIGE (39) | [IBGB2400000313161] [DFSH394001-BEIG-37] SONAX SLIDE BEIGE (37) | [IBGB2400000313161] [DFSH394001-BEIG-38] SONAX SLIDE BEIGE (38) | [IBGB2400000313161] [DFSH394001-PINK-38] SONAX SLIDE PINK (38) | [IBGB2400000075987] [DFSH371006-BLAC_C_39_39_12] Pack Nordic V.2 Bomb Black (39) x 12 unid | [IBGB2400000075970] [DFSH371006-BLAC_C_39_39_12] Pack Nordic V.2 Bomb Black (39) x 12 unid
CLABD/Stock/StorageBD/CLA-069-03-02-02;132;BLACK;A+D;445;100;[IBGB2400000548606] [DFSH371004-TAUP_C_38_38_12] Pack Nordic V.2 Basic Low Taupe (38) x 12 unid | [IBGB2400000546476] [DFSH370021-TAN_C_38_38_12] PACK NORDIC LOW BASIC TAN | [IBGB2400000546311] [DFSH370021-BURG_C_42_42_12] PACK NORDIC LOW BASIC BURGUNDY  | [IBGB2400000546297] [DFSH370021-BURG_C_40_40_12] PACK NORDIC LOW BASIC BURGUNDY  | [IBGB2400000546288] [DFSH370021-BURG_C_39_39_12] PACK NORDIC LOW BASIC BURGUNDY  | [IBGB2400000546281] [DFSH370021-BURG_C_38_38_12] PACK NORDIC LOW BASIC BURGUNDY  | [IBGB2400000546280] [DFSH370021-BURG_C_38_38_12] PACK NORDIC LOW BASIC BURGUNDY  | [IBGB2400000546276] [DFSH370021-BURG_C_38_38_12] PACK NORDIC LOW BASIC BURGUNDY  | [IBGB2400000546275] [DFSH370021-BURG_C_38_38_12] PACK NORDIC LOW BASIC BURGUNDY  | [IBGB2400000075323] [DFSH371006-BEIG-37] BOOTS NORDIC.V2 BOOMB BEIG (37)
CLABD/Stock/StorageBD/CLA-069-03-03-03;168;BLACK;D+A;445;120;[IBGB2400000546309] [DFSH370021-BURG_C_42_42_12] PACK NORDIC LOW BASIC BURGUNDY  | [IBGB2400000546305] [DFSH370021-BURG_C_41_41_12] PACK NORDIC LOW BASIC BURGUNDY  | [IBGB2400000546303] [DFSH370021-BURG_C_40_40_12] PACK NORDIC LOW BASIC BURGUNDY  | [IBGB2400000546299] [DFSH370021-BURG_C_40_40_12] PACK NORDIC LOW BASIC BURGUNDY  | [IBGB2400000546298] [DFSH370021-BURG_C_40_40_12] PACK NORDIC LOW BASIC BURGUNDY  | [IBGB2400000546295] [DFSH370021-BURG_C_39_39_12] PACK NORDIC LOW BASIC BURGUNDY  | [IBGB2400000546294] [DFSH370021-BURG_C_39_39_12] PACK NORDIC LOW BASIC BURGUNDY  | [IBGB2400000546293] [DFSH370021-BURG_C_39_39_12] PACK NORDIC LOW BASIC BURGUNDY  | [IBGB2400000546286] [DFSH370021-BURG_C_39_39_12] PACK NORDIC LOW BASIC BURGUNDY  | [IBGB2400000546279] [DFSH370021-BURG_C_38_38_12] PACK NORDIC LOW BASIC BURGUNDY  | [IBGB2400000075350] [DFSH371006-BEIG-38] BOOTS NORDIC.V2 BOOMB BEIG (38) | [IBGB2400000075326] [DFSH371006-BEIG-37] BOOTS NORDIC.V2 BOOMB BEIG (37)
CLABD/Stock/StorageBD/CLA-069-04-01-03;78;BLACK;D+A;445;70;[IBGB2400000585697] [DFSH414001-TAUP_C_36_41_12] PACK VIBE CLOG BASIC PLATFORM TAUPE | [IBGB2400000585697] [DFSH414001-TAUP_C_36_41_12] PACK VIBE CLOG BASIC PLATFORM TAUPE | [IBGB2400000585697] [DFSH414001-TAUP_C_36_41_12] PACK VIBE CLOG BASIC PLATFORM TAUPE | [IBGB2400000585697] [DFSH414001-TAUP_C_36_41_12] PACK VIBE CLOG BASIC PLATFORM TAUPE | [IBGB2400000585697] [DFSH414001-TAUP_C_36_41_12] PACK VIBE CLOG BASIC PLATFORM TAUPE | [IBGB2400000585697] [DFSH414001-TAUP_C_36_41_12] PACK VIBE CLOG BASIC PLATFORM TAUPE | [IBGB2400000585694] [DFSH414001-TAUP_C_36_41_12] PACK VIBE CLOG BASIC PLATFORM TAUPE | [IBGB2400000585694] [DFSH414001-TAUP_C_36_41_12] PACK VIBE CLOG BASIC PLATFORM TAUPE | [IBGB2400000585694] [DFSH414001-TAUP_C_36_41_12] PACK VIBE CLOG BASIC PLATFORM TAUPE | [IBGB2400000585694] [DFSH414001-TAUP_C_36_41_12] PACK VIBE CLOG BASIC PLATFORM TAUPE | [IBGB2400000585694] [DFSH414001-TAUP_C_36_41_12] PACK VIBE CLOG BASIC PLATFORM TAUPE | [IBGB2400000585694] [DFSH414001-TAUP_C_36_41_12] PACK VIBE CLOG BASIC PLATFORM TAUPE | [IBGB2400000585679] [DFSH414001-TAUP_C_36_41_12] PACK VIBE CLOG BASIC PLATFORM TAUPE | [IBGB2400000585679] [DFSH414001-TAUP_C_36_41_12] PACK VIBE CLOG BASIC PLATFORM TAUPE | [IBGB2400000585679] [DFSH414001-TAUP_C_36_41_12] PACK VIBE CLOG BASIC PLATFORM TAUPE | [IBGB2400000585679] [DFSH414001-TAUP_C_36_41_12] PACK VIBE CLOG BASIC PLATFORM TAUPE | [IBGB2400000585679] [DFSH414001-TAUP_C_36_41_12] PACK VIBE CLOG BASIC PLATFORM TAUPE | [IBGB2400000585679] [DFSH414001-TAUP_C_36_41_12] PACK VIBE CLOG BASIC PLATFORM TAUPE | [IBGB2400000585678] [DFSH414001-TAUP_C_36_41_12] PACK VIBE CLOG BASIC PLATFORM TAUPE | [IBGB2400000585678] [DFSH414001-TAUP_C_36_41_12] PACK VIBE CLOG BASIC PLATFORM TAUPE | [IBGB2400000585678] [DFSH414001-TAUP_C_36_41_12] PACK VIBE CLOG BASIC PLATFORM TAUPE | [IBGB2400000585678] [DFSH414001-TAUP_C_36_41_12] PACK VIBE CLOG BASIC PLATFORM TAUPE | [IBGB2400000585678] [DFSH414001-TAUP_C_36_41_12] PACK VIBE CLOG BASIC PLATFORM TAUPE | [IBGB2400000585678] [DFSH414001-TAUP_C_36_41_12] PACK VIBE CLOG BASIC PLATFORM TAUPE | [IBGB2400000585677] [DFSH414001-TAUP_C_36_41_12] PACK VIBE CLOG BASIC PLATFORM TAUPE | [IBGB2400000585677] [DFSH414001-TAUP_C_36_41_12] PACK VIBE CLOG BASIC PLATFORM TAUPE | [IBGB2400000585677] [DFSH414001-TAUP_C_36_41_12] PACK VIBE CLOG BASIC PLATFORM TAUPE | [IBGB2400000585677] [DFSH414001-TAUP_C_36_41_12] PACK VIBE CLOG BASIC PLATFORM TAUPE | [IBGB2400000585677] [DFSH414001-TAUP_C_36_41_12] PACK VIBE CLOG BASIC PLATFORM TAUPE | [IBGB2400000585677] [DFSH414001-TAUP_C_36_41_12] PACK VIBE CLOG BASIC PLATFORM TAUPE | [IBGB2400000075808] [DFSH371006-BLAC_C_37_37_12] Pack Nordic V.2 Bomb Black (37) x 12 unid | [IBGB2400000676777] [DFSH370003-TAN-40] BOOTS NORDIC BASIC TAN (40)
CLABD/Stock/StorageBD/CLA-069-04-03-01;120;BLACK;D+B+A;144;100;[IBGB2400000581967] [DFSH321099-COW_C_36_41_12] PACK COURT FLAG COW | [IBGB2400000581967] [DFSH321099-COW_C_36_41_12] PACK COURT FLAG COW | [IBGB2400000581967] [DFSH321099-COW_C_36_41_12] PACK COURT FLAG COW | [IBGB2400000581967] [DFSH321099-COW_C_36_41_12] PACK COURT FLAG COW | [IBGB2400000581967] [DFSH321099-COW_C_36_41_12] PACK COURT FLAG COW | [IBGB2400000581967] [DFSH321099-COW_C_36_41_12] PACK COURT FLAG COW | [IBGB2400000581958] [DFSH321099-COW_C_36_41_12] PACK COURT FLAG COW | [IBGB2400000581958] [DFSH321099-COW_C_36_41_12] PACK COURT FLAG COW | [IBGB2400000581958] [DFSH321099-COW_C_36_41_12] PACK COURT FLAG COW | [IBGB2400000581958] [DFSH321099-COW_C_36_41_12] PACK COURT FLAG COW | [IBGB2400000581958] [DFSH321099-COW_C_36_41_12] PACK COURT FLAG COW | [IBGB2400000581958] [DFSH321099-COW_C_36_41_12] PACK COURT FLAG COW | [IBGB2400000581957] [DFSH321099-COW_C_36_41_12] PACK COURT FLAG COW | [IBGB2400000581957] [DFSH321099-COW_C_36_41_12] PACK COURT FLAG COW | [IBGB2400000581957] [DFSH321099-COW_C_36_41_12] PACK COURT FLAG COW | [IBGB2400000581957] [DFSH321099-COW_C_36_41_12] PACK COURT FLAG COW | [IBGB2400000581957] [DFSH321099-COW_C_36_41_12] PACK COURT FLAG COW | [IBGB2400000581957] [DFSH321099-COW_C_36_41_12] PACK COURT FLAG COW | [IBGB2400000581952] [DFSH321099-COW_C_36_41_12] PACK COURT FLAG COW | [IBGB2400000581952] [DFSH321099-COW_C_36_41_12] PACK COURT FLAG COW | [IBGB2400000581952] [DFSH321099-COW_C_36_41_12] PACK COURT FLAG COW | [IBGB2400000581952] [DFSH321099-COW_C_36_41_12] PACK COURT FLAG COW | [IBGB2400000581952] [DFSH321099-COW_C_36_41_12] PACK COURT FLAG COW | [IBGB2400000581952] [DFSH321099-COW_C_36_41_12] PACK COURT FLAG COW | [IBGB2400000581950] [DFSH321099-COW_C_36_41_12] PACK COURT FLAG COW | [IBGB2400000581950] [DFSH321099-COW_C_36_41_12] PACK COURT FLAG COW | [IBGB2400000581950] [DFSH321099-COW_C_36_41_12] PACK COURT FLAG COW | [IBGB2400000581950] [DFSH321099-COW_C_36_41_12] PACK COURT FLAG COW | [IBGB2400000581950] [DFSH321099-COW_C_36_41_12] PACK COURT FLAG COW | [IBGB2400000581950] [DFSH321099-COW_C_36_41_12] PACK COURT FLAG COW | [IBGB2400000581949] [DFSH321099-COW_C_36_41_12] PACK COURT FLAG COW | [IBGB2400000581949] [DFSH321099-COW_C_36_41_12] PACK COURT FLAG COW | [IBGB2400000581949] [DFSH321099-COW_C_36_41_12] PACK COURT FLAG COW | [IBGB2400000581949] [DFSH321099-COW_C_36_41_12] PACK COURT FLAG COW | [IBGB2400000581949] [DFSH321099-COW_C_36_41_12] PACK COURT FLAG COW | [IBGB2400000581949] [DFSH321099-COW_C_36_41_12] PACK COURT FLAG COW | [IBGB2400000581917] [DFSH321086-FBLA_C_41_45_12] PACK Court Tennis Basic Full Black | [IBGB2400000581917] [DFSH321086-FBLA_C_41_45_12] PACK Court Tennis Basic Full Black | [IBGB2400000581917] [DFSH321086-FBLA_C_41_45_12] PACK Court Tennis Basic Full Black | [IBGB2400000581917] [DFSH321086-FBLA_C_41_45_12] PACK Court Tennis Basic Full Black | [IBGB2400000581917] [DFSH321086-FBLA_C_41_45_12] PACK Court Tennis Basic Full Black | [IBGB2400000581907] [DFSH321086-FBLA_C_36_41_12] PackCOURT BASIC FULL BLACK | [IBGB2400000581907] [DFSH321086-FBLA_C_36_41_12] PackCOURT BASIC FULL BLACK | [IBGB2400000581907] [DFSH321086-FBLA_C_36_41_12] PackCOURT BASIC FULL BLACK | [IBGB2400000581907] [DFSH321086-FBLA_C_36_41_12] PackCOURT BASIC FULL BLACK | [IBGB2400000581907] [DFSH321086-FBLA_C_36_41_12] PackCOURT BASIC FULL BLACK | [IBGB2400000581907] [DFSH321086-FBLA_C_36_41_12] PackCOURT BASIC FULL BLACK | [IBGB2400000581899] [DFSH321086-FBLA_C_36_41_12] PackCOURT BASIC FULL BLACK | [IBGB2400000581899] [DFSH321086-FBLA_C_36_41_12] PackCOURT BASIC FULL BLACK | [IBGB2400000581899] [DFSH321086-FBLA_C_36_41_12] PackCOURT BASIC FULL BLACK | [IBGB2400000581899] [DFSH321086-FBLA_C_36_41_12] PackCOURT BASIC FULL BLACK | [IBGB2400000581899] [DFSH321086-FBLA_C_36_41_12] PackCOURT BASIC FULL BLACK | [IBGB2400000581899] [DFSH321086-FBLA_C_36_41_12] PackCOURT BASIC FULL BLACK | [IBGB2400000581898] [DFSH321086-FBLA_C_36_41_12] PackCOURT BASIC FULL BLACK | [IBGB2400000581898] [DFSH321086-FBLA_C_36_41_12] PackCOURT BASIC FULL BLACK | [IBGB2400000581898] [DFSH321086-FBLA_C_36_41_12] PackCOURT BASIC FULL BLACK | [IBGB2400000581898] [DFSH321086-FBLA_C_36_41_12] PackCOURT BASIC FULL BLACK | [IBGB2400000581898] [DFSH321086-FBLA_C_36_41_12] PackCOURT BASIC FULL BLACK | [IBGB2400000581898] [DFSH321086-FBLA_C_36_41_12] PackCOURT BASIC FULL BLACK
CLABD/Stock/StorageBD/CLA-069-04-03-03;144;BLACK;D+A;149;120;[IBGB2400000547133] [DFSH370021-TAUP_C_39_39_12] PACK NORDIC LOW BASIC TAUPE | [IBGB2400000547122] [DFSH370021-TAUP_C_39_39_12] PACK NORDIC LOW BASIC TAUPE | [IBGB2400000546991] [DFSH370021-TAUP_C_38_38_12] PACK NORDIC LOW BASIC TAUPE | [IBGB2400000546946] [DFSH370021-TAUP_C_37_37_12] PACK NORDIC LOW BASIC TAUPE | [IBGB2400000546156] [DFSH370021-BLAC_C_40_40_12] PACK NORDIC LOW BASIC BLACK | [IBGB2400000546067] [DFSH370021-BLAC_C_39_39_12] PACK NORDIC LOW BASIC BLACK | [IBGB2400000545978] [DFSH370021-BLAC_C_38_38_12] PACK NORDIC LOW BASIC BLACK | [IBGB2400000545949] [DFSH370021-BLAC_C_37_37_12] PACK NORDIC LOW BASIC BLACK | [IBGB2400000545917] [DFSH370021-BLAC_C_36_36_12] PACK NORDIC LOW BASIC BLACK | [IBGB2400000544716] [DFSH370011-BLAC_C_38_38_12] Pack NORDIC TRK FUR LOW BLACK  (38) x 12 unid | [IBGB2400000544700] [DFSH370011-BLAC_C_37_37_12] Pack NORDIC TRK FUR LOW BLACK  (37) x 12 unid | [IBGB2400000544694] [DFSH370011-BLAC_C_36_36_12] Pack NORDIC TRK FUR LOW BLACK  (36) x 12 unid
CLABD/Stock/StorageBD/CLA-069-05-03-01;108;BLACK;D+A;149;90;[IBGB2400000546992] [DFSH370021-TAUP_C_38_38_12] PACK NORDIC LOW BASIC TAUPE | [IBGB2400000546382] [DFSH370021-CHOC_C_42_42_12] PACK NORDIC LOW BASIC CHOCOLATE | [IBGB2400000546155] [DFSH370021-BLAC_C_40_40_12] PACK NORDIC LOW BASIC BLACK | [IBGB2400000545977] [DFSH370021-BLAC_C_38_38_12] PACK NORDIC LOW BASIC BLACK | [IBGB2400000545918] [DFSH370021-BLAC_C_36_36_12] PACK NORDIC LOW BASIC BLACK | [IBGB2400000545250] [DFSH370011-BROW_C_42_42_12] Pack NORDIC TRK FUR LOW BROWN  (42) x 12 unid | [IBGB2400000544717] [DFSH370011-BLAC_C_38_38_12] Pack NORDIC TRK FUR LOW BLACK  (38) x 12 unid | [IBGB2400000544701] [DFSH370011-BLAC_C_37_37_12] Pack NORDIC TRK FUR LOW BLACK  (37) x 12 unid | [IBGB2400000544695] [DFSH370011-BLAC_C_36_36_12] Pack NORDIC TRK FUR LOW BLACK  (36) x 12 unid
CLABD/Stock/StorageBD/CLA-069-06-01-02;98;BLACK;A+C+B;445;70;[IBGB2400000075530] [DFSH371006-BEIG_C_39_39_12] Pack Nordic V.2 Bomb Beige (39) x 12 unid | [IBGB2400000075523] [DFSH371006-BEIG_C_39_39_12] Pack Nordic V.2 Bomb Beige (39) x 12 unid | [IBGB2400000075522] [DFSH371006-BEIG_C_39_39_12] Pack Nordic V.2 Bomb Beige (39) x 12 unid | [IBGB2400000075521] [DFSH371006-BEIG_C_39_39_12] Pack Nordic V.2 Bomb Beige (39) x 12 unid | [IBGB2400000313019] [KI330220-0011-30] Pink Ecological Home Slippers (30) | [IBGB2400000313019] [KI330220-0011-31] Pink Ecological Home Slippers (31) | [IBGB2400000313019] [KI330220-0011-28] Pink Ecological Home Slippers (28) | [IBGB2400000313019] [KI330220-0011-32] Pink Ecological Home Slippers (32) | [IBGB2400000313019] [KI330220-0011-34] Pink Ecological Home Slippers (34) | [IBGB2400000313000] [DFSH384005-GOLD-36] COURT V2 TENNIS BASIC GLITTER GOLD LEO (36) | [IBGB2400000312989] [DFSH384005-GOLD-37] COURT V2 TENNIS BASIC GLITTER GOLD LEO (37)
CLABD/Stock/StorageBD/CLA-069-06-03-01;108;BLACK;A+D;157;90;[IBGB2400000548778] [DFSH371004-TAUP_C_42_42_12] PACK Nordic V.2 Basic Low Taupe | [IBGB2400000548666] [DFSH371004-TAUP_C_39_39_12] Pack Nordic V.2 Basic Low Taupe (39) x 12 unid | [IBGB2400000548665] [DFSH371004-TAUP_C_39_39_12] Pack Nordic V.2 Basic Low Taupe (39) x 12 unid | [IBGB2400000548663] [DFSH371004-TAUP_C_39_39_12] Pack Nordic V.2 Basic Low Taupe (39) x 12 unid | [IBGB2400000548564] [DFSH371004-TAUP_C_36_36_12] Pack Nordic V.2 Basic Low Taupe (36) x 12 unid | [IBGB2400000548417] [DFSH371004-BLAC_C_38_38_12] Pack Nordic V.2 Basic Low Black (38) x 12 unid | [IBGB2400000548400] [DFSH371004-BLAC_C_36_36_12] Pack Nordic V.2 Basic Low Black (36) x 12 unid | [IBGB2400000546765] [DFSH370021-TAN_C_40_40_12] PACK NORDIC LOW BASIC TAN | [IBGB2400000545132] [DFSH370011-BROW_C_40_40_12] Pack NORDIC TRK FUR LOW BROWN  (40) x 12 unid
CLABD/Stock/StorageBD/CLA-069-07-03-02;76;BLACK;D+A;128;70;[IBGB2400000570416] [DFSH391011-BLAC_C_36_41_12] PACK ALL TRACK ZIP BLACK | [IBGB2400000570416] [DFSH391011-BLAC_C_36_41_12] PACK ALL TRACK ZIP BLACK | [IBGB2400000570416] [DFSH391011-BLAC_C_36_41_12] PACK ALL TRACK ZIP BLACK | [IBGB2400000570416] [DFSH391011-BLAC_C_36_41_12] PACK ALL TRACK ZIP BLACK | [IBGB2400000570416] [DFSH391011-BLAC_C_36_41_12] PACK ALL TRACK ZIP BLACK | [IBGB2400000570416] [DFSH391011-BLAC_C_36_41_12] PACK ALL TRACK ZIP BLACK | [IBGB2400000570394] [DFSH391010-BLAC_C_36_41_12] PACK ALL TRACK CHELSEA BLACK | [IBGB2400000570394] [DFSH391010-BLAC_C_36_41_12] PACK ALL TRACK CHELSEA BLACK | [IBGB2400000570394] [DFSH391010-BLAC_C_36_41_12] PACK ALL TRACK CHELSEA BLACK | [IBGB2400000570394] [DFSH391010-BLAC_C_36_41_12] PACK ALL TRACK CHELSEA BLACK | [IBGB2400000570394] [DFSH391010-BLAC_C_36_41_12] PACK ALL TRACK CHELSEA BLACK | [IBGB2400000570394] [DFSH391010-BLAC_C_36_41_12] PACK ALL TRACK CHELSEA BLACK | [IBGB2400000570274] [DFSH391010-BROW_C_41_41_10] PACK ALL TRACK CHELSEA BROWN | [IBGB2400000570094] [DFSH391001-BLAC_C_39_39_10] PACK All Track Full Black | [IBGB2400000570088] [DFSH391001-BLAC_C_39_39_10] PACK All Track Full Black | [IBGB2400000570048] [DFSH391001-BLAC_C_36_36_10] PACK All Track Full Black | [IBGB2400000548215] [DFSH370022-SAND_C_36_42_12] PACK NORDIC TRK FUR SAND | [IBGB2400000548215] [DFSH370022-SAND_C_36_42_12] PACK NORDIC TRK FUR SAND | [IBGB2400000548215] [DFSH370022-SAND_C_36_42_12] PACK NORDIC TRK FUR SAND | [IBGB2400000548215] [DFSH370022-SAND_C_36_42_12] PACK NORDIC TRK FUR SAND | [IBGB2400000548215] [DFSH370022-SAND_C_36_42_12] PACK NORDIC TRK FUR SAND | [IBGB2400000548215] [DFSH370022-SAND_C_36_42_12] PACK NORDIC TRK FUR SAND | [IBGB2400000548215] [DFSH370022-SAND_C_36_42_12] PACK NORDIC TRK FUR SAND
CLABD/Stock/StorageBD/CLA-069-08-01-02;47;BLACK;A+B+D;165;60;[IBGB2400000677574] [DFSH371006-BEIG-36] BOOTS NORDIC.V2 BOOMB BEIG (36) | [IBGB2400000677574] [DFSH371006-BEIG-41] BOOTS NORDIC.V2 BOOMB BEIG (41) | [IBGB2400000677574] [DFSH371006-BEIG-37] BOOTS NORDIC.V2 BOOMB BEIG (37) | [IBGB2400000677574] [DFSH371006-BEIG-38] BOOTS NORDIC.V2 BOOMB BEIG (38) | [IBGB2400000677428] [DFSH370011-BROW-38] NORDIC TRK FUR LOW BROWN  (38) | [IBGB2400000677428] [DFSH370011-BROW-37] NORDIC TRK FUR LOW BROWN  (37) | [IBGB2400000677428] [DFSH370011-BROW-41] NORDIC TRK FUR LOW BROWN  (41) | [IBGB2400000677428] [DFSH370011-BROW-36] NORDIC TRK FUR LOW BROWN  (36) | [IBGB2400000677428] [DFSH370011-BROW-39] NORDIC TRK FUR LOW BROWN  (39) | [IBGB2400000677428] [DFSH370011-BROW-40] NORDIC TRK FUR LOW BROWN  (40) | [IBGB2400000677423] [DFSH371010-BEIG-37] BEIG (37) | [IBGB2400000677423] [DFSH371010-BEIG-40] BEIG (40) | [IBGB2400000677423] [DFSH371010-BEIG-36] BEIG (36) | [IBGB2400000677423] [DFSH371010-BEIG-41] BEIG (41) | [IBGB2400000677388] [DFSH370006-NUT-37] BOOTS NORDIC SHINY NUT (37) | [IBGB2400000677388] [DFSH371006-BEIG-37] BOOTS NORDIC.V2 BOOMB BEIG (37) | [IBGB2400000677388] [DFSH370005-BLAC-37] BOOTS NORDIC FUR BLACK (37) | [IBGB2400000677388] [DFSH371004-TAUP-41] BOOTS NORDIC.V2 BASIC LOW TAUPE (41) | [IBGB2400000677388] [DFSH371006-BEIG-36] BOOTS NORDIC.V2 BOOMB BEIG (36) | [IBGB2400000678637] [DFSH369003-BLAC-39] COURT BOMB MED BLACK (39) | [IBGB2400000678637] [DFSH369003-BLAC-38] COURT BOMB MED BLACK (38) | [IBGB2400000678637] [DFSH375003-BLAC-39] NORDIC NOVA LEATHER BLACK (39) | [IBGB2400000678637] [DFSH375003-BLAC-38] NORDIC NOVA LEATHER BLACK (38) | [IBGB2400000678637] [DFSH369003-BLAC-37] COURT BOMB MED BLACK (37) | [IBGB2400000678637] [DFSH370005-CAME-40] BOOTS NORDIC FUR CAMEL (40) | [IBGB2400000585538] [DFSH407006-TAUP_C_36_41_12] PACK VIBE CLOG FLEECE TAUPE | [IBGB2400000585538] [DFSH407006-TAUP_C_36_41_12] PACK VIBE CLOG FLEECE TAUPE | [IBGB2400000585538] [DFSH407006-TAUP_C_36_41_12] PACK VIBE CLOG FLEECE TAUPE | [IBGB2400000585538] [DFSH407006-TAUP_C_36_41_12] PACK VIBE CLOG FLEECE TAUPE | [IBGB2400000585538] [DFSH407006-TAUP_C_36_41_12] PACK VIBE CLOG FLEECE TAUPE | [IBGB2400000585538] [DFSH407006-TAUP_C_36_41_12] PACK VIBE CLOG FLEECE TAUPE
CLABD/Stock/StorageBD/CLA-069-08-02-03;84;BLACK;D+B+A;128;70;[IBGB2400000570537] [DFSH391013-BLAC_C_36_41_12] PACK ALL TRACK BIKER HIGH BLACK | [IBGB2400000570537] [DFSH391013-BLAC_C_36_41_12] PACK ALL TRACK BIKER HIGH BLACK | [IBGB2400000570537] [DFSH391013-BLAC_C_36_41_12] PACK ALL TRACK BIKER HIGH BLACK | [IBGB2400000570537] [DFSH391013-BLAC_C_36_41_12] PACK ALL TRACK BIKER HIGH BLACK | [IBGB2400000570537] [DFSH391013-BLAC_C_36_41_12] PACK ALL TRACK BIKER HIGH BLACK | [IBGB2400000570537] [DFSH391013-BLAC_C_36_41_12] PACK ALL TRACK BIKER HIGH BLACK | [IBGB2400000570532] [DFSH391013-BLAC_C_36_41_12] PACK ALL TRACK BIKER HIGH BLACK | [IBGB2400000570532] [DFSH391013-BLAC_C_36_41_12] PACK ALL TRACK BIKER HIGH BLACK | [IBGB2400000570532] [DFSH391013-BLAC_C_36_41_12] PACK ALL TRACK BIKER HIGH BLACK | [IBGB2400000570532] [DFSH391013-BLAC_C_36_41_12] PACK ALL TRACK BIKER HIGH BLACK | [IBGB2400000570532] [DFSH391013-BLAC_C_36_41_12] PACK ALL TRACK BIKER HIGH BLACK | [IBGB2400000570532] [DFSH391013-BLAC_C_36_41_12] PACK ALL TRACK BIKER HIGH BLACK | [IBGB2400000570456] [DFSH391011-KHAK_C_36_41_12] PACK ALL TRACK ZIP KHAKI | [IBGB2400000570456] [DFSH391011-KHAK_C_36_41_12] PACK ALL TRACK ZIP KHAKI | [IBGB2400000570456] [DFSH391011-KHAK_C_36_41_12] PACK ALL TRACK ZIP KHAKI | [IBGB2400000570456] [DFSH391011-KHAK_C_36_41_12] PACK ALL TRACK ZIP KHAKI | [IBGB2400000570456] [DFSH391011-KHAK_C_36_41_12] PACK ALL TRACK ZIP KHAKI | [IBGB2400000570456] [DFSH391011-KHAK_C_36_41_12] PACK ALL TRACK ZIP KHAKI | [IBGB2400000570450] [DFSH391011-KHAK_C_36_41_12] PACK ALL TRACK ZIP KHAKI | [IBGB2400000570450] [DFSH391011-KHAK_C_36_41_12] PACK ALL TRACK ZIP KHAKI | [IBGB2400000570450] [DFSH391011-KHAK_C_36_41_12] PACK ALL TRACK ZIP KHAKI | [IBGB2400000570450] [DFSH391011-KHAK_C_36_41_12] PACK ALL TRACK ZIP KHAKI | [IBGB2400000570450] [DFSH391011-KHAK_C_36_41_12] PACK ALL TRACK ZIP KHAKI | [IBGB2400000570450] [DFSH391011-KHAK_C_36_41_12] PACK ALL TRACK ZIP KHAKI | [IBGB2400000570422] [DFSH391011-BLAC_C_36_41_12] PACK ALL TRACK ZIP BLACK | [IBGB2400000570422] [DFSH391011-BLAC_C_36_41_12] PACK ALL TRACK ZIP BLACK | [IBGB2400000570422] [DFSH391011-BLAC_C_36_41_12] PACK ALL TRACK ZIP BLACK | [IBGB2400000570422] [DFSH391011-BLAC_C_36_41_12] PACK ALL TRACK ZIP BLACK | [IBGB2400000570422] [DFSH391011-BLAC_C_36_41_12] PACK ALL TRACK ZIP BLACK | [IBGB2400000570422] [DFSH391011-BLAC_C_36_41_12] PACK ALL TRACK ZIP BLACK | [IBGB2400000570347] [DFSH391001-BEIG_C_36_41_12] PackALL TRACK BASIC BEIGE | [IBGB2400000570347] [DFSH391001-BEIG_C_36_41_12] PackALL TRACK BASIC BEIGE | [IBGB2400000570347] [DFSH391001-BEIG_C_36_41_12] PackALL TRACK BASIC BEIGE | [IBGB2400000570347] [DFSH391001-BEIG_C_36_41_12] PackALL TRACK BASIC BEIGE | [IBGB2400000570347] [DFSH391001-BEIG_C_36_41_12] PackALL TRACK BASIC BEIGE | [IBGB2400000570347] [DFSH391001-BEIG_C_36_41_12] PackALL TRACK BASIC BEIGE | [IBGB2400000570340] [DFSH391001-BEIG_C_36_41_12] PackALL TRACK BASIC BEIGE | [IBGB2400000570340] [DFSH391001-BEIG_C_36_41_12] PackALL TRACK BASIC BEIGE | [IBGB2400000570340] [DFSH391001-BEIG_C_36_41_12] PackALL TRACK BASIC BEIGE | [IBGB2400000570340] [DFSH391001-BEIG_C_36_41_12] PackALL TRACK BASIC BEIGE | [IBGB2400000570340] [DFSH391001-BEIG_C_36_41_12] PackALL TRACK BASIC BEIGE | [IBGB2400000570340] [DFSH391001-BEIG_C_36_41_12] PackALL TRACK BASIC BEIGE
CLABD/Stock/StorageBD/CLA-069-09-01-03;145;BLACK;B+A+C;400;90;[IBGB2400000312922] [DFSH384005-GOLD-38] COURT V2 TENNIS BASIC GLITTER GOLD LEO (38) | [IBGB2400000312922] [DFSH384005-GOLD-37] COURT V2 TENNIS BASIC GLITTER GOLD LEO (37) | [IBGB2400000312922] [DFSH384005-GOLD-36] COURT V2 TENNIS BASIC GLITTER GOLD LEO (36) | [IBGB2400000312921] [DFSH384005-GOLD-37] COURT V2 TENNIS BASIC GLITTER GOLD LEO (37) | [IBGB2400000312921] [DFSH384005-GOLD-36] COURT V2 TENNIS BASIC GLITTER GOLD LEO (36) | [IBGB2400000312921] [DFSH384005-GOLD-38] COURT V2 TENNIS BASIC GLITTER GOLD LEO (38) | [IBGB2400000312916] [DFSH384005-GOLD-38] COURT V2 TENNIS BASIC GLITTER GOLD LEO (38) | [IBGB2400000312916] [DFSH384005-GOLD-37] COURT V2 TENNIS BASIC GLITTER GOLD LEO (37) | [IBGB2400000312916] [DFSH384005-GOLD-36] COURT V2 TENNIS BASIC GLITTER GOLD LEO (36) | [IBGB2400000316160] [DFSH361003-NAVY-43] FOREST NEO BASIC NAVY (43) | [IBGB2400000316160] [DFSH361003-NAVY-45] FOREST NEO BASIC NAVY (45) | [IBGB2400000316160] [DFSH361003-NAVY-44] FOREST NEO BASIC NAVY (44) | [IBGB2400000314242] [NVK33410-0009-39] ORANGE (39) | [IBGB2400000314242] [NVK33410-0009-38] ORANGE (38) | [IBGB2400000314242] [NVK33410-0009-37] ORANGE (37) | [IBGB2400000314242] [NVK33410-0009-40] ORANGE (40) | [IBGB2400000314238] [NVK33410-0006-37] YELLOW (37) | [IBGB2400000314238] [NVK33410-0006-38] YELLOW (38) | [IBGB2400000314238] [NVK33410-0006-39] YELLOW (39) | [IBGB2400000314235] [NVK33410-0006-37] YELLOW (37) | [IBGB2400000314235] [NVK33410-0006-36] YELLOW (36) | [IBGB2400000314235] [NVK33410-0006-38] YELLOW (38) | [IBGB2400000314223] [NVK33410-0006-38] YELLOW (38) | [IBGB2400000314223] [NVK33410-0006-37] YELLOW (37) | [IBGB2400000314223] [NVK33410-0006-36] YELLOW (36) | [IBGB2400000678464] [DFSH369002-WHIT-37] COURT BOMB MED WHITE (37) | [IBGB2400000678464] [DFSH371006-BEIG-36] BOOTS NORDIC.V2 BOOMB BEIG (36) | [IBGB2400000678464] [DFSH375003-BLAC-37] NORDIC NOVA LEATHER BLACK (37)
CLABD/Stock/StorageBD/CLA-070-01-01-01;150;BLACK;C+A+B;619;130;[IBGB2400000311743] [DFSH392001-WHIT-39] FLOP SUMMER CLUB WHITE (39) | [IBGB2400000311743] [DFSH392001-WHIT-37] FLOP SUMMER CLUB WHITE (37) | [IBGB2400000311743] [DFSH392001-WHIT-40] FLOP SUMMER CLUB WHITE (40) | [IBGB2400000311743] [DFSH392001-WHIT-38] FLOP SUMMER CLUB WHITE (38) | [IBGB2400000311743] [DFSH392001-WHIT-36] FLOP SUMMER CLUB WHITE (36) | [IBGB2400000311743] [DFSH392001-WHIT-41] FLOP SUMMER CLUB WHITE (41) | [IBGB2400000311768] [DFSH394001-PINK-38] SONAX SLIDE PINK (38) | [IBGB2400000311768] [DFSH394001-PINK-41] SONAX SLIDE PINK (41) | [IBGB2400000311768] [DFSH394001-PINK-39] SONAX SLIDE PINK (39) | [IBGB2400000311768] [DFSH394001-PINK-37] SONAX SLIDE PINK (37) | [IBGB2400000311768] [DFSH394001-PINK-40] SONAX SLIDE PINK (40) | [IBG2023001371977] [DFSH397001-OFFW_WEB_C_41_45_9] Pack VENICE SLIDE OFF WHITE | [IBG2023001371977] [DFSH397001-OFFW_WEB_C_41_45_9] Pack VENICE SLIDE OFF WHITE | [IBG2023001371977] [DFSH397001-OFFW_WEB_C_41_45_9] Pack VENICE SLIDE OFF WHITE | [IBG2023001371977] [DFSH397001-OFFW_WEB_C_41_45_9] Pack VENICE SLIDE OFF WHITE | [IBG2023001371977] [DFSH397001-OFFW_WEB_C_41_45_9] Pack VENICE SLIDE OFF WHITE | [IBG2023001371939] [DFSH397001-OFFW_WEB_C_41_45_9] Pack VENICE SLIDE OFF WHITE | [IBG2023001371939] [DFSH397001-OFFW_WEB_C_41_45_9] Pack VENICE SLIDE OFF WHITE | [IBG2023001371939] [DFSH397001-OFFW_WEB_C_41_45_9] Pack VENICE SLIDE OFF WHITE | [IBG2023001371939] [DFSH397001-OFFW_WEB_C_41_45_9] Pack VENICE SLIDE OFF WHITE | [IBG2023001371939] [DFSH397001-OFFW_WEB_C_41_45_9] Pack VENICE SLIDE OFF WHITE | [IBG2023001371267] [DFSH397001-WHIT_WEB_C_41_45_9] Pack VENICE SLIDE SUMMER CLUB WHITE | [IBG2023001371267] [DFSH397001-WHIT_WEB_C_41_45_9] Pack VENICE SLIDE SUMMER CLUB WHITE | [IBG2023001371267] [DFSH397001-WHIT_WEB_C_41_45_9] Pack VENICE SLIDE SUMMER CLUB WHITE | [IBG2023001371267] [DFSH397001-WHIT_WEB_C_41_45_9] Pack VENICE SLIDE SUMMER CLUB WHITE | [IBG2023001371267] [DFSH397001-WHIT_WEB_C_41_45_9] Pack VENICE SLIDE SUMMER CLUB WHITE | [IBGB2400000642513] [DFSH381001-BEIG-40] NEVIS RAIN BEIGE (40) | [IBGB2400000642513] [DFSH370004-SAND-37] BOOTS NORDIC FUR SAND (37) | [IBGB2400000642513] [DFSH371004-TAN-38] BOOTS NORDIC.V2 BASIC LOW TAN (38) | [IBGB2400000642520] [DFSH381001-BEIG-38] NEVIS RAIN BEIGE (38) | [IBGB2400000642520] [DFSH375003-TAUP-36] NORDIC NOVA LEATHER TAUPE (36) | [IBGB2400000642520] [DFSH375003-TAUP-41] NORDIC NOVA LEATHER TAUPE (41) | [IBGB2400000642516] [DFSH370012-TAUP-36] NORDIC TRK FUR TAUPE (36) | [IBGB2400000642516] [DFSH371010-BLAC-36] BLACK (36) | [IBGB2400000642516] [DFSH370004-BLAC-37] BOOTS NORDIC FUR BLACK (37) | [IBGB2400000642516] [DFSH370004-BLAC-36] BOOTS NORDIC FUR BLACK (36) | [IBGB2400000642514] [DFSH381001-BEIG-40] NEVIS RAIN BEIGE (40) | [IBGB2400000642514] [DFSH371008-CAME-41] BOOTS NORDIC.V2 TRK CAMEL (41) | [IBGB2400000595778] [DFSH375001-BLAC-38] NORDIC NOVA LEATHER BLACK (38) | [IBGB2400000595778] [DFSH375003-BLAC-38] NORDIC NOVA LEATHER BLACK (38) | [IBGB2400000311624] [DFSH392001-WHIT-38] FLOP SUMMER CLUB WHITE (38) | [IBGB2400000311624] [DFSH392001-WHIT-39] FLOP SUMMER CLUB WHITE (39) | [IBGB2400000311624] [DFSH392001-WHIT-40] FLOP SUMMER CLUB WHITE (40) | [IBGB2400000311624] [DFSH392001-WHIT-41] FLOP SUMMER CLUB WHITE (41) | [IBGB2400000311624] [DFSH392001-WHIT-37] FLOP SUMMER CLUB WHITE (37) | [IBGB2400000311624] [DFSH392001-WHIT-36] FLOP SUMMER CLUB WHITE (36) | [IBGB2400000075126] [DFSH370006-BLAC_C_36_36_12] Pack Nordic Shiny Black (36) x 12 unid | [IBGB2400000738168] [DFACBE2305-GREY] NORDIC BOMB HI TOP BEANIE HEATHER GREY
CLABD/Stock/StorageBD/CLA-070-01-01-02;52;BLACK;A+C;172;40;[IBGB2400000772637] [DFSH334011-BLAC-39] CLOGS BLOOMER BLACK (39) | [IBGB2400000772637] [DFSH334011-BLAC-38] CLOGS BLOOMER BLACK (38) | [IBGB2400000772637] [DFSH334011-ORAN-38] CLOGS BLOOMER ORANGE (38) | [IBGB2400000772637] [DFSH334011-BLAC-37] CLOGS BLOOMER BLACK (37) | [IBGB2400000772637] [DFSH334011-BEIG-36] CLOGS BLOOMER BEIG (36) | [IBGB2400000772637] [DFSH334011-BEIG-37] CLOGS BLOOMER BEIG (37) | [IBGB2400000772637] [DFSH334011-ORAN-39] CLOGS BLOOMER ORANGE (39) | [IBGB2400000772637] [DFSH334011-PINK-39] CLOGS BLOOMER PINK (39) | [IBGB2400000772636] [DFSH334011-BEIG-37] CLOGS BLOOMER BEIG (37) | [IBGB2400000772636] [DFSH334011-BEIG-36] CLOGS BLOOMER BEIG (36) | [IBGB2400000772636] [DFSH334011-BLAC-37] CLOGS BLOOMER BLACK (37) | [IBGB2400000772636] [DFSH334011-PINK-41] CLOGS BLOOMER PINK (41) | [IBGB2400000772636] [DFSH334011-BLAC-40] CLOGS BLOOMER BLACK (40) | [IBGB2400000772636] [DFSH334011-ORAN-37] CLOGS BLOOMER ORANGE (37) | [IBGB2400000544725] [DFSH370011-BLAC_C_38_38_12] Pack NORDIC TRK FUR LOW BLACK  (38) x 12 unid | [IBGB2400000544712] [DFSH370011-BLAC_C_38_38_12] Pack NORDIC TRK FUR LOW BLACK  (38) x 12 unid
CLABD/Stock/StorageBD/CLA-070-01-02-02;632;BLACK;A+C+B;150;120;[IBGB2400000707809] [DFACGL2301-BLAC] NORDIC TRK KNITTED GLOVES BLACK | [IBGB2400000707804] [DFKMAS0020-RED] Mask Viraloff X D.Franklin Black Red / Plaid | [IBGB2400000707790] [DFKMAS0020-GREE] Mask Viraloff X D.Franklin Forest Camo | [IBGB2400000707785] [DFACLY2301-YELL] Lanyard V23 Yellow | [IBGB2400000707781] [DFKMAS0020-GREY] Mask Viraloff X D.Franklin Charcoal Heather | [IBGB2400000707775] [DFACGL2303-WHIT] NORDIC BOMB PUFFER MITTENS WHITE | [IBGB2400000707599] [DFACGL2302-FUCH] NORDIC TRK KNITTED FINGERLESS GLOVES FUSHSIA | [IBGB2400000707594] [DFACGL2302-TEAL] NORDIC TRK KNITTED FINGERLESS GLOVES TEAL | [IBGB2400000707589] [DFKMAS0020-BLAC] Mask Viraloff X D.Franklin Black | [IBGB2400000707381] [DFSH381001-KHAK-41] NEVIS RAIN KHAKI (41) | [IBGB2400000707359] [DFSH381001-KHAK-41] NEVIS RAIN KHAKI (41) | [IBGB2400000707359] [DFSH371008-CAME-37] BOOTS NORDIC.V2 TRK CAMEL (37) | [IBGB2400000707345] [DFSH375001-TAUP-37] NORDIC NOVA LEATHER TAUPE (37) | [IBGB2400000707345] [DFSH381001-BLAC-38] NEVIS RAIN BLACK (38) | [IBGB2400000707345] [DFSH371008-CAME-37] BOOTS NORDIC.V2 TRK CAMEL (37) | [IBGB2400000707345] [DFSH347002-KHAK-43] 347 TRACK STELLAR KHAKI / MULTI (43) | [IBGB2400000707345] [DFSH347003_-BLAC-38] 347 TRACK STELLAR BLACK  (38) | [IBGB2400000707345] [DFSH371006-BEIG-36] BOOTS NORDIC.V2 BOOMB BEIG (36)
CLABD/Stock/StorageBD/CLA-070-01-02-03;102;BLACK;C+A;703;60;[IBGB2400000312289] [KI330225-0002-28] Navy Ecological Home Slippers (28) | [IBGB2400000312289] [KI330225-0002_-37] PET MARINO / NARANJA (37) | [IBGB2400000312289] [KI330225-0002-31] Navy Ecological Home Slippers (31) | [IBGB2400000312289] [KI330225-0002-30] Navy Ecological Home Slippers (30) | [IBGB2400000312289] [KI330225-0002-32] Navy Ecological Home Slippers (32) | [IBGB2400000312289] [KI330225-0002_-38] PET MARINO / NARANJA (38) | [IBGB2400000312289] [KI330225-0002_-40] PET MARINO / NARANJA (40) | [IBGB2400000312289] [KI330225-0002-34] Navy Ecological Home Slippers (34) | [IBGB2400000312268] [KI330225-0002_-39] PET MARINO / NARANJA (39) | [IBGB2400000312268] [KI330225-0002_-36] PET MARINO / NARANJA (36) | [IBGB2400000312268] [KI330225-0002-31] Navy Ecological Home Slippers (31) | [IBGB2400000312268] [KI330225-0002-28] Navy Ecological Home Slippers (28) | [IBGB2400000312268] [KI330225-0002-29] Navy Ecological Home Slippers (29) | [IBGB2400000312268] [KI330225-0002-30] Navy Ecological Home Slippers (30) | [IBGB2400000312268] [KI330225-0002-32] Navy Ecological Home Slippers (32) | [IBGB2400000312268] [KI330225-0002_-38] PET MARINO / NARANJA (38) | [IBGB2400000312268] [KI330225-0002_-40] PET MARINO / NARANJA (40) | [IBGB2400000074976] [DFSH370006-NUT_C_36_36_12] Pack Nordic Shiny Nut (36) x 12 unid | [IBGB2400000074973] [DFSH370006-NUT_C_36_36_12] Pack Nordic Shiny Nut (36) x 12 unid | [IBG2023000915523] [DFSH370004-BLAC_C_38_38_9] Pack BOOTS NORDIC FUR BLACK (38) x 9 unid | [IBG2023000914847] [DFSH370004-BLAC_C_38_38_9] Pack BOOTS NORDIC FUR BLACK (38) x 9 unid
CLABD/Stock/StorageBD/CLA-070-01-03-01;108;BLACK;C+A;571;120;[IBGG2400000003870] [DFSH394001-PURP_C_36_41_9] Pack SONAX SLIDE PURPLE | [IBGG2400000003870] [DFSH394001-PURP_C_36_41_9] Pack SONAX SLIDE PURPLE | [IBGG2400000003870] [DFSH394001-PURP_C_36_41_9] Pack SONAX SLIDE PURPLE | [IBGG2400000003870] [DFSH394001-PURP_C_36_41_9] Pack SONAX SLIDE PURPLE | [IBGG2400000003870] [DFSH394001-PURP_C_36_41_9] Pack SONAX SLIDE PURPLE | [IBGG2400000003870] [DFSH394001-PURP_C_36_41_9] Pack SONAX SLIDE PURPLE | [IBGG2400000003868] [DFSH394001-PURP_C_36_41_9] Pack SONAX SLIDE PURPLE | [IBGG2400000003868] [DFSH394001-PURP_C_36_41_9] Pack SONAX SLIDE PURPLE | [IBGG2400000003868] [DFSH394001-PURP_C_36_41_9] Pack SONAX SLIDE PURPLE | [IBGG2400000003868] [DFSH394001-PURP_C_36_41_9] Pack SONAX SLIDE PURPLE | [IBGG2400000003868] [DFSH394001-PURP_C_36_41_9] Pack SONAX SLIDE PURPLE | [IBGG2400000003868] [DFSH394001-PURP_C_36_41_9] Pack SONAX SLIDE PURPLE | [IBGG2400000003867] [DFSH394001-PURP_C_36_41_9] Pack SONAX SLIDE PURPLE | [IBGG2400000003867] [DFSH394001-PURP_C_36_41_9] Pack SONAX SLIDE PURPLE | [IBGG2400000003867] [DFSH394001-PURP_C_36_41_9] Pack SONAX SLIDE PURPLE | [IBGG2400000003867] [DFSH394001-PURP_C_36_41_9] Pack SONAX SLIDE PURPLE | [IBGG2400000003867] [DFSH394001-PURP_C_36_41_9] Pack SONAX SLIDE PURPLE | [IBGG2400000003867] [DFSH394001-PURP_C_36_41_9] Pack SONAX SLIDE PURPLE | [IBGG2400000003864] [DFSH394001-PURP_C_36_41_9] Pack SONAX SLIDE PURPLE | [IBGG2400000003864] [DFSH394001-PURP_C_36_41_9] Pack SONAX SLIDE PURPLE | [IBGG2400000003864] [DFSH394001-PURP_C_36_41_9] Pack SONAX SLIDE PURPLE | [IBGG2400000003864] [DFSH394001-PURP_C_36_41_9] Pack SONAX SLIDE PURPLE | [IBGG2400000003864] [DFSH394001-PURP_C_36_41_9] Pack SONAX SLIDE PURPLE | [IBGG2400000003864] [DFSH394001-PURP_C_36_41_9] Pack SONAX SLIDE PURPLE | [IBGG2400000003779] [DFSH394001-BEIG_C_36_41_9] Pack SONAX SLIDE BEIGE | [IBGG2400000003779] [DFSH394001-BEIG_C_36_41_9] Pack SONAX SLIDE BEIGE | [IBGG2400000003779] [DFSH394001-BEIG_C_36_41_9] Pack SONAX SLIDE BEIGE | [IBGG2400000003779] [DFSH394001-BEIG_C_36_41_9] Pack SONAX SLIDE BEIGE | [IBGG2400000003779] [DFSH394001-BEIG_C_36_41_9] Pack SONAX SLIDE BEIGE | [IBGG2400000003779] [DFSH394001-BEIG_C_36_41_9] Pack SONAX SLIDE BEIGE | [IBGG2400000003778] [DFSH394001-BEIG_C_36_41_9] Pack SONAX SLIDE BEIGE | [IBGG2400000003778] [DFSH394001-BEIG_C_36_41_9] Pack SONAX SLIDE BEIGE | [IBGG2400000003778] [DFSH394001-BEIG_C_36_41_9] Pack SONAX SLIDE BEIGE | [IBGG2400000003778] [DFSH394001-BEIG_C_36_41_9] Pack SONAX SLIDE BEIGE | [IBGG2400000003778] [DFSH394001-BEIG_C_36_41_9] Pack SONAX SLIDE BEIGE | [IBGG2400000003778] [DFSH394001-BEIG_C_36_41_9] Pack SONAX SLIDE BEIGE | [IBGG2400000003777] [DFSH394001-BEIG_C_36_41_9] Pack SONAX SLIDE BEIGE | [IBGG2400000003777] [DFSH394001-BEIG_C_36_41_9] Pack SONAX SLIDE BEIGE | [IBGG2400000003777] [DFSH394001-BEIG_C_36_41_9] Pack SONAX SLIDE BEIGE | [IBGG2400000003777] [DFSH394001-BEIG_C_36_41_9] Pack SONAX SLIDE BEIGE | [IBGG2400000003777] [DFSH394001-BEIG_C_36_41_9] Pack SONAX SLIDE BEIGE | [IBGG2400000003777] [DFSH394001-BEIG_C_36_41_9] Pack SONAX SLIDE BEIGE | [IBGG2400000003776] [DFSH394001-BEIG_C_36_41_9] Pack SONAX SLIDE BEIGE | [IBGG2400000003776] [DFSH394001-BEIG_C_36_41_9] Pack SONAX SLIDE BEIGE | [IBGG2400000003776] [DFSH394001-BEIG_C_36_41_9] Pack SONAX SLIDE BEIGE | [IBGG2400000003776] [DFSH394001-BEIG_C_36_41_9] Pack SONAX SLIDE BEIGE | [IBGG2400000003776] [DFSH394001-BEIG_C_36_41_9] Pack SONAX SLIDE BEIGE | [IBGG2400000003776] [DFSH394001-BEIG_C_36_41_9] Pack SONAX SLIDE BEIGE | [IBGG2400000003775] [DFSH394001-BEIG_C_36_41_9] Pack SONAX SLIDE BEIGE | [IBGG2400000003775] [DFSH394001-BEIG_C_36_41_9] Pack SONAX SLIDE BEIGE | [IBGG2400000003775] [DFSH394001-BEIG_C_36_41_9] Pack SONAX SLIDE BEIGE | [IBGG2400000003775] [DFSH394001-BEIG_C_36_41_9] Pack SONAX SLIDE BEIGE | [IBGG2400000003775] [DFSH394001-BEIG_C_36_41_9] Pack SONAX SLIDE BEIGE | [IBGG2400000003775] [DFSH394001-BEIG_C_36_41_9] Pack SONAX SLIDE BEIGE | [IBGG2400000003774] [DFSH394001-BEIG_C_36_41_9] Pack SONAX SLIDE BEIGE | [IBGG2400000003774] [DFSH394001-BEIG_C_36_41_9] Pack SONAX SLIDE BEIGE | [IBGG2400000003774] [DFSH394001-BEIG_C_36_41_9] Pack SONAX SLIDE BEIGE | [IBGG2400000003774] [DFSH394001-BEIG_C_36_41_9] Pack SONAX SLIDE BEIGE | [IBGG2400000003774] [DFSH394001-BEIG_C_36_41_9] Pack SONAX SLIDE BEIGE | [IBGG2400000003774] [DFSH394001-BEIG_C_36_41_9] Pack SONAX SLIDE BEIGE | [IBGG2400000003769] [DFSH394001-BEIG_C_36_41_9] Pack SONAX SLIDE BEIGE | [IBGG2400000003769] [DFSH394001-BEIG_C_36_41_9] Pack SONAX SLIDE BEIGE | [IBGG2400000003769] [DFSH394001-BEIG_C_36_41_9] Pack SONAX SLIDE BEIGE | [IBGG2400000003769] [DFSH394001-BEIG_C_36_41_9] Pack SONAX SLIDE BEIGE | [IBGG2400000003769] [DFSH394001-BEIG_C_36_41_9] Pack SONAX SLIDE BEIGE | [IBGG2400000003769] [DFSH394001-BEIG_C_36_41_9] Pack SONAX SLIDE BEIGE | [IBGG2400000003768] [DFSH394001-BEIG_C_36_41_9] Pack SONAX SLIDE BEIGE | [IBGG2400000003768] [DFSH394001-BEIG_C_36_41_9] Pack SONAX SLIDE BEIGE | [IBGG2400000003768] [DFSH394001-BEIG_C_36_41_9] Pack SONAX SLIDE BEIGE | [IBGG2400000003768] [DFSH394001-BEIG_C_36_41_9] Pack SONAX SLIDE BEIGE | [IBGG2400000003768] [DFSH394001-BEIG_C_36_41_9] Pack SONAX SLIDE BEIGE | [IBGG2400000003768] [DFSH394001-BEIG_C_36_41_9] Pack SONAX SLIDE BEIGE
CLABD/Stock/StorageBD/CLA-070-01-03-02;90;BLACK;C+A;571;100;[IBGG2400000003858] [DFSH394001-PURP_C_36_41_9] Pack SONAX SLIDE PURPLE | [IBGG2400000003858] [DFSH394001-PURP_C_36_41_9] Pack SONAX SLIDE PURPLE | [IBGG2400000003858] [DFSH394001-PURP_C_36_41_9] Pack SONAX SLIDE PURPLE | [IBGG2400000003858] [DFSH394001-PURP_C_36_41_9] Pack SONAX SLIDE PURPLE | [IBGG2400000003858] [DFSH394001-PURP_C_36_41_9] Pack SONAX SLIDE PURPLE | [IBGG2400000003858] [DFSH394001-PURP_C_36_41_9] Pack SONAX SLIDE PURPLE | [IBGG2400000003805] [DFSH394001-BEIG_C_36_41_9] Pack SONAX SLIDE BEIGE | [IBGG2400000003805] [DFSH394001-BEIG_C_36_41_9] Pack SONAX SLIDE BEIGE | [IBGG2400000003805] [DFSH394001-BEIG_C_36_41_9] Pack SONAX SLIDE BEIGE | [IBGG2400000003805] [DFSH394001-BEIG_C_36_41_9] Pack SONAX SLIDE BEIGE | [IBGG2400000003805] [DFSH394001-BEIG_C_36_41_9] Pack SONAX SLIDE BEIGE | [IBGG2400000003805] [DFSH394001-BEIG_C_36_41_9] Pack SONAX SLIDE BEIGE | [IBGG2400000003749] [DFSH394001-BEIG_C_36_41_9] Pack SONAX SLIDE BEIGE | [IBGG2400000003749] [DFSH394001-BEIG_C_36_41_9] Pack SONAX SLIDE BEIGE | [IBGG2400000003749] [DFSH394001-BEIG_C_36_41_9] Pack SONAX SLIDE BEIGE | [IBGG2400000003749] [DFSH394001-BEIG_C_36_41_9] Pack SONAX SLIDE BEIGE | [IBGG2400000003749] [DFSH394001-BEIG_C_36_41_9] Pack SONAX SLIDE BEIGE | [IBGG2400000003749] [DFSH394001-BEIG_C_36_41_9] Pack SONAX SLIDE BEIGE | [IBGG2400000003748] [DFSH394001-BEIG_C_36_41_9] Pack SONAX SLIDE BEIGE | [IBGG2400000003748] [DFSH394001-BEIG_C_36_41_9] Pack SONAX SLIDE BEIGE | [IBGG2400000003748] [DFSH394001-BEIG_C_36_41_9] Pack SONAX SLIDE BEIGE | [IBGG2400000003748] [DFSH394001-BEIG_C_36_41_9] Pack SONAX SLIDE BEIGE | [IBGG2400000003748] [DFSH394001-BEIG_C_36_41_9] Pack SONAX SLIDE BEIGE | [IBGG2400000003748] [DFSH394001-BEIG_C_36_41_9] Pack SONAX SLIDE BEIGE | [IBGG2400000003747] [DFSH394001-BEIG_C_36_41_9] Pack SONAX SLIDE BEIGE | [IBGG2400000003747] [DFSH394001-BEIG_C_36_41_9] Pack SONAX SLIDE BEIGE | [IBGG2400000003747] [DFSH394001-BEIG_C_36_41_9] Pack SONAX SLIDE BEIGE | [IBGG2400000003747] [DFSH394001-BEIG_C_36_41_9] Pack SONAX SLIDE BEIGE | [IBGG2400000003747] [DFSH394001-BEIG_C_36_41_9] Pack SONAX SLIDE BEIGE | [IBGG2400000003747] [DFSH394001-BEIG_C_36_41_9] Pack SONAX SLIDE BEIGE | [IBGG2400000003746] [DFSH394001-BEIG_C_36_41_9] Pack SONAX SLIDE BEIGE | [IBGG2400000003746] [DFSH394001-BEIG_C_36_41_9] Pack SONAX SLIDE BEIGE | [IBGG2400000003746] [DFSH394001-BEIG_C_36_41_9] Pack SONAX SLIDE BEIGE | [IBGG2400000003746] [DFSH394001-BEIG_C_36_41_9] Pack SONAX SLIDE BEIGE | [IBGG2400000003746] [DFSH394001-BEIG_C_36_41_9] Pack SONAX SLIDE BEIGE | [IBGG2400000003746] [DFSH394001-BEIG_C_36_41_9] Pack SONAX SLIDE BEIGE | [IBGG2400000003745] [DFSH394001-BEIG_C_36_41_9] Pack SONAX SLIDE BEIGE | [IBGG2400000003745] [DFSH394001-BEIG_C_36_41_9] Pack SONAX SLIDE BEIGE | [IBGG2400000003745] [DFSH394001-BEIG_C_36_41_9] Pack SONAX SLIDE BEIGE | [IBGG2400000003745] [DFSH394001-BEIG_C_36_41_9] Pack SONAX SLIDE BEIGE | [IBGG2400000003745] [DFSH394001-BEIG_C_36_41_9] Pack SONAX SLIDE BEIGE | [IBGG2400000003745] [DFSH394001-BEIG_C_36_41_9] Pack SONAX SLIDE BEIGE | [IBGG2400000003743] [DFSH394001-BEIG_C_36_41_9] Pack SONAX SLIDE BEIGE | [IBGG2400000003743] [DFSH394001-BEIG_C_36_41_9] Pack SONAX SLIDE BEIGE | [IBGG2400000003743] [DFSH394001-BEIG_C_36_41_9] Pack SONAX SLIDE BEIGE | [IBGG2400000003743] [DFSH394001-BEIG_C_36_41_9] Pack SONAX SLIDE BEIGE | [IBGG2400000003743] [DFSH394001-BEIG_C_36_41_9] Pack SONAX SLIDE BEIGE | [IBGG2400000003743] [DFSH394001-BEIG_C_36_41_9] Pack SONAX SLIDE BEIGE | [IBGG2400000003739] [DFSH394001-BEIG_C_36_41_9] Pack SONAX SLIDE BEIGE | [IBGG2400000003739] [DFSH394001-BEIG_C_36_41_9] Pack SONAX SLIDE BEIGE | [IBGG2400000003739] [DFSH394001-BEIG_C_36_41_9] Pack SONAX SLIDE BEIGE | [IBGG2400000003739] [DFSH394001-BEIG_C_36_41_9] Pack SONAX SLIDE BEIGE | [IBGG2400000003739] [DFSH394001-BEIG_C_36_41_9] Pack SONAX SLIDE BEIGE | [IBGG2400000003739] [DFSH394001-BEIG_C_36_41_9] Pack SONAX SLIDE BEIGE | [IBGG2400000003738] [DFSH394001-BEIG_C_36_41_9] Pack SONAX SLIDE BEIGE | [IBGG2400000003738] [DFSH394001-BEIG_C_36_41_9] Pack SONAX SLIDE BEIGE | [IBGG2400000003738] [DFSH394001-BEIG_C_36_41_9] Pack SONAX SLIDE BEIGE | [IBGG2400000003738] [DFSH394001-BEIG_C_36_41_9] Pack SONAX SLIDE BEIGE | [IBGG2400000003738] [DFSH394001-BEIG_C_36_41_9] Pack SONAX SLIDE BEIGE | [IBGG2400000003738] [DFSH394001-BEIG_C_36_41_9] Pack SONAX SLIDE BEIGE
CLABD/Stock/StorageBD/CLA-070-03-01-01;87;BLACK;B+A+C+D;571;70;[IBGB2400000314469] [NVK33410-0009-41] ORANGE (41) | [IBGB2400000314469] [NVK33410-0009-39] ORANGE (39) | [IBGB2400000314469] [NVK33410-0009-36] ORANGE (36) | [IBGB2400000314469] [NVK33410-0009-38] ORANGE (38) | [IBGB2400000314469] [NVK33410-0009-37] ORANGE (37) | [IBGB2400000228583] [DFTXHOD019-BROW-M] Worldwide Hoodie Brown (M) | [IBGB2400000056182] [DFSH321086-OFFW_C_42_42_12] Pack COURT BASIC STICH OFF WHITE (42) x 12 unid | [IBGG2400000003866] [DFSH394001-PURP_C_36_41_9] Pack SONAX SLIDE PURPLE | [IBGG2400000003866] [DFSH394001-PURP_C_36_41_9] Pack SONAX SLIDE PURPLE | [IBGG2400000003866] [DFSH394001-PURP_C_36_41_9] Pack SONAX SLIDE PURPLE | [IBGG2400000003866] [DFSH394001-PURP_C_36_41_9] Pack SONAX SLIDE PURPLE | [IBGG2400000003866] [DFSH394001-PURP_C_36_41_9] Pack SONAX SLIDE PURPLE | [IBGG2400000003866] [DFSH394001-PURP_C_36_41_9] Pack SONAX SLIDE PURPLE | [IBGB2400000585681] [DFSH414001-TAUP_C_36_41_12] PACK VIBE CLOG BASIC PLATFORM TAUPE | [IBGB2400000585681] [DFSH414001-TAUP_C_36_41_12] PACK VIBE CLOG BASIC PLATFORM TAUPE | [IBGB2400000585681] [DFSH414001-TAUP_C_36_41_12] PACK VIBE CLOG BASIC PLATFORM TAUPE | [IBGB2400000585681] [DFSH414001-TAUP_C_36_41_12] PACK VIBE CLOG BASIC PLATFORM TAUPE | [IBGB2400000585681] [DFSH414001-TAUP_C_36_41_12] PACK VIBE CLOG BASIC PLATFORM TAUPE | [IBGB2400000585681] [DFSH414001-TAUP_C_36_41_12] PACK VIBE CLOG BASIC PLATFORM TAUPE | [IBGB2400000585675] [DFSH414001-TAUP_C_36_41_12] PACK VIBE CLOG BASIC PLATFORM TAUPE | [IBGB2400000585675] [DFSH414001-TAUP_C_36_41_12] PACK VIBE CLOG BASIC PLATFORM TAUPE | [IBGB2400000585675] [DFSH414001-TAUP_C_36_41_12] PACK VIBE CLOG BASIC PLATFORM TAUPE | [IBGB2400000585675] [DFSH414001-TAUP_C_36_41_12] PACK VIBE CLOG BASIC PLATFORM TAUPE | [IBGB2400000585675] [DFSH414001-TAUP_C_36_41_12] PACK VIBE CLOG BASIC PLATFORM TAUPE | [IBGB2400000585675] [DFSH414001-TAUP_C_36_41_12] PACK VIBE CLOG BASIC PLATFORM TAUPE | [IBGB2400000847581] [LVK22011-0371-36] One Way Multi UV (36)
CLABD/Stock/StorageBD/CLA-070-03-01-03;51;BLACK;B+C+A+D;725;40;[IBGB2400000314330] [NVK33410-0020-37] BLACK (37) | [IBGB2400000314330] [NVK33410-0020-38] BLACK (38) | [IBGB2400000314330] [NVK33410-0020-39] BLACK (39) | [IBGB2400000314330] [NVK33410-0020-40] BLACK (40) | [IBGB2400000314330] [NVK33410-0020-41] BLACK (41) | [FKD 000007520464] [MVK22035-0001_C_37_37_10] Pack RECYCLED COTTON SMILE PATTERN | [IBG2023001368137] [DFSH392001-WHIT_C_36_41_12] Pack FLOP SUMMER CLUB WHITE | [IBG2023001368137] [DFSH392001-WHIT_C_36_41_12] Pack FLOP SUMMER CLUB WHITE | [IBG2023001368137] [DFSH392001-WHIT_C_36_41_12] Pack FLOP SUMMER CLUB WHITE | [IBG2023001368137] [DFSH392001-WHIT_C_36_41_12] Pack FLOP SUMMER CLUB WHITE | [IBG2023001368137] [DFSH392001-WHIT_C_36_41_12] Pack FLOP SUMMER CLUB WHITE | [IBG2023001368137] [DFSH392001-WHIT_C_36_41_12] Pack FLOP SUMMER CLUB WHITE | [IBGB2400000547896] [DFSH370011-TAN_C_36_42_12] PACK NORDIC TRK FUR LOW TAN | [IBGB2400000547896] [DFSH370011-TAN_C_36_42_12] PACK NORDIC TRK FUR LOW TAN | [IBGB2400000547896] [DFSH370011-TAN_C_36_42_12] PACK NORDIC TRK FUR LOW TAN | [IBGB2400000547896] [DFSH370011-TAN_C_36_42_12] PACK NORDIC TRK FUR LOW TAN | [IBGB2400000547896] [DFSH370011-TAN_C_36_42_12] PACK NORDIC TRK FUR LOW TAN | [IBGB2400000547896] [DFSH370011-TAN_C_36_42_12] PACK NORDIC TRK FUR LOW TAN | [IBGB2400000547896] [DFSH370011-TAN_C_36_42_12] PACK NORDIC TRK FUR LOW TAN
CLABD/Stock/StorageBD/CLA-070-03-02-03;55;BLACK;C+A+B;571;50;[IBGG2400000003715] [DFSH394001-BLAC_C_36_41_9] Pack SONAX SLIDE BLACK | [IBGG2400000003715] [DFSH394001-BLAC_C_36_41_9] Pack SONAX SLIDE BLACK | [IBGG2400000003715] [DFSH394001-BLAC_C_36_41_9] Pack SONAX SLIDE BLACK | [IBGG2400000003715] [DFSH394001-BLAC_C_36_41_9] Pack SONAX SLIDE BLACK | [IBGG2400000003715] [DFSH394001-BLAC_C_36_41_9] Pack SONAX SLIDE BLACK | [IBGG2400000003715] [DFSH394001-BLAC_C_36_41_9] Pack SONAX SLIDE BLACK | [IBGB2400000683003] [DFSH370004-BLAC-41] BOOTS NORDIC FUR BLACK (41) | [IBGB2400000407176] [DFSH321086-OFFW-43] COURT BASIC STICH OFF WHITE (43) | [IBGB2400000407176] [DFSH321086-OFFW-42] COURT BASIC STICH OFF WHITE (42) | [IBGB2400000407176] [DFSH321086-OFFW-45] COURT BASIC STICH OFF WHITE (45) | [IBGB2400000407176] [DFSH321086-OFFW-41] COURT BASIC STICH OFF WHITE (41) | [IBGB2400000407176] [DFSH321086-OFFW-44] COURT BASIC STICH OFF WHITE (44) | [IBGB2400000228586] [DFTXHOD019-BROW-L] Worldwide Hoodie Brown (L) | [IBGB2400000072566] [DFSH370011-BLAC_C_36_36_12] Pack NORDIC TRK FUR LOW BLACK  (36) x 12 unid
CLABD/Stock/StorageBD/CLA-070-04-01-03;78;BLACK;B+C+A;400;80;[IBGB2400000314096] [DFSH384005-SILV-38] COURT V2 TENNIS BASIC GLITTER SILVER LEO (38) | [IBGB2400000314096] [DFSH384005-SILV-39] COURT V2 TENNIS BASIC GLITTER SILVER LEO (39) | [IBGB2400000314096] [DFSH384005-SILV-36] COURT V2 TENNIS BASIC GLITTER SILVER LEO (36) | [IBGB2400000314096] [DFSH384005-SILV-37] COURT V2 TENNIS BASIC GLITTER SILVER LEO (37) | [IBGB2400000314053] [DFSH393001-WHIT-38] DANA SLIDE SUMMER CLUB WHITE (38) | [IBGB2400000314053] [DFSH393001-WHIT-39] DANA SLIDE SUMMER CLUB WHITE (39) | [IBGB2400000314053] [DFSH393001-WHIT-37] DANA SLIDE SUMMER CLUB WHITE (37) | [IBGB2400000314053] [DFSH393001-WHIT-36] DANA SLIDE SUMMER CLUB WHITE (36) | [IBGB2400000314053] [DFSH393001-WHIT-41] DANA SLIDE SUMMER CLUB WHITE (41) | [IBGB2400000314256] [NVK33410-0009-37] ORANGE (37) | [IBGB2400000314256] [NVK33410-0009-38] ORANGE (38) | [IBGB2400000314256] [NVK33410-0009-40] ORANGE (40) | [IBGB2400000314256] [NVK33410-0009-39] ORANGE (39) | [IBGB2400000314256] [NVK33410-0006-37] YELLOW (37) | [IBGB2400000314256] [NVK33410-0009-41] ORANGE (41) | [IBGB2400000314256] [NVK33410-0009-36] ORANGE (36) | [IBGB2400000314253] [NVK53525-0521-41] WHITE / BLACK (41) | [IBGB2400000314253] [NVK53525-0521-43] WHITE / BLACK (43) | [IBGB2400000642507] [DFSH370003-TAUP-38] BOOTS NORDIC BASIC TAUPE (38) | [IBGB2400000642491] [DFSH370012-TAUP-36] NORDIC TRK FUR TAUPE (36) | [IBGB2400000642491] [DFSH370012-TAUP-37] NORDIC TRK FUR TAUPE (37) | [IBGB2400000642491] [DFSH370012-BLAC-40] NORDIC TRK FUR BLACK (40) | [IBGB2400000641605] [DFSH375001-TAN-37] NORDIC NOVA LEATHER TAN (37) | [IBGB2400000641605] [DFSH375001-TAN-36] NORDIC NOVA LEATHER TAN (36) | [IBGB2400000641605] [DFSH375001-BLAC-38] NORDIC NOVA LEATHER BLACK (38) | [IBGB2400000641605] [DFSH370004-SAND-38] BOOTS NORDIC FUR SAND (38) | [IBGB2400000641605] [DFSH370004-BLAC-37] BOOTS NORDIC FUR BLACK (37) | [IBGB2400000641595] [DFSH375001-TAN-37] NORDIC NOVA LEATHER TAN (37) | [IBGB2400000641595] [DFSH370003-TAUP-38] BOOTS NORDIC BASIC TAUPE (38) | [IBGB2400000641595] [DFSH371006-BEIG-40] BOOTS NORDIC.V2 BOOMB BEIG (40)
CLABD/Stock/StorageBD/CLA-070-05-01-01;167;BLACK;C+B+A;400;100;[IBGB2400000314459] [KVK17611-0429-38] Platform Slide Snake (38) | [IBGB2400000314459] [KVK17611-0429-37] Platform Slide Snake (37) | [IBGB2400000314459] [KVK17611-0429-36] Platform Slide Snake (36) | [IBGB2400000314459] [KVK17611-0429-39] Platform Slide Snake (39) | [IBGB2400000314459] [KVK17611-0429-41] Platform Slide Snake (41) | [IBGB2400000314459] [KVK17611-0429-40] Platform Slide Snake (40) | [IBGB2400000314379] [NVK33410-0020-37] BLACK (37) | [IBGB2400000314379] [NVK33410-0020-40] BLACK (40) | [IBGB2400000314379] [NVK33410-0020-38] BLACK (38) | [IBGB2400000314339] [NVK33410-0020-39] BLACK (39) | [IBGB2400000314339] [NVK33410-0020-40] BLACK (40) | [IBGB2400000314339] [NVK33410-0020-38] BLACK (38) | [IBGB2400000643150] [DFSH375001-BLAC-37] NORDIC NOVA LEATHER BLACK (37) | [IBGB2400000643150] [DFSH371006-BLAC-37] BOOTS NORDIC.V2 BOOMB BLACK (37) | [IBGB2400000643150] [DFSH370004-BLAC-38] BOOTS NORDIC FUR BLACK (38) | [IBGB2400000643150] [DFSH369003-BLAC-40] COURT BOMB MED BLACK (40) | [IBGB2400000643134] [DFSH371006-BEIG-38] BOOTS NORDIC.V2 BOOMB BEIG (38) | [IBGB2400000643221] [DFSH370012-TAUP-39] NORDIC TRK FUR TAUPE (39) | [IBGB2400000643221] [DFSH370012-TAUP-36] NORDIC TRK FUR TAUPE (36) | [IBGB2400000643186] [DFSH370012-TAUP-39] NORDIC TRK FUR TAUPE (39) | [IBGB2400000643186] [DFSH370012-TAUP-37] NORDIC TRK FUR TAUPE (37) | [IBGB2400000643165] [DFSH371004-ORAN-37] NORDIC V.2 BASIC LOW ORANGE OCHRE (37) | [IBGB2400000643165] [DFSH375001-BLAC-36] NORDIC NOVA LEATHER BLACK (36) | [IBGB2400000643165] [DFSH375001-BLAC-37] NORDIC NOVA LEATHER BLACK (37) | [IBGB2400000643343] [DFSH370012-TAUP-36] NORDIC TRK FUR TAUPE (36) | [IBGB2400000643343] [DFSH370012-TAUP-39] NORDIC TRK FUR TAUPE (39) | [IBGB2400000643343] [DFSH370004-BLAC-38] BOOTS NORDIC FUR BLACK (38) | [IBGB2400000643343] [DFSH375003-BLAC-38] NORDIC NOVA LEATHER BLACK (38) | [IBGB2400000338250] [DFSH387006-WHIT_C_41_45_9] PACK Rebel Basic Flag White | [IBGB2400000338250] [DFSH387006-WHIT_C_41_45_9] PACK Rebel Basic Flag White | [IBGB2400000338250] [DFSH387006-WHIT_C_41_45_9] PACK Rebel Basic Flag White | [IBGB2400000338250] [DFSH387006-WHIT_C_41_45_9] PACK Rebel Basic Flag White | [IBGB2400000338250] [DFSH387006-WHIT_C_41_45_9] PACK Rebel Basic Flag White
CLABD/Stock/StorageBD/CLA-070-05-01-02;78;BLACK;C+B+A;725;60;[IBGB2400000424735] [KI330228-0008-35] PET PISTACHO / NARANJA (35) | [IBGB2400000424735] [KV330029-0013-36] TYE DYE CELESTE (36) | [IBGB2400000424735] [KV330029-0011-37] TYE DYE ROSA (37) | [IBGB2400000424735] [KI330228-0008-29] PET PISTACHO / NARANJA (29) | [IBGB2400000424735] [KI330228-0008-28] PET PISTACHO / NARANJA (28) | [IBGB2400000424735] [KI330209-0371-41] PET MULTI / NARANJA (41) | [IBGB2400000424735] [KV330025-0001-41] REPET BLANCO (41) | [IBGB2400000424735] [KI330228-0008-38] PET PISTACHO / NARANJA (38) | [IBGB2400000424735] [KI330228-0008-34] PET PISTACHO / NARANJA (34) | [IBGB2400000424735] [KI330227-0009-39] PET NARANJA / PISTACHO (39) | [IBGB2400000424735] [KI330227-0009-40] PET NARANJA / PISTACHO (40) | [IBGB2400000424735] [KI330227-0009-38] PET NARANJA / PISTACHO (38) | [IBGB2400000424735] [KI330227-0009-36] PET NARANJA / PISTACHO (36) | [IBGB2400000424735] [IVK17515-0002-38] MARINO (38) | [IBGB2400000424735] [KI330227-0009-37] PET NARANJA / PISTACHO (37) | [IBGB2400000424727] [IVK17515-0002-40] MARINO (40) | [IBGB2400000424727] [IVK17515-0002-39] MARINO (39) | [IBGB2400000424727] [IVK17515-0002-37] MARINO (37) | [IBGB2400000424727] [IVK17515-0002-38] MARINO (38) | [IBGB2400000424727] [IVK17515-0002-41] MARINO (41) | [IBGB2400000424727] [KV330025-0001-45] REPET BLANCO (45) | [IBGB2400000424727] [KV330025-0001-36] REPET BLANCO (36) | [IBGB2400000424727] [KV330025-0001-43] REPET BLANCO (43) | [IBGB2400000424727] [KI330228-0008-36] PET PISTACHO / NARANJA (36) | [IBGB2400000424727] [NVK33410-0043-37] BEIGE (37) | [IBGB2400000424727] [KI330228-0008-37] PET PISTACHO / NARANJA (37) | [IBGB2400000424727] [KI330228-0008-39] PET PISTACHO / NARANJA (39) | [IBGB2400000424727] [KI330228-0008-40] PET PISTACHO / NARANJA (40) | [IBGB2400000424727] [KI330228-0008-41] PET PISTACHO / NARANJA (41) | [FKD 000007520463] [MVK22035-0001_C_37_37_10] Pack RECYCLED COTTON SMILE PATTERN | [IBGB2400000545652] [DFSH370012-TAUP_C_38_38_12] Pack NORDIC TRK FUR TAUPE (38) x 12 unid | [IBGB2400000545642] [DFSH370012-TAUP_C_38_38_12] Pack NORDIC TRK FUR TAUPE (38) x 12 unid | [IBGB2400000545620] [DFSH370012-TAUP_C_38_38_12] Pack NORDIC TRK FUR TAUPE (38) x 12 unid
CLABD/Stock/StorageBD/CLA-070-05-01-03;85;BLACK;A+B+C+D;305;90;[IBGB2400000643454] [DFSH375001-TAN-37] NORDIC NOVA LEATHER TAN (37) | [IBGB2400000643454] [DFSH375001-TAN-36] NORDIC NOVA LEATHER TAN (36) | [IBGB2400000643454] [DFSH371006-BLAC-41] BOOTS NORDIC.V2 BOOMB BLACK (41) | [IBGB2400000643454] [DFSH370012-TAUP-37] NORDIC TRK FUR TAUPE (37) | [IBGB2400000643331] [DFSH375003-BLAC-37] NORDIC NOVA LEATHER BLACK (37) | [IBGB2400000643331] [DFSH375003-BLAC-38] NORDIC NOVA LEATHER BLACK (38) | [IBGB2400000643331] [DFSH375003-BLAC-36] NORDIC NOVA LEATHER BLACK (36) | [IBGB2400000643331] [DFSH371006-BLAC-36] BOOTS NORDIC.V2 BOOMB BLACK (36) | [IBGB2400000643331] [DFSH370005-BLAC-37] BOOTS NORDIC FUR BLACK (37) | [IBGB2400000643331] [DFSH375003-BLAC-41] NORDIC NOVA LEATHER BLACK (41) | [IBGB2400000338266] [DFSH387006-WHIT_C_41_45_9] PACK Rebel Basic Flag White | [IBGB2400000338266] [DFSH387006-WHIT_C_41_45_9] PACK Rebel Basic Flag White | [IBGB2400000338266] [DFSH387006-WHIT_C_41_45_9] PACK Rebel Basic Flag White | [IBGB2400000338266] [DFSH387006-WHIT_C_41_45_9] PACK Rebel Basic Flag White | [IBGB2400000338266] [DFSH387006-WHIT_C_41_45_9] PACK Rebel Basic Flag White | [IBGB2400000338262] [DFSH387006-WHIT_C_41_45_9] PACK Rebel Basic Flag White | [IBGB2400000338262] [DFSH387006-WHIT_C_41_45_9] PACK Rebel Basic Flag White | [IBGB2400000338262] [DFSH387006-WHIT_C_41_45_9] PACK Rebel Basic Flag White | [IBGB2400000338262] [DFSH387006-WHIT_C_41_45_9] PACK Rebel Basic Flag White | [IBGB2400000338262] [DFSH387006-WHIT_C_41_45_9] PACK Rebel Basic Flag White | [IBGB2400000338245] [DFSH387006-WHIT_C_41_45_9] PACK Rebel Basic Flag White | [IBGB2400000338245] [DFSH387006-WHIT_C_41_45_9] PACK Rebel Basic Flag White | [IBGB2400000338245] [DFSH387006-WHIT_C_41_45_9] PACK Rebel Basic Flag White | [IBGB2400000338245] [DFSH387006-WHIT_C_41_45_9] PACK Rebel Basic Flag White | [IBGB2400000338245] [DFSH387006-WHIT_C_41_45_9] PACK Rebel Basic Flag White | [IBGB2400000338242] [DFSH387006-WHIT_C_41_45_9] PACK Rebel Basic Flag White | [IBGB2400000338242] [DFSH387006-WHIT_C_41_45_9] PACK Rebel Basic Flag White | [IBGB2400000338242] [DFSH387006-WHIT_C_41_45_9] PACK Rebel Basic Flag White | [IBGB2400000338242] [DFSH387006-WHIT_C_41_45_9] PACK Rebel Basic Flag White | [IBGB2400000338242] [DFSH387006-WHIT_C_41_45_9] PACK Rebel Basic Flag White | [IBGB2400000582618] [DFSH387005-PPIN_C_36_41_12] PACK REBEL PALE PINK | [IBGB2400000582618] [DFSH387005-PPIN_C_36_41_12] PACK REBEL PALE PINK | [IBGB2400000582618] [DFSH387005-PPIN_C_36_41_12] PACK REBEL PALE PINK | [IBGB2400000582618] [DFSH387005-PPIN_C_36_41_12] PACK REBEL PALE PINK | [IBGB2400000582618] [DFSH387005-PPIN_C_36_41_12] PACK REBEL PALE PINK | [IBGB2400000582618] [DFSH387005-PPIN_C_36_41_12] PACK REBEL PALE PINK | [IBGB2400000582613] [DFSH387005-PPIN_C_36_41_12] PACK REBEL PALE PINK | [IBGB2400000582613] [DFSH387005-PPIN_C_36_41_12] PACK REBEL PALE PINK | [IBGB2400000582613] [DFSH387005-PPIN_C_36_41_12] PACK REBEL PALE PINK | [IBGB2400000582613] [DFSH387005-PPIN_C_36_41_12] PACK REBEL PALE PINK | [IBGB2400000582613] [DFSH387005-PPIN_C_36_41_12] PACK REBEL PALE PINK | [IBGB2400000582613] [DFSH387005-PPIN_C_36_41_12] PACK REBEL PALE PINK | [IBGB2400000582604] [DFSH387005-PKHA_C_36_41_12] PACK REBEL PALE KHAKI | [IBGB2400000582604] [DFSH387005-PKHA_C_36_41_12] PACK REBEL PALE KHAKI | [IBGB2400000582604] [DFSH387005-PKHA_C_36_41_12] PACK REBEL PALE KHAKI | [IBGB2400000582604] [DFSH387005-PKHA_C_36_41_12] PACK REBEL PALE KHAKI | [IBGB2400000582604] [DFSH387005-PKHA_C_36_41_12] PACK REBEL PALE KHAKI | [IBGB2400000582604] [DFSH387005-PKHA_C_36_41_12] PACK REBEL PALE KHAKI
CLABD/Stock/StorageBD/CLA-070-05-02-03;63;BLACK;C+A;590;70;[IBG2023001377351] [DFSH394001-PINK_C_36_41_9] Pack SONAX SLIDE PINK | [IBG2023001377351] [DFSH394001-PINK_C_36_41_9] Pack SONAX SLIDE PINK | [IBG2023001377351] [DFSH394001-PINK_C_36_41_9] Pack SONAX SLIDE PINK | [IBG2023001377351] [DFSH394001-PINK_C_36_41_9] Pack SONAX SLIDE PINK | [IBG2023001377351] [DFSH394001-PINK_C_36_41_9] Pack SONAX SLIDE PINK | [IBG2023001377351] [DFSH394001-PINK_C_36_41_9] Pack SONAX SLIDE PINK | [IBG2023001377337] [DFSH394001-PINK_C_36_41_9] Pack SONAX SLIDE PINK | [IBG2023001377337] [DFSH394001-PINK_C_36_41_9] Pack SONAX SLIDE PINK | [IBG2023001377337] [DFSH394001-PINK_C_36_41_9] Pack SONAX SLIDE PINK | [IBG2023001377337] [DFSH394001-PINK_C_36_41_9] Pack SONAX SLIDE PINK | [IBG2023001377337] [DFSH394001-PINK_C_36_41_9] Pack SONAX SLIDE PINK | [IBG2023001377337] [DFSH394001-PINK_C_36_41_9] Pack SONAX SLIDE PINK | [IBG2023001377283] [DFSH394001-PINK_C_36_41_9] Pack SONAX SLIDE PINK | [IBG2023001377283] [DFSH394001-PINK_C_36_41_9] Pack SONAX SLIDE PINK | [IBG2023001377283] [DFSH394001-PINK_C_36_41_9] Pack SONAX SLIDE PINK | [IBG2023001377283] [DFSH394001-PINK_C_36_41_9] Pack SONAX SLIDE PINK | [IBG2023001377283] [DFSH394001-PINK_C_36_41_9] Pack SONAX SLIDE PINK | [IBG2023001377283] [DFSH394001-PINK_C_36_41_9] Pack SONAX SLIDE PINK | [IBG2023001377269] [DFSH394001-PINK_C_36_41_9] Pack SONAX SLIDE PINK | [IBG2023001377269] [DFSH394001-PINK_C_36_41_9] Pack SONAX SLIDE PINK | [IBG2023001377269] [DFSH394001-PINK_C_36_41_9] Pack SONAX SLIDE PINK | [IBG2023001377269] [DFSH394001-PINK_C_36_41_9] Pack SONAX SLIDE PINK | [IBG2023001377269] [DFSH394001-PINK_C_36_41_9] Pack SONAX SLIDE PINK | [IBG2023001377269] [DFSH394001-PINK_C_36_41_9] Pack SONAX SLIDE PINK | [IBG2023001377009] [DFSH394001-PINK_C_36_41_9] Pack SONAX SLIDE PINK | [IBG2023001377009] [DFSH394001-PINK_C_36_41_9] Pack SONAX SLIDE PINK | [IBG2023001377009] [DFSH394001-PINK_C_36_41_9] Pack SONAX SLIDE PINK | [IBG2023001377009] [DFSH394001-PINK_C_36_41_9] Pack SONAX SLIDE PINK | [IBG2023001377009] [DFSH394001-PINK_C_36_41_9] Pack SONAX SLIDE PINK | [IBG2023001377009] [DFSH394001-PINK_C_36_41_9] Pack SONAX SLIDE PINK | [IBG2023001376996] [DFSH394001-PINK_C_36_41_9] Pack SONAX SLIDE PINK | [IBG2023001376996] [DFSH394001-PINK_C_36_41_9] Pack SONAX SLIDE PINK | [IBG2023001376996] [DFSH394001-PINK_C_36_41_9] Pack SONAX SLIDE PINK | [IBG2023001376996] [DFSH394001-PINK_C_36_41_9] Pack SONAX SLIDE PINK | [IBG2023001376996] [DFSH394001-PINK_C_36_41_9] Pack SONAX SLIDE PINK | [IBG2023001376996] [DFSH394001-PINK_C_36_41_9] Pack SONAX SLIDE PINK | [IBG2023001376989] [DFSH394001-PINK_C_36_41_9] Pack SONAX SLIDE PINK | [IBG2023001376989] [DFSH394001-PINK_C_36_41_9] Pack SONAX SLIDE PINK | [IBG2023001376989] [DFSH394001-PINK_C_36_41_9] Pack SONAX SLIDE PINK | [IBG2023001376989] [DFSH394001-PINK_C_36_41_9] Pack SONAX SLIDE PINK | [IBG2023001376989] [DFSH394001-PINK_C_36_41_9] Pack SONAX SLIDE PINK | [IBG2023001376989] [DFSH394001-PINK_C_36_41_9] Pack SONAX SLIDE PINK
CLABD/Stock/StorageBD/CLA-070-07-01-02;61;BLACK;A+C+B;522;70;[IBGB2400000706866] [DFSH370012-TAUP-37] NORDIC TRK FUR TAUPE (37) | [IBGB2400000706866] [DFSH370012-TAUP-36] NORDIC TRK FUR TAUPE (36) | [IBGB2400000706866] [DFSH370003-TAUP-38] BOOTS NORDIC BASIC TAUPE (38) | [IBGB2400000706860] [DFSH371008-BLAC-36] BOOTS NORDIC.V2 TRK BLACK (36) | [IBGB2400000706860] [DFSH371006-BEIG-38] BOOTS NORDIC.V2 BOOMB BEIG (38) | [IBGB2400000706860] [DFSH371012-BEIG-40] NORDIC V.2 LOW BEIG (40) | [IBGB2400000706860] [DFSH370006-BLAC-37] BOOTS NORDIC SHINY BLACK (37) | [IBGB2400000706860] [DFSH371010-BEIG-38] BEIG (38) | [IBGB2400000706860] [DFSH370006-BLAC-38] BOOTS NORDIC SHINY BLACK (38) | [IBGB2400000706858] [DFSH375003-BLAC-36] NORDIC NOVA LEATHER BLACK (36) | [IBGB2400000706858] [DFSH370012-TAUP-37] NORDIC TRK FUR TAUPE (37) | [IBGB2400000706858] [DFSH370012-TAUP-40] NORDIC TRK FUR TAUPE (40) | [IBGB2400000706858] [DFSH371010-BEIG-37] BEIG (37) | [IBGB2400000706858] [DFSH371006-BEIG-36] BOOTS NORDIC.V2 BOOMB BEIG (36) | [IBGB2400000706858] [DFSH371008-BLAC-38] BOOTS NORDIC.V2 TRK BLACK (38) | [IBGB2400000706857] [DFSH371006-BEIG-36] BOOTS NORDIC.V2 BOOMB BEIG (36) | [IBGB2400000706857] [DFSH391007-BLAC-37] ALL TRACK BOMB BLACK (37) | [IBGB2400000706857] [DFSH391007-BLAC-41] ALL TRACK BOMB BLACK (41) | [IBGB2400000706857] [DFSH371008-BLAC-37] BOOTS NORDIC.V2 TRK BLACK (37) | [IBGB2400000706857] [DFSH371006-BLAC-38] BOOTS NORDIC.V2 BOOMB BLACK (38) | [IBGB2400000407971] [DFSH321086-OFFW-39] COURT BASIC STICH OFF WHITE (39) | [IBGB2400000407971] [DFSH321086-OFFW-44] COURT BASIC STICH OFF WHITE (44) | [IBGB2400000407871] [DFSH321086-OFFW-39] COURT BASIC STICH OFF WHITE (39) | [IBGB2400000407871] [DFSH321086-OFFW-43] COURT BASIC STICH OFF WHITE (43) | [IBGB2400000072573] [DFSH370011-BLAC_C_36_36_12] Pack NORDIC TRK FUR LOW BLACK  (36) x 12 unid
CLABD/Stock/StorageBD/CLA-070-07-01-03;103;BLACK;C+A+B;619;80;[IBGB2400000311700] [DFSH392001-BLAC-38] FLOP SUMMER CLUB BLACK (38) | [IBGB2400000311700] [DFSH392001-BLAC-41] FLOP SUMMER CLUB BLACK (41) | [IBGB2400000311700] [DFSH392001-BLAC-37] FLOP SUMMER CLUB BLACK (37) | [IBGB2400000311700] [DFSH392001-BLAC-40] FLOP SUMMER CLUB BLACK (40) | [IBGB2400000311700] [DFSH392001-BLAC-39] FLOP SUMMER CLUB BLACK (39) | [IBGB2400000311700] [DFSH392001-BLAC-36] FLOP SUMMER CLUB BLACK (36) | [IBGB2400000311672] [DFSH392001-BLAC-40] FLOP SUMMER CLUB BLACK (40) | [IBGB2400000311672] [DFSH392001-BLAC-39] FLOP SUMMER CLUB BLACK (39) | [IBGB2400000311672] [DFSH392001-BLAC-38] FLOP SUMMER CLUB BLACK (38) | [IBGB2400000311672] [DFSH392001-BLAC-37] FLOP SUMMER CLUB BLACK (37) | [IBGB2400000311672] [DFSH392001-BLAC-36] FLOP SUMMER CLUB BLACK (36) | [IBGB2400000311672] [DFSH392001-BLAC-41] FLOP SUMMER CLUB BLACK (41) | [IBGB2400000311658] [DFSH392001-BLAC-37] FLOP SUMMER CLUB BLACK (37) | [IBGB2400000311658] [DFSH392001-BLAC-39] FLOP SUMMER CLUB BLACK (39) | [IBGB2400000311658] [DFSH392001-BLAC-36] FLOP SUMMER CLUB BLACK (36) | [IBGB2400000311658] [DFSH392001-BLAC-38] FLOP SUMMER CLUB BLACK (38) | [IBGB2400000311658] [DFSH392001-BLAC-40] FLOP SUMMER CLUB BLACK (40) | [IBGB2400000311658] [DFSH392001-BLAC-41] FLOP SUMMER CLUB BLACK (41) | [IBG2023001369899] [DFSH393001-WHIT_C_36_41_12] Pack DANA SLIDE SUMMER CLUB WHITE | [IBG2023001369899] [DFSH393001-WHIT_C_36_41_12] Pack DANA SLIDE SUMMER CLUB WHITE | [IBG2023001369899] [DFSH393001-WHIT_C_36_41_12] Pack DANA SLIDE SUMMER CLUB WHITE | [IBG2023001369899] [DFSH393001-WHIT_C_36_41_12] Pack DANA SLIDE SUMMER CLUB WHITE | [IBG2023001369899] [DFSH393001-WHIT_C_36_41_12] Pack DANA SLIDE SUMMER CLUB WHITE | [IBG2023001369899] [DFSH393001-WHIT_C_36_41_12] Pack DANA SLIDE SUMMER CLUB WHITE | [IBG2022000549615] [NVK33409-0010-40] LAVENDER (40) | [IBGB2400000642782] [DFSH381001-BEIG-40] NEVIS RAIN BEIGE (40) | [IBGB2400000642782] [DFSH391007-BLAC-39] ALL TRACK BOMB BLACK (39) | [IBGB2400000642782] [DFSH371006-BLAC-37] BOOTS NORDIC.V2 BOOMB BLACK (37) | [IBGB2400000642782] [DFSH370004-BLAC-40] BOOTS NORDIC FUR BLACK (40) | [IBGB2400000595097] [DFSH387006-BLAC-39] REBEL BASIC FLAG BLACK  (39) | [IBGB2400000595097] [DFSH387006-BLAC-38] REBEL BASIC FLAG BLACK  (38) | [IBGB2400000595097] [DFSH387006-BLAC-41] REBEL BASIC FLAG BLACK  (41) | [IBGB2400000595097] [DFSH387006-BLAC-36] REBEL BASIC FLAG BLACK  (36) | [IBGB2400000595097] [DFSH387006-BLAC-37] REBEL BASIC FLAG BLACK  (37) | [IBGB2400000548851] [DFSH371008-CAME_C_37_37_12] Pack Nordic V.2 Trk Camel (37) x 12 unid
CLABD/Stock/StorageBD/CLA-070-07-03-03;105;BLACK;A+D;23;100;[IBGB2400000847493] [DFSH371006-BLAC-38] BOOTS NORDIC.V2 BOOMB BLACK (38) | [IBGB2400000847492] [DFSH371006-BLAC-38] BOOTS NORDIC.V2 BOOMB BLACK (38) | [IBGB2400000847481] [DFSH407005-BLAC-40] VIBE CLOG GLITTER BLACK (40) | [IBGB2400000847481] [DFSH407005-BLAC-41] VIBE CLOG GLITTER BLACK (41) | [IBGB2400000847481] [DFSH407005-BLAC-39] VIBE CLOG GLITTER BLACK (39) | [IBGB2400000847481] [DFSH407005-BLAC-36] VIBE CLOG GLITTER BLACK (36) | [IBGB2400000847481] [DFSH407005-BLAC-37] VIBE CLOG GLITTER BLACK (37) | [IBGB2400000847481] [DFSH407005-BLAC-38] VIBE CLOG GLITTER BLACK (38) | [IBGB2400000847454] [DFSH407006-MINT-36] VIBE CLOG FLEECE MINT (36) | [IBGB2400000847454] [DFSH407006-MINT-37] VIBE CLOG FLEECE MINT (37) | [IBGB2400000847454] [DFSH407006-MINT-38] VIBE CLOG FLEECE MINT (38) | [IBGB2400000847454] [DFSH407006-MINT-39] VIBE CLOG FLEECE MINT (39) | [IBGB2400000847454] [DFSH407006-MINT-40] VIBE CLOG FLEECE MINT (40) | [IBGB2400000847454] [DFSH407006-MINT-41] VIBE CLOG FLEECE MINT (41) | [IBGB2400000847453] [DFSH407006-MINT-36] VIBE CLOG FLEECE MINT (36) | [IBGB2400000847453] [DFSH407006-MINT-37] VIBE CLOG FLEECE MINT (37) | [IBGB2400000847453] [DFSH407006-MINT-38] VIBE CLOG FLEECE MINT (38) | [IBGB2400000847453] [DFSH407006-MINT-39] VIBE CLOG FLEECE MINT (39) | [IBGB2400000847453] [DFSH407006-MINT-40] VIBE CLOG FLEECE MINT (40) | [IBGB2400000847453] [DFSH407006-MINT-41] VIBE CLOG FLEECE MINT (41) | [IBGB2400000847444] [NVK22060-0001-37] WHITE (37) | [IBGB2400000847431] [NVK22060-0001-37] WHITE (37) | [IBGB2400000847422] [NVK22060-0001-37] WHITE (37) | [IBGB2400000847421] [NVK22060-0001-37] WHITE (37) | [IBGB2400000847419] [NVK22060-0001-37] WHITE (37)
CLABD/Stock/StorageBD/CLA-070-08-01-03;85;BLACK;B+C+A;400;50;[IBGB2400000312593] [DFSH321018-MULT_-37] COURT SILVER / PINK (37) | [IBGB2400000312593] [DFSH321018-MULT_-36] COURT SILVER / PINK (36) | [IBGB2400000312593] [DFSH321018-MULT_-40] COURT SILVER / PINK (40) | [IBGB2400000312593] [DFSH321018-MULT_-38] COURT SILVER / PINK (38) | [IBGB2400000312593] [DFSH321018-MULT_-39] COURT SILVER / PINK (39) | [IBGB2400000312593] [DFSH321018-MULT_-41] COURT SILVER / PINK (41) | [IBGB2400000312467] [DFSH321018-MULT_-37] COURT SILVER / PINK (37) | [IBGB2400000312467] [DFSH321018-MULT_-38] COURT SILVER / PINK (38) | [IBGB2400000312467] [DFSH321018-MULT_-39] COURT SILVER / PINK (39) | [IBGB2400000312467] [DFSH321018-MULT_-40] COURT SILVER / PINK (40) | [IBGB2400000312467] [DFSH321018-MULT_-36] COURT SILVER / PINK (36) | [IBGB2400000312467] [DFSH321018-MULT_-41] COURT SILVER / PINK (41) | [IBGB2400000312457] [DFSH321018-MULT_-38] COURT SILVER / PINK (38) | [IBGB2400000312457] [DFSH321018-MULT_-37] COURT SILVER / PINK (37) | [IBGB2400000312457] [DFSH321018-MULT_-39] COURT SILVER / PINK (39) | [IBGB2400000312457] [DFSH321018-MULT_-41] COURT SILVER / PINK (41) | [IBGB2400000312457] [DFSH321018-MULT_-36] COURT SILVER / PINK (36) | [IBGB2400000314875] [NVK33410-0043-40] BEIGE (40) | [IBGB2400000314875] [NVK33410-0043-41] BEIGE (41) | [IBGB2400000314875] [NVK33410-0043-39] BEIGE (39) | [IBGB2400000314875] [NVK33410-0043-38] BEIGE (38) | [IBGB2400000314875] [NVK33410-0043-36] BEIGE (36) | [IBGB2400000314875] [NVK33410-0043-37] BEIGE (37) | [IBGB2400000772255] [DFSH334011-BLAC-37] CLOGS BLOOMER BLACK (37) | [IBGB2400000772255] [DFSH334011-PINK-37] CLOGS BLOOMER PINK (37) | [IBGB2400000772255] [DFSH334011-BLAC-39] CLOGS BLOOMER BLACK (39) | [IBGB2400000772255] [DFSH334011-BLAC-38] CLOGS BLOOMER BLACK (38) | [IBGB2400000772255] [DFSH334011-ORAN-36] CLOGS BLOOMER ORANGE (36) | [IBGB2400000772255] [DFSH334011-ORAN-37] CLOGS BLOOMER ORANGE (37) | [IBGB2400000772255] [DFSH334011-BLAC-40] CLOGS BLOOMER BLACK (40)
CLABD/Stock/StorageBD/CLA-070-08-03-02;120;BLACK;C+A;619;100;[IBG2023001369936] [DFSH393001-WHIT_C_36_41_12] Pack DANA SLIDE SUMMER CLUB WHITE | [IBG2023001369936] [DFSH393001-WHIT_C_36_41_12] Pack DANA SLIDE SUMMER CLUB WHITE | [IBG2023001369936] [DFSH393001-WHIT_C_36_41_12] Pack DANA SLIDE SUMMER CLUB WHITE | [IBG2023001369936] [DFSH393001-WHIT_C_36_41_12] Pack DANA SLIDE SUMMER CLUB WHITE | [IBG2023001369936] [DFSH393001-WHIT_C_36_41_12] Pack DANA SLIDE SUMMER CLUB WHITE | [IBG2023001369936] [DFSH393001-WHIT_C_36_41_12] Pack DANA SLIDE SUMMER CLUB WHITE | [IBG2023001369790] [DFSH393001-WHIT_C_36_41_12] Pack DANA SLIDE SUMMER CLUB WHITE | [IBG2023001369790] [DFSH393001-WHIT_C_36_41_12] Pack DANA SLIDE SUMMER CLUB WHITE | [IBG2023001369790] [DFSH393001-WHIT_C_36_41_12] Pack DANA SLIDE SUMMER CLUB WHITE | [IBG2023001369790] [DFSH393001-WHIT_C_36_41_12] Pack DANA SLIDE SUMMER CLUB WHITE | [IBG2023001369790] [DFSH393001-WHIT_C_36_41_12] Pack DANA SLIDE SUMMER CLUB WHITE | [IBG2023001369790] [DFSH393001-WHIT_C_36_41_12] Pack DANA SLIDE SUMMER CLUB WHITE | [IBG2023001369691] [DFSH393001-WHIT_C_36_41_12] Pack DANA SLIDE SUMMER CLUB WHITE | [IBG2023001369691] [DFSH393001-WHIT_C_36_41_12] Pack DANA SLIDE SUMMER CLUB WHITE | [IBG2023001369691] [DFSH393001-WHIT_C_36_41_12] Pack DANA SLIDE SUMMER CLUB WHITE | [IBG2023001369691] [DFSH393001-WHIT_C_36_41_12] Pack DANA SLIDE SUMMER CLUB WHITE | [IBG2023001369691] [DFSH393001-WHIT_C_36_41_12] Pack DANA SLIDE SUMMER CLUB WHITE | [IBG2023001369691] [DFSH393001-WHIT_C_36_41_12] Pack DANA SLIDE SUMMER CLUB WHITE | [IBG2023001369677] [DFSH393001-WHIT_C_36_41_12] Pack DANA SLIDE SUMMER CLUB WHITE | [IBG2023001369677] [DFSH393001-WHIT_C_36_41_12] Pack DANA SLIDE SUMMER CLUB WHITE | [IBG2023001369677] [DFSH393001-WHIT_C_36_41_12] Pack DANA SLIDE SUMMER CLUB WHITE | [IBG2023001369677] [DFSH393001-WHIT_C_36_41_12] Pack DANA SLIDE SUMMER CLUB WHITE | [IBG2023001369677] [DFSH393001-WHIT_C_36_41_12] Pack DANA SLIDE SUMMER CLUB WHITE | [IBG2023001369677] [DFSH393001-WHIT_C_36_41_12] Pack DANA SLIDE SUMMER CLUB WHITE | [IBG2023001369646] [DFSH393001-WHIT_C_36_41_12] Pack DANA SLIDE SUMMER CLUB WHITE | [IBG2023001369646] [DFSH393001-WHIT_C_36_41_12] Pack DANA SLIDE SUMMER CLUB WHITE | [IBG2023001369646] [DFSH393001-WHIT_C_36_41_12] Pack DANA SLIDE SUMMER CLUB WHITE | [IBG2023001369646] [DFSH393001-WHIT_C_36_41_12] Pack DANA SLIDE SUMMER CLUB WHITE | [IBG2023001369646] [DFSH393001-WHIT_C_36_41_12] Pack DANA SLIDE SUMMER CLUB WHITE | [IBG2023001369646] [DFSH393001-WHIT_C_36_41_12] Pack DANA SLIDE SUMMER CLUB WHITE | [IBG2023001369585] [DFSH393001-WHIT_C_36_41_12] Pack DANA SLIDE SUMMER CLUB WHITE | [IBG2023001369585] [DFSH393001-WHIT_C_36_41_12] Pack DANA SLIDE SUMMER CLUB WHITE | [IBG2023001369585] [DFSH393001-WHIT_C_36_41_12] Pack DANA SLIDE SUMMER CLUB WHITE | [IBG2023001369585] [DFSH393001-WHIT_C_36_41_12] Pack DANA SLIDE SUMMER CLUB WHITE | [IBG2023001369585] [DFSH393001-WHIT_C_36_41_12] Pack DANA SLIDE SUMMER CLUB WHITE | [IBG2023001369585] [DFSH393001-WHIT_C_36_41_12] Pack DANA SLIDE SUMMER CLUB WHITE | [IBG2023001369554] [DFSH393001-WHIT_C_36_41_12] Pack DANA SLIDE SUMMER CLUB WHITE | [IBG2023001369554] [DFSH393001-WHIT_C_36_41_12] Pack DANA SLIDE SUMMER CLUB WHITE | [IBG2023001369554] [DFSH393001-WHIT_C_36_41_12] Pack DANA SLIDE SUMMER CLUB WHITE | [IBG2023001369554] [DFSH393001-WHIT_C_36_41_12] Pack DANA SLIDE SUMMER CLUB WHITE | [IBG2023001369554] [DFSH393001-WHIT_C_36_41_12] Pack DANA SLIDE SUMMER CLUB WHITE | [IBG2023001369554] [DFSH393001-WHIT_C_36_41_12] Pack DANA SLIDE SUMMER CLUB WHITE | [IBG2023001369516] [DFSH393001-WHIT_C_36_41_12] Pack DANA SLIDE SUMMER CLUB WHITE | [IBG2023001369516] [DFSH393001-WHIT_C_36_41_12] Pack DANA SLIDE SUMMER CLUB WHITE | [IBG2023001369516] [DFSH393001-WHIT_C_36_41_12] Pack DANA SLIDE SUMMER CLUB WHITE | [IBG2023001369516] [DFSH393001-WHIT_C_36_41_12] Pack DANA SLIDE SUMMER CLUB WHITE | [IBG2023001369516] [DFSH393001-WHIT_C_36_41_12] Pack DANA SLIDE SUMMER CLUB WHITE | [IBG2023001369516] [DFSH393001-WHIT_C_36_41_12] Pack DANA SLIDE SUMMER CLUB WHITE | [IBG2023001369448] [DFSH393001-WHIT_C_36_41_12] Pack DANA SLIDE SUMMER CLUB WHITE | [IBG2023001369448] [DFSH393001-WHIT_C_36_41_12] Pack DANA SLIDE SUMMER CLUB WHITE | [IBG2023001369448] [DFSH393001-WHIT_C_36_41_12] Pack DANA SLIDE SUMMER CLUB WHITE | [IBG2023001369448] [DFSH393001-WHIT_C_36_41_12] Pack DANA SLIDE SUMMER CLUB WHITE | [IBG2023001369448] [DFSH393001-WHIT_C_36_41_12] Pack DANA SLIDE SUMMER CLUB WHITE | [IBG2023001369448] [DFSH393001-WHIT_C_36_41_12] Pack DANA SLIDE SUMMER CLUB WHITE | [IBGB2400000059650] [DFSH369003-BLAC_C_39_39_12] Pack COURT BOMB MED BLACK (39) x 12 unid
CLABD/Stock/StorageBD/CLA-070-09-01-01;59;BLACK;A+C+B;725;70;[IBGB2400000311545] [DFSH392001-WHIT-40] FLOP SUMMER CLUB WHITE (40) | [IBGB2400000311545] [DFSH392001-WHIT-39] FLOP SUMMER CLUB WHITE (39) | [IBGB2400000311545] [DFSH392001-WHIT-38] FLOP SUMMER CLUB WHITE (38) | [IBGB2400000311545] [DFSH392001-WHIT-37] FLOP SUMMER CLUB WHITE (37) | [IBGB2400000311545] [DFSH392001-WHIT-36] FLOP SUMMER CLUB WHITE (36) | [IBGB2400000311341] [DFSH392001-SILV-39] FLOP SUMMER CLUB SILVER (39) | [IBGB2400000311341] [DFSH392001-WHIT-39] FLOP SUMMER CLUB WHITE (39) | [IBGB2400000311341] [DFSH392001-SILV-38] FLOP SUMMER CLUB SILVER (38) | [IBGB2400000311341] [DFSH392001-SILV-40] FLOP SUMMER CLUB SILVER (40) | [IBGB2400000311341] [DFSH392001-SILV-36] FLOP SUMMER CLUB SILVER (36) | [IBGB2400000643050] [DFSH371006-BLAC-37] BOOTS NORDIC.V2 BOOMB BLACK (37) | [IBGB2400000643050] [DFSH371008-CAME-37] BOOTS NORDIC.V2 TRK CAMEL (37) | [IBGB2400000643022] [DFSH371006-BLAC-37] BOOTS NORDIC.V2 BOOMB BLACK (37) | [IBGB2400000642879] [DFSH369003-BLAC-39] COURT BOMB MED BLACK (39) | [IBGB2400000642879] [DFSH375001-TAN-37] NORDIC NOVA LEATHER TAN (37) | [IBGB2400000642879] [DFSH375001-TAN-36] NORDIC NOVA LEATHER TAN (36) | [IBGB2400000642879] [DFSH371006-BLAC-36] BOOTS NORDIC.V2 BOOMB BLACK (36) | [IBGB2400000642879] [DFSH371006-BEIG-37] BOOTS NORDIC.V2 BOOMB BEIG (37) | [IBG2023000608289] [NVK22060-0001_C_36_36_9] Pack WHITE (36) x 9 unid | [IBG2023000608241] [NVK22060-0001_C_36_36_9] Pack WHITE (36) x 9 unid
CLABD/Stock/StorageBD/CLA-070-09-01-02;76;BLACK;B+C+A+D;725;60;[IBGB2400000313275] [NVK10101-0026-38] WHITE GOLD (38) | [IBGB2400000313275] [NVK10101-0026-37] WHITE GOLD (37) | [IBGB2400000313275] [NVK10101-0026-41] WHITE GOLD (41) | [IBGB2400000313275] [NVK10101-0026-40] WHITE GOLD (40) | [IBGB2400000313275] [NVK10101-0026-36] WHITE GOLD (36) | [IBGB2400000313275] [NVK10101-0026-39] WHITE GOLD (39) | [IBGB2400000311559] [DFSH392001-SILV-37] FLOP SUMMER CLUB SILVER (37) | [IBGB2400000311559] [DFSH392001-SILV-36] FLOP SUMMER CLUB SILVER (36) | [IBGB2400000311559] [DFSH392001-SILV-40] FLOP SUMMER CLUB SILVER (40) | [IBGB2400000311559] [DFSH392001-SILV-38] FLOP SUMMER CLUB SILVER (38) | [IBGB2400000311559] [DFSH392001-SILV-39] FLOP SUMMER CLUB SILVER (39) | [IBGB2400000311553] [DFSH392001-WHIT-37] FLOP SUMMER CLUB WHITE (37) | [IBGB2400000311553] [DFSH392001-WHIT-41] FLOP SUMMER CLUB WHITE (41) | [IBGB2400000311553] [DFSH392001-WHIT-38] FLOP SUMMER CLUB WHITE (38) | [IBGB2400000311553] [DFSH392001-WHIT-40] FLOP SUMMER CLUB WHITE (40) | [IBGB2400000311553] [DFSH392001-WHIT-39] FLOP SUMMER CLUB WHITE (39) | [IBG2022000546966] [NVK10101-0026_C_36_41_9] Pack WHITE GOLD | [IBG2022000546966] [NVK10101-0026_C_36_41_9] Pack WHITE GOLD | [IBG2022000546966] [NVK10101-0026_C_36_41_9] Pack WHITE GOLD | [IBG2022000546966] [NVK10101-0026_C_36_41_9] Pack WHITE GOLD | [IBG2022000546966] [NVK10101-0026_C_36_41_9] Pack WHITE GOLD | [IBG2022000546966] [NVK10101-0026_C_36_41_9] Pack WHITE GOLD | [IBGB2400000557431] [DFSH375006-TAN_C_36_41_12] PACK NORDIC MID FUR TAN | [IBGB2400000557431] [DFSH375006-TAN_C_36_41_12] PACK NORDIC MID FUR TAN | [IBGB2400000557431] [DFSH375006-TAN_C_36_41_12] PACK NORDIC MID FUR TAN | [IBGB2400000557431] [DFSH375006-TAN_C_36_41_12] PACK NORDIC MID FUR TAN | [IBGB2400000557431] [DFSH375006-TAN_C_36_41_12] PACK NORDIC MID FUR TAN | [IBGB2400000557431] [DFSH375006-TAN_C_36_41_12] PACK NORDIC MID FUR TAN | [IBGB2400000557388] [DFSH375006-BLAC_C_36_41_12] PACK NORDIC MID FUR BLACK | [IBGB2400000557388] [DFSH375006-BLAC_C_36_41_12] PACK NORDIC MID FUR BLACK | [IBGB2400000557388] [DFSH375006-BLAC_C_36_41_12] PACK NORDIC MID FUR BLACK | [IBGB2400000557388] [DFSH375006-BLAC_C_36_41_12] PACK NORDIC MID FUR BLACK | [IBGB2400000557388] [DFSH375006-BLAC_C_36_41_12] PACK NORDIC MID FUR BLACK | [IBGB2400000557388] [DFSH375006-BLAC_C_36_41_12] PACK NORDIC MID FUR BLACK
CLABD/Stock/StorageBD/CLA-070-09-01-03;39;BLACK;B+A+C;619;30;[IBGB2400000311966] [DFSH384005-GOLD-37] COURT V2 TENNIS BASIC GLITTER GOLD LEO (37) | [IBGB2400000311966] [DFSH384005-GOLD-36] COURT V2 TENNIS BASIC GLITTER GOLD LEO (36) | [IBGB2400000311966] [DFSH384005-GOLD-38] COURT V2 TENNIS BASIC GLITTER GOLD LEO (38) | [IBGB2400000068051] [DFSH371004-TAN_C_41_41_12] Pack Nordic V.2 Basic Low Tan (41) x 12 unid | [IBGB2400000595547] [DFSH397001-OFFW-41] VENICE SLIDE OFF WHITE (41) | [IBGB2400000595547] [DFSH397001-WHIT-42] VENICE SLIDE SUMMER CLUB WHITE (42) | [IBGB2400000595547] [DFSH397001-OFFW-43] VENICE SLIDE OFF WHITE (43) | [IBGB2400000595547] [DFSH397001-BLAC-45] VENICE SLIDE SUMMER CLUB BLACK (45) | [IBGB2400000595547] [DFSH397001-BLAC-41] VENICE SLIDE SUMMER CLUB BLACK (41) | [IBGB2400000595547] [DFSH397001-WHIT-43] VENICE SLIDE SUMMER CLUB WHITE (43)
CLABD/Stock/StorageBD/CLA-070-09-02-03;82;BLACK;C+A;571;90;[IBGG2400000003843] [DFSH394001-ORAN_C_36_41_9] Pack SONAX SLIDE ORANGE | [IBGG2400000003843] [DFSH394001-ORAN_C_36_41_9] Pack SONAX SLIDE ORANGE | [IBGG2400000003843] [DFSH394001-ORAN_C_36_41_9] Pack SONAX SLIDE ORANGE | [IBGG2400000003843] [DFSH394001-ORAN_C_36_41_9] Pack SONAX SLIDE ORANGE | [IBGG2400000003843] [DFSH394001-ORAN_C_36_41_9] Pack SONAX SLIDE ORANGE | [IBGG2400000003843] [DFSH394001-ORAN_C_36_41_9] Pack SONAX SLIDE ORANGE | [IBGG2400000003842] [DFSH394001-ORAN_C_36_41_9] Pack SONAX SLIDE ORANGE | [IBGG2400000003842] [DFSH394001-ORAN_C_36_41_9] Pack SONAX SLIDE ORANGE | [IBGG2400000003842] [DFSH394001-ORAN_C_36_41_9] Pack SONAX SLIDE ORANGE | [IBGG2400000003842] [DFSH394001-ORAN_C_36_41_9] Pack SONAX SLIDE ORANGE | [IBGG2400000003842] [DFSH394001-ORAN_C_36_41_9] Pack SONAX SLIDE ORANGE | [IBGG2400000003842] [DFSH394001-ORAN_C_36_41_9] Pack SONAX SLIDE ORANGE | [IBGG2400000003840] [DFSH394001-ORAN_C_36_41_9] Pack SONAX SLIDE ORANGE | [IBGG2400000003840] [DFSH394001-ORAN_C_36_41_9] Pack SONAX SLIDE ORANGE | [IBGG2400000003840] [DFSH394001-ORAN_C_36_41_9] Pack SONAX SLIDE ORANGE | [IBGG2400000003840] [DFSH394001-ORAN_C_36_41_9] Pack SONAX SLIDE ORANGE | [IBGG2400000003840] [DFSH394001-ORAN_C_36_41_9] Pack SONAX SLIDE ORANGE | [IBGG2400000003840] [DFSH394001-ORAN_C_36_41_9] Pack SONAX SLIDE ORANGE | [IBGG2400000003839] [DFSH394001-ORAN-36] SONAX SLIDE ORANGE (36) | [IBGG2400000003839] [DFSH394001-ORAN-37] SONAX SLIDE ORANGE (37) | [IBGG2400000003839] [DFSH394001-ORAN-38] SONAX SLIDE ORANGE (38) | [IBGG2400000003839] [DFSH394001-ORAN-39] SONAX SLIDE ORANGE (39) | [IBGG2400000003839] [DFSH394001-ORAN-40] SONAX SLIDE ORANGE (40) | [IBGG2400000003839] [DFSH394001-ORAN-41] SONAX SLIDE ORANGE (41) | [IBGG2400000003837] [DFSH394001-ORAN_C_36_41_9] Pack SONAX SLIDE ORANGE | [IBGG2400000003837] [DFSH394001-ORAN_C_36_41_9] Pack SONAX SLIDE ORANGE | [IBGG2400000003837] [DFSH394001-ORAN_C_36_41_9] Pack SONAX SLIDE ORANGE | [IBGG2400000003837] [DFSH394001-ORAN_C_36_41_9] Pack SONAX SLIDE ORANGE | [IBGG2400000003837] [DFSH394001-ORAN_C_36_41_9] Pack SONAX SLIDE ORANGE | [IBGG2400000003837] [DFSH394001-ORAN_C_36_41_9] Pack SONAX SLIDE ORANGE | [IBGG2400000003835] [DFSH394001-ORAN_C_36_41_9] Pack SONAX SLIDE ORANGE | [IBGG2400000003835] [DFSH394001-ORAN_C_36_41_9] Pack SONAX SLIDE ORANGE | [IBGG2400000003835] [DFSH394001-ORAN_C_36_41_9] Pack SONAX SLIDE ORANGE | [IBGG2400000003835] [DFSH394001-ORAN_C_36_41_9] Pack SONAX SLIDE ORANGE | [IBGG2400000003835] [DFSH394001-ORAN_C_36_41_9] Pack SONAX SLIDE ORANGE | [IBGG2400000003835] [DFSH394001-ORAN_C_36_41_9] Pack SONAX SLIDE ORANGE | [IBGG2400000003699] [DFSH394001-BLAC_C_36_41_9] Pack SONAX SLIDE BLACK | [IBGG2400000003699] [DFSH394001-BLAC_C_36_41_9] Pack SONAX SLIDE BLACK | [IBGG2400000003699] [DFSH394001-BLAC_C_36_41_9] Pack SONAX SLIDE BLACK | [IBGG2400000003699] [DFSH394001-BLAC_C_36_41_9] Pack SONAX SLIDE BLACK | [IBGG2400000003699] [DFSH394001-BLAC_C_36_41_9] Pack SONAX SLIDE BLACK | [IBGG2400000003699] [DFSH394001-BLAC_C_36_41_9] Pack SONAX SLIDE BLACK | [IBGG2400000003698] [DFSH394001-BLAC_C_36_41_9] Pack SONAX SLIDE BLACK | [IBGG2400000003698] [DFSH394001-BLAC_C_36_41_9] Pack SONAX SLIDE BLACK | [IBGG2400000003698] [DFSH394001-BLAC_C_36_41_9] Pack SONAX SLIDE BLACK | [IBGG2400000003698] [DFSH394001-BLAC_C_36_41_9] Pack SONAX SLIDE BLACK | [IBGG2400000003698] [DFSH394001-BLAC_C_36_41_9] Pack SONAX SLIDE BLACK | [IBGG2400000003698] [DFSH394001-BLAC_C_36_41_9] Pack SONAX SLIDE BLACK | [IBGG2400000003836] [DFSH394001-ORAN_C_36_41_9] Pack SONAX SLIDE ORANGE | [IBGG2400000003836] [DFSH394001-ORAN_C_36_41_9] Pack SONAX SLIDE ORANGE | [IBGG2400000003836] [DFSH394001-ORAN_C_36_41_9] Pack SONAX SLIDE ORANGE | [IBGG2400000003836] [DFSH394001-ORAN_C_36_41_9] Pack SONAX SLIDE ORANGE | [IBGG2400000003836] [DFSH394001-ORAN_C_36_41_9] Pack SONAX SLIDE ORANGE | [IBGG2400000003836] [DFSH394001-ORAN_C_36_41_9] Pack SONAX SLIDE ORANGE
CLABD/Stock/StorageBD/CLA-070-09-03-01;108;BLACK;C+A;619;90;[IBG2023001369424] [DFSH393001-BLAC_C_36_41_12] Pack DANA SLIDE SUMMER CLUB BLACK | [IBG2023001369424] [DFSH393001-BLAC_C_36_41_12] Pack DANA SLIDE SUMMER CLUB BLACK | [IBG2023001369424] [DFSH393001-BLAC_C_36_41_12] Pack DANA SLIDE SUMMER CLUB BLACK | [IBG2023001369424] [DFSH393001-BLAC_C_36_41_12] Pack DANA SLIDE SUMMER CLUB BLACK | [IBG2023001369424] [DFSH393001-BLAC_C_36_41_12] Pack DANA SLIDE SUMMER CLUB BLACK | [IBG2023001369424] [DFSH393001-BLAC_C_36_41_12] Pack DANA SLIDE SUMMER CLUB BLACK | [IBG2023001369356] [DFSH393001-BLAC_C_36_41_12] Pack DANA SLIDE SUMMER CLUB BLACK | [IBG2023001369356] [DFSH393001-BLAC_C_36_41_12] Pack DANA SLIDE SUMMER CLUB BLACK | [IBG2023001369356] [DFSH393001-BLAC_C_36_41_12] Pack DANA SLIDE SUMMER CLUB BLACK | [IBG2023001369356] [DFSH393001-BLAC_C_36_41_12] Pack DANA SLIDE SUMMER CLUB BLACK | [IBG2023001369356] [DFSH393001-BLAC_C_36_41_12] Pack DANA SLIDE SUMMER CLUB BLACK | [IBG2023001369356] [DFSH393001-BLAC_C_36_41_12] Pack DANA SLIDE SUMMER CLUB BLACK | [IBG2023001369332] [DFSH393001-BLAC_C_36_41_12] Pack DANA SLIDE SUMMER CLUB BLACK | [IBG2023001369332] [DFSH393001-BLAC_C_36_41_12] Pack DANA SLIDE SUMMER CLUB BLACK | [IBG2023001369332] [DFSH393001-BLAC_C_36_41_12] Pack DANA SLIDE SUMMER CLUB BLACK | [IBG2023001369332] [DFSH393001-BLAC_C_36_41_12] Pack DANA SLIDE SUMMER CLUB BLACK | [IBG2023001369332] [DFSH393001-BLAC_C_36_41_12] Pack DANA SLIDE SUMMER CLUB BLACK | [IBG2023001369332] [DFSH393001-BLAC_C_36_41_12] Pack DANA SLIDE SUMMER CLUB BLACK | [IBG2023001369202] [DFSH393001-BLAC_C_36_41_12] Pack DANA SLIDE SUMMER CLUB BLACK | [IBG2023001369202] [DFSH393001-BLAC_C_36_41_12] Pack DANA SLIDE SUMMER CLUB BLACK | [IBG2023001369202] [DFSH393001-BLAC_C_36_41_12] Pack DANA SLIDE SUMMER CLUB BLACK | [IBG2023001369202] [DFSH393001-BLAC_C_36_41_12] Pack DANA SLIDE SUMMER CLUB BLACK | [IBG2023001369202] [DFSH393001-BLAC_C_36_41_12] Pack DANA SLIDE SUMMER CLUB BLACK | [IBG2023001369202] [DFSH393001-BLAC_C_36_41_12] Pack DANA SLIDE SUMMER CLUB BLACK | [IBG2023001369165] [DFSH393001-BLAC_C_36_41_12] Pack DANA SLIDE SUMMER CLUB BLACK | [IBG2023001369165] [DFSH393001-BLAC_C_36_41_12] Pack DANA SLIDE SUMMER CLUB BLACK | [IBG2023001369165] [DFSH393001-BLAC_C_36_41_12] Pack DANA SLIDE SUMMER CLUB BLACK | [IBG2023001369165] [DFSH393001-BLAC_C_36_41_12] Pack DANA SLIDE SUMMER CLUB BLACK | [IBG2023001369165] [DFSH393001-BLAC_C_36_41_12] Pack DANA SLIDE SUMMER CLUB BLACK | [IBG2023001369165] [DFSH393001-BLAC_C_36_41_12] Pack DANA SLIDE SUMMER CLUB BLACK | [IBG2023001369066] [DFSH393001-BLAC_C_36_41_12] Pack DANA SLIDE SUMMER CLUB BLACK | [IBG2023001369066] [DFSH393001-BLAC_C_36_41_12] Pack DANA SLIDE SUMMER CLUB BLACK | [IBG2023001369066] [DFSH393001-BLAC_C_36_41_12] Pack DANA SLIDE SUMMER CLUB BLACK | [IBG2023001369066] [DFSH393001-BLAC_C_36_41_12] Pack DANA SLIDE SUMMER CLUB BLACK | [IBG2023001369066] [DFSH393001-BLAC_C_36_41_12] Pack DANA SLIDE SUMMER CLUB BLACK | [IBG2023001369066] [DFSH393001-BLAC_C_36_41_12] Pack DANA SLIDE SUMMER CLUB BLACK | [IBG2023001369042] [DFSH393001-BLAC_C_36_41_12] Pack DANA SLIDE SUMMER CLUB BLACK | [IBG2023001369042] [DFSH393001-BLAC_C_36_41_12] Pack DANA SLIDE SUMMER CLUB BLACK | [IBG2023001369042] [DFSH393001-BLAC_C_36_41_12] Pack DANA SLIDE SUMMER CLUB BLACK | [IBG2023001369042] [DFSH393001-BLAC_C_36_41_12] Pack DANA SLIDE SUMMER CLUB BLACK | [IBG2023001369042] [DFSH393001-BLAC_C_36_41_12] Pack DANA SLIDE SUMMER CLUB BLACK | [IBG2023001369042] [DFSH393001-BLAC_C_36_41_12] Pack DANA SLIDE SUMMER CLUB BLACK | [IBG2023001369011] [DFSH393001-BLAC_C_36_41_12] Pack DANA SLIDE SUMMER CLUB BLACK | [IBG2023001369011] [DFSH393001-BLAC_C_36_41_12] Pack DANA SLIDE SUMMER CLUB BLACK | [IBG2023001369011] [DFSH393001-BLAC_C_36_41_12] Pack DANA SLIDE SUMMER CLUB BLACK | [IBG2023001369011] [DFSH393001-BLAC_C_36_41_12] Pack DANA SLIDE SUMMER CLUB BLACK | [IBG2023001369011] [DFSH393001-BLAC_C_36_41_12] Pack DANA SLIDE SUMMER CLUB BLACK | [IBG2023001369011] [DFSH393001-BLAC_C_36_41_12] Pack DANA SLIDE SUMMER CLUB BLACK | [IBG2023001368953] [DFSH393001-BLAC_C_36_41_12] Pack DANA SLIDE SUMMER CLUB BLACK | [IBG2023001368953] [DFSH393001-BLAC_C_36_41_12] Pack DANA SLIDE SUMMER CLUB BLACK | [IBG2023001368953] [DFSH393001-BLAC_C_36_41_12] Pack DANA SLIDE SUMMER CLUB BLACK | [IBG2023001368953] [DFSH393001-BLAC_C_36_41_12] Pack DANA SLIDE SUMMER CLUB BLACK | [IBG2023001368953] [DFSH393001-BLAC_C_36_41_12] Pack DANA SLIDE SUMMER CLUB BLACK | [IBG2023001368953] [DFSH393001-BLAC_C_36_41_12] Pack DANA SLIDE SUMMER CLUB BLACK
CLABD/Stock/StorageBD/CLA-070-09-03-02;120;BLACK;C+A;619;100;[IBG2023001369394] [DFSH393001-BLAC_C_36_41_12] Pack DANA SLIDE SUMMER CLUB BLACK | [IBG2023001369394] [DFSH393001-BLAC_C_36_41_12] Pack DANA SLIDE SUMMER CLUB BLACK | [IBG2023001369394] [DFSH393001-BLAC_C_36_41_12] Pack DANA SLIDE SUMMER CLUB BLACK | [IBG2023001369394] [DFSH393001-BLAC_C_36_41_12] Pack DANA SLIDE SUMMER CLUB BLACK | [IBG2023001369394] [DFSH393001-BLAC_C_36_41_12] Pack DANA SLIDE SUMMER CLUB BLACK | [IBG2023001369394] [DFSH393001-BLAC_C_36_41_12] Pack DANA SLIDE SUMMER CLUB BLACK | [IBG2023001369325] [DFSH393001-BLAC_C_36_41_12] Pack DANA SLIDE SUMMER CLUB BLACK | [IBG2023001369325] [DFSH393001-BLAC_C_36_41_12] Pack DANA SLIDE SUMMER CLUB BLACK | [IBG2023001369325] [DFSH393001-BLAC_C_36_41_12] Pack DANA SLIDE SUMMER CLUB BLACK | [IBG2023001369325] [DFSH393001-BLAC_C_36_41_12] Pack DANA SLIDE SUMMER CLUB BLACK | [IBG2023001369325] [DFSH393001-BLAC_C_36_41_12] Pack DANA SLIDE SUMMER CLUB BLACK | [IBG2023001369325] [DFSH393001-BLAC_C_36_41_12] Pack DANA SLIDE SUMMER CLUB BLACK | [IBG2023001369318] [DFSH393001-BLAC_C_36_41_12] Pack DANA SLIDE SUMMER CLUB BLACK | [IBG2023001369318] [DFSH393001-BLAC_C_36_41_12] Pack DANA SLIDE SUMMER CLUB BLACK | [IBG2023001369318] [DFSH393001-BLAC_C_36_41_12] Pack DANA SLIDE SUMMER CLUB BLACK | [IBG2023001369318] [DFSH393001-BLAC_C_36_41_12] Pack DANA SLIDE SUMMER CLUB BLACK | [IBG2023001369318] [DFSH393001-BLAC_C_36_41_12] Pack DANA SLIDE SUMMER CLUB BLACK | [IBG2023001369318] [DFSH393001-BLAC_C_36_41_12] Pack DANA SLIDE SUMMER CLUB BLACK | [IBG2023001369295] [DFSH393001-BLAC_C_36_41_12] Pack DANA SLIDE SUMMER CLUB BLACK | [IBG2023001369295] [DFSH393001-BLAC_C_36_41_12] Pack DANA SLIDE SUMMER CLUB BLACK | [IBG2023001369295] [DFSH393001-BLAC_C_36_41_12] Pack DANA SLIDE SUMMER CLUB BLACK | [IBG2023001369295] [DFSH393001-BLAC_C_36_41_12] Pack DANA SLIDE SUMMER CLUB BLACK | [IBG2023001369295] [DFSH393001-BLAC_C_36_41_12] Pack DANA SLIDE SUMMER CLUB BLACK | [IBG2023001369295] [DFSH393001-BLAC_C_36_41_12] Pack DANA SLIDE SUMMER CLUB BLACK | [IBG2023001369288] [DFSH393001-BLAC_C_36_41_12] Pack DANA SLIDE SUMMER CLUB BLACK | [IBG2023001369288] [DFSH393001-BLAC_C_36_41_12] Pack DANA SLIDE SUMMER CLUB BLACK | [IBG2023001369288] [DFSH393001-BLAC_C_36_41_12] Pack DANA SLIDE SUMMER CLUB BLACK | [IBG2023001369288] [DFSH393001-BLAC_C_36_41_12] Pack DANA SLIDE SUMMER CLUB BLACK | [IBG2023001369288] [DFSH393001-BLAC_C_36_41_12] Pack DANA SLIDE SUMMER CLUB BLACK | [IBG2023001369288] [DFSH393001-BLAC_C_36_41_12] Pack DANA SLIDE SUMMER CLUB BLACK | [IBG2023001369226] [DFSH393001-BLAC_C_36_41_12] Pack DANA SLIDE SUMMER CLUB BLACK | [IBG2023001369226] [DFSH393001-BLAC_C_36_41_12] Pack DANA SLIDE SUMMER CLUB BLACK | [IBG2023001369226] [DFSH393001-BLAC_C_36_41_12] Pack DANA SLIDE SUMMER CLUB BLACK | [IBG2023001369226] [DFSH393001-BLAC_C_36_41_12] Pack DANA SLIDE SUMMER CLUB BLACK | [IBG2023001369226] [DFSH393001-BLAC_C_36_41_12] Pack DANA SLIDE SUMMER CLUB BLACK | [IBG2023001369226] [DFSH393001-BLAC_C_36_41_12] Pack DANA SLIDE SUMMER CLUB BLACK | [IBG2023001369158] [DFSH393001-BLAC_C_36_41_12] Pack DANA SLIDE SUMMER CLUB BLACK | [IBG2023001369158] [DFSH393001-BLAC_C_36_41_12] Pack DANA SLIDE SUMMER CLUB BLACK | [IBG2023001369158] [DFSH393001-BLAC_C_36_41_12] Pack DANA SLIDE SUMMER CLUB BLACK | [IBG2023001369158] [DFSH393001-BLAC_C_36_41_12] Pack DANA SLIDE SUMMER CLUB BLACK | [IBG2023001369158] [DFSH393001-BLAC_C_36_41_12] Pack DANA SLIDE SUMMER CLUB BLACK | [IBG2023001369158] [DFSH393001-BLAC_C_36_41_12] Pack DANA SLIDE SUMMER CLUB BLACK | [IBG2023001369097] [DFSH393001-BLAC_C_36_41_12] Pack DANA SLIDE SUMMER CLUB BLACK | [IBG2023001369097] [DFSH393001-BLAC_C_36_41_12] Pack DANA SLIDE SUMMER CLUB BLACK | [IBG2023001369097] [DFSH393001-BLAC_C_36_41_12] Pack DANA SLIDE SUMMER CLUB BLACK | [IBG2023001369097] [DFSH393001-BLAC_C_36_41_12] Pack DANA SLIDE SUMMER CLUB BLACK | [IBG2023001369097] [DFSH393001-BLAC_C_36_41_12] Pack DANA SLIDE SUMMER CLUB BLACK | [IBG2023001369097] [DFSH393001-BLAC_C_36_41_12] Pack DANA SLIDE SUMMER CLUB BLACK | [IBG2023001369035] [DFSH393001-BLAC_C_36_41_12] Pack DANA SLIDE SUMMER CLUB BLACK | [IBG2023001369035] [DFSH393001-BLAC_C_36_41_12] Pack DANA SLIDE SUMMER CLUB BLACK | [IBG2023001369035] [DFSH393001-BLAC_C_36_41_12] Pack DANA SLIDE SUMMER CLUB BLACK | [IBG2023001369035] [DFSH393001-BLAC_C_36_41_12] Pack DANA SLIDE SUMMER CLUB BLACK | [IBG2023001369035] [DFSH393001-BLAC_C_36_41_12] Pack DANA SLIDE SUMMER CLUB BLACK | [IBG2023001369035] [DFSH393001-BLAC_C_36_41_12] Pack DANA SLIDE SUMMER CLUB BLACK | [IBG2023001368946] [DFSH393001-BLAC_C_36_41_12] Pack DANA SLIDE SUMMER CLUB BLACK | [IBG2023001368946] [DFSH393001-BLAC_C_36_41_12] Pack DANA SLIDE SUMMER CLUB BLACK | [IBG2023001368946] [DFSH393001-BLAC_C_36_41_12] Pack DANA SLIDE SUMMER CLUB BLACK | [IBG2023001368946] [DFSH393001-BLAC_C_36_41_12] Pack DANA SLIDE SUMMER CLUB BLACK | [IBG2023001368946] [DFSH393001-BLAC_C_36_41_12] Pack DANA SLIDE SUMMER CLUB BLACK | [IBG2023001368946] [DFSH393001-BLAC_C_36_41_12] Pack DANA SLIDE SUMMER CLUB BLACK
CLABD/Stock/StorageBD/CLA-071-01-01-01;44;BLACK;B+A+C;150;80;[IBGB2400000706268] [DFSH347002-GREY-41] 347 TRACK STELLAR GREY / MULTI (41) | [IBGB2400000706268] [DFSH347002-GREY-38] 347 TRACK STELLAR GREY / MULTI (38) | [IBGB2400000706268] [DFSH347002-GREY-36] 347 TRACK STELLAR GREY / MULTI (36) | [IBGB2400000706268] [DFSH347002-GREY-37] 347 TRACK STELLAR GREY / MULTI (37) | [IBGB2400000706251] [DFSH371006-BEIG-40] BOOTS NORDIC.V2 BOOMB BEIG (40) | [IBGB2400000706251] [DFSH371006-BLAC-37] BOOTS NORDIC.V2 BOOMB BLACK (37) | [IBGB2400000706251] [DFSH371006-BLAC-38] BOOTS NORDIC.V2 BOOMB BLACK (38) | [IBGB2400000706251] [DFSH370003-TAUP-38] BOOTS NORDIC BASIC TAUPE (38) | [IBGB2400000706251] [LI330288-0020-41] PET PANA CARBÓN (41) | [IBGB2400000706251] [DFSH371006-BEIG-36] BOOTS NORDIC.V2 BOOMB BEIG (36) | [IBGB2400000706210] [DFSH371007-BLAC-39] BOOTS NORDIC.V2 BASIC LOW BLACK (39) | [IBGB2400000706210] [DFSH371007-BLAC-41] BOOTS NORDIC.V2 BASIC LOW BLACK (41) | [IBGB2400000706210] [DFSH371007-BLAC-36] BOOTS NORDIC.V2 BASIC LOW BLACK (36) | [IBGB2400000706210] [DFSH391005-BLAC-39] ALL TRACK LOW BLACK (39) | [IBGB2400000706207] [DFSH375003-TAN-36] NORDIC NOVA LEATHER TAN (36) | [IBGB2400000706207] [DFSH375003-TAN-37] NORDIC NOVA LEATHER TAN (37) | [IBGB2400000705955] [DFSH371006-BEIG-38] BOOTS NORDIC.V2 BOOMB BEIG (38) | [IBGB2400000705955] [DFSH370005-CAME-37] BOOTS NORDIC FUR CAMEL (37) | [IBGB2400000705955] [DFSH371008-CAME-41] BOOTS NORDIC.V2 TRK CAMEL (41) | [IBGB2400000705955] [DFSH371010-SILV-39] SILVER (39) | [IBGB2400000705955] [DFSH370005-CAME-38] BOOTS NORDIC FUR CAMEL (38) | [IBGB2400000705955] [DFSH371004-BLAC-38] BOOTS NORDIC.V2 BASIC LOW BLACK (38) | [IBGB2400000705924] [DFSH347003-SILV-36] 347 TRACK STELLAR SILVER  (36) | [IBGB2400000705895] [DFSH347003-SILV-39] 347 TRACK STELLAR SILVER  (39) | [IBGB2400000705895] [DFSH347001-SILV-45] 347 TRACK STELLAR SILVER (45) | [IBGB2400000705895] [DFSH347002-BLAC-44] 347 TRACK STELLAR BLACK / MULTI (44) | [IBGB2400000705895] [DFSH347003-SILV-36] 347 TRACK STELLAR SILVER  (36) | [IBGB2400000705889] [DFSH370004-BLAC-39] BOOTS NORDIC FUR BLACK (39) | [IBGB2400000705889] [DFSH370003-TAN-39] BOOTS NORDIC BASIC TAN (39) | [IBGB2400000705889] [DFSH371008-CAME-37] BOOTS NORDIC.V2 TRK CAMEL (37) | [IBGB2400000705889] [DFSH371008-CAME-38] BOOTS NORDIC.V2 TRK CAMEL (38)
CLABD/Stock/StorageBD/CLA-071-01-01-02;31;BLACK;B+C+A;400;20;[IBGB2400000314279] [NVK33410-0009-37] ORANGE (37) | [IBGB2400000314279] [NVK33410-0009-41] ORANGE (41) | [IBGB2400000314279] [NVK33410-0009-40] ORANGE (40) | [IBGB2400000314279] [NVK33410-0009-36] ORANGE (36) | [IBGB2400000314279] [NVK33410-0009-38] ORANGE (38) | [IBGB2400000314279] [NVK33410-0009-39] ORANGE (39) | [IBGB2400000311986] [DFSH394001-PURP-39] SONAX SLIDE PURPLE (39) | [IBGB2400000311986] [DFSH394001-PURP-37] SONAX SLIDE PURPLE (37) | [IBGB2400000311986] [DFSH394001-PURP-36] SONAX SLIDE PURPLE (36) | [IBGB2400000311986] [DFSH394001-PURP-38] SONAX SLIDE PURPLE (38)
CLABD/Stock/StorageBD/CLA-071-01-01-03;17;BLACK;A+C;212;30;[IBGB2400000642953] [DFSH381001-KHAK-40] NEVIS RAIN KHAKI (40) | [IBGB2400000642914] [DFSH381001-KHAK-40] NEVIS RAIN KHAKI (40) | [IBGB2400000642914] [DFSH371010-BEIG-40] BEIG (40) | [IBGB2400000595949] [DFSH394001-ORAN-39] SONAX SLIDE ORANGE (39) | [IBGB2400000595949] [DFSH394001-ORAN-41] SONAX SLIDE ORANGE (41) | [IBGB2400000595949] [DFSH394001-ORAN-40] SONAX SLIDE ORANGE (40) | [IBGB2400000595949] [DFSH394001-ORAN-38] SONAX SLIDE ORANGE (38) | [IBGB2400000595949] [DFSH394001-ORAN-37] SONAX SLIDE ORANGE (37) | [IBGB2400000595949] [DFSH394001-ORAN-36] SONAX SLIDE ORANGE (36)
CLABD/Stock/StorageBD/CLA-071-02-01-02;42;BLACK;A+B+C;400;70;[IBGB2400000705878] [DFSH375001-BLAC-39] NORDIC NOVA LEATHER BLACK (39) | [IBGB2400000705878] [DFSH371006-BEIG-38] BOOTS NORDIC.V2 BOOMB BEIG (38) | [IBGB2400000705878] [DFSH371006-BLAC-37] BOOTS NORDIC.V2 BOOMB BLACK (37) | [IBGB2400000705878] [DFSH371006-BEIG-41] BOOTS NORDIC.V2 BOOMB BEIG (41) | [IBGB2400000705878] [DFSH370012-TAUP-41] NORDIC TRK FUR TAUPE (41) | [IBGB2400000705816] [DFSH347003-SILV-36] 347 TRACK STELLAR SILVER  (36) | [IBGB2400000705816] [DFSH347003-SILV-37] 347 TRACK STELLAR SILVER  (37) | [IBGB2400000705816] [DFSH347002-BLAC-44] 347 TRACK STELLAR BLACK / MULTI (44) | [IBGB2400000705782] [DFSH371004-BLAC-38] BOOTS NORDIC.V2 BASIC LOW BLACK (38) | [IBGB2400000705782] [DFSH371004-BLAC-41] BOOTS NORDIC.V2 BASIC LOW BLACK (41) | [IBGB2400000705782] [DFSH370010-BLAC-42] NORDIC LOW BASIC BLACK (42) | [IBGB2400000705782] [DFSH371004-BLAC-37] BOOTS NORDIC.V2 BASIC LOW BLACK (37) | [IBGB2400000705772] [DFSH347003-SILV-36] 347 TRACK STELLAR SILVER  (36) | [IBGB2400000705772] [DFSH347003-SILV-37] 347 TRACK STELLAR SILVER  (37) | [IBGB2400000705772] [DFSH347003-SILV-39] 347 TRACK STELLAR SILVER  (39) | [IBGB2400000705772] [DFSH347003-SILV-41] 347 TRACK STELLAR SILVER  (41) | [IBGB2400000705766] [DFSH347002-BEIG-36] 347 TRACK STELLAR BEIG / MULTI (36) | [IBGB2400000705766] [DFSH347002-BEIG-37] 347 TRACK STELLAR BEIG / MULTI (37) | [IBGB2400000705766] [DFSH347002-BEIG-41] 347 TRACK STELLAR BEIG / MULTI (41) | [IBGB2400000314301] [NVK33410-0020-40] BLACK (40) | [IBGB2400000314301] [NVK33410-0020-36] BLACK (36) | [IBGB2400000314283] [NVK33410-0006-39] YELLOW (39) | [IBGB2400000314283] [NVK33410-0006-37] YELLOW (37) | [IBGB2400000314283] [NVK33410-0006-40] YELLOW (40)
CLABD/Stock/StorageBD/CLA-071-02-02-02;81;BLACK;C+A;571;90;[IBGG2400000003878] [DFSH394001-PURP_C_36_41_9] Pack SONAX SLIDE PURPLE | [IBGG2400000003878] [DFSH394001-PURP_C_36_41_9] Pack SONAX SLIDE PURPLE | [IBGG2400000003878] [DFSH394001-PURP_C_36_41_9] Pack SONAX SLIDE PURPLE | [IBGG2400000003878] [DFSH394001-PURP_C_36_41_9] Pack SONAX SLIDE PURPLE | [IBGG2400000003878] [DFSH394001-PURP_C_36_41_9] Pack SONAX SLIDE PURPLE | [IBGG2400000003878] [DFSH394001-PURP_C_36_41_9] Pack SONAX SLIDE PURPLE | [IBGG2400000003875] [DFSH394001-PURP_C_36_41_9] Pack SONAX SLIDE PURPLE | [IBGG2400000003875] [DFSH394001-PURP_C_36_41_9] Pack SONAX SLIDE PURPLE | [IBGG2400000003875] [DFSH394001-PURP_C_36_41_9] Pack SONAX SLIDE PURPLE | [IBGG2400000003875] [DFSH394001-PURP_C_36_41_9] Pack SONAX SLIDE PURPLE | [IBGG2400000003875] [DFSH394001-PURP_C_36_41_9] Pack SONAX SLIDE PURPLE | [IBGG2400000003875] [DFSH394001-PURP_C_36_41_9] Pack SONAX SLIDE PURPLE | [IBGG2400000003874] [DFSH394001-PURP_C_36_41_9] Pack SONAX SLIDE PURPLE | [IBGG2400000003874] [DFSH394001-PURP_C_36_41_9] Pack SONAX SLIDE PURPLE | [IBGG2400000003874] [DFSH394001-PURP_C_36_41_9] Pack SONAX SLIDE PURPLE | [IBGG2400000003874] [DFSH394001-PURP_C_36_41_9] Pack SONAX SLIDE PURPLE | [IBGG2400000003874] [DFSH394001-PURP_C_36_41_9] Pack SONAX SLIDE PURPLE | [IBGG2400000003874] [DFSH394001-PURP_C_36_41_9] Pack SONAX SLIDE PURPLE | [IBGG2400000003873] [DFSH394001-PURP_C_36_41_9] Pack SONAX SLIDE PURPLE | [IBGG2400000003873] [DFSH394001-PURP_C_36_41_9] Pack SONAX SLIDE PURPLE | [IBGG2400000003873] [DFSH394001-PURP_C_36_41_9] Pack SONAX SLIDE PURPLE | [IBGG2400000003873] [DFSH394001-PURP_C_36_41_9] Pack SONAX SLIDE PURPLE | [IBGG2400000003873] [DFSH394001-PURP_C_36_41_9] Pack SONAX SLIDE PURPLE | [IBGG2400000003873] [DFSH394001-PURP_C_36_41_9] Pack SONAX SLIDE PURPLE | [IBGG2400000003872] [DFSH394001-PURP_C_36_41_9] Pack SONAX SLIDE PURPLE | [IBGG2400000003872] [DFSH394001-PURP_C_36_41_9] Pack SONAX SLIDE PURPLE | [IBGG2400000003872] [DFSH394001-PURP_C_36_41_9] Pack SONAX SLIDE PURPLE | [IBGG2400000003872] [DFSH394001-PURP_C_36_41_9] Pack SONAX SLIDE PURPLE | [IBGG2400000003872] [DFSH394001-PURP_C_36_41_9] Pack SONAX SLIDE PURPLE | [IBGG2400000003872] [DFSH394001-PURP_C_36_41_9] Pack SONAX SLIDE PURPLE | [IBGG2400000003869] [DFSH394001-PURP_C_36_41_9] Pack SONAX SLIDE PURPLE | [IBGG2400000003869] [DFSH394001-PURP_C_36_41_9] Pack SONAX SLIDE PURPLE | [IBGG2400000003869] [DFSH394001-PURP_C_36_41_9] Pack SONAX SLIDE PURPLE | [IBGG2400000003869] [DFSH394001-PURP_C_36_41_9] Pack SONAX SLIDE PURPLE | [IBGG2400000003869] [DFSH394001-PURP_C_36_41_9] Pack SONAX SLIDE PURPLE | [IBGG2400000003869] [DFSH394001-PURP_C_36_41_9] Pack SONAX SLIDE PURPLE | [IBGG2400000003865] [DFSH394001-PURP_C_36_41_9] Pack SONAX SLIDE PURPLE | [IBGG2400000003865] [DFSH394001-PURP_C_36_41_9] Pack SONAX SLIDE PURPLE | [IBGG2400000003865] [DFSH394001-PURP_C_36_41_9] Pack SONAX SLIDE PURPLE | [IBGG2400000003865] [DFSH394001-PURP_C_36_41_9] Pack SONAX SLIDE PURPLE | [IBGG2400000003865] [DFSH394001-PURP_C_36_41_9] Pack SONAX SLIDE PURPLE | [IBGG2400000003865] [DFSH394001-PURP_C_36_41_9] Pack SONAX SLIDE PURPLE | [IBGG2400000003863] [DFSH394001-PURP_C_36_41_9] Pack SONAX SLIDE PURPLE | [IBGG2400000003863] [DFSH394001-PURP_C_36_41_9] Pack SONAX SLIDE PURPLE | [IBGG2400000003863] [DFSH394001-PURP_C_36_41_9] Pack SONAX SLIDE PURPLE | [IBGG2400000003863] [DFSH394001-PURP_C_36_41_9] Pack SONAX SLIDE PURPLE | [IBGG2400000003863] [DFSH394001-PURP_C_36_41_9] Pack SONAX SLIDE PURPLE | [IBGG2400000003863] [DFSH394001-PURP_C_36_41_9] Pack SONAX SLIDE PURPLE | [IBGG2400000003857] [DFSH394001-PURP_C_36_41_9] Pack SONAX SLIDE PURPLE | [IBGG2400000003857] [DFSH394001-PURP_C_36_41_9] Pack SONAX SLIDE PURPLE | [IBGG2400000003857] [DFSH394001-PURP_C_36_41_9] Pack SONAX SLIDE PURPLE | [IBGG2400000003857] [DFSH394001-PURP_C_36_41_9] Pack SONAX SLIDE PURPLE | [IBGG2400000003857] [DFSH394001-PURP_C_36_41_9] Pack SONAX SLIDE PURPLE | [IBGG2400000003857] [DFSH394001-PURP_C_36_41_9] Pack SONAX SLIDE PURPLE
CLABD/Stock/StorageBD/CLA-071-02-03-02;102;BLACK;C+A;599;100;[IBG2023001407027] [DFSH334009-GREY_C_36_41_12] Pack BLOOMER NIP GREY | [IBG2023001407027] [DFSH334009-GREY_C_36_41_12] Pack BLOOMER NIP GREY | [IBG2023001407027] [DFSH334009-GREY_C_36_41_12] Pack BLOOMER NIP GREY | [IBG2023001407027] [DFSH334009-GREY_C_36_41_12] Pack BLOOMER NIP GREY | [IBG2023001407027] [DFSH334009-GREY_C_36_41_12] Pack BLOOMER NIP GREY | [IBG2023001407027] [DFSH334009-GREY_C_36_41_12] Pack BLOOMER NIP GREY | [IBG2023001406983] [DFSH334009-GREY_C_36_41_12] Pack BLOOMER NIP GREY | [IBG2023001406983] [DFSH334009-GREY_C_36_41_12] Pack BLOOMER NIP GREY | [IBG2023001406983] [DFSH334009-GREY_C_36_41_12] Pack BLOOMER NIP GREY | [IBG2023001406983] [DFSH334009-GREY_C_36_41_12] Pack BLOOMER NIP GREY | [IBG2023001406983] [DFSH334009-GREY_C_36_41_12] Pack BLOOMER NIP GREY | [IBG2023001406983] [DFSH334009-GREY_C_36_41_12] Pack BLOOMER NIP GREY | [IBG2023001406907] [DFSH334009-GREY_C_36_41_12] Pack BLOOMER NIP GREY | [IBG2023001406907] [DFSH334009-GREY_C_36_41_12] Pack BLOOMER NIP GREY | [IBG2023001406907] [DFSH334009-GREY_C_36_41_12] Pack BLOOMER NIP GREY | [IBG2023001406907] [DFSH334009-GREY_C_36_41_12] Pack BLOOMER NIP GREY | [IBG2023001406907] [DFSH334009-GREY_C_36_41_12] Pack BLOOMER NIP GREY | [IBG2023001406907] [DFSH334009-GREY_C_36_41_12] Pack BLOOMER NIP GREY | [IBG2023001406860] [DFSH334009-GREY_C_36_41_12] Pack BLOOMER NIP GREY | [IBG2023001406860] [DFSH334009-GREY_C_36_41_12] Pack BLOOMER NIP GREY | [IBG2023001406860] [DFSH334009-GREY_C_36_41_12] Pack BLOOMER NIP GREY | [IBG2023001406860] [DFSH334009-GREY_C_36_41_12] Pack BLOOMER NIP GREY | [IBG2023001406860] [DFSH334009-GREY_C_36_41_12] Pack BLOOMER NIP GREY | [IBG2023001406860] [DFSH334009-GREY_C_36_41_12] Pack BLOOMER NIP GREY | [IBG2023001376897] [DFSH394001-BEIG_C_36_41_9] Pack SONAX SLIDE BEIGE | [IBG2023001376897] [DFSH394001-BEIG_C_36_41_9] Pack SONAX SLIDE BEIGE | [IBG2023001376897] [DFSH394001-BEIG_C_36_41_9] Pack SONAX SLIDE BEIGE | [IBG2023001376897] [DFSH394001-BEIG_C_36_41_9] Pack SONAX SLIDE BEIGE | [IBG2023001376897] [DFSH394001-BEIG_C_36_41_9] Pack SONAX SLIDE BEIGE | [IBG2023001376897] [DFSH394001-BEIG_C_36_41_9] Pack SONAX SLIDE BEIGE | [IBG2023001376675] [DFSH394001-BEIG_C_36_41_9] Pack SONAX SLIDE BEIGE | [IBG2023001376675] [DFSH394001-BEIG_C_36_41_9] Pack SONAX SLIDE BEIGE | [IBG2023001376675] [DFSH394001-BEIG_C_36_41_9] Pack SONAX SLIDE BEIGE | [IBG2023001376675] [DFSH394001-BEIG_C_36_41_9] Pack SONAX SLIDE BEIGE | [IBG2023001376675] [DFSH394001-BEIG_C_36_41_9] Pack SONAX SLIDE BEIGE | [IBG2023001376675] [DFSH394001-BEIG_C_36_41_9] Pack SONAX SLIDE BEIGE | [IBG2023001376255] [DFSH394001-BEIG_C_36_41_9] Pack SONAX SLIDE BEIGE | [IBG2023001376255] [DFSH394001-BEIG_C_36_41_9] Pack SONAX SLIDE BEIGE | [IBG2023001376255] [DFSH394001-BEIG_C_36_41_9] Pack SONAX SLIDE BEIGE | [IBG2023001376255] [DFSH394001-BEIG_C_36_41_9] Pack SONAX SLIDE BEIGE | [IBG2023001376255] [DFSH394001-BEIG_C_36_41_9] Pack SONAX SLIDE BEIGE | [IBG2023001376255] [DFSH394001-BEIG_C_36_41_9] Pack SONAX SLIDE BEIGE | [IBG2023001376231] [DFSH394001-BEIG_C_36_41_9] Pack SONAX SLIDE BEIGE | [IBG2023001376231] [DFSH394001-BEIG_C_36_41_9] Pack SONAX SLIDE BEIGE | [IBG2023001376231] [DFSH394001-BEIG_C_36_41_9] Pack SONAX SLIDE BEIGE | [IBG2023001376231] [DFSH394001-BEIG_C_36_41_9] Pack SONAX SLIDE BEIGE | [IBG2023001376231] [DFSH394001-BEIG_C_36_41_9] Pack SONAX SLIDE BEIGE | [IBG2023001376231] [DFSH394001-BEIG_C_36_41_9] Pack SONAX SLIDE BEIGE | [IBG2023001376224] [DFSH394001-BEIG_C_36_41_9] Pack SONAX SLIDE BEIGE | [IBG2023001376224] [DFSH394001-BEIG_C_36_41_9] Pack SONAX SLIDE BEIGE | [IBG2023001376224] [DFSH394001-BEIG_C_36_41_9] Pack SONAX SLIDE BEIGE | [IBG2023001376224] [DFSH394001-BEIG_C_36_41_9] Pack SONAX SLIDE BEIGE | [IBG2023001376224] [DFSH394001-BEIG_C_36_41_9] Pack SONAX SLIDE BEIGE | [IBG2023001376224] [DFSH394001-BEIG_C_36_41_9] Pack SONAX SLIDE BEIGE | [IBG2023001376170] [DFSH394001-BEIG_C_36_41_9] Pack SONAX SLIDE BEIGE | [IBG2023001376170] [DFSH394001-BEIG_C_36_41_9] Pack SONAX SLIDE BEIGE | [IBG2023001376170] [DFSH394001-BEIG_C_36_41_9] Pack SONAX SLIDE BEIGE | [IBG2023001376170] [DFSH394001-BEIG_C_36_41_9] Pack SONAX SLIDE BEIGE | [IBG2023001376170] [DFSH394001-BEIG_C_36_41_9] Pack SONAX SLIDE BEIGE | [IBG2023001376170] [DFSH394001-BEIG_C_36_41_9] Pack SONAX SLIDE BEIGE
CLABD/Stock/StorageBD/CLA-071-03-01-01;181;BLACK;C+B+A;971;110;[IBGB2400000312046] [KV330025-0011-39] Pink Ecological Sneakers Mercredy (39) | [IBGB2400000312046] [KV330025-0011-41] Pink Ecological Sneakers Mercredy (41) | [IBGB2400000312046] [KV330025-0011-36] Pink Ecological Sneakers Mercredy (36) | [IBGB2400000312046] [KV330025-0011-37] Pink Ecological Sneakers Mercredy (37) | [IBGB2400000312046] [KV330025-0011-40] Pink Ecological Sneakers Mercredy (40) | [IBGB2400000312046] [KV330025-0011-38] Pink Ecological Sneakers Mercredy (38) | [IBGB2400000312036] [KV330025-0011-37] Pink Ecological Sneakers Mercredy (37) | [IBGB2400000312036] [KV330025-0011-39] Pink Ecological Sneakers Mercredy (39) | [IBGB2400000312036] [KV330025-0011-40] Pink Ecological Sneakers Mercredy (40) | [IBGB2400000312036] [KV330025-0011-38] Pink Ecological Sneakers Mercredy (38) | [IBGB2400000312036] [KV330025-0011-41] Pink Ecological Sneakers Mercredy (41) | [IBGB2400000312036] [KV330025-0011-36] Pink Ecological Sneakers Mercredy (36) | [IBGB2400000314683] [NVK33410-0043-39] BEIGE (39) | [IBGB2400000314683] [NVK33410-0043-38] BEIGE (38) | [IBGB2400000314683] [NVK33410-0043-37] BEIGE (37) | [IBGB2400000314683] [NVK33410-0043-36] BEIGE (36) | [IBGB2400000314683] [NVK33410-0043-40] BEIGE (40) | [IBGB2400000314683] [NVK33410-0043-41] BEIGE (41) | [IBG2023001145127] [DFACSC2305-GREY_C_20] Pack NORDIC TRK LEOPARD SCARF GREY x 20 unid | [IBG2023001145080] [DFACSC2305-GREY_C_20] Pack NORDIC TRK LEOPARD SCARF GREY x 20 unid | [IBG2023001145059] [DFACSC2305-GREY_C_20] Pack NORDIC TRK LEOPARD SCARF GREY x 20 unid | [IBG2023001145028] [DFACSC2305-GREY_C_20] Pack NORDIC TRK LEOPARD SCARF GREY x 20 unid | [IBGB2400000595568] [KV330025-0004-39] Green Ecological Sneakers Mercredy (39) | [IBGB2400000595568] [LI330288-0020-43] PET PANA CARBÓN (43) | [IBGB2400000595568] [DFSH387005-BLUE-44] REBEL BASIC FLAG BLUE  (44) | [IBGB2400000595568] [DFSH397001-OFFW-36] VENICE SLIDE OFF WHITE (36) | [IBGB2400000595568] [DFSH397001-OFFW-37] VENICE SLIDE OFF WHITE (37) | [IBGB2400000595568] [DFSH397001-OFFW-38] VENICE SLIDE OFF WHITE (38) | [IBGB2400000595568] [DFSH397001-OFFW-40] VENICE SLIDE OFF WHITE (40) | [IBGB2400000595568] [DFSH397001-OFFW-41] VENICE SLIDE OFF WHITE (41) | [IBGB2400000595568] [DFSH397001-WHIT-42] VENICE SLIDE SUMMER CLUB WHITE (42) | [IBGB2400000595568] [DFSH397001-WHIT-43] VENICE SLIDE SUMMER CLUB WHITE (43) | [IBGB2400000595456] [DFSH375001-BLAC-37] NORDIC NOVA LEATHER BLACK (37) | [IBGB2400000595456] [DFSH375003-BLAC-37] NORDIC NOVA LEATHER BLACK (37) | [IBGB2400000595456] [DFSH387005-BLAC-44] REBEL BASIC FLAG BLACK  (44) | [IBGB2400000314562] [NVK33410-0009-39] ORANGE (39) | [IBGB2400000314562] [NVK33410-0009-40] ORANGE (40) | [IBGB2400000314562] [NVK33410-0009-36] ORANGE (36) | [IBGB2400000314562] [NVK33410-0009-38] ORANGE (38) | [IBGB2400000314562] [LI330271-0011-41] Mercredy Slipper Cord Pink (41) | [IBGB2400000314562] [NVK33410-0009-37] ORANGE (37) | [IBGB2400000314528] [NVK33409-0009-38] LAVENDER (copia) (38) | [IBGB2400000314528] [NVK33409-0009-37] LAVENDER (copia) (37)
CLABD/Stock/StorageBD/CLA-071-03-01-02;303;BLACK;A+B+C;802;60;[PACK0003750] [DFKSUN0224-0800_C_UNI_UNI_50] Pack BERMUDA LIMITED 300 SHINY WHITE / SMOKE | [PACK0003748] [DFKSUN0224-0800_C_UNI_UNI_50] Pack BERMUDA LIMITED 300 SHINY WHITE / SMOKE | [IBGB2400000616579] [DFKOPT0371-0001] Maggie C.1 | [IBGB2400000401293] [DFTXSOC006-WHIT-36-40] DF CAPITAL SOCKS WHITE (36-40) | [IBGB2400000401289] [DFACBE2308-FUCH] NORDIC TRK FAIR ISLE BEANIE FUSHSIA | [IBGB2400000401276] [DFBG24W106-SILV] BOMB MINI BAG SILVER | [IBGB2400000401166] [DFACSC2304-BLAC] NORDIC BOMB QUILTED SCARF BLACK
CLABD/Stock/StorageBD/CLA-071-03-03-02;45;BLACK;A+C;577;40;[IBGB2400000073877] [DFSH370004-BLAC_C_37_37_12] Pack Nordic Fur Black (37) x 12 unid | [IBGB2400000073867] [DFSH370004-BLAC_C_36_36_12] Pack Nordic Fur Black (36) x 12 unid | [IBGB2400000073861] [DFSH370004-BLAC_C_36_36_12] Pack Nordic Fur Black (36) x 12 unid | [IBG2023001376828] [DFSH394001-BEIG_C_36_41_9] Pack SONAX SLIDE BEIGE | [IBG2023001376828] [DFSH394001-BEIG_C_36_41_9] Pack SONAX SLIDE BEIGE | [IBG2023001376828] [DFSH394001-BEIG_C_36_41_9] Pack SONAX SLIDE BEIGE | [IBG2023001376828] [DFSH394001-BEIG_C_36_41_9] Pack SONAX SLIDE BEIGE | [IBG2023001376828] [DFSH394001-BEIG_C_36_41_9] Pack SONAX SLIDE BEIGE | [IBG2023001376828] [DFSH394001-BEIG_C_36_41_9] Pack SONAX SLIDE BEIGE
CLABD/Stock/StorageBD/CLA-071-04-01-03;231;BLACK;B+C+A;725;80;[IBG2023001144908] [DFACSC2303-GREY_C_20] Pack NORDIC BOMB PLAID SCARF GREY x 20 unid | [IBGB2400000315093] [NVK33410-0020-36] BLACK (36) | [IBGB2400000315093] [NVK33410-0020-37] BLACK (37) | [IBGB2400000315093] [NVK33410-0269-37] CORAL (37) | [IBGB2400000315093] [NVK33410-0020-38] BLACK (38) | [IBGB2400000315093] [NVK33410-0020-41] BLACK (41) | [IBG2023001144885] [DFACSC2303-GREY_C_20] Pack NORDIC BOMB PLAID SCARF GREY x 20 unid | [IBGB2400000338268] [DFSH387006-WHIT_C_41_45_9] PACK Rebel Basic Flag White | [IBGB2400000338268] [DFSH387006-WHIT_C_41_45_9] PACK Rebel Basic Flag White | [IBGB2400000338268] [DFSH387006-WHIT_C_41_45_9] PACK Rebel Basic Flag White | [IBGB2400000338268] [DFSH387006-WHIT_C_41_45_9] PACK Rebel Basic Flag White | [IBGB2400000338268] [DFSH387006-WHIT_C_41_45_9] PACK Rebel Basic Flag White | [IBGB2400000338257] [DFSH387006-WHIT_C_41_45_9] PACK Rebel Basic Flag White | [IBGB2400000338257] [DFSH387006-WHIT_C_41_45_9] PACK Rebel Basic Flag White | [IBGB2400000338257] [DFSH387006-WHIT_C_41_45_9] PACK Rebel Basic Flag White | [IBGB2400000338257] [DFSH387006-WHIT_C_41_45_9] PACK Rebel Basic Flag White | [IBGB2400000338257] [DFSH387006-WHIT_C_41_45_9] PACK Rebel Basic Flag White | [IBG2023000928158] [DFSH370006-BLAC_C_36_36_9] Pack BOOTS NORDIC SHINY BLACK (36) x 9 unid | [IBG2023000915400] [DFSH370004-BLAC_C_38_38_9] Pack BOOTS NORDIC FUR BLACK (38) x 9 unid | [IBGB2400000401295] [DFKCOR0507-0269] CHAIN07 CORAL /TAUPE
CLABD/Stock/StorageBD/CLA-071-05-01-03;62;BLACK;A+C+B;725;100;[IBGB2400000642668] [DFSH371012-BEIG-36] NORDIC V.2 LOW BEIG (36) | [IBGB2400000642668] [DFSH371012-BEIG-41] NORDIC V.2 LOW BEIG (41) | [IBGB2400000642608] [DFSH371004-TAN-37] BOOTS NORDIC.V2 BASIC LOW TAN (37) | [IBGB2400000642576] [DFSH371004-BLAC-37] BOOTS NORDIC.V2 BASIC LOW BLACK (37) | [IBGB2400000642576] [DFSH371006-BLAC-40] BOOTS NORDIC.V2 BOOMB BLACK (40) | [IBGB2400000642576] [DFSH371004-TAN-37] BOOTS NORDIC.V2 BASIC LOW TAN (37) | [IBGB2400000642576] [DFSH370006-NUT-40] BOOTS NORDIC SHINY NUT (40) | [FKD 000007520467] [MVK22035-0001_C_37_37_10] Pack RECYCLED COTTON SMILE PATTERN | [IBGB2400000643729] [DFSH371006-BEIG-37] BOOTS NORDIC.V2 BOOMB BEIG (37) | [IBGB2400000643729] [DFSH371006-BLAC-37] BOOTS NORDIC.V2 BOOMB BLACK (37) | [IBGB2400000643729] [DFSH370003-TAN-37] BOOTS NORDIC BASIC TAN (37) | [IBGB2400000643726] [DFSH371006-BEIG-41] BOOTS NORDIC.V2 BOOMB BEIG (41) | [IBGB2400000643726] [DFSH375003-BLAC-38] NORDIC NOVA LEATHER BLACK (38) | [IBGB2400000643726] [DFSH381001-BLAC-41] NEVIS RAIN BLACK (41) | [IBGB2400000643726] [DFSH371008-CAME-39] BOOTS NORDIC.V2 TRK CAMEL (39) | [IBGB2400000642651] [DFSH371004-TAN-37] BOOTS NORDIC.V2 BASIC LOW TAN (37) | [IBGB2400000642651] [DFSH371008-BLAC-38] BOOTS NORDIC.V2 TRK BLACK (38) | [IBGB2400000642651] [DFSH370012-BLAC-37] NORDIC TRK FUR BLACK (37) | [IBGB2400000642651] [DFSH371010-BEIG-39] BEIG (39) | [IBGB2400000642630] [DFSH371004-TAN-37] BOOTS NORDIC.V2 BASIC LOW TAN (37) | [IBGB2400000642596] [DFSH371008-CAME-37] BOOTS NORDIC.V2 TRK CAMEL (37) | [IBGB2400000642596] [DFSH371008-CAME-36] BOOTS NORDIC.V2 TRK CAMEL (36) | [IBGB2400000642596] [DFSH371006-BEIG-41] BOOTS NORDIC.V2 BOOMB BEIG (41) | [IBGB2400000642596] [DFSH370011-BROW-36] NORDIC TRK FUR LOW BROWN  (36) | [IBGB2400000642596] [DFSH370004-BLAC-37] BOOTS NORDIC FUR BLACK (37) | [IBGB2400000316773] [NVK33410-0043-37] BEIGE (37) | [IBGB2400000316773] [NVK33410-0009-38] ORANGE (38) | [IBGB2400000316773] [NVK33410-0043-36] BEIGE (36) | [IBGB2400000316773] [NVK33410-0009-41] ORANGE (41) | [IBGB2400000316773] [NVK33410-0043-41] BEIGE (41) | [IBGB2400000316773] [NVK33410-0009-40] ORANGE (40) | [IBGB2400000316773] [NVK33410-0009-36] ORANGE (36)
CLABD/Stock/StorageBD/CLA-071-06-01-01;131;BLACK;C+B+A;31;80;[IBGB2400000839766] [DFSH397001-FBLA-38] VENICE SLIDE FULL BLACK (38) | [IBGB2400000839766] [DFSH397001-OFFW-40] VENICE SLIDE OFF WHITE (40) | [IBGB2400000839766] [DFSH397001-BLAC-43] VENICE SLIDE SUMMER CLUB BLACK (43) | [IBGB2400000839766] [DFSH397001-WHIT-44] VENICE SLIDE SUMMER CLUB WHITE (44) | [IBGB2400000839766] [DFSH397001-BLAC-42] VENICE SLIDE SUMMER CLUB BLACK (42) | [IBGB2400000839766] [DFSH397001-OFFW-41] VENICE SLIDE OFF WHITE (41) | [IBGB2400000839766] [DFSH397001-FBLA-37] VENICE SLIDE FULL BLACK (37) | [IBGB2400000839766] [DFSH397001-OFFW-38] VENICE SLIDE OFF WHITE (38) | [IBGB2400000839766] [DFSH397001-OFFW-44] VENICE SLIDE OFF WHITE (44) | [IBGB2400000839766] [DFSH397001-BLAC-44] VENICE SLIDE SUMMER CLUB BLACK (44) | [IBGB2400000839760] [DFSH397001-OFFW-38] VENICE SLIDE OFF WHITE (38) | [IBGB2400000839760] [DFSH397001-FBLA-38] VENICE SLIDE FULL BLACK (38) | [IBGB2400000839760] [DFSH397001-BLAC-43] VENICE SLIDE SUMMER CLUB BLACK (43) | [IBGB2400000839760] [DFSH397001-FBLA-37] VENICE SLIDE FULL BLACK (37) | [IBGB2400000839760] [DFSH397001-BLAC-42] VENICE SLIDE SUMMER CLUB BLACK (42) | [IBGB2400000839760] [DFSH397001-OFFW-37] VENICE SLIDE OFF WHITE (37) | [IBGB2400000839760] [DFSH397001-FBLA-39] VENICE SLIDE FULL BLACK (39) | [IBGB2400000839760] [DFSH397001-BLAC-44] VENICE SLIDE SUMMER CLUB BLACK (44) | [IBGB2400000839760] [DFSH397001-WHIT-43] VENICE SLIDE SUMMER CLUB WHITE (43) | [IBGB2400000839760] [DFSH397001-BLAC-41] VENICE SLIDE SUMMER CLUB BLACK (41) | [IBGB2400000839751] [DFSH397001-OFFW-40] VENICE SLIDE OFF WHITE (40) | [IBGB2400000839751] [DFSH397001-WHIT-44] VENICE SLIDE SUMMER CLUB WHITE (44) | [IBGB2400000839751] [DFSH397001-BLAC-43] VENICE SLIDE SUMMER CLUB BLACK (43) | [IBGB2400000839751] [DFSH397001-BLAC-42] VENICE SLIDE SUMMER CLUB BLACK (42) | [IBGB2400000839751] [DFSH397001-OFFW-42] VENICE SLIDE OFF WHITE (42) | [IBGB2400000839751] [DFSH397001-OFFW-43] VENICE SLIDE OFF WHITE (43) | [IBGB2400000839751] [DFSH397001-OFFW-41] VENICE SLIDE OFF WHITE (41) | [IBGB2400000839751] [DFSH397001-OFFW-44] VENICE SLIDE OFF WHITE (44) | [IBGB2400000839751] [DFSH393001-BLAC-38] DANA SLIDE SUMMER CLUB BLACK (38) | [IBGB2400000839751] [DFSH393001-BLAC-39] DANA SLIDE SUMMER CLUB BLACK (39) | [IBGB2400000839751] [DFSH393001-BLAC-36] DANA SLIDE SUMMER CLUB BLACK (36) | [IBGB2400000839742] [DFSH405003-SILV-39] NORDIC SANDAL BUCKLE SILVER  (39) | [IBGB2400000839742] [DFSH405003-SILV-38] NORDIC SANDAL BUCKLE SILVER  (38) | [IBGB2400000839742] [DFSH405001-FBEI-37] NORDIC SANDAL BUCKLE FULL BEIGE (37) | [IBGB2400000839742] [DFSH405002-ZEBR-36] NORDIC SANDAL BUCKLE ZEBRA  (36) | [IBGB2400000839742] [DFSH405003-GOLD-36] NORDIC SANDAL BUCKLE GOLD  (36) | [IBGB2400000839742] [DFSH405003-GOLD-39] NORDIC SANDAL BUCKLE GOLD  (39) | [IBGB2400000839742] [DFSH405003-GOLD-41] NORDIC SANDAL BUCKLE GOLD  (41) | [IBGB2400000839742] [DFSH405001-FBLA-38] NORDIC SANDAL BUCKLE FULL BLACK  (38) | [IBGB2400000839742] [DFSH405001-FBLA-37] NORDIC SANDAL BUCKLE FULL BLACK  (37) | [IBGB2400000839742] [DFSH405002-ZEBR-39] NORDIC SANDAL BUCKLE ZEBRA  (39) | [IBGB2400000839737] [DFSH405001-FBLA-38] NORDIC SANDAL BUCKLE FULL BLACK  (38) | [IBGB2400000839737] [DFSH405001-FBEI-38] NORDIC SANDAL BUCKLE FULL BEIGE (38) | [IBGB2400000839737] [DFSH405003-SILV-40] NORDIC SANDAL BUCKLE SILVER  (40) | [IBGB2400000839737] [DFSH405003-SILV-36] NORDIC SANDAL BUCKLE SILVER  (36) | [IBGB2400000839737] [DFSH405003-SILV-39] NORDIC SANDAL BUCKLE SILVER  (39) | [IBGB2400000839737] [DFSH405003-SILV-37] NORDIC SANDAL BUCKLE SILVER  (37) | [IBGB2400000839737] [DFSH405003-GOLD-41] NORDIC SANDAL BUCKLE GOLD  (41) | [IBGB2400000839737] [DFSH405003-SILV-38] NORDIC SANDAL BUCKLE SILVER  (38) | [IBGB2400000839737] [DFSH405003-GOLD-37] NORDIC SANDAL BUCKLE GOLD  (37) | [IBGB2400000839737] [DFSH405004-BURG-41] NORDIC SANDAL BUCKLE BURGUNDY  (41) | [IBGB2400000839737] [DFSH405001-FBLA-36] NORDIC SANDAL BUCKLE FULL BLACK  (36) | [IBGB2400000839733] [DFSH405003-SILV-38] NORDIC SANDAL BUCKLE SILVER  (38) | [IBGB2400000839733] [DFSH405003-SILV-36] NORDIC SANDAL BUCKLE SILVER  (36) | [IBGB2400000839733] [DFSH405004-BURG-37] NORDIC SANDAL BUCKLE BURGUNDY  (37) | [IBGB2400000839733] [DFSH405002-ZEBR-36] NORDIC SANDAL BUCKLE ZEBRA  (36) | [IBGB2400000839733] [DFSH405003-SILV-37] NORDIC SANDAL BUCKLE SILVER  (37) | [IBGB2400000839733] [DFSH405003-SILV-40] NORDIC SANDAL BUCKLE SILVER  (40) | [IBGB2400000839733] [DFSH405004-BURG-41] NORDIC SANDAL BUCKLE BURGUNDY  (41) | [IBGB2400000839733] [DFSH397001-BLAC-43] VENICE SLIDE SUMMER CLUB BLACK (43) | [IBGB2400000839733] [DFSH397001-BLAC-41] VENICE SLIDE SUMMER CLUB BLACK (41) | [IBGB2400000839733] [DFSH397001-BLAC-44] VENICE SLIDE SUMMER CLUB BLACK (44) | [IBGB2400000839733] [DFSH397001-BLAC-42] VENICE SLIDE SUMMER CLUB BLACK (42) | [IBGB2400000839721] [DFSH397001-BLAC-44] VENICE SLIDE SUMMER CLUB BLACK (44) | [IBGB2400000839721] [DFSH397001-BLAC-43] VENICE SLIDE SUMMER CLUB BLACK (43) | [IBGB2400000839721] [DFSH397001-BLAC-42] VENICE SLIDE SUMMER CLUB BLACK (42) | [IBGB2400000839721] [DFSH397001-BLAC-41] VENICE SLIDE SUMMER CLUB BLACK (41) | [IBGB2400000839721] [DFSH397001-FBLA-38] VENICE SLIDE FULL BLACK (38) | [IBGB2400000839721] [DFSH397001-OFFW-42] VENICE SLIDE OFF WHITE (42) | [IBGB2400000839704] [DFSH334001-BLUE-44] BLOOMER BIO BLUE (44) | [IBGB2400000839704] [DFSH334001-LIME-37] BLOOMER BIO LIME (37) | [IBGB2400000839704] [DFSH334001-LIME-40] BLOOMER BIO LIME (40) | [IBGB2400000839704] [DFSH334001-BLUE-45] BLOOMER BIO BLUE (45) | [IBGB2400000839704] [DFSH334001-LIME-36] BLOOMER BIO LIME (36) | [IBGB2400000839704] [DFSH334001-BLUE-43] BLOOMER BIO BLUE (43)
CLABD/Stock/StorageBD/CLA-071-06-01-02;62;BLACK;A+C+B;400;60;[IBGB2400000705396] [DFSH371004-TAN-36] BOOTS NORDIC.V2 BASIC LOW TAN (36) | [IBGB2400000705396] [DFSH371012-BEIG-41] NORDIC V.2 LOW BEIG (41) | [IBGB2400000705396] [DFSH371007-WHIT-36] BOOTS NORDIC.V2 BOOMB WHITE (36) | [IBGB2400000705396] [DFSH371004-TAN-41] BOOTS NORDIC.V2 BASIC LOW TAN (41) | [IBGB2400000705396] [DFSH371006-BEIG-37] BOOTS NORDIC.V2 BOOMB BEIG (37) | [IBGB2400000705396] [DFSH370005-CAME-41] BOOTS NORDIC FUR CAMEL (41) | [IBGB2400000705385] [DFSH370003-TAUP-40] BOOTS NORDIC BASIC TAUPE (40) | [IBGB2400000705385] [DFSH370005-BLAC-41] BOOTS NORDIC FUR BLACK (41) | [IBGB2400000705385] [DFSH370005-CAME-36] BOOTS NORDIC FUR CAMEL (36) | [IBGB2400000705385] [DFSH370005-CAME-37] BOOTS NORDIC FUR CAMEL (37) | [IBGB2400000705377] [DFSH391005-BLAC-36] ALL TRACK LOW BLACK (36) | [IBGB2400000705377] [DFSH370003-TAUP-40] BOOTS NORDIC BASIC TAUPE (40) | [IBGB2400000705377] [DFSH370005-CAME-36] BOOTS NORDIC FUR CAMEL (36) | [IBGB2400000705377] [DFSH370005-BLAC-37] BOOTS NORDIC FUR BLACK (37) | [IBGB2400000705377] [DFSH370005-CAME-37] BOOTS NORDIC FUR CAMEL (37) | [IBGB2400000705377] [DFSH370005-BLAC-38] BOOTS NORDIC FUR BLACK (38) | [IBGB2400000705347] [DFSH371012-BEIG-39] NORDIC V.2 LOW BEIG (39) | [IBGB2400000705347] [DFSH371012-BEIG-41] NORDIC V.2 LOW BEIG (41) | [IBGB2400000705347] [DFSH371012-BEIG-36] NORDIC V.2 LOW BEIG (36) | [IBGB2400000705347] [DFSH371012-BEIG-37] NORDIC V.2 LOW BEIG (37) | [IBGB2400000705347] [DFSH370006-BLAC-36] BOOTS NORDIC SHINY BLACK (36) | [IBGB2400000705347] [DFSH370005-BLAC-38] BOOTS NORDIC FUR BLACK (38) | [IBGB2400000705347] [DFSH370003-TAN-39] BOOTS NORDIC BASIC TAN (39) | [IBGB2400000314699] [NVK33410-0043-37] BEIGE (37) | [IBGB2400000314699] [NVK33410-0043-39] BEIGE (39) | [IBGB2400000314699] [NVK33410-0043-40] BEIGE (40) | [IBGB2400000314699] [NVK33410-0043-38] BEIGE (38) | [IBGB2400000772127] [HIK10109-0561-39] Gumme Patent Black (39) | [IBGB2400000772127] [HIK10109-0561-37] Gumme Patent Black (37) | [IBGB2400000772127] [HIK10109-0561-36] Gumme Patent Black (36) | [IBGB2400000772127] [HIK10109-0561-40] Gumme Patent Black (40) | [IBGB2400000772127] [HIK10109-0561-38] Gumme Patent Black (38)
CLABD/Stock/StorageBD/CLA-071-06-01-03;100;BLACK;C+A+B;435;90;[IBGB2400000772094] [DFSH334011-PINK-40] CLOGS BLOOMER PINK (40) | [IBGB2400000772094] [DFSH334011-PINK-36] CLOGS BLOOMER PINK (36) | [IBGB2400000772094] [DFSH334011-PINK-39] CLOGS BLOOMER PINK (39) | [IBGB2400000772094] [DFSH334011-PINK-37] CLOGS BLOOMER PINK (37) | [IBGB2400000772094] [DFSH334011-PINK-41] CLOGS BLOOMER PINK (41) | [IBGB2400000772094] [DFSH334011-PINK-38] CLOGS BLOOMER PINK (38) | [IBGB2400000772077] [HIK10104-0399-41] CROMO (copia) (41) | [IBGB2400000772077] [HIK10104-0399-40] CROMO (copia) (40) | [IBGB2400000772077] [HIK10104-0399-39] CROMO (copia) (39) | [IBGB2400000772077] [HIK10104-0399-37] CROMO (copia) (37) | [IBGB2400000772077] [HIK10109-0561-38] Gumme Patent Black (38) | [IBGB2400000772077] [HIK10109-0561-37] Gumme Patent Black (37) | [IBGB2400000772077] [HIK10104-0399-38] CROMO (copia) (38) | [IBGB2400000772069] [DFSH334011-BLAC-36] CLOGS BLOOMER BLACK (36) | [IBGB2400000772069] [DFSH334011-BLAC-40] CLOGS BLOOMER BLACK (40) | [IBGB2400000772069] [DFSH334011-BLAC-39] CLOGS BLOOMER BLACK (39) | [IBGB2400000772068] [DFSH334011-PINK-39] CLOGS BLOOMER PINK (39) | [IBGB2400000772068] [DFSH334011-PINK-38] CLOGS BLOOMER PINK (38) | [IBGB2400000772068] [DFSH334011-PINK-37] CLOGS BLOOMER PINK (37) | [IBGB2400000594367] [DFSH375001-BLAC-38] NORDIC NOVA LEATHER BLACK (38) | [IBGB2400000594367] [DFSH375001-BLAC-37] NORDIC NOVA LEATHER BLACK (37) | [IBGB2400000594367] [DFSH375001-BLAC-39] NORDIC NOVA LEATHER BLACK (39) | [IBGB2400000316771] [NVK33410-0043-41] BEIGE (41) | [IBGB2400000316771] [NVK33410-0043-38] BEIGE (38) | [IBGB2400000316771] [NVK33410-0043-36] BEIGE (36) | [IBGB2400000316771] [NVK33410-0043-37] BEIGE (37) | [IBGB2400000054662] [DFSH371012-BEIG_C_36_41_9] PackNORDIC V.2 LOW BEIG | [IBGB2400000054662] [DFSH371012-BEIG_C_36_41_9] PackNORDIC V.2 LOW BEIG | [IBGB2400000054662] [DFSH371012-BEIG_C_36_41_9] PackNORDIC V.2 LOW BEIG | [IBGB2400000054662] [DFSH371012-BEIG_C_36_41_9] PackNORDIC V.2 LOW BEIG | [IBGB2400000054662] [DFSH371012-BEIG_C_36_41_9] PackNORDIC V.2 LOW BEIG | [IBGB2400000054662] [DFSH371012-BEIG_C_36_41_9] PackNORDIC V.2 LOW BEIG | [IBGB2400000054658] [DFSH371012-BEIG_C_36_41_9] PackNORDIC V.2 LOW BEIG | [IBGB2400000054658] [DFSH371012-BEIG_C_36_41_9] PackNORDIC V.2 LOW BEIG | [IBGB2400000054658] [DFSH371012-BEIG_C_36_41_9] PackNORDIC V.2 LOW BEIG | [IBGB2400000054658] [DFSH371012-BEIG_C_36_41_9] PackNORDIC V.2 LOW BEIG | [IBGB2400000054658] [DFSH371012-BEIG_C_36_41_9] PackNORDIC V.2 LOW BEIG | [IBGB2400000054658] [DFSH371012-BEIG_C_36_41_9] PackNORDIC V.2 LOW BEIG | [IBGB2400000054653] [DFSH371012-BEIG_C_36_41_9] PackNORDIC V.2 LOW BEIG | [IBGB2400000054653] [DFSH371012-BEIG_C_36_41_9] PackNORDIC V.2 LOW BEIG | [IBGB2400000054653] [DFSH371012-BEIG_C_36_41_9] PackNORDIC V.2 LOW BEIG | [IBGB2400000054653] [DFSH371012-BEIG_C_36_41_9] PackNORDIC V.2 LOW BEIG | [IBGB2400000054653] [DFSH371012-BEIG_C_36_41_9] PackNORDIC V.2 LOW BEIG | [IBGB2400000054653] [DFSH371012-BEIG_C_36_41_9] PackNORDIC V.2 LOW BEIG
CLABD/Stock/StorageBD/CLA-071-06-02-01;183;BLACK;B+C+A;877;45;[IBG2023001069966] [DFSU906001-PINK_C_50] Pack Muni LA Silver / Pink x 50 unid | [IBG2023001069911] [DFSU906001-PINK_C_50] Pack Muni LA Silver / Pink x 50 unid | [IBG2023000643808] [DFSU906001-PINK] Muni LA Silver / Pink | [IBGG2400000003885] [DFSH394001-PURP_C_36_41_9] Pack SONAX SLIDE PURPLE | [IBGG2400000003885] [DFSH394001-PURP_C_36_41_9] Pack SONAX SLIDE PURPLE | [IBGG2400000003885] [DFSH394001-PURP_C_36_41_9] Pack SONAX SLIDE PURPLE | [IBGG2400000003885] [DFSH394001-PURP_C_36_41_9] Pack SONAX SLIDE PURPLE | [IBGG2400000003885] [DFSH394001-PURP_C_36_41_9] Pack SONAX SLIDE PURPLE | [IBGG2400000003885] [DFSH394001-PURP_C_36_41_9] Pack SONAX SLIDE PURPLE | [IBGB2400000067807] [DFSH370004-BLAC_C_38_38_12] Pack Nordic Fur Black (38) x 12 unid | [IBGB2400000067805] [DFSH370004-BLAC_C_38_38_12] Pack Nordic Fur Black (38) x 12 unid
CLABD/Stock/StorageBD/CLA-071-07-01-02;206;BLACK;B+C+A;1178;70;[IBGB2400000314327] [NVK33410-0020-40] BLACK (40) | [IBGB2400000314327] [NVK33410-0020-36] BLACK (36) | [IBGB2400000314327] [NVK33410-0020-39] BLACK (39) | [IBGB2400000314327] [NVK33410-0020-37] BLACK (37) | [IBGB2400000314327] [NVK33410-0020-41] BLACK (41) | [FAT 000426200107] [DFKSUN1025-0216_C_UNI_UNI_100] Pack ORION II CAREY / BI-BURGUNDY | [IBGB2400000295556] [DFSU901001-RED] Alpha Matt Black / Red | [IBGB2400000737675] [LI330289-0061-42] Mercredy Slipper Gran Cord Brown (42) | [IBGB2400000737675] [LI330288-0020-41] PET PANA CARBÓN (41) | [IBGB2400000705501] [DFSH371006-BEIG-38] BOOTS NORDIC.V2 BOOMB BEIG (38) | [IBGB2400000705501] [DFSH370003-TAN-39] BOOTS NORDIC BASIC TAN (39) | [IBGB2400000705501] [DFSH371004-BLAC-41] BOOTS NORDIC.V2 BASIC LOW BLACK (41) | [IBGB2400000705501] [DFSH371004-BLAC-37] BOOTS NORDIC.V2 BASIC LOW BLACK (37) | [IBGB2400000705501] [DFSH371004-BLAC-38] BOOTS NORDIC.V2 BASIC LOW BLACK (38) | [IBGB2400000331641] [DFSH404001-SILV_C_36_41_12] PACK FOREST HIGH STRIPS SILVER | [IBGB2400000331641] [DFSH404001-SILV_C_36_41_12] PACK FOREST HIGH STRIPS SILVER | [IBGB2400000331641] [DFSH404001-SILV_C_36_41_12] PACK FOREST HIGH STRIPS SILVER | [IBGB2400000331641] [DFSH404001-SILV_C_36_41_12] PACK FOREST HIGH STRIPS SILVER | [IBGB2400000331641] [DFSH404001-SILV_C_36_41_12] PACK FOREST HIGH STRIPS SILVER | [IBGB2400000331641] [DFSH404001-SILV_C_36_41_12] PACK FOREST HIGH STRIPS SILVER | [IBGB2400000395187] [DFTXSWE013-BLUE-L] Eternity Crop Sweatshirt Blue (L) | [IBGB2400000395187] [DFTXSWE013-BLUE-M] Eternity Crop Sweatshirt Blue (M) | [IBGB2400000309081] [DFSH361003-NAVY-42] FOREST NEO BASIC NAVY (42) | [IBGB2400000309081] [DFSH361003-NAVY-43] FOREST NEO BASIC NAVY (43) | [IBGB2400000309081] [DFSH361003-NAVY-44] FOREST NEO BASIC NAVY (44)
CLABD/Stock/StorageBD/CLA-071-07-01-03;106;BLACK;C+B+A;1160;70;[IBGB2400000316152] [LI330261-0334-39] Mercredy Slipper Capuccino (39) | [IBGB2400000316152] [LI330261-0334-41] Mercredy Slipper Capuccino (41) | [IBGB2400000316152] [LI330261-0334-37] Mercredy Slipper Capuccino (37) | [IBGB2400000316152] [LI330261-0334-38] Mercredy Slipper Capuccino (38) | [IBGB2400000316114] [DFSH361007-BLAC-38] FOREST NEO BLACK / BEIGE (38) | [IBGB2400000316114] [DFSH361007-BLAC-39] FOREST NEO BLACK / BEIGE (39) | [IBGB2400000316114] [DFSH361007-BLAC-41] FOREST NEO BLACK / BEIGE (41) | [IBGB2400000316114] [DFSH361007-BLAC-37] FOREST NEO BLACK / BEIGE (37) | [IBGB2400000316114] [DFSH361007-BLAC-36] FOREST NEO BLACK / BEIGE (36) | [IBG2023000914557] [DFSH370004-BLAC_C_37_37_9] Pack BOOTS NORDIC FUR BLACK (37) x 9 unid | [IBGB2400000075120] [DFSH370006-BLAC_C_36_36_12] Pack Nordic Shiny Black (36) x 12 unid | [IBGB2400000705511] [DFSH371004-BLAC-37] BOOTS NORDIC.V2 BASIC LOW BLACK (37) | [IBGB2400000705511] [DFSH371004-BLAC-36] BOOTS NORDIC.V2 BASIC LOW BLACK (36) | [IBGB2400000705511] [DFSH370003-BLAC-38] BOOTS NORDIC BASIC BLACK (38) | [IBGB2400000694172] [DFSH391001-BLAC-39] ALL TRACK BASIC BLACK (39) | [FAT 000430280021] [DFKBEN0002-0006_C_UNI_UNI_50] Pack RUBBER YELLOW/BLACK BEANIE
CLABD/Stock/StorageBD/CLA-071-07-02-02;85;BLACK;C+A;571;80;[IBGG2400000003727] [DFSH394001-BLAC_C_36_41_9] Pack SONAX SLIDE BLACK | [IBGG2400000003727] [DFSH394001-BLAC_C_36_41_9] Pack SONAX SLIDE BLACK | [IBGG2400000003727] [DFSH394001-BLAC_C_36_41_9] Pack SONAX SLIDE BLACK | [IBGG2400000003727] [DFSH394001-BLAC_C_36_41_9] Pack SONAX SLIDE BLACK | [IBGG2400000003727] [DFSH394001-BLAC_C_36_41_9] Pack SONAX SLIDE BLACK | [IBGG2400000003727] [DFSH394001-BLAC_C_36_41_9] Pack SONAX SLIDE BLACK | [IBGG2400000003726] [DFSH394001-BLAC_C_36_41_9] Pack SONAX SLIDE BLACK | [IBGG2400000003726] [DFSH394001-BLAC_C_36_41_9] Pack SONAX SLIDE BLACK | [IBGG2400000003726] [DFSH394001-BLAC_C_36_41_9] Pack SONAX SLIDE BLACK | [IBGG2400000003726] [DFSH394001-BLAC_C_36_41_9] Pack SONAX SLIDE BLACK | [IBGG2400000003726] [DFSH394001-BLAC_C_36_41_9] Pack SONAX SLIDE BLACK | [IBGG2400000003726] [DFSH394001-BLAC_C_36_41_9] Pack SONAX SLIDE BLACK | [IBGG2400000003720] [DFSH394001-BLAC_C_36_41_9] Pack SONAX SLIDE BLACK | [IBGG2400000003720] [DFSH394001-BLAC_C_36_41_9] Pack SONAX SLIDE BLACK | [IBGG2400000003720] [DFSH394001-BLAC_C_36_41_9] Pack SONAX SLIDE BLACK | [IBGG2400000003720] [DFSH394001-BLAC_C_36_41_9] Pack SONAX SLIDE BLACK | [IBGG2400000003720] [DFSH394001-BLAC_C_36_41_9] Pack SONAX SLIDE BLACK | [IBGG2400000003720] [DFSH394001-BLAC_C_36_41_9] Pack SONAX SLIDE BLACK | [IBGG2400000003719] [DFSH394001-BLAC-36] SONAX SLIDE BLACK (36) | [IBGG2400000003719] [DFSH394001-BLAC-37] SONAX SLIDE BLACK (37) | [IBGG2400000003719] [DFSH394001-BLAC-38] SONAX SLIDE BLACK (38) | [IBGG2400000003719] [DFSH394001-BLAC-39] SONAX SLIDE BLACK (39) | [IBGG2400000003719] [DFSH394001-BLAC-40] SONAX SLIDE BLACK (40) | [IBGG2400000003719] [DFSH394001-BLAC-41] SONAX SLIDE BLACK (41) | [IBGG2400000003718] [DFSH394001-BLAC_C_36_41_9] Pack SONAX SLIDE BLACK | [IBGG2400000003718] [DFSH394001-BLAC_C_36_41_9] Pack SONAX SLIDE BLACK | [IBGG2400000003718] [DFSH394001-BLAC_C_36_41_9] Pack SONAX SLIDE BLACK | [IBGG2400000003718] [DFSH394001-BLAC_C_36_41_9] Pack SONAX SLIDE BLACK | [IBGG2400000003718] [DFSH394001-BLAC_C_36_41_9] Pack SONAX SLIDE BLACK | [IBGG2400000003718] [DFSH394001-BLAC_C_36_41_9] Pack SONAX SLIDE BLACK | [IBGB2400000683393] [DFSH381001-BLAC-37] NEVIS RAIN BLACK (37) | [IBGB2400000683393] [DFSH381001-BLAC-38] NEVIS RAIN BLACK (38) | [IBGB2400000683393] [DFSH381001-BLAC-39] NEVIS RAIN BLACK (39) | [IBGB2400000683393] [DFSH391007-BLAC-37] ALL TRACK BOMB BLACK (37) | [IBGB2400000683393] [DFSH391007-BLAC-36] ALL TRACK BOMB BLACK (36) | [IBGB2400000683393] [DFSH391007-BLAC-39] ALL TRACK BOMB BLACK (39) | [IBGB2400000312057] [KV330025-0067-37] Yellow Ecological Sneakers Mercredy (37) | [IBGB2400000312057] [KV330025-0067-39] Yellow Ecological Sneakers Mercredy (39) | [IBGB2400000312057] [KV330025-0067-41] Yellow Ecological Sneakers Mercredy (41) | [IBGB2400000312057] [KV330025-0067-40] Yellow Ecological Sneakers Mercredy (40) | [IBGB2400000312057] [KV330025-0067-36] Yellow Ecological Sneakers Mercredy (36) | [IBGB2400000311953] [KV330025-0011-36] Pink Ecological Sneakers Mercredy (36) | [IBGB2400000311953] [KV330025-0011-37] Pink Ecological Sneakers Mercredy (37) | [IBGB2400000311953] [KV330025-0011-38] Pink Ecological Sneakers Mercredy (38) | [IBGB2400000311953] [KV330025-0011-39] Pink Ecological Sneakers Mercredy (39) | [IBGB2400000311953] [KV330025-0011-40] Pink Ecological Sneakers Mercredy (40) | [IBGB2400000311953] [KV330025-0011-41] Pink Ecological Sneakers Mercredy (41)
CLABD/Stock/StorageBD/CLA-071-08-01-01;83;BLACK;A+C+B;725;80;[FKD 000007520486] [MVK22035-0001_C_38_38_10] Pack One Way UV Smiley Pattern | [FKD 000007510508] [MVK22035-0001-37] One Way UV Smiley Pattern (37) | [IBGB2400000737805] [DFSH321090-BLAC-38] COURT BLACK / MULTI (38) | [IBGB2400000737805] [DFSH321090-BLAC-37] COURT BLACK / MULTI (37) | [IBGB2400000737805] [DFSH321090-BLAC-39] COURT BLACK / MULTI (39) | [IBGB2400000706124] [DFSH370011-BROW-39] NORDIC TRK FUR LOW BROWN  (39) | [IBGB2400000706124] [DFSH370010-ORAN-37] NORDIC LOW BASIC ORANGE OCHRE (37) | [IBGB2400000706124] [DFSH371004-TAN-40] BOOTS NORDIC.V2 BASIC LOW TAN (40) | [IBGB2400000706124] [DFSH371004-TAN-37] BOOTS NORDIC.V2 BASIC LOW TAN (37) | [IBGB2400000706118] [DFSH370004-BLAC-40] BOOTS NORDIC FUR BLACK (40) | [IBGB2400000706118] [DFSH371010-BLAC-37] BLACK (37) | [IBGB2400000706118] [DFSH369003-BLAC-37] COURT BOMB MED BLACK (37) | [IBGB2400000706064] [DFSH370004-BLAC-40] BOOTS NORDIC FUR BLACK (40) | [IBGB2400000561562] [DFACTOW002-BLAC] Summer Club Jacquard Velour Beach Towel Black | [IBGB2400000313928] [NVK33410-0009-40] ORANGE (40) | [IBGB2400000313928] [NVK33410-0009-38] ORANGE (38) | [IBGB2400000313928] [NVK33410-0009-37] ORANGE (37) | [IBGB2400000313928] [NVK33410-0009-39] ORANGE (39) | [IBGB2400000313928] [NVK33410-0009-36] ORANGE (36)
CLABD/Stock/StorageBD/CLA-071-08-01-02;26;BLACK;A+C;435;20;[IBGB2400000544750] [DFSH370011-BLAC_C_39_39_12] Pack NORDIC TRK FUR LOW BLACK  (39) x 12 unid | [IBGB2400000595728] [DFSH375001-BLAC-38] NORDIC NOVA LEATHER BLACK (38) | [IBGB2400000595728] [DFSH371011-BLAC-41] NORDIC V.2 LOW BOMB BLACK (41) | [IBGB2400000595728] [DFSH375001-BLAC-37] NORDIC NOVA LEATHER BLACK (37) | [IBGB2400000595728] [DFSH375001-BLAC-36] NORDIC NOVA LEATHER BLACK (36) | [IBGB2400000595728] [DFSH381001-BLAC-40] NEVIS RAIN BLACK (40)
CLABD/Stock/StorageBD/CLA-071-08-01-03;82;BLACK;B+A+C+D;31;60;[IBGB2400000840019] [DFSH404002-ABUR-39] FOREST HIGH STRIPS ANIMAL BURGUNDY (39) | [IBGB2400000840019] [DFSH334001-BEIG-44] BLOOMER BIO BEIGE (44) | [IBGB2400000840019] [DFSH334001-BEIG-45] BLOOMER BIO BEIGE (45) | [IBGB2400000840019] [DFSH334010-PINK-40] BLOOMER SB PINK (40) | [IBGB2400000840019] [DFSH334001-PINK-38] BLOOMER BIO PINK (38) | [IBGB2400000840019] [DFSH404001-SILV-36] FOREST HIGH STRIPS SILVER (36) | [IBGB2400000840019] [DFSH404001-SILV-39] FOREST HIGH STRIPS SILVER (39) | [IBGB2400000840019] [DFSH404004-ORAN-38] FOREST HIGH STRIPS ORANGE (38) | [IBGB2400000840019] [DFSH334001-KHAK-40] BLOOMER BIO KHAKI (40) | [IBGB2400000840019] [DFSH334001-KHAK-37] BLOOMER BIO KHAKI (37) | [IBGB2400000840018] [DFSH334001-BLUE-44] BLOOMER BIO BLUE (44) | [IBGB2400000840018] [DFSH404001-SILV-38] FOREST HIGH STRIPS SILVER (38) | [IBGB2400000840018] [DFSH404001-SILV-37] FOREST HIGH STRIPS SILVER (37) | [IBGB2400000840018] [DFSH404001-SILV-40] FOREST HIGH STRIPS SILVER (40) | [IBGB2400000840018] [DFSH404004-ORAN-40] FOREST HIGH STRIPS ORANGE (40) | [IBGB2400000840018] [DFSH334001-BEIG-39] BLOOMER BIO BEIGE (39) | [IBGB2400000840018] [DFSH404001-SILV-41] FOREST HIGH STRIPS SILVER (41) | [IBGB2400000840018] [DFSH334009-ORAN-39] BLOOMER NIP ORANGE (39) | [IBGB2400000840018] [DFSH404004-MULT-41] FOREST HIGH STRIPS MULTI  (41) | [IBGB2400000840018] [DFSH334001-BEIG-44] BLOOMER BIO BEIGE (44) | [IBGB2400000840011] [DFSH406003-GREE-39] SNEAKERS SANDAL STRIPS GREEN  (39) | [IBGB2400000840011] [DFSH406003-BURG-41] SNEAKERS SANDAL STRIPS BURGUNDY (41) | [IBGB2400000840011] [LVK22702-0052-41] Flip Flop Khaki (41) | [IBGB2400000840011] [BJSH384001-OFFW-37] ESPARDILLES OFF WHITE (37) | [IBGB2400000840011] [DFSH394001-BLAC-39] SONAX SLIDE BLACK (39) | [IBGB2400000840011] [DFSH406002-DOTT-40] SNEAKERS SANDAL STRIPS  DOTTY (40) | [IBGB2400000840011] [DFSH334011-PINK-40] CLOGS BLOOMER PINK (40) | [IBGB2400000840011] [DFSH334011-BLAC-38] CLOGS BLOOMER BLACK (38) | [IBGB2400000840011] [DFSH334011-PINK-39] CLOGS BLOOMER PINK (39) | [IBGB2400000840011] [DFSH334011-BEIG-40] CLOGS BLOOMER BEIG (40) | [IBGB2400000840011] [DFSH394002-BLAC-36] SONAX CLOG BLACK (36) | [IBGB2400000840011] [DFSH334011-ORAN-39] CLOGS BLOOMER ORANGE (39) | [IBGB2400000840011] [DFSH334011-PINK-38] CLOGS BLOOMER PINK (38) | [IBGB2400000840011] [NVK36101-0202-45] NAVY (45) | [IBGB2400000840004] [DFSH334001-BEIG-41] BLOOMER BIO BEIGE (41) | [IBGB2400000840004] [DFSH394002-BLAC-37] SONAX CLOG BLACK (37) | [IBGB2400000840004] [DFSH394001-BLAC-37] SONAX SLIDE BLACK (37) | [IBGB2400000840004] [KV330025-0012-36] Fuchsia Ecological Sneakers Mercredy (36) | [IBGB2400000840004] [DFSH392001-SILV-37] FLOP SUMMER CLUB SILVER (37) | [IBGB2400000840004] [DFSH392001-SILV-38] FLOP SUMMER CLUB SILVER (38) | [IBGB2400000840004] [DFSH392001-SILV-39] FLOP SUMMER CLUB SILVER (39) | [IBGB2400000840004] [DFSH392001-SILV-40] FLOP SUMMER CLUB SILVER (40) | [IBGB2400000840004] [DFSH334011-ORAN-36] CLOGS BLOOMER ORANGE (36) | [IBGB2400000840004] [DFSH334011-PINK-37] CLOGS BLOOMER PINK (37) | [IBGB2400000840004] [DFSH394001-BLAC-36] SONAX SLIDE BLACK (36) | [IBGB2400000840004] [DFSH334011-ORAN-39] CLOGS BLOOMER ORANGE (39) | [IBGB2400000840004] [DFSH334011-BLAC-39] CLOGS BLOOMER BLACK (39) | [IBGB2400000840004] [DFSH334011-BLAC-40] CLOGS BLOOMER BLACK (40) | [IBGB2400000839979] [DFSH397001-OFFW-42] VENICE SLIDE OFF WHITE (42) | [IBGB2400000839979] [DFSH397001-FBLA-37] VENICE SLIDE FULL BLACK (37) | [IBGB2400000839979] [DFSH397001-OFFW-41] VENICE SLIDE OFF WHITE (41) | [IBGB2400000839979] [DFSH397001-OFFW-40] VENICE SLIDE OFF WHITE (40) | [IBGB2400000839979] [DFSH397001-BLAC-41] VENICE SLIDE SUMMER CLUB BLACK (41) | [IBGB2400000839979] [DFSH397001-BLAC-43] VENICE SLIDE SUMMER CLUB BLACK (43) | [IBGB2400000839979] [DFSH397001-BLAC-42] VENICE SLIDE SUMMER CLUB BLACK (42) | [IBGB2400000839979] [DFSH397001-BLAC-44] VENICE SLIDE SUMMER CLUB BLACK (44) | [IBGB2400000839630] [DFSH387005-CREA-37] REBEL CREAM (37) | [IBGB2400000839630] [DFSH387005-CREA-38] REBEL CREAM (38) | [IBGB2400000839630] [DFSH387005-CREA-36] REBEL CREAM (36) | [IBGB2400000839630] [DFSH387005-CREA-39] REBEL CREAM (39) | [IBGB2400000839630] [DFSH387005-CREA-40] REBEL CREAM (40) | [IBGB2400000839630] [DFSH387005-CREA-41] REBEL CREAM (41)
CLABD/Stock/StorageBD/CLA-071-08-03-01;84;BLACK;C+A;619;70;[IBG2023001510314] [DFSH397001-OFFW_C_36_41_12] Pack VENICE SLIDE OFF WHITE | [IBG2023001510314] [DFSH397001-OFFW_C_36_41_12] Pack VENICE SLIDE OFF WHITE | [IBG2023001510314] [DFSH397001-OFFW_C_36_41_12] Pack VENICE SLIDE OFF WHITE | [IBG2023001510314] [DFSH397001-OFFW_C_36_41_12] Pack VENICE SLIDE OFF WHITE | [IBG2023001510314] [DFSH397001-OFFW_C_36_41_12] Pack VENICE SLIDE OFF WHITE | [IBG2023001510314] [DFSH397001-OFFW_C_36_41_12] Pack VENICE SLIDE OFF WHITE | [IBG2023001510307] [DFSH397001-OFFW_C_36_41_12] Pack VENICE SLIDE OFF WHITE | [IBG2023001510307] [DFSH397001-OFFW_C_36_41_12] Pack VENICE SLIDE OFF WHITE | [IBG2023001510307] [DFSH397001-OFFW_C_36_41_12] Pack VENICE SLIDE OFF WHITE | [IBG2023001510307] [DFSH397001-OFFW_C_36_41_12] Pack VENICE SLIDE OFF WHITE | [IBG2023001510307] [DFSH397001-OFFW_C_36_41_12] Pack VENICE SLIDE OFF WHITE | [IBG2023001510307] [DFSH397001-OFFW_C_36_41_12] Pack VENICE SLIDE OFF WHITE | [IBG2023001510284] [DFSH397001-OFFW_C_36_41_12] Pack VENICE SLIDE OFF WHITE | [IBG2023001510284] [DFSH397001-OFFW_C_36_41_12] Pack VENICE SLIDE OFF WHITE | [IBG2023001510284] [DFSH397001-OFFW_C_36_41_12] Pack VENICE SLIDE OFF WHITE | [IBG2023001510284] [DFSH397001-OFFW_C_36_41_12] Pack VENICE SLIDE OFF WHITE | [IBG2023001510284] [DFSH397001-OFFW_C_36_41_12] Pack VENICE SLIDE OFF WHITE | [IBG2023001510284] [DFSH397001-OFFW_C_36_41_12] Pack VENICE SLIDE OFF WHITE | [IBG2023001510253] [DFSH397001-OFFW_C_36_41_12] Pack VENICE SLIDE OFF WHITE | [IBG2023001510253] [DFSH397001-OFFW_C_36_41_12] Pack VENICE SLIDE OFF WHITE | [IBG2023001510253] [DFSH397001-OFFW_C_36_41_12] Pack VENICE SLIDE OFF WHITE | [IBG2023001510253] [DFSH397001-OFFW_C_36_41_12] Pack VENICE SLIDE OFF WHITE | [IBG2023001510253] [DFSH397001-OFFW_C_36_41_12] Pack VENICE SLIDE OFF WHITE | [IBG2023001510253] [DFSH397001-OFFW_C_36_41_12] Pack VENICE SLIDE OFF WHITE | [IBG2023001510222] [DFSH397001-OFFW_C_36_41_12] Pack VENICE SLIDE OFF WHITE | [IBG2023001510222] [DFSH397001-OFFW_C_36_41_12] Pack VENICE SLIDE OFF WHITE | [IBG2023001510222] [DFSH397001-OFFW_C_36_41_12] Pack VENICE SLIDE OFF WHITE | [IBG2023001510222] [DFSH397001-OFFW_C_36_41_12] Pack VENICE SLIDE OFF WHITE | [IBG2023001510222] [DFSH397001-OFFW_C_36_41_12] Pack VENICE SLIDE OFF WHITE | [IBG2023001510222] [DFSH397001-OFFW_C_36_41_12] Pack VENICE SLIDE OFF WHITE | [IBG2023001510208] [DFSH397001-OFFW_C_36_41_12] Pack VENICE SLIDE OFF WHITE | [IBG2023001510208] [DFSH397001-OFFW_C_36_41_12] Pack VENICE SLIDE OFF WHITE | [IBG2023001510208] [DFSH397001-OFFW_C_36_41_12] Pack VENICE SLIDE OFF WHITE | [IBG2023001510208] [DFSH397001-OFFW_C_36_41_12] Pack VENICE SLIDE OFF WHITE | [IBG2023001510208] [DFSH397001-OFFW_C_36_41_12] Pack VENICE SLIDE OFF WHITE | [IBG2023001510208] [DFSH397001-OFFW_C_36_41_12] Pack VENICE SLIDE OFF WHITE | [IBG2023001510055] [DFSH397001-OFFW_C_36_41_12] Pack VENICE SLIDE OFF WHITE | [IBG2023001510055] [DFSH397001-OFFW_C_36_41_12] Pack VENICE SLIDE OFF WHITE | [IBG2023001510055] [DFSH397001-OFFW_C_36_41_12] Pack VENICE SLIDE OFF WHITE | [IBG2023001510055] [DFSH397001-OFFW_C_36_41_12] Pack VENICE SLIDE OFF WHITE | [IBG2023001510055] [DFSH397001-OFFW_C_36_41_12] Pack VENICE SLIDE OFF WHITE | [IBG2023001510055] [DFSH397001-OFFW_C_36_41_12] Pack VENICE SLIDE OFF WHITE
CLABD/Stock/StorageBD/CLA-071-09-01-01;96;BLACK;A+D;521;80;[IBGB2400000059671] [DFSH369003-BLAC_C_39_39_12] Pack COURT BOMB MED BLACK (39) x 12 unid | [IBGB2400000059670] [DFSH369003-BLAC_C_39_39_12] Pack COURT BOMB MED BLACK (39) x 12 unid | [IBGB2400000059645] [DFSH369003-BLAC_C_39_39_12] Pack COURT BOMB MED BLACK (39) x 12 unid | [IBGB2400000059621] [DFSH369003-BLAC_C_38_38_12] Pack COURT BOMB MED BLACK (38) x 12 unid | [IBGB2400000059615] [DFSH369003-BLAC_C_38_38_12] Pack COURT BOMB MED BLACK (38) x 12 unid | [IBGB2400000059596] [DFSH369003-BLAC_C_37_37_12] Pack COURT BOMB MED BLACK (37) x 12 unid | [IBGB2400000556927] [DFSH371015-BEIG_C_36_41_12] PACK NORIDC V2 LOW LACE BEIGE | [IBGB2400000556927] [DFSH371015-BEIG_C_36_41_12] PACK NORIDC V2 LOW LACE BEIGE | [IBGB2400000556927] [DFSH371015-BEIG_C_36_41_12] PACK NORIDC V2 LOW LACE BEIGE | [IBGB2400000556927] [DFSH371015-BEIG_C_36_41_12] PACK NORIDC V2 LOW LACE BEIGE | [IBGB2400000556927] [DFSH371015-BEIG_C_36_41_12] PACK NORIDC V2 LOW LACE BEIGE | [IBGB2400000556927] [DFSH371015-BEIG_C_36_41_12] PACK NORIDC V2 LOW LACE BEIGE | [IBGB2400000075125] [DFSH370006-BLAC_C_36_36_12] Pack Nordic Shiny Black (36) x 12 unid
CLABD/Stock/StorageBD/CLA-071-09-01-02;120;BLACK;A+C;521;100;[FKD 000015860262] [LI330264-0064_C_39_39_12] Pack MICROFIBRA RPET COW | [FKD 000015860257] [LI330264-0064_C_39_39_12] Pack MICROFIBRA RPET COW | [FKD 000015860254] [LI330264-0064_C_38_39_12] Pack MICROFIBRA RPET COW | [FKD 000015860254] [LI330264-0064_C_38_39_12] Pack MICROFIBRA RPET COW | [FKD 000015860250] [LI330264-0064_C_38_38_12] Pack MICROFIBRA RPET COW | [FKD 000015860249] [LI330264-0064_C_38_38_12] Pack MICROFIBRA RPET COW | [FKD 000015860247] [LI330264-0064_C_38_38_12] Pack MICROFIBRA RPET COW | [FKD 000015860245] [LI330264-0064_C_37_37_12] Pack MICROFIBRA RPET COW | [FKD 000015860244] [LI330264-0064_C_37_37_12] Pack MICROFIBRA RPET COW | [FKD 000015860242] [LI330264-0064_C_36_37_12] Pack MICROFIBRA RPET COW | [FKD 000015860242] [LI330264-0064_C_36_37_12] Pack MICROFIBRA RPET COW | [IBGB2400000059646] [DFSH369003-BLAC_C_39_39_12] Pack COURT BOMB MED BLACK (39) x 12 unid
CLABD/Stock/StorageBD/CLA-071-09-02-01;81;BLACK;C+A;571;90;[IBGG2400000003862] [DFSH394001-PURP_C_36_41_9] Pack SONAX SLIDE PURPLE | [IBGG2400000003862] [DFSH394001-PURP_C_36_41_9] Pack SONAX SLIDE PURPLE | [IBGG2400000003862] [DFSH394001-PURP_C_36_41_9] Pack SONAX SLIDE PURPLE | [IBGG2400000003862] [DFSH394001-PURP_C_36_41_9] Pack SONAX SLIDE PURPLE | [IBGG2400000003862] [DFSH394001-PURP_C_36_41_9] Pack SONAX SLIDE PURPLE | [IBGG2400000003862] [DFSH394001-PURP_C_36_41_9] Pack SONAX SLIDE PURPLE | [IBGG2400000003861] [DFSH394001-PURP_C_36_41_9] Pack SONAX SLIDE PURPLE | [IBGG2400000003861] [DFSH394001-PURP_C_36_41_9] Pack SONAX SLIDE PURPLE | [IBGG2400000003861] [DFSH394001-PURP_C_36_41_9] Pack SONAX SLIDE PURPLE | [IBGG2400000003861] [DFSH394001-PURP_C_36_41_9] Pack SONAX SLIDE PURPLE | [IBGG2400000003861] [DFSH394001-PURP_C_36_41_9] Pack SONAX SLIDE PURPLE | [IBGG2400000003861] [DFSH394001-PURP_C_36_41_9] Pack SONAX SLIDE PURPLE | [IBGG2400000003856] [DFSH394001-PURP_C_36_41_9] Pack SONAX SLIDE PURPLE | [IBGG2400000003856] [DFSH394001-PURP_C_36_41_9] Pack SONAX SLIDE PURPLE | [IBGG2400000003856] [DFSH394001-PURP_C_36_41_9] Pack SONAX SLIDE PURPLE | [IBGG2400000003856] [DFSH394001-PURP_C_36_41_9] Pack SONAX SLIDE PURPLE | [IBGG2400000003856] [DFSH394001-PURP_C_36_41_9] Pack SONAX SLIDE PURPLE | [IBGG2400000003856] [DFSH394001-PURP_C_36_41_9] Pack SONAX SLIDE PURPLE | [IBGG2400000003855] [DFSH394001-PURP_C_36_41_9] Pack SONAX SLIDE PURPLE | [IBGG2400000003855] [DFSH394001-PURP_C_36_41_9] Pack SONAX SLIDE PURPLE | [IBGG2400000003855] [DFSH394001-PURP_C_36_41_9] Pack SONAX SLIDE PURPLE | [IBGG2400000003855] [DFSH394001-PURP_C_36_41_9] Pack SONAX SLIDE PURPLE | [IBGG2400000003855] [DFSH394001-PURP_C_36_41_9] Pack SONAX SLIDE PURPLE | [IBGG2400000003855] [DFSH394001-PURP_C_36_41_9] Pack SONAX SLIDE PURPLE | [IBGG2400000003854] [DFSH394001-PURP_C_36_41_9] Pack SONAX SLIDE PURPLE | [IBGG2400000003854] [DFSH394001-PURP_C_36_41_9] Pack SONAX SLIDE PURPLE | [IBGG2400000003854] [DFSH394001-PURP_C_36_41_9] Pack SONAX SLIDE PURPLE | [IBGG2400000003854] [DFSH394001-PURP_C_36_41_9] Pack SONAX SLIDE PURPLE | [IBGG2400000003854] [DFSH394001-PURP_C_36_41_9] Pack SONAX SLIDE PURPLE | [IBGG2400000003854] [DFSH394001-PURP_C_36_41_9] Pack SONAX SLIDE PURPLE | [IBGG2400000003853] [DFSH394001-PURP_C_36_41_9] Pack SONAX SLIDE PURPLE | [IBGG2400000003853] [DFSH394001-PURP_C_36_41_9] Pack SONAX SLIDE PURPLE | [IBGG2400000003853] [DFSH394001-PURP_C_36_41_9] Pack SONAX SLIDE PURPLE | [IBGG2400000003853] [DFSH394001-PURP_C_36_41_9] Pack SONAX SLIDE PURPLE | [IBGG2400000003853] [DFSH394001-PURP_C_36_41_9] Pack SONAX SLIDE PURPLE | [IBGG2400000003853] [DFSH394001-PURP_C_36_41_9] Pack SONAX SLIDE PURPLE | [IBGG2400000003852] [DFSH394001-PURP_C_36_41_9] Pack SONAX SLIDE PURPLE | [IBGG2400000003852] [DFSH394001-PURP_C_36_41_9] Pack SONAX SLIDE PURPLE | [IBGG2400000003852] [DFSH394001-PURP_C_36_41_9] Pack SONAX SLIDE PURPLE | [IBGG2400000003852] [DFSH394001-PURP_C_36_41_9] Pack SONAX SLIDE PURPLE | [IBGG2400000003852] [DFSH394001-PURP_C_36_41_9] Pack SONAX SLIDE PURPLE | [IBGG2400000003852] [DFSH394001-PURP_C_36_41_9] Pack SONAX SLIDE PURPLE | [IBGG2400000003851] [DFSH394001-PURP_C_36_41_9] Pack SONAX SLIDE PURPLE | [IBGG2400000003851] [DFSH394001-PURP_C_36_41_9] Pack SONAX SLIDE PURPLE | [IBGG2400000003851] [DFSH394001-PURP_C_36_41_9] Pack SONAX SLIDE PURPLE | [IBGG2400000003851] [DFSH394001-PURP_C_36_41_9] Pack SONAX SLIDE PURPLE | [IBGG2400000003851] [DFSH394001-PURP_C_36_41_9] Pack SONAX SLIDE PURPLE | [IBGG2400000003851] [DFSH394001-PURP_C_36_41_9] Pack SONAX SLIDE PURPLE | [IBGG2400000003850] [DFSH394001-PURP_C_36_41_9] Pack SONAX SLIDE PURPLE | [IBGG2400000003850] [DFSH394001-PURP_C_36_41_9] Pack SONAX SLIDE PURPLE | [IBGG2400000003850] [DFSH394001-PURP_C_36_41_9] Pack SONAX SLIDE PURPLE | [IBGG2400000003850] [DFSH394001-PURP_C_36_41_9] Pack SONAX SLIDE PURPLE | [IBGG2400000003850] [DFSH394001-PURP_C_36_41_9] Pack SONAX SLIDE PURPLE | [IBGG2400000003850] [DFSH394001-PURP_C_36_41_9] Pack SONAX SLIDE PURPLE
CLABD/Stock/StorageBD/CLA-071-09-03-02;180;BLACK;C+A;389;150;[IBG2023001367895] [DFSH392001-BLAC_C_36_41_12] Pack FLOP SUMMER CLUB BLACK | [IBG2023001367895] [DFSH392001-BLAC_C_36_41_12] Pack FLOP SUMMER CLUB BLACK | [IBG2023001367895] [DFSH392001-BLAC_C_36_41_12] Pack FLOP SUMMER CLUB BLACK | [IBG2023001367895] [DFSH392001-BLAC_C_36_41_12] Pack FLOP SUMMER CLUB BLACK | [IBG2023001367895] [DFSH392001-BLAC_C_36_41_12] Pack FLOP SUMMER CLUB BLACK | [IBG2023001367895] [DFSH392001-BLAC_C_36_41_12] Pack FLOP SUMMER CLUB BLACK | [IBG2023001367871] [DFSH392001-BLAC_C_36_41_12] Pack FLOP SUMMER CLUB BLACK | [IBG2023001367871] [DFSH392001-BLAC_C_36_41_12] Pack FLOP SUMMER CLUB BLACK | [IBG2023001367871] [DFSH392001-BLAC_C_36_41_12] Pack FLOP SUMMER CLUB BLACK | [IBG2023001367871] [DFSH392001-BLAC_C_36_41_12] Pack FLOP SUMMER CLUB BLACK | [IBG2023001367871] [DFSH392001-BLAC_C_36_41_12] Pack FLOP SUMMER CLUB BLACK | [IBG2023001367871] [DFSH392001-BLAC_C_36_41_12] Pack FLOP SUMMER CLUB BLACK | [IBG2023001367864] [DFSH392001-BLAC_C_36_41_12] Pack FLOP SUMMER CLUB BLACK | [IBG2023001367864] [DFSH392001-BLAC_C_36_41_12] Pack FLOP SUMMER CLUB BLACK | [IBG2023001367864] [DFSH392001-BLAC_C_36_41_12] Pack FLOP SUMMER CLUB BLACK | [IBG2023001367864] [DFSH392001-BLAC_C_36_41_12] Pack FLOP SUMMER CLUB BLACK | [IBG2023001367864] [DFSH392001-BLAC_C_36_41_12] Pack FLOP SUMMER CLUB BLACK | [IBG2023001367864] [DFSH392001-BLAC_C_36_41_12] Pack FLOP SUMMER CLUB BLACK | [IBG2023001367819] [DFSH392001-BLAC_C_36_41_12] Pack FLOP SUMMER CLUB BLACK | [IBG2023001367819] [DFSH392001-BLAC_C_36_41_12] Pack FLOP SUMMER CLUB BLACK | [IBG2023001367819] [DFSH392001-BLAC_C_36_41_12] Pack FLOP SUMMER CLUB BLACK | [IBG2023001367819] [DFSH392001-BLAC_C_36_41_12] Pack FLOP SUMMER CLUB BLACK | [IBG2023001367819] [DFSH392001-BLAC_C_36_41_12] Pack FLOP SUMMER CLUB BLACK | [IBG2023001367819] [DFSH392001-BLAC_C_36_41_12] Pack FLOP SUMMER CLUB BLACK | [IBG2023001367802] [DFSH392001-BLAC_C_36_41_12] Pack FLOP SUMMER CLUB BLACK | [IBG2023001367802] [DFSH392001-BLAC_C_36_41_12] Pack FLOP SUMMER CLUB BLACK | [IBG2023001367802] [DFSH392001-BLAC_C_36_41_12] Pack FLOP SUMMER CLUB BLACK | [IBG2023001367802] [DFSH392001-BLAC_C_36_41_12] Pack FLOP SUMMER CLUB BLACK | [IBG2023001367802] [DFSH392001-BLAC_C_36_41_12] Pack FLOP SUMMER CLUB BLACK | [IBG2023001367802] [DFSH392001-BLAC_C_36_41_12] Pack FLOP SUMMER CLUB BLACK | [IBG2023001367741] [DFSH392001-BLAC_C_36_41_12] Pack FLOP SUMMER CLUB BLACK | [IBG2023001367741] [DFSH392001-BLAC_C_36_41_12] Pack FLOP SUMMER CLUB BLACK | [IBG2023001367741] [DFSH392001-BLAC_C_36_41_12] Pack FLOP SUMMER CLUB BLACK | [IBG2023001367741] [DFSH392001-BLAC_C_36_41_12] Pack FLOP SUMMER CLUB BLACK | [IBG2023001367741] [DFSH392001-BLAC_C_36_41_12] Pack FLOP SUMMER CLUB BLACK | [IBG2023001367741] [DFSH392001-BLAC_C_36_41_12] Pack FLOP SUMMER CLUB BLACK | [IBG2023001367697] [DFSH392001-BLAC_C_36_41_12] Pack FLOP SUMMER CLUB BLACK | [IBG2023001367697] [DFSH392001-BLAC_C_36_41_12] Pack FLOP SUMMER CLUB BLACK | [IBG2023001367697] [DFSH392001-BLAC_C_36_41_12] Pack FLOP SUMMER CLUB BLACK | [IBG2023001367697] [DFSH392001-BLAC_C_36_41_12] Pack FLOP SUMMER CLUB BLACK | [IBG2023001367697] [DFSH392001-BLAC_C_36_41_12] Pack FLOP SUMMER CLUB BLACK | [IBG2023001367697] [DFSH392001-BLAC_C_36_41_12] Pack FLOP SUMMER CLUB BLACK | [IBG2023001367673] [DFSH392001-BLAC_C_36_41_12] Pack FLOP SUMMER CLUB BLACK | [IBG2023001367673] [DFSH392001-BLAC_C_36_41_12] Pack FLOP SUMMER CLUB BLACK | [IBG2023001367673] [DFSH392001-BLAC_C_36_41_12] Pack FLOP SUMMER CLUB BLACK | [IBG2023001367673] [DFSH392001-BLAC_C_36_41_12] Pack FLOP SUMMER CLUB BLACK | [IBG2023001367673] [DFSH392001-BLAC_C_36_41_12] Pack FLOP SUMMER CLUB BLACK | [IBG2023001367673] [DFSH392001-BLAC_C_36_41_12] Pack FLOP SUMMER CLUB BLACK | [IBG2023001367666] [DFSH392001-BLAC_C_36_41_12] Pack FLOP SUMMER CLUB BLACK | [IBG2023001367666] [DFSH392001-BLAC_C_36_41_12] Pack FLOP SUMMER CLUB BLACK | [IBG2023001367666] [DFSH392001-BLAC_C_36_41_12] Pack FLOP SUMMER CLUB BLACK | [IBG2023001367666] [DFSH392001-BLAC_C_36_41_12] Pack FLOP SUMMER CLUB BLACK | [IBG2023001367666] [DFSH392001-BLAC_C_36_41_12] Pack FLOP SUMMER CLUB BLACK | [IBG2023001367666] [DFSH392001-BLAC_C_36_41_12] Pack FLOP SUMMER CLUB BLACK | [IBG2023001367635] [DFSH392001-BLAC_C_36_41_12] Pack FLOP SUMMER CLUB BLACK | [IBG2023001367635] [DFSH392001-BLAC_C_36_41_12] Pack FLOP SUMMER CLUB BLACK | [IBG2023001367635] [DFSH392001-BLAC_C_36_41_12] Pack FLOP SUMMER CLUB BLACK | [IBG2023001367635] [DFSH392001-BLAC_C_36_41_12] Pack FLOP SUMMER CLUB BLACK | [IBG2023001367635] [DFSH392001-BLAC_C_36_41_12] Pack FLOP SUMMER CLUB BLACK | [IBG2023001367635] [DFSH392001-BLAC_C_36_41_12] Pack FLOP SUMMER CLUB BLACK | [IBG2023001367611] [DFSH392001-BLAC_C_36_41_12] Pack FLOP SUMMER CLUB BLACK | [IBG2023001367611] [DFSH392001-BLAC_C_36_41_12] Pack FLOP SUMMER CLUB BLACK | [IBG2023001367611] [DFSH392001-BLAC_C_36_41_12] Pack FLOP SUMMER CLUB BLACK | [IBG2023001367611] [DFSH392001-BLAC_C_36_41_12] Pack FLOP SUMMER CLUB BLACK | [IBG2023001367611] [DFSH392001-BLAC_C_36_41_12] Pack FLOP SUMMER CLUB BLACK | [IBG2023001367611] [DFSH392001-BLAC_C_36_41_12] Pack FLOP SUMMER CLUB BLACK | [IBG2023001367581] [DFSH392001-BLAC_C_36_41_12] Pack FLOP SUMMER CLUB BLACK | [IBG2023001367581] [DFSH392001-BLAC_C_36_41_12] Pack FLOP SUMMER CLUB BLACK | [IBG2023001367581] [DFSH392001-BLAC_C_36_41_12] Pack FLOP SUMMER CLUB BLACK | [IBG2023001367581] [DFSH392001-BLAC_C_36_41_12] Pack FLOP SUMMER CLUB BLACK | [IBG2023001367581] [DFSH392001-BLAC_C_36_41_12] Pack FLOP SUMMER CLUB BLACK | [IBG2023001367581] [DFSH392001-BLAC_C_36_41_12] Pack FLOP SUMMER CLUB BLACK | [IBG2023001367550] [DFSH392001-BLAC_C_36_41_12] Pack FLOP SUMMER CLUB BLACK | [IBG2023001367550] [DFSH392001-BLAC_C_36_41_12] Pack FLOP SUMMER CLUB BLACK | [IBG2023001367550] [DFSH392001-BLAC_C_36_41_12] Pack FLOP SUMMER CLUB BLACK | [IBG2023001367550] [DFSH392001-BLAC_C_36_41_12] Pack FLOP SUMMER CLUB BLACK | [IBG2023001367550] [DFSH392001-BLAC_C_36_41_12] Pack FLOP SUMMER CLUB BLACK | [IBG2023001367550] [DFSH392001-BLAC_C_36_41_12] Pack FLOP SUMMER CLUB BLACK | [IBG2023001367543] [DFSH392001-BLAC_C_36_41_12] Pack FLOP SUMMER CLUB BLACK | [IBG2023001367543] [DFSH392001-BLAC_C_36_41_12] Pack FLOP SUMMER CLUB BLACK | [IBG2023001367543] [DFSH392001-BLAC_C_36_41_12] Pack FLOP SUMMER CLUB BLACK | [IBG2023001367543] [DFSH392001-BLAC_C_36_41_12] Pack FLOP SUMMER CLUB BLACK | [IBG2023001367543] [DFSH392001-BLAC_C_36_41_12] Pack FLOP SUMMER CLUB BLACK | [IBG2023001367543] [DFSH392001-BLAC_C_36_41_12] Pack FLOP SUMMER CLUB BLACK | [IBG2023001367529] [DFSH392001-BLAC_C_36_41_12] Pack FLOP SUMMER CLUB BLACK | [IBG2023001367529] [DFSH392001-BLAC_C_36_41_12] Pack FLOP SUMMER CLUB BLACK | [IBG2023001367529] [DFSH392001-BLAC_C_36_41_12] Pack FLOP SUMMER CLUB BLACK | [IBG2023001367529] [DFSH392001-BLAC_C_36_41_12] Pack FLOP SUMMER CLUB BLACK | [IBG2023001367529] [DFSH392001-BLAC_C_36_41_12] Pack FLOP SUMMER CLUB BLACK | [IBG2023001367529] [DFSH392001-BLAC_C_36_41_12] Pack FLOP SUMMER CLUB BLACK
CLABD/Stock/StorageBD/CLA-071-09-03-03;108;BLACK;C+A;619;90;[IBG2023001369431] [DFSH393001-BLAC_C_36_41_12] Pack DANA SLIDE SUMMER CLUB BLACK | [IBG2023001369431] [DFSH393001-BLAC_C_36_41_12] Pack DANA SLIDE SUMMER CLUB BLACK | [IBG2023001369431] [DFSH393001-BLAC_C_36_41_12] Pack DANA SLIDE SUMMER CLUB BLACK | [IBG2023001369431] [DFSH393001-BLAC_C_36_41_12] Pack DANA SLIDE SUMMER CLUB BLACK | [IBG2023001369431] [DFSH393001-BLAC_C_36_41_12] Pack DANA SLIDE SUMMER CLUB BLACK | [IBG2023001369431] [DFSH393001-BLAC_C_36_41_12] Pack DANA SLIDE SUMMER CLUB BLACK | [IBG2023001369387] [DFSH393001-BLAC_C_36_41_12] Pack DANA SLIDE SUMMER CLUB BLACK | [IBG2023001369387] [DFSH393001-BLAC_C_36_41_12] Pack DANA SLIDE SUMMER CLUB BLACK | [IBG2023001369387] [DFSH393001-BLAC_C_36_41_12] Pack DANA SLIDE SUMMER CLUB BLACK | [IBG2023001369387] [DFSH393001-BLAC_C_36_41_12] Pack DANA SLIDE SUMMER CLUB BLACK | [IBG2023001369387] [DFSH393001-BLAC_C_36_41_12] Pack DANA SLIDE SUMMER CLUB BLACK | [IBG2023001369387] [DFSH393001-BLAC_C_36_41_12] Pack DANA SLIDE SUMMER CLUB BLACK | [IBG2023001369271] [DFSH393001-BLAC_C_36_41_12] Pack DANA SLIDE SUMMER CLUB BLACK | [IBG2023001369271] [DFSH393001-BLAC_C_36_41_12] Pack DANA SLIDE SUMMER CLUB BLACK | [IBG2023001369271] [DFSH393001-BLAC_C_36_41_12] Pack DANA SLIDE SUMMER CLUB BLACK | [IBG2023001369271] [DFSH393001-BLAC_C_36_41_12] Pack DANA SLIDE SUMMER CLUB BLACK | [IBG2023001369271] [DFSH393001-BLAC_C_36_41_12] Pack DANA SLIDE SUMMER CLUB BLACK | [IBG2023001369271] [DFSH393001-BLAC_C_36_41_12] Pack DANA SLIDE SUMMER CLUB BLACK | [IBG2023001369240] [DFSH393001-BLAC_C_36_41_12] Pack DANA SLIDE SUMMER CLUB BLACK | [IBG2023001369240] [DFSH393001-BLAC_C_36_41_12] Pack DANA SLIDE SUMMER CLUB BLACK | [IBG2023001369240] [DFSH393001-BLAC_C_36_41_12] Pack DANA SLIDE SUMMER CLUB BLACK | [IBG2023001369240] [DFSH393001-BLAC_C_36_41_12] Pack DANA SLIDE SUMMER CLUB BLACK | [IBG2023001369240] [DFSH393001-BLAC_C_36_41_12] Pack DANA SLIDE SUMMER CLUB BLACK | [IBG2023001369240] [DFSH393001-BLAC_C_36_41_12] Pack DANA SLIDE SUMMER CLUB BLACK | [IBG2023001369233] [DFSH393001-BLAC_C_36_41_12] Pack DANA SLIDE SUMMER CLUB BLACK | [IBG2023001369233] [DFSH393001-BLAC_C_36_41_12] Pack DANA SLIDE SUMMER CLUB BLACK | [IBG2023001369233] [DFSH393001-BLAC_C_36_41_12] Pack DANA SLIDE SUMMER CLUB BLACK | [IBG2023001369233] [DFSH393001-BLAC_C_36_41_12] Pack DANA SLIDE SUMMER CLUB BLACK | [IBG2023001369233] [DFSH393001-BLAC_C_36_41_12] Pack DANA SLIDE SUMMER CLUB BLACK | [IBG2023001369233] [DFSH393001-BLAC_C_36_41_12] Pack DANA SLIDE SUMMER CLUB BLACK | [IBG2023001369189] [DFSH393001-BLAC_C_36_41_12] Pack DANA SLIDE SUMMER CLUB BLACK | [IBG2023001369189] [DFSH393001-BLAC_C_36_41_12] Pack DANA SLIDE SUMMER CLUB BLACK | [IBG2023001369189] [DFSH393001-BLAC_C_36_41_12] Pack DANA SLIDE SUMMER CLUB BLACK | [IBG2023001369189] [DFSH393001-BLAC_C_36_41_12] Pack DANA SLIDE SUMMER CLUB BLACK | [IBG2023001369189] [DFSH393001-BLAC_C_36_41_12] Pack DANA SLIDE SUMMER CLUB BLACK | [IBG2023001369189] [DFSH393001-BLAC_C_36_41_12] Pack DANA SLIDE SUMMER CLUB BLACK | [IBG2023001369134] [DFSH393001-BLAC_C_36_41_12] Pack DANA SLIDE SUMMER CLUB BLACK | [IBG2023001369134] [DFSH393001-BLAC_C_36_41_12] Pack DANA SLIDE SUMMER CLUB BLACK | [IBG2023001369134] [DFSH393001-BLAC_C_36_41_12] Pack DANA SLIDE SUMMER CLUB BLACK | [IBG2023001369134] [DFSH393001-BLAC_C_36_41_12] Pack DANA SLIDE SUMMER CLUB BLACK | [IBG2023001369134] [DFSH393001-BLAC_C_36_41_12] Pack DANA SLIDE SUMMER CLUB BLACK | [IBG2023001369134] [DFSH393001-BLAC_C_36_41_12] Pack DANA SLIDE SUMMER CLUB BLACK | [IBG2023001369127] [DFSH393001-BLAC_C_36_41_12] Pack DANA SLIDE SUMMER CLUB BLACK | [IBG2023001369127] [DFSH393001-BLAC_C_36_41_12] Pack DANA SLIDE SUMMER CLUB BLACK | [IBG2023001369127] [DFSH393001-BLAC_C_36_41_12] Pack DANA SLIDE SUMMER CLUB BLACK | [IBG2023001369127] [DFSH393001-BLAC_C_36_41_12] Pack DANA SLIDE SUMMER CLUB BLACK | [IBG2023001369127] [DFSH393001-BLAC_C_36_41_12] Pack DANA SLIDE SUMMER CLUB BLACK | [IBG2023001369127] [DFSH393001-BLAC_C_36_41_12] Pack DANA SLIDE SUMMER CLUB BLACK | [IBG2023001369103] [DFSH393001-BLAC_C_36_41_12] Pack DANA SLIDE SUMMER CLUB BLACK | [IBG2023001369103] [DFSH393001-BLAC_C_36_41_12] Pack DANA SLIDE SUMMER CLUB BLACK | [IBG2023001369103] [DFSH393001-BLAC_C_36_41_12] Pack DANA SLIDE SUMMER CLUB BLACK | [IBG2023001369103] [DFSH393001-BLAC_C_36_41_12] Pack DANA SLIDE SUMMER CLUB BLACK | [IBG2023001369103] [DFSH393001-BLAC_C_36_41_12] Pack DANA SLIDE SUMMER CLUB BLACK | [IBG2023001369103] [DFSH393001-BLAC_C_36_41_12] Pack DANA SLIDE SUMMER CLUB BLACK
CLABD/Stock/StorageBD/CLA-072-01-02-03;78;BLACK;C+A;599;80;[IBG2023001407034] [DFSH334009-GREY_C_36_41_12] Pack BLOOMER NIP GREY | [IBG2023001407034] [DFSH334009-GREY_C_36_41_12] Pack BLOOMER NIP GREY | [IBG2023001407034] [DFSH334009-GREY_C_36_41_12] Pack BLOOMER NIP GREY | [IBG2023001407034] [DFSH334009-GREY_C_36_41_12] Pack BLOOMER NIP GREY | [IBG2023001407034] [DFSH334009-GREY_C_36_41_12] Pack BLOOMER NIP GREY | [IBG2023001407034] [DFSH334009-GREY_C_36_41_12] Pack BLOOMER NIP GREY | [IBG2023001406846] [DFSH334009-GREY_C_36_41_12] Pack BLOOMER NIP GREY | [IBG2023001406846] [DFSH334009-GREY_C_36_41_12] Pack BLOOMER NIP GREY | [IBG2023001406846] [DFSH334009-GREY_C_36_41_12] Pack BLOOMER NIP GREY | [IBG2023001406846] [DFSH334009-GREY_C_36_41_12] Pack BLOOMER NIP GREY | [IBG2023001406846] [DFSH334009-GREY_C_36_41_12] Pack BLOOMER NIP GREY | [IBG2023001406846] [DFSH334009-GREY_C_36_41_12] Pack BLOOMER NIP GREY | [IBG2023001377306] [DFSH394001-PINK_C_36_41_9] Pack SONAX SLIDE PINK | [IBG2023001377306] [DFSH394001-PINK_C_36_41_9] Pack SONAX SLIDE PINK | [IBG2023001377306] [DFSH394001-PINK_C_36_41_9] Pack SONAX SLIDE PINK | [IBG2023001377306] [DFSH394001-PINK_C_36_41_9] Pack SONAX SLIDE PINK | [IBG2023001377306] [DFSH394001-PINK_C_36_41_9] Pack SONAX SLIDE PINK | [IBG2023001377306] [DFSH394001-PINK_C_36_41_9] Pack SONAX SLIDE PINK | [IBG2023001377221] [DFSH394001-PINK_C_36_41_9] Pack SONAX SLIDE PINK | [IBG2023001377221] [DFSH394001-PINK_C_36_41_9] Pack SONAX SLIDE PINK | [IBG2023001377221] [DFSH394001-PINK_C_36_41_9] Pack SONAX SLIDE PINK | [IBG2023001377221] [DFSH394001-PINK_C_36_41_9] Pack SONAX SLIDE PINK | [IBG2023001377221] [DFSH394001-PINK_C_36_41_9] Pack SONAX SLIDE PINK | [IBG2023001377221] [DFSH394001-PINK_C_36_41_9] Pack SONAX SLIDE PINK | [IBG2023001377160] [DFSH394001-PINK_C_36_41_9] Pack SONAX SLIDE PINK | [IBG2023001377160] [DFSH394001-PINK_C_36_41_9] Pack SONAX SLIDE PINK | [IBG2023001377160] [DFSH394001-PINK_C_36_41_9] Pack SONAX SLIDE PINK | [IBG2023001377160] [DFSH394001-PINK_C_36_41_9] Pack SONAX SLIDE PINK | [IBG2023001377160] [DFSH394001-PINK_C_36_41_9] Pack SONAX SLIDE PINK | [IBG2023001377160] [DFSH394001-PINK_C_36_41_9] Pack SONAX SLIDE PINK | [IBG2023001377153] [DFSH394001-PINK_C_36_41_9] Pack SONAX SLIDE PINK | [IBG2023001377153] [DFSH394001-PINK_C_36_41_9] Pack SONAX SLIDE PINK | [IBG2023001377153] [DFSH394001-PINK_C_36_41_9] Pack SONAX SLIDE PINK | [IBG2023001377153] [DFSH394001-PINK_C_36_41_9] Pack SONAX SLIDE PINK | [IBG2023001377153] [DFSH394001-PINK_C_36_41_9] Pack SONAX SLIDE PINK | [IBG2023001377153] [DFSH394001-PINK_C_36_41_9] Pack SONAX SLIDE PINK | [IBG2023001377061] [DFSH394001-PINK_C_36_41_9] Pack SONAX SLIDE PINK | [IBG2023001377061] [DFSH394001-PINK_C_36_41_9] Pack SONAX SLIDE PINK | [IBG2023001377061] [DFSH394001-PINK_C_36_41_9] Pack SONAX SLIDE PINK | [IBG2023001377061] [DFSH394001-PINK_C_36_41_9] Pack SONAX SLIDE PINK | [IBG2023001377061] [DFSH394001-PINK_C_36_41_9] Pack SONAX SLIDE PINK | [IBG2023001377061] [DFSH394001-PINK_C_36_41_9] Pack SONAX SLIDE PINK | [IBG2023001377030] [DFSH394001-PINK_C_36_41_9] Pack SONAX SLIDE PINK | [IBG2023001377030] [DFSH394001-PINK_C_36_41_9] Pack SONAX SLIDE PINK | [IBG2023001377030] [DFSH394001-PINK_C_36_41_9] Pack SONAX SLIDE PINK | [IBG2023001377030] [DFSH394001-PINK_C_36_41_9] Pack SONAX SLIDE PINK | [IBG2023001377030] [DFSH394001-PINK_C_36_41_9] Pack SONAX SLIDE PINK | [IBG2023001377030] [DFSH394001-PINK_C_36_41_9] Pack SONAX SLIDE PINK
CLABD/Stock/StorageBD/CLA-072-02-01-01;98;BLACK;A+B+C+D;619;90;[IBGB2400000581754] [DFSH321090-GOLD_C_38_38_10] PACK Court Basket Gold / Leopard | [IBGB2400000331553] [DFSH361009-GREE_C_40_40_10] PACK FOREST NEO STRIPS GREEN | [IBGB2400000331533] [DFSH361009-GREE_C_38_38_10] PACK FOREST NEO STRIPS GREEN | [IBGB2400000331529] [DFSH361009-GREE_C_37_37_10] PACK FOREST NEO STRIPS GREEN | [IBGB2400000331527] [DFSH361009-GREE_C_37_37_10] PACK FOREST NEO STRIPS GREEN | [IBG2023001370406] [DFSH393001-SILV_C_36_41_12] Pack DANA SLIDE SUMMER CLUB SILVER | [IBG2023001370406] [DFSH393001-SILV_C_36_41_12] Pack DANA SLIDE SUMMER CLUB SILVER | [IBG2023001370406] [DFSH393001-SILV_C_36_41_12] Pack DANA SLIDE SUMMER CLUB SILVER | [IBG2023001370406] [DFSH393001-SILV_C_36_41_12] Pack DANA SLIDE SUMMER CLUB SILVER | [IBG2023001370406] [DFSH393001-SILV_C_36_41_12] Pack DANA SLIDE SUMMER CLUB SILVER | [IBG2023001370406] [DFSH393001-SILV_C_36_41_12] Pack DANA SLIDE SUMMER CLUB SILVER | [IBG2023001370017] [DFSH393001-SILV_C_36_41_12] Pack DANA SLIDE SUMMER CLUB SILVER | [IBG2023001370017] [DFSH393001-SILV_C_36_41_12] Pack DANA SLIDE SUMMER CLUB SILVER | [IBG2023001370017] [DFSH393001-SILV_C_36_41_12] Pack DANA SLIDE SUMMER CLUB SILVER | [IBG2023001370017] [DFSH393001-SILV_C_36_41_12] Pack DANA SLIDE SUMMER CLUB SILVER | [IBG2023001370017] [DFSH393001-SILV_C_36_41_12] Pack DANA SLIDE SUMMER CLUB SILVER | [IBG2023001370017] [DFSH393001-SILV_C_36_41_12] Pack DANA SLIDE SUMMER CLUB SILVER | [IBGB2400000570490] [DFSH391012-BLAC_C_36_41_12] PACK ALL TRACK STRAP BALCK | [IBGB2400000570490] [DFSH391012-BLAC_C_36_41_12] PACK ALL TRACK STRAP BALCK | [IBGB2400000570490] [DFSH391012-BLAC_C_36_41_12] PACK ALL TRACK STRAP BALCK | [IBGB2400000570490] [DFSH391012-BLAC_C_36_41_12] PACK ALL TRACK STRAP BALCK | [IBGB2400000570490] [DFSH391012-BLAC_C_36_41_12] PACK ALL TRACK STRAP BALCK | [IBGB2400000570490] [DFSH391012-BLAC_C_36_41_12] PACK ALL TRACK STRAP BALCK | [IBGB2400000570453] [DFSH391011-KHAK_C_36_41_12] PACK ALL TRACK ZIP KHAKI | [IBGB2400000570453] [DFSH391011-KHAK_C_36_41_12] PACK ALL TRACK ZIP KHAKI | [IBGB2400000570453] [DFSH391011-KHAK_C_36_41_12] PACK ALL TRACK ZIP KHAKI | [IBGB2400000570453] [DFSH391011-KHAK_C_36_41_12] PACK ALL TRACK ZIP KHAKI | [IBGB2400000570453] [DFSH391011-KHAK_C_36_41_12] PACK ALL TRACK ZIP KHAKI | [IBGB2400000570453] [DFSH391011-KHAK_C_36_41_12] PACK ALL TRACK ZIP KHAKI
CLABD/Stock/StorageBD/CLA-072-02-02-01;60;BLACK;D+B+A;128;50;[IBGB2400000570504] [DFSH391012-BLAC_C_36_41_12] PACK ALL TRACK STRAP BALCK | [IBGB2400000570504] [DFSH391012-BLAC_C_36_41_12] PACK ALL TRACK STRAP BALCK | [IBGB2400000570504] [DFSH391012-BLAC_C_36_41_12] PACK ALL TRACK STRAP BALCK | [IBGB2400000570504] [DFSH391012-BLAC_C_36_41_12] PACK ALL TRACK STRAP BALCK | [IBGB2400000570504] [DFSH391012-BLAC_C_36_41_12] PACK ALL TRACK STRAP BALCK | [IBGB2400000570504] [DFSH391012-BLAC_C_36_41_12] PACK ALL TRACK STRAP BALCK | [IBGB2400000570468] [DFSH391012-BEIG_C_36_41_12] PACK ALL TRACK STRAP BEIGE | [IBGB2400000570468] [DFSH391012-BEIG_C_36_41_12] PACK ALL TRACK STRAP BEIGE | [IBGB2400000570468] [DFSH391012-BEIG_C_36_41_12] PACK ALL TRACK STRAP BEIGE | [IBGB2400000570468] [DFSH391012-BEIG_C_36_41_12] PACK ALL TRACK STRAP BEIGE | [IBGB2400000570468] [DFSH391012-BEIG_C_36_41_12] PACK ALL TRACK STRAP BEIGE | [IBGB2400000570468] [DFSH391012-BEIG_C_36_41_12] PACK ALL TRACK STRAP BEIGE | [IBGB2400000570438] [DFSH391011-KHAK_C_36_41_12] PACK ALL TRACK ZIP KHAKI | [IBGB2400000570438] [DFSH391011-KHAK_C_36_41_12] PACK ALL TRACK ZIP KHAKI | [IBGB2400000570438] [DFSH391011-KHAK_C_36_41_12] PACK ALL TRACK ZIP KHAKI | [IBGB2400000570438] [DFSH391011-KHAK_C_36_41_12] PACK ALL TRACK ZIP KHAKI | [IBGB2400000570438] [DFSH391011-KHAK_C_36_41_12] PACK ALL TRACK ZIP KHAKI | [IBGB2400000570438] [DFSH391011-KHAK_C_36_41_12] PACK ALL TRACK ZIP KHAKI | [IBGB2400000570414] [DFSH391011-BLAC_C_36_41_12] PACK ALL TRACK ZIP BLACK | [IBGB2400000570414] [DFSH391011-BLAC_C_36_41_12] PACK ALL TRACK ZIP BLACK | [IBGB2400000570414] [DFSH391011-BLAC_C_36_41_12] PACK ALL TRACK ZIP BLACK | [IBGB2400000570414] [DFSH391011-BLAC_C_36_41_12] PACK ALL TRACK ZIP BLACK | [IBGB2400000570414] [DFSH391011-BLAC_C_36_41_12] PACK ALL TRACK ZIP BLACK | [IBGB2400000570414] [DFSH391011-BLAC_C_36_41_12] PACK ALL TRACK ZIP BLACK | [IBGB2400000570330] [DFSH391001-BEIG_C_36_41_12] PackALL TRACK BASIC BEIGE | [IBGB2400000570330] [DFSH391001-BEIG_C_36_41_12] PackALL TRACK BASIC BEIGE | [IBGB2400000570330] [DFSH391001-BEIG_C_36_41_12] PackALL TRACK BASIC BEIGE | [IBGB2400000570330] [DFSH391001-BEIG_C_36_41_12] PackALL TRACK BASIC BEIGE | [IBGB2400000570330] [DFSH391001-BEIG_C_36_41_12] PackALL TRACK BASIC BEIGE | [IBGB2400000570330] [DFSH391001-BEIG_C_36_41_12] PackALL TRACK BASIC BEIGE
CLABD/Stock/StorageBD/CLA-072-02-02-02;105;BLACK;C+A;590;110;[IBG2023001377368] [DFSH394001-PINK_C_36_41_9] Pack SONAX SLIDE PINK | [IBG2023001377368] [DFSH394001-PINK_C_36_41_9] Pack SONAX SLIDE PINK | [IBG2023001377368] [DFSH394001-PINK_C_36_41_9] Pack SONAX SLIDE PINK | [IBG2023001377368] [DFSH394001-PINK_C_36_41_9] Pack SONAX SLIDE PINK | [IBG2023001377368] [DFSH394001-PINK_C_36_41_9] Pack SONAX SLIDE PINK | [IBG2023001377368] [DFSH394001-PINK_C_36_41_9] Pack SONAX SLIDE PINK | [IBG2023001377344] [DFSH394001-PINK_C_36_41_9] Pack SONAX SLIDE PINK | [IBG2023001377344] [DFSH394001-PINK_C_36_41_9] Pack SONAX SLIDE PINK | [IBG2023001377344] [DFSH394001-PINK_C_36_41_9] Pack SONAX SLIDE PINK | [IBG2023001377344] [DFSH394001-PINK_C_36_41_9] Pack SONAX SLIDE PINK | [IBG2023001377344] [DFSH394001-PINK_C_36_41_9] Pack SONAX SLIDE PINK | [IBG2023001377344] [DFSH394001-PINK_C_36_41_9] Pack SONAX SLIDE PINK | [IBG2023001377290] [DFSH394001-PINK_C_36_41_9] Pack SONAX SLIDE PINK | [IBG2023001377290] [DFSH394001-PINK_C_36_41_9] Pack SONAX SLIDE PINK | [IBG2023001377290] [DFSH394001-PINK_C_36_41_9] Pack SONAX SLIDE PINK | [IBG2023001377290] [DFSH394001-PINK_C_36_41_9] Pack SONAX SLIDE PINK | [IBG2023001377290] [DFSH394001-PINK_C_36_41_9] Pack SONAX SLIDE PINK | [IBG2023001377290] [DFSH394001-PINK_C_36_41_9] Pack SONAX SLIDE PINK | [IBG2023001377177] [DFSH394001-PINK_C_36_41_9] Pack SONAX SLIDE PINK | [IBG2023001377177] [DFSH394001-PINK_C_36_41_9] Pack SONAX SLIDE PINK | [IBG2023001377177] [DFSH394001-PINK_C_36_41_9] Pack SONAX SLIDE PINK | [IBG2023001377177] [DFSH394001-PINK_C_36_41_9] Pack SONAX SLIDE PINK | [IBG2023001377177] [DFSH394001-PINK_C_36_41_9] Pack SONAX SLIDE PINK | [IBG2023001377177] [DFSH394001-PINK_C_36_41_9] Pack SONAX SLIDE PINK | [IBG2023001377108] [DFSH394001-PINK_C_36_41_9] Pack SONAX SLIDE PINK | [IBG2023001377108] [DFSH394001-PINK_C_36_41_9] Pack SONAX SLIDE PINK | [IBG2023001377108] [DFSH394001-PINK_C_36_41_9] Pack SONAX SLIDE PINK | [IBG2023001377108] [DFSH394001-PINK_C_36_41_9] Pack SONAX SLIDE PINK | [IBG2023001377108] [DFSH394001-PINK_C_36_41_9] Pack SONAX SLIDE PINK | [IBG2023001377108] [DFSH394001-PINK_C_36_41_9] Pack SONAX SLIDE PINK | [IBG2023001377047] [DFSH394001-PINK_C_36_41_9] Pack SONAX SLIDE PINK | [IBG2023001377047] [DFSH394001-PINK_C_36_41_9] Pack SONAX SLIDE PINK | [IBG2023001377047] [DFSH394001-PINK_C_36_41_9] Pack SONAX SLIDE PINK | [IBG2023001377047] [DFSH394001-PINK_C_36_41_9] Pack SONAX SLIDE PINK | [IBG2023001377047] [DFSH394001-PINK_C_36_41_9] Pack SONAX SLIDE PINK | [IBG2023001377047] [DFSH394001-PINK_C_36_41_9] Pack SONAX SLIDE PINK | [IBG2023001377023] [DFSH394001-PINK_C_36_41_9] Pack SONAX SLIDE PINK | [IBG2023001377023] [DFSH394001-PINK_C_36_41_9] Pack SONAX SLIDE PINK | [IBG2023001377023] [DFSH394001-PINK_C_36_41_9] Pack SONAX SLIDE PINK | [IBG2023001377023] [DFSH394001-PINK_C_36_41_9] Pack SONAX SLIDE PINK | [IBG2023001377023] [DFSH394001-PINK_C_36_41_9] Pack SONAX SLIDE PINK | [IBG2023001377023] [DFSH394001-PINK_C_36_41_9] Pack SONAX SLIDE PINK | [IBG2023001377016] [DFSH394001-PINK_C_36_41_9] Pack SONAX SLIDE PINK | [IBG2023001377016] [DFSH394001-PINK_C_36_41_9] Pack SONAX SLIDE PINK | [IBG2023001377016] [DFSH394001-PINK_C_36_41_9] Pack SONAX SLIDE PINK | [IBG2023001377016] [DFSH394001-PINK_C_36_41_9] Pack SONAX SLIDE PINK | [IBG2023001377016] [DFSH394001-PINK_C_36_41_9] Pack SONAX SLIDE PINK | [IBG2023001377016] [DFSH394001-PINK_C_36_41_9] Pack SONAX SLIDE PINK | [IBG2023001376569] [DFSH394001-BEIG_C_36_41_9] Pack SONAX SLIDE BEIGE | [IBG2023001376569] [DFSH394001-BEIG_C_36_41_9] Pack SONAX SLIDE BEIGE | [IBG2023001376569] [DFSH394001-BEIG_C_36_41_9] Pack SONAX SLIDE BEIGE | [IBG2023001376569] [DFSH394001-BEIG_C_36_41_9] Pack SONAX SLIDE BEIGE | [IBG2023001376569] [DFSH394001-BEIG_C_36_41_9] Pack SONAX SLIDE BEIGE | [IBG2023001376569] [DFSH394001-BEIG_C_36_41_9] Pack SONAX SLIDE BEIGE | [IBGB2400000059720] [DFSH369003-BLAC_C_41_41_12] Pack COURT BOMB MED BLACK (41) x 12 unid | [IBGB2400000059642] [DFSH369003-BLAC_C_38_38_12] Pack COURT BOMB MED BLACK (38) x 12 unid
CLABD/Stock/StorageBD/CLA-072-03-01-02;175;BLACK;B+C+A;619;170;[IBGB2400000331556] [DFSH361009-GREE_C_40_40_10] PACK FOREST NEO STRIPS GREEN | [IBGB2400000331554] [DFSH361009-GREE_C_40_40_10] PACK FOREST NEO STRIPS GREEN | [IBGB2400000331552] [DFSH361009-GREE_C_40_40_10] PACK FOREST NEO STRIPS GREEN | [IBGB2400000331550] [DFSH361009-GREE_C_39_39_10] PACK FOREST NEO STRIPS GREEN | [IBGB2400000331546] [DFSH361009-GREE_C_39_39_10] PACK FOREST NEO STRIPS GREEN | [IBGB2400000331544] [DFSH361009-GREE_C_39_39_10] PACK FOREST NEO STRIPS GREEN | [IBGB2400000331543] [DFSH361009-GREE_C_39_39_10] PACK FOREST NEO STRIPS GREEN | [IBGB2400000331539] [DFSH361009-GREE_C_38_38_10] PACK FOREST NEO STRIPS GREEN | [IBGB2400000331536] [DFSH361009-GREE_C_38_38_10] PACK FOREST NEO STRIPS GREEN | [IBGB2400000331535] [DFSH361009-GREE_C_38_38_10] PACK FOREST NEO STRIPS GREEN | [IBGB2400000331534] [DFSH361009-GREE_C_38_38_10] PACK FOREST NEO STRIPS GREEN | [IBGB2400000331528] [DFSH361009-GREE_C_37_37_10] PACK FOREST NEO STRIPS GREEN | [IBGB2400000331525] [DFSH361009-GREE_C_37_37_10] PACK FOREST NEO STRIPS GREEN | [IBG2023001371182] [DFSH397001-WHIT_WEB_C_41_45_9] Pack VENICE SLIDE SUMMER CLUB WHITE | [IBG2023001371182] [DFSH397001-WHIT_WEB_C_41_45_9] Pack VENICE SLIDE SUMMER CLUB WHITE | [IBG2023001371182] [DFSH397001-WHIT_WEB_C_41_45_9] Pack VENICE SLIDE SUMMER CLUB WHITE | [IBG2023001371182] [DFSH397001-WHIT_WEB_C_41_45_9] Pack VENICE SLIDE SUMMER CLUB WHITE | [IBG2023001371182] [DFSH397001-WHIT_WEB_C_41_45_9] Pack VENICE SLIDE SUMMER CLUB WHITE | [IBG2023001368366] [DFSH392001-WHIT_C_36_41_12] Pack FLOP SUMMER CLUB WHITE | [IBG2023001368366] [DFSH392001-WHIT_C_36_41_12] Pack FLOP SUMMER CLUB WHITE | [IBG2023001368366] [DFSH392001-WHIT_C_36_41_12] Pack FLOP SUMMER CLUB WHITE | [IBG2023001368366] [DFSH392001-WHIT_C_36_41_12] Pack FLOP SUMMER CLUB WHITE | [IBG2023001368366] [DFSH392001-WHIT_C_36_41_12] Pack FLOP SUMMER CLUB WHITE | [IBG2023001368366] [DFSH392001-WHIT_C_36_41_12] Pack FLOP SUMMER CLUB WHITE | [IBG2023001368281] [DFSH392001-WHIT_C_36_41_12] Pack FLOP SUMMER CLUB WHITE | [IBG2023001368281] [DFSH392001-WHIT_C_36_41_12] Pack FLOP SUMMER CLUB WHITE | [IBG2023001368281] [DFSH392001-WHIT_C_36_41_12] Pack FLOP SUMMER CLUB WHITE | [IBG2023001368281] [DFSH392001-WHIT_C_36_41_12] Pack FLOP SUMMER CLUB WHITE | [IBG2023001368281] [DFSH392001-WHIT_C_36_41_12] Pack FLOP SUMMER CLUB WHITE | [IBG2023001368281] [DFSH392001-WHIT_C_36_41_12] Pack FLOP SUMMER CLUB WHITE | [IBG2023001368229] [DFSH392001-WHIT_C_36_41_12] Pack FLOP SUMMER CLUB WHITE | [IBG2023001368229] [DFSH392001-WHIT_C_36_41_12] Pack FLOP SUMMER CLUB WHITE | [IBG2023001368229] [DFSH392001-WHIT_C_36_41_12] Pack FLOP SUMMER CLUB WHITE | [IBG2023001368229] [DFSH392001-WHIT_C_36_41_12] Pack FLOP SUMMER CLUB WHITE | [IBG2023001368229] [DFSH392001-WHIT_C_36_41_12] Pack FLOP SUMMER CLUB WHITE | [IBG2023001368229] [DFSH392001-WHIT_C_36_41_12] Pack FLOP SUMMER CLUB WHITE
CLABD/Stock/StorageBD/CLA-072-03-02-03;104;BLACK;A+D;450;90;[IBGB2400000074903] [DFSH371004-CORA_C_37_37_12] Pack NORDIC V.2 BASIC LOW CORAL (37) x 12 unid | [IBGB2400000570503] [DFSH391012-BLAC_C_36_41_12] PACK ALL TRACK STRAP BALCK | [IBGB2400000570503] [DFSH391012-BLAC_C_36_41_12] PACK ALL TRACK STRAP BALCK | [IBGB2400000570503] [DFSH391012-BLAC_C_36_41_12] PACK ALL TRACK STRAP BALCK | [IBGB2400000570503] [DFSH391012-BLAC_C_36_41_12] PACK ALL TRACK STRAP BALCK | [IBGB2400000570503] [DFSH391012-BLAC_C_36_41_12] PACK ALL TRACK STRAP BALCK | [IBGB2400000570503] [DFSH391012-BLAC_C_36_41_12] PACK ALL TRACK STRAP BALCK | [IBGB2400000570502] [DFSH391012-BLAC_C_36_41_12] PACK ALL TRACK STRAP BALCK | [IBGB2400000570502] [DFSH391012-BLAC_C_36_41_12] PACK ALL TRACK STRAP BALCK | [IBGB2400000570502] [DFSH391012-BLAC_C_36_41_12] PACK ALL TRACK STRAP BALCK | [IBGB2400000570502] [DFSH391012-BLAC_C_36_41_12] PACK ALL TRACK STRAP BALCK | [IBGB2400000570502] [DFSH391012-BLAC_C_36_41_12] PACK ALL TRACK STRAP BALCK | [IBGB2400000570502] [DFSH391012-BLAC_C_36_41_12] PACK ALL TRACK STRAP BALCK | [IBGB2400000570479] [DFSH391012-BEIG_C_36_41_12] PACK ALL TRACK STRAP BEIGE | [IBGB2400000570479] [DFSH391012-BEIG_C_36_41_12] PACK ALL TRACK STRAP BEIGE | [IBGB2400000570479] [DFSH391012-BEIG_C_36_41_12] PACK ALL TRACK STRAP BEIGE | [IBGB2400000570479] [DFSH391012-BEIG_C_36_41_12] PACK ALL TRACK STRAP BEIGE | [IBGB2400000570479] [DFSH391012-BEIG_C_36_41_12] PACK ALL TRACK STRAP BEIGE | [IBGB2400000570479] [DFSH391012-BEIG_C_36_41_12] PACK ALL TRACK STRAP BEIGE | [IBGB2400000570477] [DFSH391012-BEIG_C_36_41_12] PACK ALL TRACK STRAP BEIGE | [IBGB2400000570477] [DFSH391012-BEIG_C_36_41_12] PACK ALL TRACK STRAP BEIGE | [IBGB2400000570477] [DFSH391012-BEIG_C_36_41_12] PACK ALL TRACK STRAP BEIGE | [IBGB2400000570477] [DFSH391012-BEIG_C_36_41_12] PACK ALL TRACK STRAP BEIGE | [IBGB2400000570477] [DFSH391012-BEIG_C_36_41_12] PACK ALL TRACK STRAP BEIGE | [IBGB2400000570477] [DFSH391012-BEIG_C_36_41_12] PACK ALL TRACK STRAP BEIGE | [IBGB2400000570476] [DFSH391012-BEIG_C_36_41_12] PACK ALL TRACK STRAP BEIGE | [IBGB2400000570476] [DFSH391012-BEIG_C_36_41_12] PACK ALL TRACK STRAP BEIGE | [IBGB2400000570476] [DFSH391012-BEIG_C_36_41_12] PACK ALL TRACK STRAP BEIGE | [IBGB2400000570476] [DFSH391012-BEIG_C_36_41_12] PACK ALL TRACK STRAP BEIGE | [IBGB2400000570476] [DFSH391012-BEIG_C_36_41_12] PACK ALL TRACK STRAP BEIGE | [IBGB2400000570476] [DFSH391012-BEIG_C_36_41_12] PACK ALL TRACK STRAP BEIGE | [IBGB2400000570474] [DFSH391012-BEIG_C_36_41_12] PACK ALL TRACK STRAP BEIGE | [IBGB2400000570474] [DFSH391012-BEIG_C_36_41_12] PACK ALL TRACK STRAP BEIGE | [IBGB2400000570474] [DFSH391012-BEIG_C_36_41_12] PACK ALL TRACK STRAP BEIGE | [IBGB2400000570474] [DFSH391012-BEIG_C_36_41_12] PACK ALL TRACK STRAP BEIGE | [IBGB2400000570474] [DFSH391012-BEIG_C_36_41_12] PACK ALL TRACK STRAP BEIGE | [IBGB2400000570474] [DFSH391012-BEIG_C_36_41_12] PACK ALL TRACK STRAP BEIGE | [IBGB2400000570210] [DFSH391010-BLAC_C_39_39_10] PACK ALL TRACK CHELSEA BLACK | [IBGB2400000570196] [DFSH391010-BLAC_C_38_38_10] PACK ALL TRACK CHELSEA BLACK
CLABD/Stock/StorageBD/CLA-072-07-01-01;153;BLACK;C+A+B+D;619;130;[IBG2023001368922] [DFSH392001-SILV_C_36_41_12] Pack FLOP SUMMER CLUB SILVER | [IBG2023001368922] [DFSH392001-SILV_C_36_41_12] Pack FLOP SUMMER CLUB SILVER | [IBG2023001368922] [DFSH392001-SILV_C_36_41_12] Pack FLOP SUMMER CLUB SILVER | [IBG2023001368922] [DFSH392001-SILV_C_36_41_12] Pack FLOP SUMMER CLUB SILVER | [IBG2023001368922] [DFSH392001-SILV_C_36_41_12] Pack FLOP SUMMER CLUB SILVER | [IBG2023001368922] [DFSH392001-SILV_C_36_41_12] Pack FLOP SUMMER CLUB SILVER | [IBG2023001368793] [DFSH392001-SILV_C_36_41_12] Pack FLOP SUMMER CLUB SILVER | [IBG2023001368793] [DFSH392001-SILV_C_36_41_12] Pack FLOP SUMMER CLUB SILVER | [IBG2023001368793] [DFSH392001-SILV_C_36_41_12] Pack FLOP SUMMER CLUB SILVER | [IBG2023001368793] [DFSH392001-SILV_C_36_41_12] Pack FLOP SUMMER CLUB SILVER | [IBG2023001368793] [DFSH392001-SILV_C_36_41_12] Pack FLOP SUMMER CLUB SILVER | [IBG2023001368793] [DFSH392001-SILV_C_36_41_12] Pack FLOP SUMMER CLUB SILVER | [IBG2023001368731] [DFSH392001-SILV_C_36_41_12] Pack FLOP SUMMER CLUB SILVER | [IBG2023001368731] [DFSH392001-SILV_C_36_41_12] Pack FLOP SUMMER CLUB SILVER | [IBG2023001368731] [DFSH392001-SILV_C_36_41_12] Pack FLOP SUMMER CLUB SILVER | [IBG2023001368731] [DFSH392001-SILV_C_36_41_12] Pack FLOP SUMMER CLUB SILVER | [IBG2023001368731] [DFSH392001-SILV_C_36_41_12] Pack FLOP SUMMER CLUB SILVER | [IBG2023001368731] [DFSH392001-SILV_C_36_41_12] Pack FLOP SUMMER CLUB SILVER | [IBG2023001368427] [DFSH392001-WHIT_C_36_41_12] Pack FLOP SUMMER CLUB WHITE | [IBG2023001368427] [DFSH392001-WHIT_C_36_41_12] Pack FLOP SUMMER CLUB WHITE | [IBG2023001368427] [DFSH392001-WHIT_C_36_41_12] Pack FLOP SUMMER CLUB WHITE | [IBG2023001368427] [DFSH392001-WHIT_C_36_41_12] Pack FLOP SUMMER CLUB WHITE | [IBG2023001368427] [DFSH392001-WHIT_C_36_41_12] Pack FLOP SUMMER CLUB WHITE | [IBG2023001368427] [DFSH392001-WHIT_C_36_41_12] Pack FLOP SUMMER CLUB WHITE | [IBG2023001368342] [DFSH392001-WHIT_C_36_41_12] Pack FLOP SUMMER CLUB WHITE | [IBG2023001368342] [DFSH392001-WHIT_C_36_41_12] Pack FLOP SUMMER CLUB WHITE | [IBG2023001368342] [DFSH392001-WHIT_C_36_41_12] Pack FLOP SUMMER CLUB WHITE | [IBG2023001368342] [DFSH392001-WHIT_C_36_41_12] Pack FLOP SUMMER CLUB WHITE | [IBG2023001368342] [DFSH392001-WHIT_C_36_41_12] Pack FLOP SUMMER CLUB WHITE | [IBG2023001368342] [DFSH392001-WHIT_C_36_41_12] Pack FLOP SUMMER CLUB WHITE | [IBG2023001367970] [DFSH392001-WHIT_C_36_41_12] Pack FLOP SUMMER CLUB WHITE | [IBG2023001367970] [DFSH392001-WHIT_C_36_41_12] Pack FLOP SUMMER CLUB WHITE | [IBG2023001367970] [DFSH392001-WHIT_C_36_41_12] Pack FLOP SUMMER CLUB WHITE | [IBG2023001367970] [DFSH392001-WHIT_C_36_41_12] Pack FLOP SUMMER CLUB WHITE | [IBG2023001367970] [DFSH392001-WHIT_C_36_41_12] Pack FLOP SUMMER CLUB WHITE | [IBG2023001367970] [DFSH392001-WHIT_C_36_41_12] Pack FLOP SUMMER CLUB WHITE | [IBG2023001367840] [DFSH392001-BLAC_C_36_41_12] Pack FLOP SUMMER CLUB BLACK | [IBG2023001367840] [DFSH392001-BLAC_C_36_41_12] Pack FLOP SUMMER CLUB BLACK | [IBG2023001367840] [DFSH392001-BLAC_C_36_41_12] Pack FLOP SUMMER CLUB BLACK | [IBG2023001367840] [DFSH392001-BLAC_C_36_41_12] Pack FLOP SUMMER CLUB BLACK | [IBG2023001367840] [DFSH392001-BLAC_C_36_41_12] Pack FLOP SUMMER CLUB BLACK | [IBG2023001367840] [DFSH392001-BLAC_C_36_41_12] Pack FLOP SUMMER CLUB BLACK | [IBG2023001367727] [DFSH392001-BLAC_C_36_41_12] Pack FLOP SUMMER CLUB BLACK | [IBG2023001367727] [DFSH392001-BLAC_C_36_41_12] Pack FLOP SUMMER CLUB BLACK | [IBG2023001367727] [DFSH392001-BLAC_C_36_41_12] Pack FLOP SUMMER CLUB BLACK | [IBG2023001367727] [DFSH392001-BLAC_C_36_41_12] Pack FLOP SUMMER CLUB BLACK | [IBG2023001367727] [DFSH392001-BLAC_C_36_41_12] Pack FLOP SUMMER CLUB BLACK | [IBG2023001367727] [DFSH392001-BLAC_C_36_41_12] Pack FLOP SUMMER CLUB BLACK | [IBG2023001367482] [DFSH392001-BLAC_C_36_41_12] Pack FLOP SUMMER CLUB BLACK | [IBG2023001367482] [DFSH392001-BLAC_C_36_41_12] Pack FLOP SUMMER CLUB BLACK | [IBG2023001367482] [DFSH392001-BLAC_C_36_41_12] Pack FLOP SUMMER CLUB BLACK | [IBG2023001367482] [DFSH392001-BLAC_C_36_41_12] Pack FLOP SUMMER CLUB BLACK | [IBG2023001367482] [DFSH392001-BLAC_C_36_41_12] Pack FLOP SUMMER CLUB BLACK | [IBG2023001367482] [DFSH392001-BLAC_C_36_41_12] Pack FLOP SUMMER CLUB BLACK | [IBG2023001367475] [DFSH392001-BLAC_C_36_41_12] Pack FLOP SUMMER CLUB BLACK | [IBG2023001367475] [DFSH392001-BLAC_C_36_41_12] Pack FLOP SUMMER CLUB BLACK | [IBG2023001367475] [DFSH392001-BLAC_C_36_41_12] Pack FLOP SUMMER CLUB BLACK | [IBG2023001367475] [DFSH392001-BLAC_C_36_41_12] Pack FLOP SUMMER CLUB BLACK | [IBG2023001367475] [DFSH392001-BLAC_C_36_41_12] Pack FLOP SUMMER CLUB BLACK | [IBG2023001367475] [DFSH392001-BLAC_C_36_41_12] Pack FLOP SUMMER CLUB BLACK | [IBGB2400000059625] [DFSH369003-BLAC_C_38_38_12] Pack COURT BOMB MED BLACK (38) x 12 unid | [IBGB2400000055818] [DFSH321086-OFFW_GR_C_41_45_9] PackCOURT BASIC STICH OFF WHITE | [IBGB2400000055818] [DFSH321086-OFFW_GR_C_41_45_9] PackCOURT BASIC STICH OFF WHITE | [IBGB2400000055818] [DFSH321086-OFFW_GR_C_41_45_9] PackCOURT BASIC STICH OFF WHITE | [IBGB2400000055818] [DFSH321086-OFFW_GR_C_41_45_9] PackCOURT BASIC STICH OFF WHITE | [IBGB2400000055818] [DFSH321086-OFFW_GR_C_41_45_9] PackCOURT BASIC STICH OFF WHITE | [IBGB2400000556361] [DFSH370016-BEIG_C_40_40_12] PACK NORDIC LOW BOMB BEIGE
CLABD/Stock/StorageBD/CLA-072-07-01-02;144;BLACK;A+D;157;120;[IBGB2400000545186] [DFSH370011-BROW_C_41_41_12] Pack NORDIC TRK FUR LOW BROWN  (41) x 12 unid | [IBGB2400000545171] [DFSH370011-BROW_C_40_40_12] Pack NORDIC TRK FUR LOW BROWN  (40) x 12 unid | [IBGB2400000545169] [DFSH370011-BROW_C_40_40_12] Pack NORDIC TRK FUR LOW BROWN  (40) x 12 unid | [IBGB2400000545138] [DFSH370011-BROW_C_40_40_12] Pack NORDIC TRK FUR LOW BROWN  (40) x 12 unid | [IBGB2400000545133] [DFSH370011-BROW_C_40_40_12] Pack NORDIC TRK FUR LOW BROWN  (40) x 12 unid | [IBGB2400000545071] [DFSH370011-BROW_C_39_39_12] Pack NORDIC TRK FUR LOW BROWN  (39) x 12 unid | [IBGB2400000545063] [DFSH370011-BROW_C_39_39_12] Pack NORDIC TRK FUR LOW BROWN  (39) x 12 unid | [IBGB2400000545058] [DFSH370011-BROW_C_39_39_12] Pack NORDIC TRK FUR LOW BROWN  (39) x 12 unid | [IBGB2400000545057] [DFSH370011-BROW_C_39_39_12] Pack NORDIC TRK FUR LOW BROWN  (39) x 12 unid | [IBGB2400000545055] [DFSH370011-BROW_C_39_39_12] Pack NORDIC TRK FUR LOW BROWN  (39) x 12 unid | [IBGB2400000544911] [DFSH370011-BROW_C_38_38_12] Pack NORDIC TRK FUR LOW BROWN  (38) x 12 unid | [IBGB2400000554454] [DFSH347009-SILV_C_36_41_12] PACK 347 TRACK SILVER / BLACK | [IBGB2400000554454] [DFSH347009-SILV_C_36_41_12] PACK 347 TRACK SILVER / BLACK | [IBGB2400000554454] [DFSH347009-SILV_C_36_41_12] PACK 347 TRACK SILVER / BLACK | [IBGB2400000554454] [DFSH347009-SILV_C_36_41_12] PACK 347 TRACK SILVER / BLACK | [IBGB2400000554454] [DFSH347009-SILV_C_36_41_12] PACK 347 TRACK SILVER / BLACK | [IBGB2400000554454] [DFSH347009-SILV_C_36_41_12] PACK 347 TRACK SILVER / BLACK
CLABD/Stock/StorageBD/CLA-072-08-03-02;144;BLACK;D+A;157;120;[IBGB2400000545900] [DFSH370021-BEIG_C_40_40_12] PACK NORDIC LOW BASIC BEIGE | [IBGB2400000545881] [DFSH370021-BEIG_C_39_39_12] PACK NORDIC LOW BASIC BEIGE | [IBGB2400000545851] [DFSH370021-BEIG_C_37_37_12] PACK NORDIC LOW BASIC BEIGE | [IBGB2400000545254] [DFSH370011-BROW_C_42_42_12] Pack NORDIC TRK FUR LOW BROWN  (42) x 12 unid | [IBGB2400000545249] [DFSH370011-BROW_C_42_42_12] Pack NORDIC TRK FUR LOW BROWN  (42) x 12 unid | [IBGB2400000545246] [DFSH370011-BROW_C_42_42_12] Pack NORDIC TRK FUR LOW BROWN  (42) x 12 unid | [IBGB2400000545237] [DFSH370011-BROW_C_42_42_12] Pack NORDIC TRK FUR LOW BROWN  (42) x 12 unid | [IBGB2400000545232] [DFSH370011-BROW_C_42_42_12] Pack NORDIC TRK FUR LOW BROWN  (42) x 12 unid | [IBGB2400000545228] [DFSH370011-BROW_C_42_42_12] Pack NORDIC TRK FUR LOW BROWN  (42) x 12 unid | [IBGB2400000545227] [DFSH370011-BROW_C_42_42_12] Pack NORDIC TRK FUR LOW BROWN  (42) x 12 unid | [IBGB2400000545225] [DFSH370011-BROW_C_42_42_12] Pack NORDIC TRK FUR LOW BROWN  (42) x 12 unid | [IBGB2400000545222] [DFSH370011-BROW_C_42_42_12] Pack NORDIC TRK FUR LOW BROWN  (42) x 12 unid
CLABD/Stock/StorageBD/CLA-072-10-01-03;84;BLACK;B+C+A+D;31;90;[IBGB2400000839993] [NVK36305-0020-39] BIO BLACK (39) | [IBGB2400000839993] [BJSH328029-MULT-39] SLIDES STRAPPY MULTICOLOUR (39) | [IBGB2400000839993] [DFSH383002-SAND-36] NORDIC BUCKLE SAND (36) | [IBGB2400000839993] [DFSH407002-TAN-38] VIBE CLOG BUCKE TAN (38) | [IBGB2400000839993] [DFSH383002-SAND-40] NORDIC BUCKLE SAND (40) | [IBGB2400000839993] [KV330025-0004-37] Green Ecological Sneakers Mercredy (37) | [IBGB2400000839993] [KV330025-0004-41] Green Ecological Sneakers Mercredy (41) | [IBGB2400000839993] [KV330025-0048-37] Beige Ecological Sneakers Mercredy (37) | [IBGB2400000839713] [DFSH321085-WHIT-43] COURT TENNIS BASIC WHITE (43) | [IBGB2400000839713] [DFSH321085-WHIT-42] COURT TENNIS BASIC WHITE (42) | [IBGB2400000839713] [DFSH321085-WHIT-45] COURT TENNIS BASIC WHITE (45) | [IBGB2400000839713] [DFSH321085-WHIT-44] COURT TENNIS BASIC WHITE (44) | [IBGB2400000839713] [DFSH321085-WHIT-41] COURT TENNIS BASIC WHITE (41) | [IBGB2400000839703] [DFSH321085-WHIT-36] COURT TENNIS BASIC WHITE (36) | [IBGB2400000839703] [DFSH321085-WHIT-37] COURT TENNIS BASIC WHITE (37) | [IBGB2400000839703] [DFSH321085-WHIT-41] COURT TENNIS BASIC WHITE (41) | [IBGB2400000839703] [DFSH321085-WHIT-39] COURT TENNIS BASIC WHITE (39) | [IBGB2400000839703] [DFSH321085-WHIT-38] COURT TENNIS BASIC WHITE (38) | [IBGB2400000839703] [DFSH321085-WHIT-40] COURT TENNIS BASIC WHITE (40) | [IBGB2400000839624] [DFSH378010-BLAC-45] VIBLA BLACK (45) | [IBGB2400000839624] [DFSH378010-BLAC-44] VIBLA BLACK (44) | [IBGB2400000839624] [DFSH378010-BLAC-43] VIBLA BLACK (43) | [IBGB2400000839624] [DFSH378010-BLAC-42] VIBLA BLACK (42) | [IBGB2400000839624] [DFSH378010-BLAC-41] VIBLA BLACK (41) | [IBGB2400000839618] [DFSH371016-BRON-37] NORDIC V2 BOMB BRONZE (37) | [IBGB2400000839618] [DFSH371016-BRON-40] NORDIC V2 BOMB BRONZE (40) | [IBGB2400000839618] [DFSH371016-BRON-38] NORDIC V2 BOMB BRONZE (38) | [IBGB2400000839618] [DFSH371016-BRON-41] NORDIC V2 BOMB BRONZE (41) | [IBGB2400000839618] [DFSH371016-BRON-36] NORDIC V2 BOMB BRONZE (36) | [IBGB2400000839618] [DFSH371016-BRON-39] NORDIC V2 BOMB BRONZE (39) | [IBGB2400000839613] [DFSH387005-CREA-40] REBEL CREAM (40) | [IBGB2400000839613] [DFSH387005-CREA-37] REBEL CREAM (37) | [IBGB2400000839613] [DFSH387005-CREA-39] REBEL CREAM (39) | [IBGB2400000839613] [DFSH387005-CREA-38] REBEL CREAM (38) | [IBGB2400000839613] [DFSH387005-CREA-36] REBEL CREAM (36) | [IBGB2400000839613] [DFSH387005-CREA-41] REBEL CREAM (41) | [IBGB2400000839605] [DFSH391001-BEIG-41] ALL TRACK BASIC BEIGE (41) | [IBGB2400000839605] [DFSH391001-BEIG-38] ALL TRACK BASIC BEIGE (38) | [IBGB2400000839605] [DFSH391001-BEIG-40] ALL TRACK BASIC BEIGE (40) | [IBGB2400000839605] [DFSH391001-BEIG-36] ALL TRACK BASIC BEIGE (36) | [IBGB2400000839605] [DFSH391001-BEIG-39] ALL TRACK BASIC BEIGE (39) | [IBGB2400000839605] [DFSH391001-BEIG-37] ALL TRACK BASIC BEIGE (37) | [IBGB2400000839599] [DFSH370022-SAND-K-32] NORDIC TRK FUR SAND (32) | [IBGB2400000839599] [DFSH370022-SAND-K-33] NORDIC TRK FUR SAND (33) | [IBGB2400000839599] [DFSH370022-SAND-K-34] NORDIC TRK FUR SAND (34) | [IBGB2400000839599] [DFSH370022-SAND-K-35] NORDIC TRK FUR SAND (35) | [IBGB2400000839599] [DFSH370022-SAND-K-36] NORDIC TRK FUR SAND (36) | [IBGB2400000839585] [DFSH370022-SAND-38] NORDIC TRK FUR SAND (38) | [IBGB2400000839585] [DFSH370022-SAND-39] NORDIC TRK FUR SAND (39) | [IBGB2400000839585] [DFSH370022-SAND-41] NORDIC TRK FUR SAND (41) | [IBGB2400000839585] [DFSH370022-SAND-40] NORDIC TRK FUR SAND (40) | [IBGB2400000839585] [DFSH370022-SAND-37] NORDIC TRK FUR SAND (37) | [IBGB2400000839585] [DFSH370022-SAND-42] NORDIC TRK FUR SAND (42)
CLABD/Stock/StorageBD/CLA-072-12-01-01;39;BLACK;C+A+B;619;40;[IBG2023001369608] [DFSH393001-WHIT_C_36_41_12] Pack DANA SLIDE SUMMER CLUB WHITE | [IBG2023001369608] [DFSH393001-WHIT_C_36_41_12] Pack DANA SLIDE SUMMER CLUB WHITE | [IBG2023001369608] [DFSH393001-WHIT_C_36_41_12] Pack DANA SLIDE SUMMER CLUB WHITE | [IBG2023001369608] [DFSH393001-WHIT_C_36_41_12] Pack DANA SLIDE SUMMER CLUB WHITE | [IBG2023001369608] [DFSH393001-WHIT_C_36_41_12] Pack DANA SLIDE SUMMER CLUB WHITE | [IBG2023001369608] [DFSH393001-WHIT_C_36_41_12] Pack DANA SLIDE SUMMER CLUB WHITE | [IBGB2400000068257] [DFSH371008-BLAC_C_36_41_9] Pack BOOTS NORDIC.V2 TRK BLACK | [IBGB2400000068257] [DFSH371008-BLAC_C_36_41_9] Pack BOOTS NORDIC.V2 TRK BLACK | [IBGB2400000068257] [DFSH371008-BLAC_C_36_41_9] Pack BOOTS NORDIC.V2 TRK BLACK | [IBGB2400000068257] [DFSH371008-BLAC_C_36_41_9] Pack BOOTS NORDIC.V2 TRK BLACK | [IBGB2400000068257] [DFSH371008-BLAC_C_36_41_9] Pack BOOTS NORDIC.V2 TRK BLACK | [IBGB2400000068257] [DFSH371008-BLAC_C_36_41_9] Pack BOOTS NORDIC.V2 TRK BLACK | [IBGB2400000068256] [DFSH371008-BLAC_C_36_41_9] Pack BOOTS NORDIC.V2 TRK BLACK | [IBGB2400000068256] [DFSH371008-BLAC_C_36_41_9] Pack BOOTS NORDIC.V2 TRK BLACK | [IBGB2400000068256] [DFSH371008-BLAC_C_36_41_9] Pack BOOTS NORDIC.V2 TRK BLACK | [IBGB2400000068256] [DFSH371008-BLAC_C_36_41_9] Pack BOOTS NORDIC.V2 TRK BLACK | [IBGB2400000068256] [DFSH371008-BLAC_C_36_41_9] Pack BOOTS NORDIC.V2 TRK BLACK | [IBGB2400000068256] [DFSH371008-BLAC_C_36_41_9] Pack BOOTS NORDIC.V2 TRK BLACK | [IBGB2400000067392] [DFSH371010-BEIG_C_36_41_9] Nordic V.2 Low Bomb Beige | [IBGB2400000067392] [DFSH371010-BEIG_C_36_41_9] Nordic V.2 Low Bomb Beige | [IBGB2400000067392] [DFSH371010-BEIG_C_36_41_9] Nordic V.2 Low Bomb Beige | [IBGB2400000067392] [DFSH371010-BEIG_C_36_41_9] Nordic V.2 Low Bomb Beige | [IBGB2400000067392] [DFSH371010-BEIG_C_36_41_9] Nordic V.2 Low Bomb Beige | [IBGB2400000067392] [DFSH371010-BEIG_C_36_41_9] Nordic V.2 Low Bomb Beige
CLABD/Stock/StorageBD/CLA-072-12-01-02;22;BLACK;A+D;186;30;[IBGB2400000642130] [DFSH381001-BEIG-37] NEVIS RAIN BEIGE (37) | [IBGB2400000642130] [DFSH381001-BEIG-40] NEVIS RAIN BEIGE (40) | [IBGB2400000641991] [DFSH381001-BEIG-38] NEVIS RAIN BEIGE (38) | [IBGB2400000554452] [DFSH347009-SILV_C_36_41_12] PACK 347 TRACK SILVER / BLACK | [IBGB2400000554452] [DFSH347009-SILV_C_36_41_12] PACK 347 TRACK SILVER / BLACK | [IBGB2400000554452] [DFSH347009-SILV_C_36_41_12] PACK 347 TRACK SILVER / BLACK | [IBGB2400000554452] [DFSH347009-SILV_C_36_41_12] PACK 347 TRACK SILVER / BLACK | [IBGB2400000554452] [DFSH347009-SILV_C_36_41_12] PACK 347 TRACK SILVER / BLACK | [IBGB2400000554452] [DFSH347009-SILV_C_36_41_12] PACK 347 TRACK SILVER / BLACK
CLABD/Stock/StorageBD/CLA-072-12-02-03;45;BLACK;D+A;114;40;[IBGB2400000773252] [DFSH370006-GREY-41] NORDIC SHINY GREY (41) | [IBGB2400000773252] [DFSH370006-GREY-40] NORDIC SHINY GREY (40) | [IBGB2400000773252] [DFSH370006-GREY-39] NORDIC SHINY GREY (39) | [IBGB2400000773252] [DFSH370006-GREY-42] NORDIC SHINY GREY (42) | [IBGB2400000773252] [DFSH370006-GREY-38] NORDIC SHINY GREY (38) | [IBGB2400000773252] [DFSH370006-GREY-37] NORDIC SHINY GREY (37) | [IBGB2400000773248] [DFSH371004-TAN-36] BOOTS NORDIC.V2 BASIC LOW TAN (36) | [IBGB2400000773248] [DFSH371004-TAN-37] BOOTS NORDIC.V2 BASIC LOW TAN (37) | [IBGB2400000773248] [DFSH371004-TAN-38] BOOTS NORDIC.V2 BASIC LOW TAN (38) | [IBGB2400000773248] [DFSH371004-TAN-39] BOOTS NORDIC.V2 BASIC LOW TAN (39) | [IBGB2400000773248] [DFSH371004-TAN-40] BOOTS NORDIC.V2 BASIC LOW TAN (40) | [IBGB2400000773248] [DFSH371004-TAUP-41] BOOTS NORDIC.V2 BASIC LOW TAUPE (41) | [IBGB2400000773246] [DFSH371004-TAN-41] BOOTS NORDIC.V2 BASIC LOW TAN (41) | [IBGB2400000773246] [DFSH371004-TAN-40] BOOTS NORDIC.V2 BASIC LOW TAN (40) | [IBGB2400000773246] [DFSH371004-TAN-39] BOOTS NORDIC.V2 BASIC LOW TAN (39) | [IBGB2400000773246] [DFSH371004-TAN-38] BOOTS NORDIC.V2 BASIC LOW TAN (38) | [IBGB2400000773246] [DFSH371004-TAN-37] BOOTS NORDIC.V2 BASIC LOW TAN (37) | [IBGB2400000773246] [DFSH371004-TAN-36] BOOTS NORDIC.V2 BASIC LOW TAN (36) | [IBGB2400000773245] [DFSH371004-TAN-36] BOOTS NORDIC.V2 BASIC LOW TAN (36) | [IBGB2400000773245] [DFSH371004-TAN-37] BOOTS NORDIC.V2 BASIC LOW TAN (37) | [IBGB2400000773245] [DFSH371004-TAN-38] BOOTS NORDIC.V2 BASIC LOW TAN (38) | [IBGB2400000773245] [DFSH371004-TAN-39] BOOTS NORDIC.V2 BASIC LOW TAN (39) | [IBGB2400000773245] [DFSH371004-TAN-40] BOOTS NORDIC.V2 BASIC LOW TAN (40) | [IBGB2400000773245] [DFSH371004-TAN-41] BOOTS NORDIC.V2 BASIC LOW TAN (41)
CLAGD/Stock/StorageGD/CLA-072-13-02-01;70;GOLD;B+D+C+A;31;60;[IBGG2400000391729] [COSH280001-NAVY-30] School Shoes Navy (30) | [IBGG2400000391729] [COSH280001-NAVY-29] School Shoes Navy (29) | [IBGG2400000391729] [COSH280002-NAVY-36] School Shoes Navy (36) | [IBGG2400000391729] [COSH280002-NAVY-35] School Shoes Navy (35) | [IBGG2400000391729] [COSH280001-NAVY-32] School Shoes Navy (32) | [IBGG2400000391729] [COSH280002-NAVY-32] School Shoes Navy (32) | [IBGG2400000391729] [COSH280001-NAVY-35] School Shoes Navy (35) | [IBGG2400000391729] [COSH280002-NAVY-34] School Shoes Navy (34) | [IBGG2400000391729] [COSH280001-NAVY-34] School Shoes Navy (34) | [IBGG2400000391729] [COSH280001-NAVY-28] School Shoes Navy (28) | [IBGG2400000391729] [COSH280001-NAVY-33] School Shoes Navy (33) | [IBGG2400000391707] [BWSH346002-BEIG-40] 346002 BEIGE (40) | [IBGG2400000391707] [BWSH346002-BEIG-37] 346002 BEIGE (37) | [IBGG2400000391707] [BWSH346002-BEIG-36] 346002 BEIGE (36) | [IBGG2400000391707] [BWSH346002-BEIG-41] 346002 BEIGE (41) | [IBGG2400000391707] [BWSH346002-BEIG-38] 346002 BEIGE (38) | [IBGG2400000391707] [BWSH346002-BEIG-39] 346002 BEIGE (39) | [IBGG2400000391704] [KV226810-0048-38] CANVAS CRUDO                                       (38) | [IBGG2400000391704] [KV226810-0048-37] CANVAS CRUDO                                       (37) | [IBGG2400000391704] [KV226810-0048-36] CANVAS CRUDO                                       (36) | [IBGG2400000391704] [KV226810-0048-41] CANVAS CRUDO                                       (41) | [IBGG2400000391704] [KV226810-0048-40] CANVAS CRUDO                                       (40) | [IBGG2400000391704] [KV226810-0048-39] CANVAS CRUDO                                       (39) | [IBGG2400000391653] [COSH264002-PEWT-22] SNEAKERS GLITTER PEWTER (22) | [IBGG2400000391651] [COSH200002-NAVY-34] School Shoes Navy (34) | [IBGG2400000391642] [BWSH347001-BLAC-36] 347001 BLACK (36) | [IBGG2400000391642] [BWSH347001-BLAC-41] 347001 BLACK (41) | [IBGG2400000391642] [BWSH347001-BLAC-38] 347001 BLACK (38) | [IBGG2400000391642] [BWSH347001-BLAC-37] 347001 BLACK (37) | [IBGG2400000391642] [BWSH347001-BLAC-39] 347001 BLACK (39) | [IBGG2400000391642] [BWSH347001-BLAC-40] 347001 BLACK (40)
CLAGD/Stock/StorageGD/CLA-072-13-03-01;49;GOLD;A+D+C+B;31;40;[IBGG2400000391811] [BJSH543008-TAN-40] AUSTRALIAN BOOT LOW TAN  (40) | [IBGG2400000391811] [BJSH543008-TAN-39] AUSTRALIAN BOOT LOW TAN  (39) | [IBGG2400000391811] [BJSH543008-TAN-38] AUSTRALIAN BOOT LOW TAN  (38) | [IBGG2400000391811] [BJSH543008-TAN-37] AUSTRALIAN BOOT LOW TAN  (37) | [IBGG2400000391811] [BJSH543008-TAN-33] AUSTRALIAN BOOT LOW TAN  (33) | [IBGG2400000391811] [BJSH543008-TAN-34] AUSTRALIAN BOOT LOW TAN  (34) | [IBGG2400000391811] [BJSH543008-TAN-36] AUSTRALIAN BOOT LOW TAN  (36) | [IBGG2400000391811] [BJSH543008-TAN-35] AUSTRALIAN BOOT LOW TAN  (35) | [IBGG2400000391809] [BWSH543008-TAN-41] AUSTRALIAN BOOT HIGH TAN (41) | [IBGG2400000391809] [BWSH543008-TAN-40] AUSTRALIAN BOOT HIGH TAN (40) | [IBGG2400000391809] [BWSH543008-TAN-39] AUSTRALIAN BOOT HIGH TAN (39) | [IBGG2400000391809] [BWSH543008-TAN-38] AUSTRALIAN BOOT HIGH TAN (38) | [IBGG2400000391809] [BWSH543008-TAN-37] AUSTRALIAN BOOT HIGH TAN (37) | [IBGG2400000391809] [BWSH543008-TAN-36] AUSTRALIAN BOOT HIGH TAN (36) | [IBGG2400000391794] [28011-0002-30] NAPA MARINO (30) | [IBGG2400000391794] [28012-0002-27] NAPA MARINO (27) | [IBGG2400000391794] [28011-0002-26] NAPA MARINO (26) | [IBGG2400000391794] [28001-0020-25] Girl's Black Washable Leather School Shoes (25) | [IBGG2400000391794] [KIS10219-0047-20] Baby's Bronze Metallized Mary Janes (20) | [IBGG2400000391794] [JIS10278-0078-23] Baby's Leopard Print Glitter Mary Janes (23) | [IBGG2400000391794] [JIS10278-0078-22] Baby's Leopard Print Glitter Mary Janes (22) | [IBGG2400000391794] [MI126578-0002-25] MICRO MARINO (25) | [IBGG2400000391794] [MI126578-0002-24] MICRO MARINO (24) | [IBGG2400000391794] [OSSH102088-TAUP-22] TAUPE (22) | [IBGG2400000391794] [MI126581-0021-27] CHAROL GRIS (27) | [IBGG2400000391794] [MI126578-0002-28] MICRO MARINO (28) | [IBGG2400000391794] [28001-0002-32] Girl's Navy Washable Leather School Shoes (32) | [IBGG2400000391640] [BWSH190017-BLAC-41] AUSTRALIAS BOOTS  LOW BLACK (41) | [IBGG2400000391640] [BWSH190017-BLAC-40] AUSTRALIAS BOOTS  LOW BLACK (40) | [IBGG2400000391640] [BWSH190017-BLAC-39] AUSTRALIAS BOOTS  LOW BLACK (39) | [IBGG2400000391640] [BWSH190017-BLAC-38] AUSTRALIAS BOOTS  LOW BLACK (38) | [IBGG2400000391640] [BWSH190017-BLAC-37] AUSTRALIAS BOOTS  LOW BLACK (37) | [IBGG2400000391640] [BWSH190017-BLAC-36] AUSTRALIAS BOOTS  LOW BLACK (36)
CLAGD/Stock/StorageGD/CLA-072-13-03-03;27;GOLD;A+D;106;30;[IBGG2400000340342] [BJSH543008-TAUP-38] AUSTRALIAN BOOT LOW TAUPE  (38) | [IBGG2400000340342] [BJSH543008-TAUP-37] AUSTRALIAN BOOT LOW TAUPE  (37) | [IBGG2400000340342] [BJSH543008-TAUP-39] AUSTRALIAN BOOT LOW TAUPE  (39) | [IBGG2400000340342] [BJSH543008-TAUP-40] AUSTRALIAN BOOT LOW TAUPE  (40) | [IBGG2400000340342] [BJSH543008-TAUP-34] AUSTRALIAN BOOT LOW TAUPE  (34) | [IBGG2400000340342] [BJSH543008-TAUP-35] AUSTRALIAN BOOT LOW TAUPE  (35) | [IBGG2400000340342] [BJSH543008-TAUP-36] AUSTRALIAN BOOT LOW TAUPE  (36) | [IBGG2400000340338] [COSH586026-ANTR-30] MARY JANE STRASS HEART ANTRACITA (30) | [IBGG2400000340338] [COSH586026-ANTR-26] MARY JANE STRASS HEART ANTRACITA (26) | [IBGG2400000340338] [COSH586026-ANTR-31] MARY JANE STRASS HEART ANTRACITA (31) | [IBGG2400000340336] [BJSH543008-TAUP-33] AUSTRALIAN BOOT LOW TAUPE  (33) | [IBGG2400000340336] [BJSH543008-TAUP-34] AUSTRALIAN BOOT LOW TAUPE  (34) | [IBGG2400000340336] [BJSH543008-TAUP-35] AUSTRALIAN BOOT LOW TAUPE  (35) | [IBGG2400000340336] [BJSH543008-TAUP-36] AUSTRALIAN BOOT LOW TAUPE  (36) | [IBGG2400000340336] [BJSH543008-TAUP-38] AUSTRALIAN BOOT LOW TAUPE  (38) | [IBGG2400000340336] [BJSH543008-TAUP-39] AUSTRALIAN BOOT LOW TAUPE  (39) | [IBGG2400000340336] [BJSH543008-TAUP-40] AUSTRALIAN BOOT LOW TAUPE  (40) | [IBGG2400000340336] [BJSH543008-TAUP-37] AUSTRALIAN BOOT LOW TAUPE  (37)
CLAGD/Stock/StorageGD/CLA-072-14-01-03;64;GOLD;C+A+D;319;60;[IBGG2400000327614] [BWSH300083-BLAC-38] CANVAS BLACK LOW (38) | [IBGG2400000327614] [BWSH300083-BLAC-39] CANVAS BLACK LOW (39) | [IBGG2400000327614] [BWSH300083-BLAC-41] CANVAS BLACK LOW (41) | [IBGG2400000327614] [BWSH300083-BLAC-40] CANVAS BLACK LOW (40) | [IBGG2400000327614] [BWSH300083-BLAC-37] CANVAS BLACK LOW (37) | [IBGG2400000327614] [BWSH300083-BLAC-36] CANVAS BLACK LOW (36) | [IBGG2400000327612] [BJSH542020-NAVY-41] Australian Boots Water Repellent Navy (41) | [IBGG2400000327606] [BJSH542020-TAN-38] Australian Boots Water Repellent Tan (38) | [IBGG2400000327605] [BJSH542020-TAN-38] Australian Boots Water Repellent Tan (38) | [IBGG2400000327602] [COSH542084-BRON-30] AUSTRALIAN BOOT PLUSH BRONZE (30) | [IBGG2400000150179] [NV128537-0037-34] CHAMPION TAUPE (34) | [IBGG2400000150179] [NV128537-0037-30] CHAMPION TAUPE (30) | [IBGG2400000150179] [NV128537-0037-31] CHAMPION TAUPE (31) | [IBGG2400000150179] [NV128537-0037-35] CHAMPION TAUPE (35) | [IBGG2400000150179] [NV128537-0037-27] CHAMPION TAUPE (27) | [IBGG2400000150179] [NV128537-0037-26] CHAMPION TAUPE (26) | [IBGG2400000150179] [NV128537-0037-25] CHAMPION TAUPE (25) | [IBGG2400000150179] [NV128537-0037-24] CHAMPION TAUPE (24) | [IBGG2400000150179] [NV128537-0037-33] CHAMPION TAUPE (33) | [IBGG2400000150179] [NV128537-0037-28] CHAMPION TAUPE (28) | [IBGG2400000150179] [NV128537-0037-29] CHAMPION TAUPE (29) | [IBGG2400000150179] [NV128537-0037-32] CHAMPION TAUPE (32)
CLAGD/Stock/StorageGD/CLA-072-15-01-03;124;GOLD;D+B+C+A;585;120;[FGD 000051400029] [MV231601-0020-36] BLACK                                              (36) | [FGD 000051400029] [MV231601-0020-37] BLACK                                              (37) | [FGD 000051400029] [MV231601-0020-38] BLACK                                              (38) | [FGD 000051400029] [MV231601-0020-39] BLACK                                              (39) | [FGD 000051400029] [MV231601-0020-40] BLACK                                              (40) | [FGD 000051400025] [MV231601-0020-36] BLACK                                              (36) | [FGD 000051400025] [MV231601-0020-37] BLACK                                              (37) | [FGD 000051400025] [MV231601-0020-38] BLACK                                              (38) | [FGD 000051400025] [MV231601-0020-39] BLACK                                              (39) | [FGD 000051400025] [MV231601-0020-40] BLACK                                              (40) | [FGD 000051400024] [MV231601-0020-36] BLACK                                              (36) | [FGD 000051400024] [MV231601-0020-37] BLACK                                              (37) | [FGD 000051400024] [MV231601-0020-38] BLACK                                              (38) | [FGD 000051400024] [MV231601-0020-39] BLACK                                              (39) | [FGD 000051400024] [MV231601-0020-40] BLACK                                              (40) | [FGD 000051400017] [MV231601-0020-36] BLACK                                              (36) | [FGD 000051400017] [MV231601-0020-37] BLACK                                              (37) | [FGD 000051400017] [MV231601-0020-38] BLACK                                              (38) | [FGD 000051400017] [MV231601-0020-39] BLACK                                              (39) | [FGD 000051400017] [MV231601-0020-40] BLACK                                              (40) | [FGD 000051400016] [MV231601-0020-36] BLACK                                              (36) | [FGD 000051400016] [MV231601-0020-37] BLACK                                              (37) | [FGD 000051400016] [MV231601-0020-38] BLACK                                              (38) | [FGD 000051400016] [MV231601-0020-39] BLACK                                              (39) | [FGD 000051400016] [MV231601-0020-40] BLACK                                              (40) | [IBGG2400000137633] [MV230026-0371-38] Multicolour Solar Sneakers (38) | [IBGG2400000137633] [MV230026-0371-37] Multicolour Solar Sneakers (37) | [IBGG2400000137633] [MV230026-0371-40] Multicolour Solar Sneakers (40) | [IBGG2400000137633] [MV230026-0371-41] Multicolour Solar Sneakers (41) | [IBGG2400000024802] [COSH542021-TAUP_C_27_27_10] Pack AUSTRALIAN BOOTS PLUSH WATER REPELLENT TAUPE (27) x 10 unid | [IBGG2400000049718] [COSH282101-WHIT_C_33_33_10] PACK SNEAKERS LOW FLOWERS WHITE / MULTI | [IBGG2400000049715] [COSH282101-WHIT_C_33_33_10] PACK SNEAKERS LOW FLOWERS WHITE / MULTI | [IBGG2400000049707] [COSH282101-WHIT_C_31_31_10] PACK SNEAKERS LOW FLOWERS WHITE / MULTI | [IBGG2400000049690] [COSH282101-WHIT_C_29_29_10] PACK SNEAKERS LOW FLOWERS WHITE / MULTI | [IBGB2400000349485] [MV231601-0001-37] WHITE (37) | [IBGB2400000349485] [MV231601-0020-38] BLACK                                              (38) | [IBGB2400000349485] [MV231605-0020-37] Black / White Rider Platform Sneakers (37) | [IBGB2400000349485] [IIK10141-0020-37] Gumme Patent White (copia) (37) | [IBGB2400000349485] [HIK10104-0481-36] COBRE (copia) (36) | [IBGB2400000349485] [HIK10104-0399-39] CROMO (copia) (39) | [IBGB2400000349485] [HIK10104-0399-41] CROMO (copia) (41) | [IBGB2400000349485] [LI558635-0160-36] VACA                                               (36) | [IBGB2400000349485] [LI558636-0054-37] CEBRA                                              (37)
CLAGD/Stock/StorageGD/CLA-072-15-03-01;80;GOLD;B+C+A;725;80;[IBG2023000785041] [BJSH542021-TAN_C_22_22_10] Pack Australian Boots Water Repellent Tan (22) x 10 unid | [IBG2023000785034] [BJSH542021-TAN_C_22_22_10] Pack Australian Boots Water Repellent Tan (22) x 10 unid | [IBG2023000784983] [BJSH542021-TAN_C_22_22_10] Pack Australian Boots Water Repellent Tan (22) x 10 unid | [FGD 000054150069] [MV232304-0037_C_39_39_10] Pack TAUPE | [FGD 000054150068] [MV232304-0037_C_39_39_10] Pack TAUPE | [FGD 000054150066] [MV232304-0037_C_38_38_10] Pack TAUPE | [FGD 000054150062] [MV232304-0037_C_37_37_10] Pack TAUPE | [FGD 000000043157] [MI219001-0020_C_37_37_10] Pack WATERREPELLENT MICRO BLACK
CLAGD/Stock/StorageGD/CLA-072-15-03-02;158;GOLD;A+B+C;725;150;[IBGG2400000012250] [COSH283092-MULT_C_32_32_10] Pack SNEAKERS FANTASY MULTICOLOR (32) x 10 unid | [IBGG2400000012249] [COSH283092-MULT_C_31_31_10] Pack SNEAKERS FANTASY MULTICOLOR (31) x 10 unid | [IBGG2400000012243] [COSH283092-MULT_C_30_30_10] Pack SNEAKERS FANTASY MULTICOLOR (30) x 10 unid | [IBGG2400000012226] [COSH283092-MULT_C_28_28_10] Pack SNEAKERS FANTASY MULTICOLOR (28) x 10 unid | [IBGG2400000012222] [COSH283092-MULT_C_27_27_10] Pack SNEAKERS FANTASY MULTICOLOR (27) x 10 unid | [IBGG2400000012221] [COSH283092-MULT_C_27_27_10] Pack SNEAKERS FANTASY MULTICOLOR (27) x 10 unid | [IBGG2400000012216] [COSH283092-MULT_C_26_26_10] Pack SNEAKERS FANTASY MULTICOLOR (26) x 10 unid | [IBGG2400000025235] [COSH542021-TAN_C_27_27_10] Pack AUSTRALIAN BOOTS PLUSH WATER REPELLENT TAN (27) x 10 unid | [IBGG2400000025231] [COSH542021-TAN_C_27_27_10] Pack AUSTRALIAN BOOTS PLUSH WATER REPELLENT TAN (27) x 10 unid | [IBGG2400000024785] [COSH542021-TAUP_C_26_26_10] Pack AUSTRALIAN BOOTS PLUSH WATER REPELLENT TAUPE (26) x 10 unid | [IBGG2400000024778] [COSH542021-TAUP_C_26_26_10] Pack AUSTRALIAN BOOTS PLUSH WATER REPELLENT TAUPE (26) x 10 unid | [IBGG2400000003551] [COSH116001-BEIG_C_30_30_12] Pack SLIDES BEIGE (30) x 12 unid | [IBGG2400000003550] [COSH116001-BEIG_C_29_29_12] Pack SLIDES BEIGE (29) x 12 unid | [IBG2023000650578] [COSH249005-PINK_C_36_36_12] Pack Sneakers  Napa Pink (36) x 12 unid | [IBG2023000650103] [COSH249005-GREY_C_35_35_12] Pack Sneakers  Napa Grey (35) x 12 unid
CLAGD/Stock/StorageGD/CLA-072-16-01-03;75;GOLD;C+B+D+A;508;70;[IBGG2400000391939] [MV232308-0037-40] Taupe Platform Sandals (40) | [IBGG2400000391938] [MV232301-0020-39] Black Chain Platform Sandals (39) | [IBGG2400000391938] [MV232301-0020-40] Black Chain Platform Sandals (40) | [IBGG2400000391936] [BJSH527060-OFFW-37] CANVAS WHITE HIGH (37) | [IBGG2400000391936] [BJSH527060-OFFW-35] CANVAS WHITE HIGH (35) | [IBGG2400000391936] [BJSH527060-OFFW-36] CANVAS WHITE HIGH (36) | [IBGG2400000391936] [BJSH527060-OFFW-38] CANVAS WHITE HIGH (38) | [IBGG2400000391936] [BJSH527060-OFFW-34] CANVAS WHITE HIGH (34) | [IBGG2400000391936] [BJSH527060-OFFW-33] CANVAS WHITE HIGH (33) | [IBGG2400000391936] [BJSH527060-OFFW-32] CANVAS WHITE HIGH (32) | [IBGG2400000391936] [BJSH527060-OFFW-40] CANVAS WHITE HIGH (40) | [IBGG2400000391936] [BJSH527060-OFFW-39] CANVAS WHITE HIGH (39) | [IBGG2400000391908] [MV232304-0020-37] Black Buckle Platform Sandals (37) | [IBGG2400000391901] [TESH516004-PINK-20] TECNOBABY CASUAL SNEAKERS PATENT HEARTS PINK (20) | [IBGG2400000391901] [TESH516004-PINK-21] TECNOBABY CASUAL SNEAKERS PATENT HEARTS PINK (21) | [IBGG2400000391901] [TESH516004-PINK-22] TECNOBABY CASUAL SNEAKERS PATENT HEARTS PINK (22) | [IBGG2400000391901] [TESH516004-PINK-25] TECNOBABY CASUAL SNEAKERS PATENT HEARTS PINK (25) | [IBGG2400000391901] [TESH516004-PINK-24] TECNOBABY CASUAL SNEAKERS PATENT HEARTS PINK (24) | [IBGG2400000391901] [TESH516004-PINK-23] TECNOBABY CASUAL SNEAKERS PATENT HEARTS PINK (23) | [IBGG2400000017730] [BWSH362002-BLAC_C_36_41_9] Pack SNEAKERS LACES GLITTER BLACK | [IBGG2400000017730] [BWSH362002-BLAC_C_36_41_9] Pack SNEAKERS LACES GLITTER BLACK | [IBGG2400000017730] [BWSH362002-BLAC_C_36_41_9] Pack SNEAKERS LACES GLITTER BLACK | [IBGG2400000017730] [BWSH362002-BLAC_C_36_41_9] Pack SNEAKERS LACES GLITTER BLACK | [IBGG2400000017730] [BWSH362002-BLAC_C_36_41_9] Pack SNEAKERS LACES GLITTER BLACK | [IBGG2400000017730] [BWSH362002-BLAC_C_36_41_9] Pack SNEAKERS LACES GLITTER BLACK | [IBGG2400000017669] [BJSH362003-SILV_C_34_40_12] Pack SNEAKER LACES HIGH SHINNY SILVER | [IBGG2400000017669] [BJSH362003-SILV_C_34_40_12] Pack SNEAKER LACES HIGH SHINNY SILVER | [IBGG2400000017669] [BJSH362003-SILV_C_34_40_12] Pack SNEAKER LACES HIGH SHINNY SILVER | [IBGG2400000017669] [BJSH362003-SILV_C_34_40_12] Pack SNEAKER LACES HIGH SHINNY SILVER | [IBGG2400000017669] [BJSH362003-SILV_C_34_40_12] Pack SNEAKER LACES HIGH SHINNY SILVER | [IBGG2400000017669] [BJSH362003-SILV_C_34_40_12] Pack SNEAKER LACES HIGH SHINNY SILVER | [IBGG2400000017669] [BJSH362003-SILV_C_34_40_12] Pack SNEAKER LACES HIGH SHINNY SILVER
CLAGD/Stock/StorageGD/CLA-072-17-01-01;132;GOLD;B+D+A;579;130;[IBGG2400000080382] [BJSH387004-MULT-32] SNEAKERS MULTI (32) | [IBGG2400000080382] [BJSH387004-MULT-33] SNEAKERS MULTI (33) | [IBGG2400000080382] [BJSH387004-MULT-34] SNEAKERS MULTI (34) | [IBGG2400000080382] [BJSH387004-MULT-35] SNEAKERS MULTI (35) | [IBGG2400000080382] [BJSH387004-MULT-36] SNEAKERS MULTI (36) | [IBGG2400000080382] [BJSH387004-MULT-37] SNEAKERS MULTI (37) | [IBGG2400000080382] [BJSH387004-MULT-38] SNEAKERS MULTI (38) | [IBGG2400000080382] [BJSH387004-MULT-39] SNEAKERS MULTI (39) | [IBGG2400000080382] [BJSH387004-MULT-40] SNEAKERS MULTI (40) | [IBGG2400000037018] [COSH200001-NAVY-36] School Shoes Navy (36) | [IBGG2400000037004] [COSH200001-NAVY-31] School Shoes Navy (31) | [IBGG2400000028418] [BJSH543001-TAUP_C_40_40_10] Pack Australian Boots Water Repellent Taupe (40) x 10 unid | [IBGG2400000020399] [BJSH542090-BLAC_C_39_39_10] Pack AUSTRALIAN BOOT BOMB BLACK  (39) x 10 unid | [IBGG2400000012261] [COSH283092-MULT_C_33_33_10] Pack SNEAKERS FANTASY MULTICOLOR (33) x 10 unid | [IBGG2400000012258] [COSH283092-MULT_C_33_33_10] Pack SNEAKERS FANTASY MULTICOLOR (33) x 10 unid | [IBGG2400000012225] [COSH283092-MULT_C_27_27_10] Pack SNEAKERS FANTASY MULTICOLOR (27) x 10 unid | [IBGG2400000010378] [COSH542020-TAN_C_23_23_10] Pack AUSTRALIAN BOOTS WATER REPELLENT TAN (23) x 10 unid | [IBG2022000297356] [COSH283094-GOLD-24] SNEAKERS PATCHWORK GOLD (24) | [FGD 000000011751] [KI229004-0022_C_36_41_9] Pack BÚFALO MARRÓN | [FGD 000000011751] [KI229004-0022_C_36_41_9] Pack BÚFALO MARRÓN | [FGD 000000011751] [KI229004-0022_C_36_41_9] Pack BÚFALO MARRÓN | [FGD 000000011751] [KI229004-0022_C_36_41_9] Pack BÚFALO MARRÓN | [FGD 000000011751] [KI229004-0022_C_36_41_9] Pack BÚFALO MARRÓN | [FGD 000000011751] [KI229004-0022_C_36_41_9] Pack BÚFALO MARRÓN | [FGD 000000011747] [KI229004-0022_C_36_41_9] Pack BÚFALO MARRÓN | [FGD 000000011747] [KI229004-0022_C_36_41_9] Pack BÚFALO MARRÓN | [FGD 000000011747] [KI229004-0022_C_36_41_9] Pack BÚFALO MARRÓN | [FGD 000000011747] [KI229004-0022_C_36_41_9] Pack BÚFALO MARRÓN | [FGD 000000011747] [KI229004-0022_C_36_41_9] Pack BÚFALO MARRÓN | [FGD 000000011747] [KI229004-0022_C_36_41_9] Pack BÚFALO MARRÓN | [FGD 000000011745] [KI229004-0022_C_36_41_9] Pack BÚFALO MARRÓN | [FGD 000000011745] [KI229004-0022_C_36_41_9] Pack BÚFALO MARRÓN | [FGD 000000011745] [KI229004-0022_C_36_41_9] Pack BÚFALO MARRÓN | [FGD 000000011745] [KI229004-0022_C_36_41_9] Pack BÚFALO MARRÓN | [FGD 000000011745] [KI229004-0022_C_36_41_9] Pack BÚFALO MARRÓN | [FGD 000000011745] [KI229004-0022_C_36_41_9] Pack BÚFALO MARRÓN
CLAGD/Stock/StorageGD/CLA-072-17-01-02;76;GOLD;D+A+B;25;80;[IBGG2400000394452] [NV130157-0371-34] METALIZADO MULTI PLATINO (34) | [IBGG2400000394452] [NV130157-0371-29] METALIZADO MULTI PLATINO (29) | [IBGG2400000394452] [NV130157-0371-30] METALIZADO MULTI PLATINO (30) | [IBGG2400000394452] [NV130157-0371-32] METALIZADO MULTI PLATINO (32) | [IBGG2400000394452] [NV130157-0371-35] METALIZADO MULTI PLATINO (35) | [IBGG2400000394452] [NV130157-0371-33] METALIZADO MULTI PLATINO (33) | [IBGG2400000394452] [NV130157-0371-31] METALIZADO MULTI PLATINO (31) | [IBGG2400000394452] [NV130157-0371-25] METALIZADO MULTI PLATINO (25) | [IBGG2400000394452] [NV130157-0371-28] METALIZADO MULTI PLATINO (28) | [IBGG2400000394452] [NV130157-0371-27] METALIZADO MULTI PLATINO (27) | [IBGG2400000394452] [NV130157-0371-26] METALIZADO MULTI PLATINO (26) | [IBGG2400000394452] [NV130157-0371-36] METALIZADO MULTI PLATINO (36) | [IBGG2400000394422] [BJSH543002-TAN-39] Australian Boots Water Repellent Fur Tan (39) | [IBGG2400000394410] [BJSH543002-TAN-37] Australian Boots Water Repellent Fur Tan (37) | [IBGG2400000394388] [BJSH543008-TAUP-40] AUSTRALIAN BOOT LOW TAUPE  (40) | [IBGG2400000394388] [BJSH543008-TAUP-33] AUSTRALIAN BOOT LOW TAUPE  (33) | [IBGG2400000394384] [BJSH543008-BLAC-36] AUSTRALIAN BOOT LOW BLACK  (36) | [IBGG2400000394384] [BJSH543008-BLAC-41] AUSTRALIAN BOOT LOW BLACK  (41) | [IBGG2400000394380] [BJSH543008-TAUP-34] AUSTRALIAN BOOT LOW TAUPE  (34) | [IBGG2400000394380] [BJSH543008-TAUP-39] AUSTRALIAN BOOT LOW TAUPE  (39) | [IBGG2400000394372] [BJSH543008-BLAC-41] AUSTRALIAN BOOT LOW BLACK  (41) | [IBGG2400000394372] [BJSH543008-TAUP-33] AUSTRALIAN BOOT LOW TAUPE  (33) | [IBGG2400000394368] [BJSH543008-TAUP-33] AUSTRALIAN BOOT LOW TAUPE  (33) | [IBGG2400000394368] [OSSH140120-PINK-27] AUSTRALIAN BOOT PATENT PINK (27) | [IBGG2400000394368] [OSSH140120-PINK-31] AUSTRALIAN BOOT PATENT PINK (31)
CLAGD/Stock/StorageGD/CLA-072-17-01-03;64;GOLD;B+C+A;690;60;[IBG2023001519805] [BJSH542020-TAN_C_26_26_10] Pack Australian Boots Water Repellent Tan (26) x 10 unid | [IBG2023000811818] [BJSH543001-BLAC_C_33_33_10] Pack Australian Boots Water Repellent Black (33) x 10 unid | [IBGG2400000028217] [BJSH543001-TAN_C_33_33_10] Pack Australian Boots Water Repellent Tan (33) x 10 unid | [IBGG2400000020463] [BJSH373001-GOLD_C_32_40_12] Pack BOOT METALLIC GOLD | [IBGG2400000020463] [BJSH373001-GOLD_C_32_40_12] Pack BOOT METALLIC GOLD | [IBGG2400000020463] [BJSH373001-GOLD_C_32_40_12] Pack BOOT METALLIC GOLD | [IBGG2400000020463] [BJSH373001-GOLD_C_32_40_12] Pack BOOT METALLIC GOLD | [IBGG2400000020463] [BJSH373001-GOLD_C_32_40_12] Pack BOOT METALLIC GOLD | [IBGG2400000020463] [BJSH373001-GOLD_C_32_40_12] Pack BOOT METALLIC GOLD | [IBGG2400000020463] [BJSH373001-GOLD_C_32_40_12] Pack BOOT METALLIC GOLD | [IBGG2400000020463] [BJSH373001-GOLD_C_32_40_12] Pack BOOT METALLIC GOLD | [IBGG2400000020463] [BJSH373001-GOLD_C_32_40_12] Pack BOOT METALLIC GOLD | [IBGG2400000020451] [BJSH373001-GOLD_C_32_40_12] Pack BOOT METALLIC GOLD | [IBGG2400000020451] [BJSH373001-GOLD_C_32_40_12] Pack BOOT METALLIC GOLD | [IBGG2400000020451] [BJSH373001-GOLD_C_32_40_12] Pack BOOT METALLIC GOLD | [IBGG2400000020451] [BJSH373001-GOLD_C_32_40_12] Pack BOOT METALLIC GOLD | [IBGG2400000020451] [BJSH373001-GOLD_C_32_40_12] Pack BOOT METALLIC GOLD | [IBGG2400000020451] [BJSH373001-GOLD_C_32_40_12] Pack BOOT METALLIC GOLD | [IBGG2400000020451] [BJSH373001-GOLD_C_32_40_12] Pack BOOT METALLIC GOLD | [IBGG2400000020451] [BJSH373001-GOLD_C_32_40_12] Pack BOOT METALLIC GOLD | [IBGG2400000020451] [BJSH373001-GOLD_C_32_40_12] Pack BOOT METALLIC GOLD | [IBGG2400000011705] [COSH283005-WHIT_C_27_27_10] Pack Sneakers  Napa White (27) x 10 unid
CLAGD/Stock/StorageGD/CLA-072-17-03-01;162;GOLD;A+B+D;579;160;[IBGG2400000010886] [COSH542020-TAUP_C_32_32_10] Pack AUSTRALIAN BOOTS WATER REPELLENT TAUPE (32) x 10 unid | [IBGG2400000010883] [COSH542020-TAUP_C_32_32_10] Pack AUSTRALIAN BOOTS WATER REPELLENT TAUPE (32) x 10 unid | [IBGG2400000010865] [COSH542020-TAUP_C_32_32_10] Pack AUSTRALIAN BOOTS WATER REPELLENT TAUPE (32) x 10 unid | [IBGG2400000010860] [COSH542020-TAUP_C_31_31_10] Pack AUSTRALIAN BOOTS WATER REPELLENT TAUPE (31) x 10 unid | [IBGG2400000010857] [COSH542020-TAUP_C_31_31_10] Pack AUSTRALIAN BOOTS WATER REPELLENT TAUPE (31) x 10 unid | [IBGG2400000010852] [COSH542020-TAUP_C_31_31_10] Pack AUSTRALIAN BOOTS WATER REPELLENT TAUPE (31) x 10 unid | [IBGG2400000010808] [COSH542020-TAUP_C_30_30_10] Pack AUSTRALIAN BOOTS WATER REPELLENT TAUPE (30) x 10 unid | [IBGG2400000010807] [COSH542020-TAUP_C_30_30_10] Pack AUSTRALIAN BOOTS WATER REPELLENT TAUPE (30) x 10 unid | [IBGG2400000010806] [COSH542020-TAUP_C_30_30_10] Pack AUSTRALIAN BOOTS WATER REPELLENT TAUPE (30) x 10 unid | [IBGG2400000010774] [COSH542020-TAUP_C_28_28_10] Pack AUSTRALIAN BOOTS WATER REPELLENT TAUPE (28) x 10 unid | [IBGG2400000010773] [COSH542020-TAUP_C_28_28_10] Pack AUSTRALIAN BOOTS WATER REPELLENT TAUPE (28) x 10 unid | [IBGG2400000010762] [COSH542020-TAUP_C_28_28_10] Pack AUSTRALIAN BOOTS WATER REPELLENT TAUPE (28) x 10 unid | [IBGG2400000010761] [COSH542020-TAUP_C_28_28_10] Pack AUSTRALIAN BOOTS WATER REPELLENT TAUPE (28) x 10 unid | [IBGG2400000010760] [COSH542020-TAUP_C_28_28_10] Pack AUSTRALIAN BOOTS WATER REPELLENT TAUPE (28) x 10 unid | [IBGG2400000010758] [COSH542020-TAUP_C_28_28_10] Pack AUSTRALIAN BOOTS WATER REPELLENT TAUPE (28) x 10 unid | [FBW 000000024584] [HI222003-0399_C_36_41_12] Pack MAGNESIO | [FBW 000000024584] [HI222003-0399_C_36_41_12] Pack MAGNESIO | [FBW 000000024584] [HI222003-0399_C_36_41_12] Pack MAGNESIO | [FBW 000000024584] [HI222003-0399_C_36_41_12] Pack MAGNESIO | [FBW 000000024584] [HI222003-0399_C_36_41_12] Pack MAGNESIO | [FBW 000000024584] [HI222003-0399_C_36_41_12] Pack MAGNESIO
CLAGD/Stock/StorageGD/CLA-072-18-01-01;92;GOLD;A+B+C;722;90;[IBGG2400000026806] [BJSH542083-BLAC_C_37_37_10] Pack AUSTRALIAN BOOT LOW BLACK (37) x 10 unid | [IBGG2400000026804] [BJSH542083-BLAC_C_36_36_10] Pack AUSTRALIAN BOOT LOW BLACK (36) x 10 unid | [IBGG2400000019391] [BJSH542020-TAUP_C_34_34_10] Pack Australian Boots Water Repellent Taupe (34) x 10 unid | [IBGG2400000019385] [BJSH542020-TAUP_C_34_34_10] Pack Australian Boots Water Repellent Taupe (34) x 10 unid | [IBG2023001191261] [BJSH355001-OFFW_C_37_37_12] Pack ESPADRILLES OFF WHITE (37) x 12 unid | [IBG2023000798263] [BJSH542020-TAN_C_35_35_10] Pack Australian Boots Water Repellent Tan (35) x 10 unid | [IBG2023000798065] [BJSH542020-TAN_C_34_34_10] Pack Australian Boots Water Repellent Tan (34) x 10 unid | [IBG2023000797990] [BJSH542020-TAN_C_34_34_10] Pack Australian Boots Water Repellent Tan (34) x 10 unid | [IBG2023000797976] [BJSH542020-TAN_C_34_34_10] Pack Australian Boots Water Repellent Tan (34) x 10 unid
CLAGD/Stock/StorageGD/CLA-072-19-01-03;132;GOLD;D+C+A+B;1073;130;[IBGG2400000068332] [MV231601-0020-41] BLACK                                              (41) | [IBGG2400000068332] [MV231601-0020-36] BLACK                                              (36) | [IBGG2400000068332] [MV231601-0020-38] BLACK                                              (38) | [IBGG2400000068332] [MV231601-0020-37] BLACK                                              (37) | [IBGG2400000068332] [MV231611-0020-38] BLACK (38) | [IBGG2400000068332] [MV231601-0020-40] BLACK                                              (40) | [IBGG2400000310381] [BJSH542083-TAN-38] Low Tan Australian Boots B&W (38) | [IBGG2400000310381] [BJSH542020-TAN-41] Australian Boots Water Repellent Tan (41) | [IBGG2400000310381] [BJSH542083-TAUP-37] Low Taupe Australian Boots B&W (37) | [IBGG2400000310381] [BJSH543008-BLAC-38] AUSTRALIAN BOOT LOW BLACK  (38) | [IBGG2400000310381] [BJSH542086-PEWT-41] AUSTRALIAN BOOT LOW PEWTER  (41) | [IBGG2400000310381] [BJSH542083-TAN-37] Low Tan Australian Boots B&W (37) | [IBGG2400000012251] [COSH283092-MULT_C_32_32_10] Pack SNEAKERS FANTASY MULTICOLOR (32) x 10 unid | [IBGG2400000012269] [COSH283092-MULT_C_36_36_10] Pack SNEAKERS FANTASY MULTICOLOR (36) x 10 unid | [IBGG2400000012260] [COSH283092-MULT_C_33_33_10] Pack SNEAKERS FANTASY MULTICOLOR (33) x 10 unid | [IBGG2400000012214] [COSH283092-MULT_C_25_25_10] Pack SNEAKERS FANTASY MULTICOLOR (25) x 10 unid | [IBGG2400000012213] [COSH283092-MULT_C_25_25_10] Pack SNEAKERS FANTASY MULTICOLOR (25) x 10 unid | [IBGG2400000012211] [COSH283092-MULT_C_25_25_10] Pack SNEAKERS FANTASY MULTICOLOR (25) x 10 unid | [IBGG2400000229926] [BJSH377003-WHIT-37] SNEAKERS LACES LOGO WHITE (37) | [IBGG2400000229926] [BJSH377003-WHIT-38] SNEAKERS LACES LOGO WHITE (38) | [IBGG2400000229926] [BJSH377003-WHIT-40] SNEAKERS LACES LOGO WHITE (40) | [IBGG2400000229926] [BJSH377003-WHIT-32] SNEAKERS LACES LOGO WHITE (32) | [IBGG2400000229926] [BJSH377003-WHIT-33] SNEAKERS LACES LOGO WHITE (33) | [IBGG2400000229926] [BJSH377003-WHIT-35] SNEAKERS LACES LOGO WHITE (35) | [IBGG2400000229926] [BJSH377003-WHIT-36] SNEAKERS LACES LOGO WHITE (36) | [IBGG2400000024776] [COSH542021-TAUP_C_26_26_10] Pack AUSTRALIAN BOOTS PLUSH WATER REPELLENT TAUPE (26) x 10 unid | [IBGG2400000205762] [COSH542083-TAUP_C_31_31_10] Pack AUSTRALIAN BOOT LOW TAUPE (31) x 10 unid | [IBGG2400000068337] [MV231601-0020-36] BLACK                                              (36) | [IBGG2400000068337] [MV231601-0020-40] BLACK                                              (40) | [IBGG2400000068337] [MV231601-0020-39] BLACK                                              (39) | [IBGG2400000068337] [MV231601-0020-41] BLACK                                              (41) | [IBGG2400000068337] [MV231611-0020-38] BLACK (38) | [IBGG2400000068337] [MV231601-0020-37] BLACK                                              (37) | [IBG2023000785430] [BJSH542021-TAN_C_24_24_10] Pack Australian Boots Water Repellent Tan (24) x 10 unid
CLAGD/Stock/StorageGD/CLA-072-20-01-02;67;GOLD;D+C+B+A;493;60;[IBGB2400000320122] [MV231601-0020-41] BLACK                                              (41) | [IBGB2400000320122] [MV231601-0020-38] BLACK                                              (38) | [IBGB2400000320122] [MV231602-0054-39] Zebra Platform Rider Hi-Top Sneakers (39) | [IBGB2400000320122] [MV231603-0053-39] LEOPARD (39) | [IBGB2400000320122] [MV231602-0054-37] Zebra Platform Rider Hi-Top Sneakers (37) | [IBGB2400000320122] [MV231602-0054-40] Zebra Platform Rider Hi-Top Sneakers (40) | [IBGB2400000320122] [MV231602-0054-36] Zebra Platform Rider Hi-Top Sneakers (36) | [IBGB2400000320122] [MV231601-0020-37] BLACK                                              (37) | [IBGB2400000320122] [MV231601-0020-36] BLACK                                              (36) | [IBGB2400000320122] [MV231601-0020-39] BLACK                                              (39) | [IBGB2400000320075] [MV231602-0054-36] Zebra Platform Rider Hi-Top Sneakers (36) | [IBGB2400000320075] [MV231601-0020-37] BLACK                                              (37) | [IBGB2400000320075] [MV231601-0020-39] BLACK                                              (39) | [IBGB2400000320075] [MV231601-0020-40] BLACK                                              (40) | [IBGB2400000320075] [MV231602-0054-39] Zebra Platform Rider Hi-Top Sneakers (39) | [IBGB2400000320075] [MV231602-0054-40] Zebra Platform Rider Hi-Top Sneakers (40) | [IBGB2400000320075] [MV231601-0020-36] BLACK                                              (36) | [IBGB2400000320057] [MV231601-0020-36] BLACK                                              (36) | [IBGB2400000320057] [MV231602-0054-40] Zebra Platform Rider Hi-Top Sneakers (40) | [IBGB2400000320057] [MV231601-0020-38] BLACK                                              (38) | [IBGB2400000320057] [MV231601-0020-40] BLACK                                              (40) | [IBGB2400000320057] [MV231601-0020-39] BLACK                                              (39) | [IBGB2400000320057] [MV231602-0054-37] Zebra Platform Rider Hi-Top Sneakers (37) | [IBGB2400000320057] [MV231605-0020-37] Black / White Rider Platform Sneakers (37) | [IBGB2400000320057] [MV231603-0053-39] LEOPARD (39) | [IBGB2400000319994] [MV231602-0054-40] Zebra Platform Rider Hi-Top Sneakers (40) | [IBGB2400000319994] [MV231601-0020-41] BLACK                                              (41) | [IBGB2400000319994] [MV231602-0054-39] Zebra Platform Rider Hi-Top Sneakers (39) | [IBGB2400000319994] [MV231605-0020-37] Black / White Rider Platform Sneakers (37) | [IBGB2400000319994] [MV231603-0053-39] LEOPARD (39) | [IBGB2400000319994] [MV231601-0020-36] BLACK                                              (36) | [IBGB2400000319994] [MV231611-0020-37] BLACK (37) | [IBGB2400000320264] [MV231602-0054-36] Zebra Platform Rider Hi-Top Sneakers (36) | [IBGB2400000320264] [MV231602-0054-40] Zebra Platform Rider Hi-Top Sneakers (40) | [IBGG2400000026808] [BJSH542083-BLAC_C_37_37_10] Pack AUSTRALIAN BOOT LOW BLACK (37) x 10 unid