ID_UBICACION;MARCA;TEMPORADAS;STOCK_TOTAL_UBICACION;VALOR_STOCK_€;CLASES_ABC;DIAS_MAX;OCUPACION_%;STOCK_EXACTO_BUSQUEDA;PRODUCTOS_A;PRODUCTOS_B;PRODUCTOS_C;PRODUCTOS_D
CLABD/Stock/StorageBD/CLA-058-03-01-01;GENERIC;V23+V21+V25;1583;5466.95;B+A+C;1183;160;1188;[DFSU903001-BLAC] 50u (V23) 861d;[DFSU903001-TORT] 50u (V23) 861d | [DFSU903001-TORT] 50u (V23) 861d | [DFSU903001-TORT] 50u (V23) 861d | [DFSU901001-GREE] 50u (V23) 868d | [DFSU901001-GREE] 45u (V23) 868d | [DFSU901001-GREE] 50u (V23) 868d | [DFKSUN1513-0802] 50u (V25) 569d;[DFKPCS0016] 100u (V21) 1183d | [DFKPCS0016] 100u (V21) 1183d | [DFKPCS0015] 100u (V21) 1183d | [DFKPCS0015] 97u (V21) 1183d | [DFKPCS0013] 100u (V21) 1183d | [DFKPCS0013] 100u (V21) 1183d | [DFKPCS0012] 100u (V21) 1183d | [DFKPCS0012] 99u (V21) 1183d | [DFKPCS0011] 93u (V21) 1183d | [DFKPCS0011] 100u (V21) 1183d | [DFKPCS0010] 99u (V21) 1183d | [DFKPCS0010] 100u (V21) 1183d;
CLABD/Stock/StorageBD/CLA-062-07-01-02;BLACK;V25+I25+V24+V22;360;577.02;B+A+C;624;80;296;[DFSH370005-CAME-37] 2u (I25) 191d | [DFSH370005-CAME-36] 1u (I25) 191d | [DFSH370005-CAME-41] 1u (I25) 191d | [DFSH370005-CAME-38] 1u (I25) 191d;[DFSH334001-FUCH-38] 10u (V25) 323d | [DFSH334001-FUCH-38] 10u (V25) 323d | [DFSH334001-FUCH-38] 10u (V25) 323d | [DFSH334001-FUCH-38] 10u (V25) 323d | [DFSH334001-FUCH-36] 10u (V25) 323d;[DFSH397001-WHIT-41] 1u (V24) 624d | [DFSH397001-WHIT-42] 2u (V24) 624d | [DFSH397001-WHIT-43] 3u (V24) 624d | [DFSH397001-WHIT-44] 2u (V24) 624d | [DFSH397001-WHIT-45] 1u (V24) 624d | [DFKMAS0104] 296u (V22) 387d;
CLABD/Stock/StorageBD/CLA-054-07-01-02;BLACK;I24+V25;1438;4092.51;A+C+B+D;561;270;271;[DFTXSOC009-BLAC-41-46] 100u (I24) 561d | [DFTXSOC009-BLAC-41-46] 100u (I24) 561d | [DFTXSOC009-BLAC-41-46] 100u (I24) 561d | [DFTXSOC009-BLAC-41-46] 100u (I24) 561d | [DFTXSOC009-BLAC-41-46] 100u (I24) 561d | [DFTXSOC009-BLAC-36-40] 100u (I24) 561d | [DFTXSOC008-BLUE-41-46] 100u (I24) 561d | [DFTXSOC008-BLUE-41-46] 100u (I24) 561d | [DFTXSOC006-BLAC-36-40] 100u (I24) 561d | [DFTXSOC006-BLAC-36-40] 100u (I24) 561d;[DFTXTSH020-WHIT-L] 19u (I24) 448d | [DFTXHOD018-GREY-M] 3u (I24) 448d;[DFTXSOC006-BLAC-41-46] 100u (I24) 561d | [DFTXSOC006-BLAC-41-46] 100u (I24) 561d | [DFTXTSH020-BLACK-M] 18u (I24) 448d | [DFTXTSH020-BLACK-L] 17u (I24) 448d | [DFTXTSH020-BLACK-M] 18u (I24) 448d | [DFTXTSH020-BLACK-M] 18u (I24) 344d | [DFTXTSH020-WHIT-M] 18u (I24) 448d | [DFTXTSH020-WHIT-M] 18u (I24) 448d | [DFTXTSH035-WHIT-S] 20u (V25) 275d | [DFTXTSH031-GREY-L] 5u (V25) 275d | [DFTXTSH026-NAVY-M] 20u (V25) 275d;[DFTXTSH030-BLAC-M] 20u (V25) 275d | [DFTXTSH027-BLAC-S] 20u (V25) 275d | [DFTXTSH026-WHIT-L] 4u (V25) 275d | [DFTXTSH026-BLAC-M] 20u (V25) 275d
CLABD/Stock/StorageBD/CLA-057-08-01-03;BLACK;V25+V21+I24+V23;696;3830.82;A+B+C;1183;100;199;[DFSU932001-BLUE] 50u (V25) 358d | [DFKSUN0571-0003] 50u (V25) 360d | [DFSU940001-BROW] 50u (V25) 295d | [DFSU940001-BLAC] 50u (V25) 295d | [DFSU940001-BLAC] 50u (V25) 295d | [DFSU901003-YELL] 48u (V23) 881d;[DFSU940001-TRAN] 50u (V25) 295d | [DFKSUN0844-0800] 50u (V21) 1183d | [DFKBLU0192] 49u (I24) 1168d | [DFKBLU0192] 50u (I24) 1168d;[DFKBLU0010] 50u (V21) 1157d | [DFKBLU0010] 50u (V21) 1157d | [DFKBLU0010] 50u (V21) 1157d | [DFKBLU0010] 49u (V21) 1157d;
CLABD/Stock/StorageBD/CLA-054-06-01-02;BLACK;I24+I22+I23+I25;911;3016.23;C+A;561;220;196;[DFTXSOC005-BLAC-41-46] 100u (I24) 561d | [DFTXSOC005-BLAC-41-46] 100u (I24) 561d | [DFACGL2303-GREE] 31u (I23) 388d;;[DFTXSOC011-ORAN-41-46] 100u (I24) 561d | [DFTXSOC011-ORAN-41-46] 100u (I24) 561d | [DFTXSOC011-ORAN-41-46] 100u (I24) 561d | [DFKCOR0504-0011] 99u (I22) 388d | [DFTXTSH039-BURG-M] 20u (I25) 94d | [DFTXTSH039-BURG-S] 20u (I25) 94d | [DFTXTSH039-BLAC-M] 19u (I25) 94d | [DFTXTSH039-BLAC-M] 18u (I25) 94d | [DFTXTSH039-BLAC-M] 19u (I25) 94d | [DFTXTSH039-BLAC-S] 19u (I25) 94d | [DFTXTSH038-ANTR-L] 20u (I25) 94d | [DFTXTSH038-ANTR-M] 9u (I25) 94d | [DFTXTSH038-ANTR-M] 20u (I25) 94d | [DFTXTSH038-ANTR-M] 20u (I25) 94d | [DFTXTSH037-WHIT-M] 16u (I25) 94d | [DFTXTSH036-WHIT-L] 20u (I25) 94d | [DFTXTSH036-WHIT-L] 20u (I25) 94d | [DFTXTSH036-WHIT-M] 19u (I25) 94d | [DFTXTSH036-BLAC-L] 22u (I25) 94d;
CLABD/Stock/StorageBD/CLA-070-01-02-02;BLACK;I23+V22+V24+I25;625;2381.60;A+C+B;154;110;146;[DFACGL2301-BLAC] 27u (I23) 154d | [DFACGL2303-WHIT] 23u (I23) 154d | [DFACGL2302-FUCH] 9u (I23) 154d | [DFSH381001-KHAK-41] 6u (I25) 154d | [DFSH381001-KHAK-41] 4u (I25) 154d | [DFSH371008-CAME-37] 3u (I25) 154d;[DFACLY2301-YELL] 49u (V24) 154d | [DFACGL2302-TEAL] 90u (I23) 154d;[DFKMAS0020-RED] 82u (V22) 154d | [DFKMAS0020-GREE] 166u (V22) 154d | [DFKMAS0020-GREY] 102u (V22) 154d | [DFKMAS0020-BLAC] 64u (V22) 154d;
CLAWD/Stock/StorageWD/CLA-048-07-01-03;WHITE;V25;600;0.00;A+C;304;120;100;[KASU000002-BROW] 50u (V25) 219d | [KASU000002-BROW] 50u (V25) 219d | [KASU000002-BROW] 50u (V25) 219d | [KASU000002-BROW] 50u (V25) 219d | [KASU000002-BROW] 50u (V25) 219d | [KASU000002-LIGH] 50u (V25) 219d | [KASU000003-BLUE] 50u (V25) 304d | [KASU000003-BLUE] 50u (V25) 304d | [KASU000003-BLUE] 50u (V25) 304d;;[KASU000003-GREE] 50u (V25) 304d | [KASU000003-GREE] 50u (V25) 304d | [KASU000001-MILK] 50u (V25) 304d;
CLAWD/Stock/StorageWD/CLA-049-03-01-01;WHITE;I18+V24+V22+V25;979;7042.71;B+A+C;248;200;100;[KLABOT03-0020-S] 50u (V22) 248d;[II2AWAT103-0001-UNI] 29u (I18) 189d | [KLATOP21-0020-XL] 50u (V24) 248d | [KLATOP21-0020-S] 50u (V24) 248d | [KLATOP21-0020-S] 50u (V24) 248d | [KLATOP21-0020-S] 50u (V24) 248d | [KLATOP21-0020-M] 50u (V24) 248d | [KLATOP21-0020-L] 50u (V24) 248d | [KLATOP21-0020-L] 50u (V24) 248d | [KLATOP21-0020-M] 50u (V24) 248d | [KLATOP21-0020-M] 50u (V24) 248d | [KLATOP21-0020-M] 50u (V24) 248d | [KLATOP21-0020-S] 50u (V24) 248d | [KLATOP21-0020-M] 50u (V24) 248d | [KLATOP21-0020-M] 50u (V24) 248d | [KASU000004-ROSE] 50u (V25) 219d | [KLATOP21-0005-M] 50u (V24) 212d | [KLATOP15-0314-L] 50u (V24) 212d;[KLABOT01-0020-L] 50u (V22) 248d | [KLABOT01-0020-M] 50u (V22) 248d;
CLABD/Stock/StorageBD/CLA-066-04-01-02;BLACK;I25+V24+V25;185;1330.15;A+B+C;155;100;74;[DFSH370006-BLAC-36] 1u (I25) 155d | [DFSH370005-CAME-37] 1u (I25) 155d | [DFSH370012-TAUP-37] 1u (I25) 155d | [DFSH370004-BLAC-37] 3u (I25) 155d | [DFSH370004-BLAC-36] 1u (I25) 155d | [DFSH371004-TAN-36] 1u (I25) 155d | [DFSH371004-BLAC-37] 1u (I25) 155d | [DFSH371008-BLAC-36] 1u (I25) 155d | [DFSH370004-BLAC-37] 2u (I25) 155d | [DFSH370004-BLAC-36] 1u (I25) 155d | [DFSH370004-BLAC-37] 3u (I25) 155d | [DFSH370006-BLAC-37] 2u (I25) 155d | [DFSH370004-BLAC-36] 1u (I25) 155d | [DFSH370005-CAME-37] 1u (I25) 155d;[DFSH371008-CAME-36] 1u (I25) 155d | [DFSH361007-BLAC-36] 2u (V24) 41d | [DFSH361007-BLAC-37] 2u (V24) 41d | [DFSH361007-BLAC-38] 1u (V24) 41d | [DFSH361007-BLAC-39] 1u (V24) 41d | [DFSH361009-GREE-36] 1u (V25) 41d | [DFSH361009-LIME-38] 1u (V25) 41d;[DFSH392001-SILV-41] 1u (V24) 41d | [DFSH392001-BLAC-38] 4u (V24) 41d | [DFSH392001-BLAC-40] 2u (V24) 41d | [DFSH392001-WHIT-39] 2u (V24) 41d | [DFSH392001-BLAC-37] 3u (V24) 41d | [DFSH392001-WHIT-37] 2u (V24) 41d | [DFSH392001-BLAC-39] 2u (V24) 41d | [DFSH392001-SILV-36] 1u (V24) 41d | [DFSH392001-SILV-39] 1u (V24) 41d | [DFSH392001-SILV-40] 1u (V24) 41d | [DFSH392001-BLAC-36] 1u (V24) 41d | [DFSH392001-SILV-36] 2u (V24) 41d | [DFSH392001-BLAC-39] 1u (V24) 41d | [DFSH392001-BLAC-38] 6u (V24) 41d | [DFSH392001-WHIT-39] 1u (V24) 41d | [DFSH392001-WHIT-40] 1u (V24) 41d | [DFSH392001-SILV-38] 1u (V24) 41d | [DFSH392001-BLAC-37] 3u (V24) 41d | [DFSH392001-SILV-39] 2u (V24) 41d | [DFSH392001-SILV-37] 1u (V24) 41d | [DFSH392001-BLAC-40] 3u (V24) 41d | [DFSH392001-BLAC-36] 2u (V24) 41d | [DFSH392001-WHIT-37] 1u (V24) 41d | [DFSH392001-SILV-40] 3u (V24) 41d | [DFSH392001-WHIT-37] 2u (V24) 41d | [DFSH392001-BLAC-36] 2u (V24) 41d | [DFSH392001-SILV-37] 1u (V24) 41d | [DFSH392001-SILV-41] 1u (V24) 41d | [DFSH392001-BLAC-38] 3u (V24) 41d | [DFSH392001-WHIT-39] 2u (V24) 41d | [DFSH392001-SILV-36] 1u (V24) 41d | [DFSH392001-BLAC-39] 1u (V24) 41d | [DFSH392001-WHIT-38] 3u (V24) 41d | [DFSH392001-BLAC-37] 1u (V24) 41d | [DFSH392001-WHIT-40] 2u (V24) 41d | [DFSH392001-SILV-39] 1u (V24) 41d | [DFSH392001-BLAC-40] 1u (V24) 41d | [DFSH392001-SILV-40] 4u (V24) 41d | [DFSH392001-BLAC-37] 2u (V24) 41d | [DFSH392001-WHIT-38] 2u (V24) 41d | [DFSH392001-BLAC-39] 3u (V24) 41d | [DFSH392001-BLAC-36] 2u (V24) 41d | [DFSH392001-WHIT-40] 2u (V24) 41d | [DFSH392001-SILV-39] 2u (V24) 41d | [DFSH392001-BLAC-38] 2u (V24) 41d | [DFSH392001-SILV-37] 2u (V24) 41d | [DFSH392001-WHIT-39] 1u (V24) 41d | [DFSH392001-BLAC-40] 1u (V24) 41d | [DFSH392001-SILV-41] 1u (V24) 41d | [DFSH392001-BLAC-38] 3u (V24) 41d | [DFSH392001-WHIT-40] 1u (V24) 41d | [DFSH361003-NAVY-44] 1u (V24) 41d | [DFSH392001-BLAC-40] 2u (V24) 41d | [DFSH392001-WHIT-38] 2u (V24) 41d | [DFSH392001-BLAC-39] 2u (V24) 41d | [DFSH392001-SILV-37] 1u (V24) 41d | [DFSH392001-SILV-36] 2u (V24) 41d | [DFSH392001-SILV-40] 1u (V24) 41d | [DFSH392001-SILV-39] 3u (V24) 41d | [DFSH392001-SILV-37] 2u (V24) 41d | [DFSH392001-WHIT-40] 2u (V24) 41d | [DFSH392001-WHIT-39] 2u (V24) 41d | [DFSH392001-BLAC-39] 3u (V24) 41d | [DFSH392001-SILV-40] 1u (V24) 41d | [DFSH392001-SILV-36] 1u (V24) 41d | [DFSH392001-WHIT-38] 2u (V24) 41d | [DFSH392001-BLAC-38] 5u (V24) 41d | [DFSH392001-BLAC-40] 1u (V24) 41d | [DFSH392001-WHIT-36] 1u (V24) 41d | [DFSH392001-BLAC-37] 1u (V24) 41d | [DFSH392001-SILV-39] 4u (V24) 41d | [DFSH392001-BLAC-40] 2u (V24) 41d | [DFSH392001-WHIT-41] 1u (V24) 41d | [DFSH392001-SILV-40] 2u (V24) 41d | [DFSH392001-BLAC-37] 1u (V24) 41d | [DFSH392001-BLAC-39] 5u (V24) 41d | [DFSH392001-BLAC-36] 3u (V24) 41d | [DFSH392001-SILV-38] 2u (V24) 41d | [DFSH392001-BLAC-38] 1u (V24) 41d | [DFSH392001-WHIT-38] 1u (V24) 41d | [DFSH392001-WHIT-40] 2u (V24) 41d | [DFSH392001-SILV-41] 1u (V24) 41d;
CLABD/Stock/StorageBD/CLA-069-08-02-01;BLACK;I25;96;1142.37;B+A+C;149;80;63;[DFSH321100-WHIT-38] 3u (I25) 149d | [DFSH321100-WHIT-39] 3u (I25) 149d;[DFSH321100-WHIT-36] 1u (I25) 149d | [DFSH321100-WHIT-37] 2u (I25) 149d | [DFSH321100-WHIT-40] 2u (I25) 149d | [DFSH321100-WHIT-41] 1u (I25) 149d | [DFSH321100-BLAC-38] 3u (I25) 149d | [DFSH321100-BLAC-38] 3u (I25) 149d | [DFSH321100-BLAC-38] 3u (I25) 149d | [DFSH321100-BLAC-38] 3u (I25) 149d | [DFSH321100-BLAC-38] 3u (I25) 149d | [DFSH321100-BLAC-38] 3u (I25) 149d | [DFSH321100-BLAC-38] 3u (I25) 149d;[DFSH321100-BLAC-36] 1u (I25) 149d | [DFSH321100-BLAC-37] 2u (I25) 149d | [DFSH321100-BLAC-39] 3u (I25) 149d | [DFSH321100-BLAC-40] 2u (I25) 149d | [DFSH321100-BLAC-41] 1u (I25) 149d | [DFSH321100-BLAC-36] 1u (I25) 149d | [DFSH321100-BLAC-37] 2u (I25) 149d | [DFSH321100-BLAC-39] 3u (I25) 149d | [DFSH321100-BLAC-40] 2u (I25) 149d | [DFSH321100-BLAC-41] 1u (I25) 149d | [DFSH321100-BLAC-36] 1u (I25) 149d | [DFSH321100-BLAC-37] 2u (I25) 149d | [DFSH321100-BLAC-39] 3u (I25) 149d | [DFSH321100-BLAC-40] 2u (I25) 149d | [DFSH321100-BLAC-41] 1u (I25) 149d | [DFSH321100-BLAC-36] 1u (I25) 149d | [DFSH321100-BLAC-37] 2u (I25) 149d | [DFSH321100-BLAC-39] 3u (I25) 149d | [DFSH321100-BLAC-40] 2u (I25) 149d | [DFSH321100-BLAC-41] 1u (I25) 149d | [DFSH321100-BLAC-36] 1u (I25) 149d | [DFSH321100-BLAC-37] 2u (I25) 149d | [DFSH321100-BLAC-39] 3u (I25) 149d | [DFSH321100-BLAC-40] 2u (I25) 149d | [DFSH321100-BLAC-41] 1u (I25) 149d | [DFSH321100-BLAC-36] 1u (I25) 149d | [DFSH321100-BLAC-37] 2u (I25) 149d | [DFSH321100-BLAC-39] 3u (I25) 149d | [DFSH321100-BLAC-40] 2u (I25) 149d | [DFSH321100-BLAC-41] 1u (I25) 149d | [DFSH321100-BLAC-36] 1u (I25) 149d | [DFSH321100-BLAC-37] 2u (I25) 149d | [DFSH321100-BLAC-39] 3u (I25) 149d | [DFSH321100-BLAC-40] 2u (I25) 149d | [DFSH321100-BLAC-41] 1u (I25) 149d;
CLABD/Stock/StorageBD/CLA-070-07-01-03;BLACK;V24+V23+I25+I24+V26;103;765.40;C+B+A;624;80;63;[DFSH381001-BEIG-40] 1u (I25) 190d | [DFSH391007-BLAC-39] 1u (I24) 190d | [DFSH371006-BLAC-37] 1u (I25) 190d | [DFSH370004-BLAC-40] 1u (I25) 190d | [DFSH387006-BLAC-39] 3u (V26) 310d | [DFSH387006-BLAC-38] 1u (V26) 310d | [DFSH387006-BLAC-41] 2u (V26) 310d | [DFSH371008-CAME-37] 12u (I25) 111d;[NVK33409-0010-40] 1u (V23) 405d | [DFSH387006-BLAC-36] 2u (V26) 310d | [DFSH387006-BLAC-37] 3u (V26) 310d;[DFSH392001-BLAC-38] 5u (V24) 405d | [DFSH392001-BLAC-41] 1u (V24) 405d | [DFSH392001-BLAC-37] 2u (V24) 405d | [DFSH392001-BLAC-40] 3u (V24) 405d | [DFSH392001-BLAC-39] 3u (V24) 405d | [DFSH392001-BLAC-36] 1u (V24) 405d | [DFSH392001-BLAC-40] 4u (V24) 405d | [DFSH392001-BLAC-39] 8u (V24) 405d | [DFSH392001-BLAC-38] 6u (V24) 405d | [DFSH392001-BLAC-37] 3u (V24) 405d | [DFSH392001-BLAC-36] 1u (V24) 405d | [DFSH392001-BLAC-41] 2u (V24) 405d | [DFSH392001-BLAC-37] 6u (V24) 405d | [DFSH392001-BLAC-39] 5u (V24) 405d | [DFSH392001-BLAC-36] 2u (V24) 405d | [DFSH392001-BLAC-38] 5u (V24) 405d | [DFSH392001-BLAC-40] 4u (V24) 405d | [DFSH392001-BLAC-41] 2u (V24) 405d | [DFSH393001-WHIT-36] 1u (V24) 624d | [DFSH393001-WHIT-37] 2u (V24) 624d | [DFSH393001-WHIT-38] 3u (V24) 624d | [DFSH393001-WHIT-39] 3u (V24) 624d | [DFSH393001-WHIT-40] 2u (V24) 624d | [DFSH393001-WHIT-41] 1u (V24) 624d;
CLABD/Stock/StorageBD/CLA-064-08-03-01;BLACK;I25;120;1532.04;C+B+A+D;126;100;60;[DFSH408005-TAUP-38] 3u (I25) 126d | [DFSH408005-TAUP-39] 3u (I25) 126d | [DFSH408005-TAUP-38] 3u (I25) 126d | [DFSH408005-TAUP-39] 3u (I25) 126d | [DFSH408005-TAUP-38] 3u (I25) 126d | [DFSH408005-TAUP-39] 3u (I25) 126d;[DFSH408005-TAUP-37] 2u (I25) 126d | [DFSH408005-TAUP-40] 2u (I25) 126d | [DFSH408005-TAUP-41] 1u (I25) 126d | [DFSH408005-TAUP-37] 2u (I25) 126d | [DFSH408005-TAUP-40] 2u (I25) 126d | [DFSH408005-TAUP-41] 1u (I25) 126d | [DFSH408005-TAUP-37] 2u (I25) 126d | [DFSH408005-TAUP-40] 2u (I25) 126d | [DFSH408005-TAUP-41] 1u (I25) 126d | [DFSH408003-TAUP-37] 2u (I25) 126d | [DFSH408003-TAUP-38] 3u (I25) 126d | [DFSH408003-TAUP-39] 3u (I25) 126d | [DFSH408003-TAUP-40] 2u (I25) 126d | [DFSH408003-TAUP-37] 2u (I25) 126d | [DFSH408003-TAUP-38] 3u (I25) 126d | [DFSH408003-TAUP-39] 3u (I25) 126d | [DFSH408003-TAUP-40] 2u (I25) 126d;[DFSH408005-TAUP-36] 1u (I25) 126d | [DFSH408005-TAUP-36] 1u (I25) 126d | [DFSH408005-TAUP-36] 1u (I25) 126d | [DFSH408003-TAUP-36] 1u (I25) 126d | [DFSH408003-TAUP-36] 1u (I25) 126d | [DFSH408003-BLAC-36] 1u (I25) 126d | [DFSH408003-BLAC-37] 2u (I25) 126d | [DFSH408003-BLAC-38] 3u (I25) 126d | [DFSH408003-BLAC-39] 3u (I25) 126d | [DFSH408003-BLAC-40] 2u (I25) 126d | [DFSH408003-BLAC-41] 1u (I25) 126d | [DFSH408003-BLAC-36] 1u (I25) 126d | [DFSH408003-BLAC-37] 2u (I25) 126d | [DFSH408003-BLAC-38] 3u (I25) 126d | [DFSH408003-BLAC-39] 3u (I25) 126d | [DFSH408003-BLAC-40] 2u (I25) 126d | [DFSH408003-BLAC-41] 1u (I25) 126d | [DFSH408003-BLAC-36] 1u (I25) 126d | [DFSH408003-BLAC-37] 2u (I25) 126d | [DFSH408003-BLAC-38] 3u (I25) 126d | [DFSH408003-BLAC-39] 3u (I25) 126d | [DFSH408003-BLAC-40] 2u (I25) 126d | [DFSH408003-BLAC-41] 1u (I25) 126d | [DFSH408003-BLAC-36] 1u (I25) 126d | [DFSH408003-BLAC-37] 2u (I25) 126d | [DFSH408003-BLAC-38] 3u (I25) 126d | [DFSH408003-BLAC-39] 3u (I25) 126d | [DFSH408003-BLAC-40] 2u (I25) 126d | [DFSH408003-BLAC-41] 1u (I25) 126d | [DFSH408003-BLAC-36] 1u (I25) 126d | [DFSH408003-BLAC-37] 2u (I25) 126d | [DFSH408003-BLAC-38] 3u (I25) 126d | [DFSH408003-BLAC-39] 3u (I25) 126d | [DFSH408003-BLAC-40] 2u (I25) 126d | [DFSH408003-BLAC-41] 1u (I25) 126d;[DFSH408003-TAUP-41] 1u (I25) 126d | [DFSH408003-TAUP-41] 1u (I25) 126d
CLAWD/Stock/StorageWD/CLA-049-04-02-01;BLACK;V25;500;0.00;C+A+B;281;100;50;[KASU000003-BROW] 50u (V25) 281d | [KASU000003-BROW] 50u (V25) 219d | [KASU000002-LIGH] 50u (V25) 219d | [KASU000002-BROW] 50u (V25) 219d | [KASU000002-BROW] 50u (V25) 219d | [KASU000002-BROW] 50u (V25) 219d | [KASU000002-BLAC] 50u (V25) 219d;[KASU000004-ROSE] 50u (V25) 281d;[KASU000003-GREE] 50u (V25) 281d | [KASU000001-MILK] 50u (V25) 281d;
CLABD/Stock/StorageBD/CLA-054-04-01-03;BLACK;I24+V25;2089;4786.23;A+B+C+D;561;270;50;[DFTXSOC010-BLAC-41-46] 100u (I24) 561d | [DFTXSOC010-BLAC-41-46] 100u (I24) 561d | [DFTXSOC010-BLAC-41-46] 100u (I24) 561d | [DFTXSOC010-BLAC-41-46] 100u (I24) 561d | [DFTXSOC010-BLAC-41-46] 100u (I24) 561d | [DFTXSOC010-BLAC-36-40] 100u (I24) 561d;[DFTXSOC009-GREE-41-46] 100u (I24) 561d | [DFTXSOC009-GREE-41-46] 100u (I24) 561d | [DFTXSOC009-GREE-41-46] 100u (I24) 561d | [DFTXSOC009-GREE-41-46] 100u (I24) 561d | [DFTXSOC009-GREE-41-46] 100u (I24) 561d | [DFTXSOC009-GREE-41-46] 100u (I24) 561d | [DFTXSOC009-GREE-36-40] 100u (I24) 561d | [DFTXSOC009-GREE-36-40] 100u (I24) 561d | [DFTXSOC005-BLUE-41-46] 100u (I24) 561d | [DFTXSOC005-BLUE-41-46] 100u (I24) 561d | [DFTXSOC005-BLUE-41-46] 100u (I24) 561d | [DFTXSOC005-BLUE-36-40] 100u (I24) 561d | [DFTXSOC005-BLUE-36-40] 100u (I24) 561d | [DFTXTSH028-NAVY-L] 30u (V25) 218d;[DFTXTSH028-NAVY-M] 22u (V25) 218d | [DFTXTSH025-BLAC-M] 30u (V25) 218d | [DFTXTSH024-BLAC-M] 20u (V25) 218d | [DFTXTSH023-GREY-M] 19u (V25) 218d;[DFTXTSH025-WHIT-S] 18u (V25) 218d | [DFTXTSH025-BLAC-S] 30u (V25) 218d | [DFTXTSH024-GREY-M] 20u (V25) 218d
CLABD/Stock/StorageBD/CLA-056-04-01-03;BLACK;V25+V21+V23;597;4184.88;A+C+B;861;60;50;[DFSU948002-GREE] 50u (V25) 182d | [DFSU948001-GREE] 50u (V25) 185d | [DFSU948001-GREE] 50u (V25) 185d | [DFKSUN0212-0800] 50u (V25) 148d | [DFKSUN0212-0800] 50u (V25) 148d | [DFKSUN0212-0800] 50u (V25) 148d | [DFKSUN0211-0802] 50u (V25) 148d | [DFSU934001-BLAC] 50u (V25) 148d;[DFSU903001-IVOR] 50u (V23) 749d | [DFSU903001-TORT] 50u (V23) 861d | [DFSU905001-TORT] 47u (V23) 861d;[DFKSUN0528-0822] 50u (V21) 645d;
CLABD/Stock/StorageBD/CLA-058-02-01-01;GENERIC;V21+V25+V23;750;4156.06;C+A;861;75;50;[DFSU942001-BLAC] 50u (V25) 293d | [DFSU942001-BLAC] 50u (V25) 293d | [DFSU915001-WHIT] 50u (V25) 295d | [DFSU915001-TAN] 50u (V25) 294d | [DFKSUN0262-0801] 50u (V25) 294d | [DFKSUN0262-0801] 50u (V25) 294d | [DFKSUN0260-0801] 50u (V25) 303d | [DFKSUN0260-0801] 50u (V25) 303d | [DFSU903001-BLAC] 50u (V23) 861d | [DFSU903001-BLAC] 50u (V23) 861d | [DFSU946001-ROSE] 50u (V25) 80d | [DFSU946001-ROSE] 50u (V25) 80d | [DFSU946001-ROSE] 50u (V25) 80d | [DFSU946001-ROSE] 50u (V25) 80d;;[DFKSUN0528-0822] 50u (V21) 645d;
CLABD/Stock/StorageBD/CLA-059-04-02-03;BLACK;V25+V20+V23+V21;548;3051.08;A+B+C;1183;65;50;[DFKSUN0781] 50u (V25) 296d | [DFKSUN0781] 50u (V25) 296d | [DFKSUN0781] 50u (V25) 296d | [DFKSUN0781] 50u (V25) 296d | [DFKSUN0541-0160] 42u (V20) 1183d | [DFSU911001-GREE] 50u (V25) 458d | [DFSU915001-WHIT] 31u (V25) 444d;[DFSU903001-GREE] 45u (V23) 749d | [DFKSUN0783-0805] 50u (V25) 644d | [DFSU903001-GREE] 32u (V23) 749d | [DFSU905001-TORT] 48u (V23) 850d;[DFKBLU0010] 50u (V21) 1183d;
CLABD/Stock/StorageBD/CLA-062-04-01-01;BLACK;I24+I19+I25+I22;122;893.18;A+C+B;527;70;50;[DFSH321089-GOLD-37] 12u (I24) 527d | [DFSH321089-GOLD-37] 12u (I24) 527d | [DFSH321089-GOLD-37] 12u (I24) 527d | [DFSH370004-BLAC-36] 12u (I25) 401d;[KI330212-0020-41] 12u (I22) 401d | [KI330212-0020-41] 12u (I22) 401d;[DFKBEN0002-0006] 50u (I19) 387d;
CLABD/Stock/StorageBD/CLA-071-07-01-03;BLACK;I21+V24+I25+I19;106;862.38;C+B+A;1165;70;50;[DFSH370004-BLAC-37] 9u (I25) 384d | [DFSH370006-BLAC-36] 12u (I25) 500d | [DFSH371004-BLAC-37] 3u (I25) 155d | [DFSH371004-BLAC-36] 2u (I25) 155d | [DFSH370003-BLAC-38] 1u (I25) 155d | [DFSH391001-BLAC-39] 1u (I25) 155d;[LI330261-0334-37] 11u (I21) 388d | [DFSH361007-BLAC-38] 2u (V24) 388d | [DFSH361007-BLAC-39] 3u (V24) 629d | [DFSH361007-BLAC-41] 2u (V24) 629d | [DFSH361007-BLAC-37] 5u (V24) 629d | [DFSH361007-BLAC-36] 1u (V24) 629d;[LI330261-0334-39] 2u (I21) 388d | [LI330261-0334-41] 1u (I21) 388d | [LI330261-0334-38] 1u (I21) 388d | [DFKBEN0002-0006] 50u (I19) 1165d;
CLABD/Stock/StorageBD/CLA-072-07-01-01;GENERIC;V24+I25;141;898.29;C+A+B;624;120;48;[DFSH321086-OFFW-41] 1u (I25) 527d | [DFSH321086-OFFW-43] 3u (I25) 527d;[DFSH321086-OFFW-42] 2u (I25) 527d | [DFSH321086-OFFW-44] 2u (I25) 527d | [DFSH321086-OFFW-45] 1u (I25) 527d;[DFSH392001-SILV-36] 1u (V24) 624d | [DFSH392001-SILV-37] 2u (V24) 624d | [DFSH392001-SILV-38] 3u (V24) 624d | [DFSH392001-SILV-39] 3u (V24) 624d | [DFSH392001-SILV-40] 2u (V24) 624d | [DFSH392001-SILV-41] 1u (V24) 624d | [DFSH392001-SILV-36] 1u (V24) 624d | [DFSH392001-SILV-37] 2u (V24) 624d | [DFSH392001-SILV-38] 3u (V24) 624d | [DFSH392001-SILV-39] 3u (V24) 624d | [DFSH392001-SILV-40] 2u (V24) 624d | [DFSH392001-SILV-41] 1u (V24) 624d | [DFSH392001-SILV-36] 1u (V24) 624d | [DFSH392001-SILV-37] 2u (V24) 624d | [DFSH392001-SILV-38] 3u (V24) 624d | [DFSH392001-SILV-39] 3u (V24) 624d | [DFSH392001-SILV-40] 2u (V24) 624d | [DFSH392001-SILV-41] 1u (V24) 624d | [DFSH392001-WHIT-36] 1u (V24) 624d | [DFSH392001-WHIT-37] 2u (V24) 624d | [DFSH392001-WHIT-38] 3u (V24) 624d | [DFSH392001-WHIT-39] 3u (V24) 624d | [DFSH392001-WHIT-40] 2u (V24) 624d | [DFSH392001-WHIT-41] 1u (V24) 624d | [DFSH392001-WHIT-36] 1u (V24) 624d | [DFSH392001-WHIT-37] 2u (V24) 624d | [DFSH392001-WHIT-38] 3u (V24) 624d | [DFSH392001-WHIT-39] 3u (V24) 624d | [DFSH392001-WHIT-40] 2u (V24) 624d | [DFSH392001-WHIT-41] 1u (V24) 624d | [DFSH392001-WHIT-36] 1u (V24) 624d | [DFSH392001-WHIT-37] 2u (V24) 624d | [DFSH392001-WHIT-38] 3u (V24) 624d | [DFSH392001-WHIT-39] 3u (V24) 624d | [DFSH392001-WHIT-40] 2u (V24) 624d | [DFSH392001-WHIT-41] 1u (V24) 624d | [DFSH392001-BLAC-36] 1u (V24) 624d | [DFSH392001-BLAC-37] 2u (V24) 624d | [DFSH392001-BLAC-38] 3u (V24) 624d | [DFSH392001-BLAC-39] 3u (V24) 624d | [DFSH392001-BLAC-40] 2u (V24) 624d | [DFSH392001-BLAC-41] 1u (V24) 624d | [DFSH392001-BLAC-36] 1u (V24) 624d | [DFSH392001-BLAC-37] 2u (V24) 624d | [DFSH392001-BLAC-38] 3u (V24) 624d | [DFSH392001-BLAC-39] 3u (V24) 624d | [DFSH392001-BLAC-40] 2u (V24) 624d | [DFSH392001-BLAC-41] 1u (V24) 624d | [DFSH392001-BLAC-36] 1u (V24) 624d | [DFSH392001-BLAC-37] 2u (V24) 624d | [DFSH392001-BLAC-38] 3u (V24) 624d | [DFSH392001-BLAC-39] 3u (V24) 624d | [DFSH392001-BLAC-40] 2u (V24) 624d | [DFSH392001-BLAC-41] 1u (V24) 624d | [DFSH392001-BLAC-36] 1u (V24) 624d | [DFSH392001-BLAC-37] 2u (V24) 624d | [DFSH392001-BLAC-38] 3u (V24) 624d | [DFSH392001-BLAC-39] 3u (V24) 624d | [DFSH392001-BLAC-40] 2u (V24) 624d | [DFSH392001-BLAC-41] 1u (V24) 624d | [DFSH370016-BEIG-40] 12u (I25) 146d;
CLABD/Stock/StorageBD/CLA-054-08-01-03;GENERIC;V24+I19+I23+I24;916;2758.55;B+C+A;730;260;45;[DFACBE2306-KHAK] 32u (I23) 730d | [DFBG24W111-GREE] 27u (I24) 64d;[DFACHA2402-DENI] 25u (V24) 617d | [DFACHA2402-DENI] 25u (V24) 617d | [DFACHA2401-BLAC] 25u (V24) 617d | [DFACCA2402-LIME] 25u (V24) 617d | [DFACCA2402-LIME] 25u (V24) 617d | [DFACCA2402-LIME] 25u (V24) 617d | [DFACCA2402-LIME] 25u (V24) 617d | [DFACBE2308-BLAC] 22u (I23) 730d | [DFACBE2308-BLAC] 24u (I23) 730d | [DFACBE2306-BLAC] 25u (I23) 730d | [DFACLY2301-WHIT] 68u (V24) 387d | [DFACLY2301-WHIT] 50u (V24) 387d | [DFACLY2301-GREY] 50u (V24) 387d | [DFACLY2301-GREY] 50u (V24) 387d | [DFACLY2301-GREY] 50u (V24) 387d | [DFACLY2301-GREY] 50u (V24) 387d | [DFACBE2308-BLAC] 25u (I23) 730d | [DFACBE2308-BLAC] 24u (I23) 730d | [DFACGL2302-TEAL] 19u (I23) 730d | [DFACGL2302-TEAL] 30u (I23) 730d | [DFACLY2301-YELL] 50u (V24) 387d | [DFACLY2301-YELL] 50u (V24) 387d | [DFACLY2301-YELL] 50u (V24) 387d;[DFKBEN0002-0006] 45u (I19) 387d;
CLABD/Stock/StorageBD/CLA-064-07-03-03;BLACK;V24;98;527.59;C+A+B;37;80;45;[DFSH397001-BLAC-43] 1u (V24) 37d | [DFSH397001-BLAC-43] 4u (V24) 37d | [DFSH397001-BLAC-43] 3u (V24) 37d | [DFSH397001-BLAC-43] 2u (V24) 37d | [DFSH397001-BLAC-43] 4u (V24) 37d | [DFSH397001-BLAC-43] 7u (V24) 37d | [DFSH397001-BLAC-43] 4u (V24) 37d | [DFSH397001-BLAC-43] 3u (V24) 37d;[DFSH397001-FBLA-38] 1u (V24) 37d | [DFSH397001-FBLA-38] 2u (V24) 37d | [DFSH397001-FBLA-38] 1u (V24) 37d;[DFSH397001-FBLA-39] 1u (V24) 37d | [DFSH397001-OFFW-43] 2u (V24) 37d | [DFSH397001-OFFW-41] 1u (V24) 37d | [DFSH397001-WHIT-43] 2u (V24) 37d | [DFSH397001-WHIT-44] 1u (V24) 37d | [DFSH397001-OFFW-39] 1u (V24) 37d | [DFSH397001-WHIT-41] 1u (V24) 37d | [DFSH397001-FBLA-37] 1u (V24) 37d | [DFSH397001-BLAC-44] 2u (V24) 37d | [DFSH397001-FBLA-37] 1u (V24) 37d | [DFSH397001-OFFW-40] 1u (V24) 37d | [DFSH397001-BLAC-42] 4u (V24) 37d | [DFSH397001-OFFW-44] 1u (V24) 37d | [DFSH397001-WHIT-44] 1u (V24) 37d | [DFSH397001-BLAC-44] 1u (V24) 37d | [DFSH397001-FBLA-37] 1u (V24) 37d | [DFSH397001-FBLA-39] 2u (V24) 37d | [DFSH397001-BLAC-42] 1u (V24) 37d | [DFSH397001-BLAC-44] 1u (V24) 37d | [DFSH397001-OFFW-38] 2u (V24) 37d | [DFSH397001-BLAC-42] 2u (V24) 37d | [DFSH397001-FBLA-39] 3u (V24) 37d | [DFSH397001-BLAC-44] 1u (V24) 37d | [DFSH397001-WHIT-43] 1u (V24) 37d | [DFSH397001-FBLA-37] 2u (V24) 37d | [DFSH397001-FBLA-39] 2u (V24) 37d | [DFSH397001-OFFW-41] 1u (V24) 37d | [DFSH397001-BLAC-44] 3u (V24) 37d | [DFSH397001-WHIT-41] 1u (V24) 37d | [DFSH397001-BLAC-42] 2u (V24) 37d | [DFSH397001-OFFW-43] 1u (V24) 37d | [DFSH397001-FBLA-39] 1u (V24) 37d | [DFSH397001-BLAC-44] 4u (V24) 37d | [DFSH397001-BLAC-42] 1u (V24) 37d | [DFSH397001-BLAC-41] 3u (V24) 37d | [DFSH397001-OFFW-40] 1u (V24) 37d | [DFSH397001-BLAC-44] 1u (V24) 37d | [DFSH397001-BLAC-41] 1u (V24) 37d | [DFSH397001-WHIT-42] 1u (V24) 37d | [DFSH397001-WHIT-41] 1u (V24) 37d | [DFSH397001-WHIT-43] 1u (V24) 37d | [DFSH397001-BLAC-42] 4u (V24) 37d;
CLABD/Stock/StorageBD/CLA-068-02-03-02;BLACK;I25;120;1416.47;A+B+C;483;100;45;[DFSH371006-BLAC-38] 12u (I25) 483d | [DFSH321100-WHIT-38] 3u (I25) 149d | [DFSH321100-WHIT-39] 3u (I25) 149d | [DFSH321100-WHIT-38] 3u (I25) 149d | [DFSH321100-WHIT-39] 3u (I25) 149d | [DFSH321100-WHIT-38] 3u (I25) 149d | [DFSH321100-WHIT-39] 3u (I25) 149d | [DFSH321100-WHIT-38] 3u (I25) 149d | [DFSH321100-WHIT-39] 3u (I25) 149d;[DFSH321100-WHIT-36] 1u (I25) 149d | [DFSH321100-WHIT-37] 2u (I25) 149d | [DFSH321100-WHIT-40] 2u (I25) 149d | [DFSH321100-WHIT-41] 1u (I25) 149d | [DFSH321100-WHIT-36] 1u (I25) 149d | [DFSH321100-WHIT-37] 2u (I25) 149d | [DFSH321100-WHIT-40] 2u (I25) 149d | [DFSH321100-WHIT-41] 1u (I25) 149d | [DFSH321100-WHIT-36] 1u (I25) 149d | [DFSH321100-WHIT-37] 2u (I25) 149d | [DFSH321100-WHIT-40] 2u (I25) 149d | [DFSH321100-WHIT-41] 1u (I25) 149d | [DFSH321100-WHIT-36] 1u (I25) 149d | [DFSH321100-WHIT-37] 2u (I25) 149d | [DFSH321100-WHIT-40] 2u (I25) 149d | [DFSH321100-WHIT-41] 1u (I25) 149d | [DFSH321100-BLAC-38] 3u (I25) 149d | [DFSH321100-BLAC-38] 3u (I25) 149d | [DFSH321100-BLAC-38] 3u (I25) 149d | [DFSH321100-BLAC-38] 3u (I25) 149d | [DFSH321100-BLAC-38] 3u (I25) 149d;[DFSH321100-BLAC-36] 1u (I25) 149d | [DFSH321100-BLAC-37] 2u (I25) 149d | [DFSH321100-BLAC-39] 3u (I25) 149d | [DFSH321100-BLAC-40] 2u (I25) 149d | [DFSH321100-BLAC-41] 1u (I25) 149d | [DFSH321100-BLAC-36] 1u (I25) 149d | [DFSH321100-BLAC-37] 2u (I25) 149d | [DFSH321100-BLAC-39] 3u (I25) 149d | [DFSH321100-BLAC-40] 2u (I25) 149d | [DFSH321100-BLAC-41] 1u (I25) 149d | [DFSH321100-BLAC-36] 1u (I25) 149d | [DFSH321100-BLAC-37] 2u (I25) 149d | [DFSH321100-BLAC-39] 3u (I25) 149d | [DFSH321100-BLAC-40] 2u (I25) 149d | [DFSH321100-BLAC-41] 1u (I25) 149d | [DFSH321100-BLAC-36] 1u (I25) 149d | [DFSH321100-BLAC-37] 2u (I25) 149d | [DFSH321100-BLAC-39] 3u (I25) 149d | [DFSH321100-BLAC-40] 2u (I25) 149d | [DFSH321100-BLAC-41] 1u (I25) 149d | [DFSH321100-BLAC-36] 1u (I25) 149d | [DFSH321100-BLAC-37] 2u (I25) 149d | [DFSH321100-BLAC-39] 3u (I25) 149d | [DFSH321100-BLAC-40] 2u (I25) 149d | [DFSH321100-BLAC-41] 1u (I25) 149d;
CLABD/Stock/StorageBD/CLA-071-06-01-01;BLACK;V24+V25;131;1078.29;B+C+A;36;80;33;[DFSH397001-BLAC-43] 3u (V24) 36d | [DFSH397001-BLAC-43] 2u (V24) 36d | [DFSH397001-BLAC-43] 1u (V24) 36d | [DFSH397001-BLAC-43] 7u (V24) 36d | [DFSH397001-BLAC-43] 5u (V24) 36d;[DFSH397001-FBLA-38] 1u (V24) 36d | [DFSH397001-FBLA-38] 3u (V24) 36d | [DFSH405003-SILV-39] 2u (V25) 36d | [DFSH405003-SILV-38] 3u (V25) 36d | [DFSH405001-FBEI-37] 1u (V25) 36d | [DFSH405002-ZEBR-36] 1u (V25) 36d | [DFSH405003-GOLD-36] 1u (V25) 36d | [DFSH405003-GOLD-39] 1u (V25) 36d | [DFSH405003-GOLD-41] 1u (V25) 36d | [DFSH405001-FBLA-38] 2u (V25) 36d | [DFSH405001-FBLA-37] 3u (V25) 36d | [DFSH405002-ZEBR-39] 1u (V25) 36d | [DFSH405001-FBLA-38] 6u (V25) 36d | [DFSH405001-FBEI-38] 1u (V25) 36d | [DFSH405003-SILV-40] 1u (V25) 36d | [DFSH405003-SILV-36] 1u (V25) 36d | [DFSH405003-SILV-39] 2u (V25) 36d | [DFSH405003-SILV-37] 1u (V25) 36d | [DFSH405003-GOLD-41] 1u (V25) 36d | [DFSH405003-SILV-38] 1u (V25) 36d | [DFSH405003-GOLD-37] 1u (V25) 36d | [DFSH405004-BURG-41] 1u (V25) 36d | [DFSH405001-FBLA-36] 2u (V25) 36d | [DFSH405003-SILV-38] 2u (V25) 36d | [DFSH405003-SILV-36] 1u (V25) 36d | [DFSH405004-BURG-37] 1u (V25) 36d | [DFSH405002-ZEBR-36] 1u (V25) 36d | [DFSH405003-SILV-37] 1u (V25) 36d | [DFSH405003-SILV-40] 1u (V25) 36d | [DFSH405004-BURG-41] 1u (V25) 36d | [DFSH397001-FBLA-38] 2u (V24) 36d | [DFSH334001-BLUE-44] 7u (V24) 36d | [DFSH334001-BLUE-43] 1u (V24) 36d;[DFSH397001-OFFW-40] 2u (V24) 36d | [DFSH397001-WHIT-44] 1u (V24) 36d | [DFSH397001-BLAC-42] 2u (V24) 36d | [DFSH397001-OFFW-41] 1u (V24) 36d | [DFSH397001-FBLA-37] 1u (V24) 36d | [DFSH397001-OFFW-38] 2u (V24) 36d | [DFSH397001-OFFW-44] 1u (V24) 36d | [DFSH397001-BLAC-44] 2u (V24) 36d | [DFSH397001-OFFW-38] 1u (V24) 36d | [DFSH397001-FBLA-37] 3u (V24) 36d | [DFSH397001-BLAC-42] 1u (V24) 36d | [DFSH397001-OFFW-37] 1u (V24) 36d | [DFSH397001-FBLA-39] 4u (V24) 36d | [DFSH397001-BLAC-44] 1u (V24) 36d | [DFSH397001-WHIT-43] 1u (V24) 36d | [DFSH397001-BLAC-41] 1u (V24) 36d | [DFSH397001-OFFW-40] 1u (V24) 36d | [DFSH397001-WHIT-44] 1u (V24) 36d | [DFSH397001-BLAC-42] 1u (V24) 36d | [DFSH397001-OFFW-42] 1u (V24) 36d | [DFSH397001-OFFW-43] 4u (V24) 36d | [DFSH397001-OFFW-41] 1u (V24) 36d | [DFSH397001-OFFW-44] 1u (V24) 36d | [DFSH393001-BLAC-38] 1u (V24) 36d | [DFSH393001-BLAC-39] 2u (V24) 36d | [DFSH393001-BLAC-36] 1u (V24) 36d | [DFSH397001-BLAC-41] 1u (V24) 36d | [DFSH397001-BLAC-44] 1u (V24) 36d | [DFSH397001-BLAC-42] 1u (V24) 36d | [DFSH397001-BLAC-44] 5u (V24) 36d | [DFSH397001-BLAC-42] 4u (V24) 36d | [DFSH397001-BLAC-41] 1u (V24) 36d | [DFSH397001-OFFW-42] 1u (V24) 36d | [DFSH334001-LIME-37] 1u (V24) 36d | [DFSH334001-LIME-40] 1u (V24) 36d | [DFSH334001-BLUE-45] 1u (V24) 36d | [DFSH334001-LIME-36] 1u (V24) 36d;
CLAGD/Stock/StorageGD/CLA-042-09-02-03;GOLD;I25+V22;60;380.50;A+B+C;730;60;30;[BJSH542020-NAVY-34] 10u (I25) 437d;[COSH542020-BLAC-35] 10u (I25) 455d;[MV232310-0026-39] 10u (V22) 730d | [MV232304-0020-41] 10u (V22) 730d | [MV232304-0020-39] 5u (V22) 730d | [MV232304-0020-40] 5u (V22) 730d | [MV232304-0020-37] 10u (V22) 730d;
CLAGD/Stock/StorageGD/CLA-043-01-03-03;GENERIC;V22+I25;50;419.50;C+A;730;50;30;[BJSH542020-TAUP-36] 10u (I25) 412d;;[MV232305-0037-39] 10u (V22) 730d | [MV232305-0020-37] 10u (V22) 730d | [MV232304-0020-40] 10u (V22) 730d | [MV232301-0020-39] 10u (V22) 730d;
CLABD/Stock/StorageBD/CLA-057-09-01-01;BLACK;V25+V23;480;2629.10;B+A+C;393;55;30;[DFKSUN0227-0800] 50u (V25) 294d | [DFSU915001-TAN] 50u (V25) 303d | [DFKSUN0228-0800] 50u (V25) 303d | [DFSU923001-AMBE] 50u (V25) 185d | [DFSU922001-PURP] 50u (V25) 185d;[DFSU914001-CARE] 50u (V25) 294d | [DFSU903001-TORT] 50u (V23) 393d | [DFSU941001-BROW] 50u (V25) 185d | [DFSU941001-BROW] 50u (V25) 185d;[DFTXTSH024-BLAC-L] 30u (V25) 191d;
CLABD/Stock/StorageBD/CLA-054-02-02-01;BLACK;I25+V25;736;3794.14;C+B+A;126;100;27;[DFSU919001-GREY] 50u (V25) 35d | [DFSU919001-GREY] 50u (V25) 35d | [DFSU919001-GREY] 50u (V25) 35d | [DFSU919001-GREY] 50u (V25) 35d | [DFSU919001-GREY] 50u (V25) 35d | [DFSU919001-GREY] 50u (V25) 35d | [DFSU919001-GREY] 50u (V25) 35d | [DFSU919001-GREY] 50u (V25) 35d | [DFSU919001-GREY] 50u (V25) 35d | [DFSU919001-GREY] 50u (V25) 35d | [DFKSUN0781] 50u (V25) 35d | [DFKSUN0781] 50u (V25) 35d | [DFSU913001-TRAN] 50u (V25) 35d | [DFSU913001-TRAN] 50u (V25) 35d;[DFSH408005-BLAC-39] 3u (I25) 126d | [DFSH408005-BLAC-39] 3u (I25) 126d | [DFSH408005-BLAC-39] 3u (I25) 126d;[DFSH408005-BLAC-36] 1u (I25) 126d | [DFSH408005-BLAC-37] 2u (I25) 126d | [DFSH408005-BLAC-38] 3u (I25) 126d | [DFSH408005-BLAC-40] 2u (I25) 126d | [DFSH408005-BLAC-41] 1u (I25) 126d | [DFSH408005-BLAC-36] 1u (I25) 126d | [DFSH408005-BLAC-37] 2u (I25) 126d | [DFSH408005-BLAC-38] 3u (I25) 126d | [DFSH408005-BLAC-40] 2u (I25) 126d | [DFSH408005-BLAC-41] 1u (I25) 126d | [DFSH408005-BLAC-36] 1u (I25) 126d | [DFSH408005-BLAC-37] 2u (I25) 126d | [DFSH408005-BLAC-38] 3u (I25) 126d | [DFSH408005-BLAC-40] 2u (I25) 126d | [DFSH408005-BLAC-41] 1u (I25) 126d;
CLABD/Stock/StorageBD/CLA-071-07-02-02;GOLD;V25+I25+I24+V24+V20;85;609.21;C+B+A;576;80;26;[DFSH381001-BLAC-37] 1u (I25) 168d | [DFSH381001-BLAC-38] 2u (I25) 168d | [DFSH381001-BLAC-39] 1u (I25) 168d | [DFSH391007-BLAC-37] 1u (I24) 169d | [DFSH391007-BLAC-36] 1u (I24) 168d | [DFSH391007-BLAC-39] 1u (I24) 169d;[DFSH394001-BLAC-37] 2u (V25) 576d | [DFSH394001-BLAC-39] 2u (V25) 576d | [DFSH394001-BLAC-37] 2u (V25) 576d | [DFSH394001-BLAC-39] 2u (V25) 576d | [DFSH394001-BLAC-37] 2u (V25) 576d | [DFSH394001-BLAC-39] 2u (V25) 576d | [DFSH394001-BLAC-37] 2u (V25) 576d | [DFSH394001-BLAC-39] 2u (V25) 576d | [DFSH394001-BLAC-37] 2u (V25) 576d | [DFSH394001-BLAC-39] 2u (V25) 576d;[DFSH394001-BLAC-36] 1u (V25) 576d | [DFSH394001-BLAC-38] 2u (V25) 576d | [DFSH394001-BLAC-40] 1u (V25) 576d | [DFSH394001-BLAC-41] 1u (V25) 576d | [DFSH394001-BLAC-36] 1u (V25) 576d | [DFSH394001-BLAC-38] 2u (V25) 576d | [DFSH394001-BLAC-40] 1u (V25) 576d | [DFSH394001-BLAC-41] 1u (V25) 576d | [DFSH394001-BLAC-36] 1u (V25) 576d | [DFSH394001-BLAC-38] 2u (V25) 576d | [DFSH394001-BLAC-40] 1u (V25) 576d | [DFSH394001-BLAC-41] 1u (V25) 576d | [DFSH394001-BLAC-36] 2u (V25) 576d | [DFSH394001-BLAC-38] 2u (V25) 576d | [DFSH394001-BLAC-40] 1u (V25) 576d | [DFSH394001-BLAC-41] 1u (V25) 576d | [DFSH394001-BLAC-36] 1u (V25) 576d | [DFSH394001-BLAC-38] 2u (V25) 576d | [DFSH394001-BLAC-40] 1u (V25) 576d | [DFSH394001-BLAC-41] 1u (V25) 576d | [KV330025-0067-37] 4u (V24) 405d | [KV330025-0067-39] 4u (V24) 405d | [KV330025-0067-41] 2u (V24) 405d | [KV330025-0067-40] 3u (V24) 405d | [KV330025-0067-36] 2u (V24) 405d | [KV330025-0011-36] 2u (V20) 405d | [KV330025-0011-37] 2u (V20) 405d | [KV330025-0011-38] 5u (V20) 405d | [KV330025-0011-39] 3u (V20) 405d | [KV330025-0011-40] 2u (V20) 405d | [KV330025-0011-41] 3u (V20) 405d;
CLABD/Stock/StorageBD/CLA-067-07-02-02;BLACK;I25;112;1221.47;B+A+C;149;100;25;[DFSH321102-BEIG-39] 3u (I25) 149d;[DFSH321102-BEIG-36] 1u (I25) 149d | [DFSH321102-BEIG-37] 2u (I25) 149d | [DFSH321102-BEIG-38] 3u (I25) 149d | [DFSH321102-BEIG-40] 2u (I25) 149d | [DFSH321101-BLAC-36] 1u (I25) 149d | [DFSH321101-BLAC-38] 3u (I25) 149d | [DFSH321101-BLAC-39] 3u (I25) 149d | [DFSH321101-BLAC-36] 1u (I25) 149d | [DFSH321101-BLAC-38] 3u (I25) 149d | [DFSH321101-BLAC-39] 3u (I25) 149d | [DFSH321101-BLAC-36] 1u (I25) 149d | [DFSH321101-BLAC-38] 3u (I25) 149d | [DFSH321101-BLAC-39] 3u (I25) 149d | [DFSH321101-BLAC-36] 1u (I25) 149d | [DFSH321101-BLAC-38] 3u (I25) 149d | [DFSH321101-BLAC-39] 3u (I25) 149d | [DFSH321101-BLAC-36] 1u (I25) 149d | [DFSH321101-BLAC-38] 3u (I25) 149d | [DFSH321101-BLAC-39] 3u (I25) 149d | [DFSH321102-BEIG-40] 10u (I25) 149d | [DFSH321102-BEIG-38] 10u (I25) 149d | [DFSH321102-BEIG-37] 10u (I25) 149d;[DFSH321102-BEIG-41] 1u (I25) 149d | [DFSH321101-BLAC-37] 2u (I25) 149d | [DFSH321101-BLAC-40] 2u (I25) 149d | [DFSH321101-BLAC-41] 1u (I25) 149d | [DFSH321101-BLAC-37] 2u (I25) 149d | [DFSH321101-BLAC-40] 2u (I25) 149d | [DFSH321101-BLAC-41] 1u (I25) 149d | [DFSH321101-BLAC-37] 2u (I25) 149d | [DFSH321101-BLAC-40] 2u (I25) 149d | [DFSH321101-BLAC-41] 1u (I25) 149d | [DFSH321101-BLAC-37] 2u (I25) 149d | [DFSH321101-BLAC-40] 2u (I25) 149d | [DFSH321101-BLAC-41] 1u (I25) 149d | [DFSH321101-BLAC-37] 2u (I25) 149d | [DFSH321101-BLAC-40] 2u (I25) 149d | [DFSH321101-BLAC-41] 1u (I25) 149d | [DFSH321102-BEIG-41] 10u (I25) 149d;
CLABD/Stock/StorageBD/CLA-062-09-02-03;BLACK;I25;84;1063.49;C+B+A+D;126;70;24;[DFSH408005-TAUP-38] 3u (I25) 126d | [DFSH408005-TAUP-39] 3u (I25) 126d;[DFSH408005-TAUP-37] 2u (I25) 126d | [DFSH408005-TAUP-40] 2u (I25) 126d | [DFSH408005-TAUP-41] 1u (I25) 126d | [DFSH408003-TAUP-37] 2u (I25) 126d | [DFSH408003-TAUP-38] 3u (I25) 126d | [DFSH408003-TAUP-39] 3u (I25) 126d | [DFSH408003-TAUP-40] 2u (I25) 126d | [DFSH408002-CHES-37] 2u (I25) 126d | [DFSH408002-CHES-38] 3u (I25) 126d | [DFSH408002-CHES-39] 3u (I25) 126d | [DFSH408002-CHES-40] 2u (I25) 126d | [DFSH408002-CHES-41] 1u (I25) 126d;[DFSH408005-TAUP-36] 1u (I25) 126d | [DFSH408003-TAUP-36] 1u (I25) 126d | [DFSH408003-CHES-37] 2u (I25) 126d | [DFSH408003-CHES-38] 3u (I25) 126d | [DFSH408003-CHES-39] 3u (I25) 126d | [DFSH408003-CHES-40] 2u (I25) 126d | [DFSH408003-CHES-41] 1u (I25) 126d | [DFSH408003-CHES-37] 2u (I25) 126d | [DFSH408003-CHES-38] 3u (I25) 126d | [DFSH408003-CHES-39] 3u (I25) 126d | [DFSH408003-CHES-40] 2u (I25) 126d | [DFSH408003-CHES-41] 1u (I25) 126d | [DFSH408003-BLAC-36] 1u (I25) 126d | [DFSH408003-BLAC-37] 2u (I25) 126d | [DFSH408003-BLAC-38] 3u (I25) 126d | [DFSH408003-BLAC-39] 3u (I25) 126d | [DFSH408003-BLAC-40] 2u (I25) 126d | [DFSH408003-BLAC-41] 1u (I25) 126d | [DFSH408003-BLAC-36] 1u (I25) 126d | [DFSH408003-BLAC-37] 2u (I25) 126d | [DFSH408003-BLAC-38] 3u (I25) 126d | [DFSH408003-BLAC-39] 3u (I25) 126d | [DFSH408003-BLAC-40] 2u (I25) 126d | [DFSH408003-BLAC-41] 1u (I25) 126d | [DFSH408002-CHES-36] 1u (I25) 126d;[DFSH408003-TAUP-41] 1u (I25) 126d | [DFSH408003-CHES-36] 1u (I25) 126d | [DFSH408003-CHES-36] 1u (I25) 126d
CLABD/Stock/StorageBD/CLA-063-01-03-01;BLACK;I25;84;807.20;A+D+C;146;70;24;[DFSH375006-CREA-39] 12u (I25) 146d;;[DFSH370019-BROW-36] 12u (I25) 146d | [DFSH370019-BLAC-41] 12u (I25) 146d | [DFSH370019-BLAC-37] 12u (I25) 146d;[DFSH370019-BROW-37] 12u (I25) 146d | [DFSH370019-BROW-37] 12u (I25) 146d | [DFSH370019-BROW-37] 12u (I25) 146d
CLABD/Stock/StorageBD/CLA-071-05-03-02;BLACK;I25;84;1170.23;B+A+C;146;70;24;[DFSH375008-BROW-37] 2u (I25) 146d | [DFSH375008-BROW-38] 3u (I25) 146d | [DFSH375008-BROW-39] 3u (I25) 146d | [DFSH375008-BROW-40] 2u (I25) 146d;[DFSH375008-BROW-36] 1u (I25) 146d | [DFSH375008-BROW-41] 1u (I25) 146d | [DFSH375007-BLAC-38] 3u (I25) 146d | [DFSH375007-BLAC-39] 3u (I25) 146d | [DFSH375007-BLAC-40] 2u (I25) 146d | [DFSH375007-BLAC-38] 3u (I25) 146d | [DFSH375007-BLAC-39] 3u (I25) 146d | [DFSH375007-BLAC-40] 2u (I25) 146d | [DFSH375007-BLAC-38] 3u (I25) 146d | [DFSH375007-BLAC-39] 3u (I25) 146d | [DFSH375007-BLAC-40] 2u (I25) 146d | [DFSH375007-BLAC-38] 3u (I25) 146d | [DFSH375007-BLAC-39] 3u (I25) 146d | [DFSH375007-BLAC-40] 2u (I25) 146d | [DFSH375007-BLAC-38] 3u (I25) 146d | [DFSH375007-BLAC-39] 3u (I25) 146d | [DFSH375007-BLAC-40] 2u (I25) 146d | [DFSH375007-BLAC-38] 3u (I25) 146d | [DFSH375007-BLAC-39] 3u (I25) 146d | [DFSH375007-BLAC-40] 2u (I25) 146d;[DFSH375007-BLAC-36] 1u (I25) 146d | [DFSH375007-BLAC-37] 2u (I25) 146d | [DFSH375007-BLAC-41] 1u (I25) 146d | [DFSH375007-BLAC-36] 1u (I25) 146d | [DFSH375007-BLAC-37] 2u (I25) 146d | [DFSH375007-BLAC-41] 1u (I25) 146d | [DFSH375007-BLAC-36] 1u (I25) 146d | [DFSH375007-BLAC-37] 2u (I25) 146d | [DFSH375007-BLAC-41] 1u (I25) 146d | [DFSH375007-BLAC-36] 1u (I25) 146d | [DFSH375007-BLAC-37] 2u (I25) 146d | [DFSH375007-BLAC-41] 1u (I25) 146d | [DFSH375007-BLAC-36] 1u (I25) 146d | [DFSH375007-BLAC-37] 2u (I25) 146d | [DFSH375007-BLAC-41] 1u (I25) 146d | [DFSH375007-BLAC-36] 1u (I25) 146d | [DFSH375007-BLAC-37] 2u (I25) 146d | [DFSH375007-BLAC-41] 1u (I25) 146d;
CLABD/Stock/StorageBD/CLA-068-02-01-02;BLACK;V25+V20+V24;115;727.93;B+C+A;36;90;23;[DFSH397001-BLAC-43] 3u (V24) 36d | [DFSH397001-BLAC-43] 1u (V24) 36d | [DFSH397001-BLAC-43] 3u (V24) 36d;[DFSH404001-SILV-40] 1u (V25) 36d | [DFSH404004-ORAN-38] 1u (V25) 36d | [KV330025-0004-39] 1u (V20) 36d | [DFSH404001-SILV-38] 2u (V25) 36d | [DFSH404001-SILV-39] 2u (V25) 36d | [DFSH404001-SILV-36] 1u (V25) 36d | [DFSH404001-SILV-37] 3u (V25) 36d | [DFSH404001-SILV-38] 6u (V25) 36d | [DFSH404001-SILV-39] 2u (V25) 36d | [DFSH404001-SILV-40] 4u (V25) 36d | [DFSH404004-ORAN-40] 2u (V25) 36d | [DFSH404003-GREE-38] 1u (V25) 36d | [DFSH404001-FBLA-36] 1u (V25) 36d | [DFSH404001-SILV-40] 2u (V25) 36d | [DFSH404002-ABLA-41] 1u (V25) 36d | [DFSH404001-SILV-38] 2u (V25) 36d | [DFSH404003-GREE-36] 1u (V25) 36d | [DFSH404002-ABUR-40] 1u (V25) 36d | [DFSH404001-SILV-39] 2u (V25) 36d | [DFSH404004-ORAN-39] 1u (V25) 36d | [DFSH404001-FBLA-37] 2u (V25) 36d | [DFSH404002-ABUR-36] 1u (V25) 36d | [DFSH404003-GREE-39] 1u (V25) 36d | [DFSH404002-ABUR-38] 1u (V25) 36d | [DFSH404003-GREE-41] 1u (V25) 36d | [DFSH404004-ORAN-38] 1u (V25) 36d | [DFSH397001-FBLA-38] 2u (V24) 36d;[DFSH334001-BEIG-45] 1u (V25) 36d | [DFSH397001-OFFW-42] 1u (V24) 36d | [DFSH397001-BLAC-42] 3u (V24) 36d | [DFSH397001-OFFW-43] 1u (V24) 36d | [DFSH397001-BLAC-42] 2u (V24) 36d | [DFSH397001-BLAC-44] 1u (V24) 36d | [DFSH397001-FBLA-39] 1u (V24) 36d | [DFSH397001-OFFW-38] 3u (V24) 36d | [DFSH397001-OFFW-44] 1u (V24) 36d | [DFSH397001-OFFW-39] 2u (V24) 36d | [DFSH397001-OFFW-41] 2u (V24) 36d | [DFSH397001-OFFW-43] 1u (V24) 36d | [DFSH397001-OFFW-42] 1u (V24) 36d | [DFSH397001-BLAC-42] 2u (V24) 36d | [DFSH397001-BLAC-44] 1u (V24) 36d | [DFSH397001-BLAC-41] 1u (V24) 36d | [DFSH397001-OFFW-43] 1u (V24) 36d | [DFSH397001-WHIT-43] 1u (V24) 36d | [DFSH397001-OFFW-44] 2u (V24) 36d | [DFSH397001-WHIT-44] 1u (V24) 36d | [DFSH397001-FBLA-37] 1u (V24) 36d | [DFSH397001-WHIT-44] 5u (V24) 36d | [DFSH397001-WHIT-43] 6u (V24) 36d | [DFSH397001-OFFW-41] 1u (V24) 36d | [DFSH397001-OFFW-43] 1u (V24) 36d | [DFSH397001-BLAC-44] 2u (V24) 36d | [DFSH397001-FBLA-37] 5u (V24) 36d | [DFSH397001-FBLA-39] 1u (V24) 36d | [DFSH397001-BLAC-42] 1u (V24) 36d | [DFSH397001-WHIT-43] 4u (V24) 36d | [DFSH397001-WHIT-41] 3u (V24) 36d | [DFSH397001-BLAC-44] 2u (V24) 36d | [DFSH397001-WHIT-44] 1u (V24) 36d;
CLABD/Stock/StorageBD/CLA-064-03-03-03;BLACK;V26+I25;48;551.10;A+C+D+B;149;40;18;[DFSH387006-BLAC-41] 1u (V26) 149d | [DFSH387006-BLAC-42] 2u (V26) 149d | [DFSH387006-BLAC-45] 2u (V26) 149d | [DFSH387006-BLAC-41] 1u (V26) 149d | [DFSH387006-BLAC-42] 2u (V26) 149d | [DFSH387006-BLAC-45] 2u (V26) 149d | [DFSH387006-BLAC-41] 1u (V26) 149d | [DFSH387006-BLAC-42] 2u (V26) 149d | [DFSH387006-BLAC-45] 2u (V26) 149d;[DFSH387005-CREA-41] 1u (I25) 149d | [DFSH387005-CREA-42] 2u (I25) 149d | [DFSH387005-CREA-43] 3u (I25) 149d | [DFSH387005-CREA-44] 3u (I25) 149d | [DFSH387005-CREA-45] 2u (I25) 149d;[DFSH387006-BLAC-43] 3u (V26) 149d | [DFSH387006-BLAC-44] 3u (V26) 149d | [DFSH387006-BLAC-43] 3u (V26) 149d | [DFSH387006-BLAC-44] 3u (V26) 149d | [DFSH387006-BLAC-43] 3u (V26) 149d | [DFSH387006-BLAC-44] 3u (V26) 149d | [DFSH387005-CREA-46] 1u (I25) 149d;[DFSH387006-BLAC-46] 1u (V26) 149d | [DFSH387006-BLAC-46] 1u (V26) 149d | [DFSH387006-BLAC-46] 1u (V26) 149d
CLABD/Stock/StorageBD/CLA-064-04-03-03;BLACK;V26+I25;60;697.82;A+C+D+B;149;50;18;[DFSH387006-BLAC-41] 1u (V26) 149d | [DFSH387006-BLAC-42] 2u (V26) 149d | [DFSH387006-BLAC-45] 2u (V26) 149d | [DFSH387006-BLAC-41] 1u (V26) 149d | [DFSH387006-BLAC-42] 2u (V26) 149d | [DFSH387006-BLAC-45] 2u (V26) 149d | [DFSH387006-BLAC-41] 1u (V26) 149d | [DFSH387006-BLAC-42] 2u (V26) 149d | [DFSH387006-BLAC-45] 2u (V26) 149d;[DFSH387005-CREA-41] 1u (I25) 149d | [DFSH387005-CREA-42] 2u (I25) 149d | [DFSH387005-CREA-43] 3u (I25) 149d | [DFSH387005-CREA-44] 3u (I25) 149d | [DFSH387005-CREA-45] 2u (I25) 149d | [DFSH387005-CREA-41] 1u (I25) 149d | [DFSH387005-CREA-42] 2u (I25) 149d | [DFSH387005-CREA-43] 3u (I25) 149d | [DFSH387005-CREA-44] 3u (I25) 149d | [DFSH387005-CREA-45] 2u (I25) 149d;[DFSH387006-BLAC-43] 3u (V26) 149d | [DFSH387006-BLAC-44] 3u (V26) 149d | [DFSH387006-BLAC-43] 3u (V26) 149d | [DFSH387006-BLAC-44] 3u (V26) 149d | [DFSH387006-BLAC-43] 3u (V26) 149d | [DFSH387006-BLAC-44] 3u (V26) 149d | [DFSH387005-CREA-46] 1u (I25) 149d | [DFSH387005-CREA-46] 1u (I25) 149d;[DFSH387006-BLAC-46] 1u (V26) 149d | [DFSH387006-BLAC-46] 1u (V26) 149d | [DFSH387006-BLAC-46] 1u (V26) 149d
CLABD/Stock/StorageBD/CLA-065-07-01-02;GENERIC;I23+V19+V24+V26;245;1052.74;B+C+A+D;1183;65;18;[DFSH387006-BLAC-41] 1u (V26) 149d | [DFSH387006-BLAC-42] 2u (V26) 149d | [DFSH387006-BLAC-45] 2u (V26) 149d | [DFSH387006-BLAC-41] 1u (V26) 149d | [DFSH387006-BLAC-42] 2u (V26) 149d | [DFSH387006-BLAC-45] 2u (V26) 149d | [DFSH387006-BLAC-41] 1u (V26) 149d | [DFSH387006-BLAC-42] 2u (V26) 149d | [DFSH387006-BLAC-45] 2u (V26) 149d;[DFACBE2308-NAVY] 50u (I23) 730d | [DFACBE2308-PINK] 50u (I23) 730d;[DFKSUN1025] 100u (V19) 1183d | [DFSH394001-PURP-36] 1u (V24) 561d | [DFSH394001-PURP-37] 2u (V24) 576d | [DFSH394001-PURP-38] 2u (V24) 576d | [DFSH394001-PURP-39] 2u (V24) 576d | [DFSH394001-PURP-40] 1u (V24) 576d | [DFSH394001-PURP-41] 1u (V24) 576d | [DFSH387006-BLAC-43] 3u (V26) 149d | [DFSH387006-BLAC-44] 3u (V26) 149d | [DFSH387006-BLAC-43] 3u (V26) 149d | [DFSH387006-BLAC-44] 3u (V26) 149d | [DFSH387006-BLAC-43] 3u (V26) 149d | [DFSH387006-BLAC-44] 3u (V26) 149d;[DFSH387006-BLAC-46] 1u (V26) 149d | [DFSH387006-BLAC-46] 1u (V26) 149d | [DFSH387006-BLAC-46] 1u (V26) 149d
CLABD/Stock/StorageBD/CLA-061-02-01-01;BLACK;V24;32;172.41;C+A+B;37;20;16;[DFSH397001-BLAC-43] 2u (V24) 37d | [DFSH397001-BLAC-43] 3u (V24) 37d;[DFSH397001-FBLA-38] 3u (V24) 37d;[DFSH397001-BLAC-44] 3u (V24) 37d | [DFSH397001-BLAC-42] 2u (V24) 37d | [DFSH397001-WHIT-43] 2u (V24) 37d | [DFSH397001-WHIT-44] 3u (V24) 37d | [DFSH397001-FBLA-37] 1u (V24) 37d | [DFSH397001-BLAC-41] 1u (V24) 37d | [DFSH397001-BLAC-42] 3u (V24) 37d | [DFSH397001-WHIT-42] 1u (V24) 37d | [DFSH397001-BLAC-44] 5u (V24) 37d | [DFSH397001-FBLA-39] 1u (V24) 37d | [DFSH397001-OFFW-44] 1u (V24) 37d | [DFSH397001-WHIT-43] 1u (V24) 37d;
CLABD/Stock/StorageBD/CLA-071-01-02-03;BLACK;I25;60;824.47;C+B+A;146;50;16;[DFSH375006-CREA-36] 1u (I25) 146d | [DFSH375006-CREA-37] 2u (I25) 146d | [DFSH375006-CREA-38] 3u (I25) 146d | [DFSH375006-CREA-39] 3u (I25) 146d;[DFSH375007-BLAC-38] 3u (I25) 146d | [DFSH375007-BLAC-39] 3u (I25) 146d | [DFSH375007-BLAC-40] 2u (I25) 146d | [DFSH375007-BLAC-38] 3u (I25) 146d | [DFSH375007-BLAC-39] 3u (I25) 146d | [DFSH375007-BLAC-40] 2u (I25) 146d | [DFSH375007-BLAC-38] 3u (I25) 146d | [DFSH375007-BLAC-39] 3u (I25) 146d | [DFSH375007-BLAC-40] 2u (I25) 146d | [DFSH375007-BLAC-38] 3u (I25) 146d | [DFSH375007-BLAC-39] 3u (I25) 146d | [DFSH375007-BLAC-40] 2u (I25) 146d | [DFSH375006-CREA-40] 2u (I25) 146d | [DFSH375006-CREA-41] 1u (I25) 146d;[DFSH375007-BLAC-36] 1u (I25) 146d | [DFSH375007-BLAC-37] 2u (I25) 146d | [DFSH375007-BLAC-41] 1u (I25) 146d | [DFSH375007-BLAC-36] 1u (I25) 146d | [DFSH375007-BLAC-37] 2u (I25) 146d | [DFSH375007-BLAC-41] 1u (I25) 146d | [DFSH375007-BLAC-36] 1u (I25) 146d | [DFSH375007-BLAC-37] 2u (I25) 146d | [DFSH375007-BLAC-41] 1u (I25) 146d | [DFSH375007-BLAC-36] 1u (I25) 146d | [DFSH375007-BLAC-37] 2u (I25) 146d | [DFSH375007-BLAC-41] 1u (I25) 146d;
CLAGD/Stock/StorageGD/CLA-041-03-01-01;BLACK;I21+V23+I25+V22+V25;40;163.09;C+D+A;637;50;13;[BJSH543008-TAN-35] 1u (I25) 16d | [BJSH543008-TAUP-34] 1u (I25) 16d | [BJSH543008-TAUP-36] 1u (I25) 16d | [BJSH543008-TAUP-35] 2u (I25) 16d;;[LI230609-0020-33] 1u (I21) 637d | [MV553202-0020-34] 2u (V22) 16d | [MV553202-0020-35] 2u (V22) 16d | [MV553202-0020-33] 2u (V22) 16d | [MV553202-0020-36] 1u (V22) 16d | [MV553202-0020-37] 1u (V22) 16d | [MV553202-0020-38] 1u (V22) 16d | [MV553202-0020-32] 1u (V22) 16d | [MV553202-0020-30] 1u (V22) 16d | [MV553202-0020-31] 1u (V22) 16d;[NV234406-0207-37] 3u (V23) 16d | [NV234406-0207-36] 2u (V23) 16d | [NV234406-0207-38] 2u (V23) 16d | [NV234406-0207-39] 1u (V23) 16d | [NV234406-0207-40] 1u (V23) 16d | [BJSH543008-BLACK-39] 1u (I25) 16d | [BJSH360003-BEIG-40] 1u (V25) 16d | [BJSH360003-BEIG-34] 2u (V25) 16d | [BJSH360003-BEIG-33] 1u (V25) 16d | [BJSH360003-BEIG-39] 1u (V25) 16d | [BJSH360003-BEIG-38] 1u (V25) 16d | [BJSH360003-BEIG-37] 2u (V25) 16d | [BJSH360003-BEIG-36] 2u (V25) 16d | [BJSH360003-BEIG-35] 2u (V25) 16d
CLABD/Stock/StorageBD/CLA-061-05-02-02;BLACK;V25+V24;142;864.44;B+C+A;38;80;13;[DFSH397001-BLAC-43] 1u (V24) 37d | [DFSH397001-BLAC-43] 2u (V24) 37d;[DFSH397002-DOTT-38] 3u (V25) 37d | [DFSH397002-DOTT-37] 4u (V25) 37d | [DFSH397002-GOLD-37] 3u (V25) 37d | [DFSH397002-GOLD-40] 2u (V25) 37d | [DFSH397002-GOLD-36] 1u (V25) 37d | [DFSH397002-GOLD-38] 1u (V25) 37d | [DFSH397001-FBLA-38] 1u (V24) 37d | [DFSH397002-GOLD-41] 1u (V25) 37d | [DFSH397002-DOTT-37] 1u (V25) 37d | [DFSH397002-DOTT-40] 2u (V25) 37d | [DFSH397002-DOTT-38] 2u (V25) 37d | [DFSH397002-DOTT-41] 1u (V25) 37d | [DFSH397001-FBLA-38] 2u (V24) 37d | [DFSH361007-CYAN-36] 1u (V24) 37d | [DFSH361004-BLAC-40] 1u (V24) 37d | [DFSH361007-BLAC-37] 2u (V24) 37d | [DFSH361004-BLAC-37] 1u (V24) 37d | [DFSH361005-BLUE-37] 1u (V24) 37d | [DFSH361004-BLAC-41] 1u (V24) 37d | [DFSH361009-LIME-38] 3u (V25) 38d | [DFSH361009-FUCH-40] 1u (V25) 38d | [DFSH361009-FUCH-37] 1u (V25) 38d | [DFSH361007-BLAC-36] 1u (V24) 38d | [DFSH361009-LIME-37] 1u (V25) 38d | [DFSH361009-GREE-36] 1u (V25) 38d | [DFSH361009-LIME-40] 1u (V25) 38d | [DFSH361003-NAVY-41] 1u (V24) 38d | [DFSH361009-GREE-37] 1u (V25) 38d | [DFSH361007-BLAC-39] 1u (V24) 38d | [DFSH361009-FUCH-38] 2u (V25) 38d | [DFSH361009-LIME-40] 3u (V25) 38d | [DFSH361009-LIME-37] 1u (V25) 38d | [DFSH361009-LIME-38] 3u (V25) 38d | [DFSH361007-CYAN-38] 1u (V24) 38d | [DFSH361007-CYAN-37] 1u (V24) 38d | [DFSH361007-BEIG-37] 2u (V24) 38d | [DFSH361007-BLAC-36] 2u (V24) 38d | [DFSH361003-BLAC-41] 1u (V24) 38d | [DFSH361007-NAVY-40] 1u (V24) 38d | [DFSH361009-FUCH-38] 1u (V25) 38d | [DFSH361007-BLAC-39] 1u (V24) 38d | [DFSH361005-BLUE-36] 1u (V24) 38d | [DFSH361009-LIME-38] 2u (V25) 38d | [DFSH361007-BLAC-36] 5u (V24) 38d | [DFSH361007-BLAC-37] 3u (V24) 38d | [DFSH361007-CYAN-38] 1u (V24) 38d | [DFSH361007-NAVY-36] 1u (V24) 38d | [DFSH361007-BLAC-41] 1u (V24) 38d | [DFSH361009-LIME-37] 1u (V25) 38d | [DFSH361004-BLAC-39] 1u (V24) 38d | [DFSH361009-GREE-36] 1u (V25) 38d | [DFSH361009-FUCH-38] 2u (V25) 38d | [DFSH361009-LIME-36] 1u (V25) 38d | [DFSH361009-FUCH-39] 1u (V25) 38d | [DFSH361009-FUCH-40] 2u (V25) 38d | [DFSH361004-SILV-37] 1u (V24) 38d | [DFSH361007-BLAC-36] 2u (V24) 38d | [DFSH361005-BLUE-36] 1u (V24) 38d | [DFSH361005-BLUE-37] 1u (V24) 38d | [DFSH361009-FUCH-41] 1u (V25) 38d | [DFSH361007-NAVY-41] 1u (V24) 38d | [DFSH361007-BLAC-37] 1u (V24) 38d | [DFSH361007-BLAC-39] 1u (V24) 38d | [DFSH361007-BEIG-36] 1u (V24) 38d | [DFSH361009-FUCH-37] 1u (V25) 38d;[DFSH397001-OFFW-40] 3u (V24) 37d | [DFSH397001-OFFW-41] 1u (V24) 37d | [DFSH397001-FBLA-39] 1u (V24) 37d | [DFSH397001-BLAC-44] 4u (V24) 37d | [DFSH397001-OFFW-40] 2u (V24) 37d | [DFSH397001-OFFW-41] 1u (V24) 37d | [DFSH397001-WHIT-41] 1u (V24) 37d | [DFSH397001-FBLA-37] 1u (V24) 37d | [DFSH397001-WHIT-44] 1u (V24) 37d | [DFSH397001-FBLA-39] 1u (V24) 37d | [DFSH397001-BLAC-42] 2u (V24) 37d | [DFSH397001-OFFW-37] 3u (V24) 37d | [DFSH397001-BLAC-44] 2u (V24) 37d | [DFSH397001-OFFW-43] 1u (V24) 37d | [DFSH397001-WHIT-43] 1u (V24) 37d | [DFSH397001-OFFW-40] 1u (V24) 37d | [DFSH361003-BLAC-43] 1u (V24) 37d | [DFSH361003-NAVY-44] 5u (V24) 37d | [DFSH361003-NAVY-43] 4u (V24) 37d | [DFSH361003-BLAC-45] 1u (V24) 38d | [DFSH361003-NAVY-45] 1u (V24) 38d | [DFSH361003-NAVY-43] 3u (V24) 38d | [DFSH361003-NAVY-44] 1u (V24) 38d | [DFSH361003-NAVY-43] 1u (V24) 38d;
CLABD/Stock/StorageBD/CLA-064-02-03-03;BLACK;V24+I25;62;359.47;C+A+B;36;50;13;[DFSH397001-BLAC-43] 2u (V24) 36d | [DFSH397001-BLAC-43] 4u (V24) 36d | [DFSH397001-BLAC-43] 3u (V24) 36d | [DFSH370021-TAN-42] 1u (I25) 36d | [DFSH370021-TAN-40] 2u (I25) 36d | [DFSH370021-TAN-37] 1u (I25) 36d | [DFSH370021-TAN-39] 2u (I25) 36d | [DFSH370021-TAN-38] 2u (I25) 36d | [DFSH370021-TAN-41] 1u (I25) 36d;[DFSH397001-FBLA-38] 1u (V24) 36d;[DFSH397001-OFFW-43] 2u (V24) 36d | [DFSH397001-BLAC-42] 3u (V24) 36d | [DFSH397001-BLAC-44] 3u (V24) 36d | [DFSH397001-OFFW-43] 4u (V24) 36d | [DFSH397001-BLAC-42] 1u (V24) 36d | [DFSH397001-OFFW-42] 1u (V24) 36d | [DFSH397001-BLAC-44] 1u (V24) 36d | [DFSH397001-OFFW-41] 1u (V24) 36d | [DFSH397001-OFFW-42] 3u (V24) 36d | [DFSH397001-OFFW-41] 3u (V24) 36d | [DFSH397001-OFFW-38] 1u (V24) 36d | [DFSH397001-OFFW-44] 1u (V24) 36d | [DFSH397001-OFFW-39] 1u (V24) 36d | [DFSH397001-OFFW-43] 3u (V24) 36d | [DFSH397001-OFFW-40] 1u (V24) 36d | [DFSH397001-OFFW-37] 1u (V24) 36d | [DFSH397001-WHIT-43] 1u (V24) 36d | [DFSH397001-BLAC-42] 3u (V24) 36d | [DFSH397001-OFFW-39] 1u (V24) 36d | [DFSH397001-OFFW-40] 1u (V24) 36d | [DFSH397001-OFFW-44] 1u (V24) 36d | [DFSH397001-BLAC-44] 2u (V24) 36d | [DFSH397001-OFFW-38] 1u (V24) 36d | [DFSH397001-OFFW-37] 1u (V24) 36d | [DFSH397001-OFFW-43] 1u (V24) 36d | [DFSH397001-OFFW-41] 1u (V24) 36d;
CLABD/Stock/StorageBD/CLA-071-06-01-03;BLACK;I23+I18+I21+V23+I24;92;797.69;C+A+B;440;80;13;[DFSH334011-PINK-38] 1u (I23) 121d | [DFSH334011-PINK-38] 3u (I23) 121d | [DFSH371012-BEIG-38] 2u (I24) 440d | [DFSH371012-BEIG-41] 1u (I24) 440d | [DFSH371012-BEIG-38] 2u (I24) 440d | [DFSH371012-BEIG-41] 1u (I24) 440d | [DFSH371012-BEIG-38] 2u (I24) 440d | [DFSH371012-BEIG-41] 1u (I24) 440d;[HIK10109-0561-38] 7u (I21) 121d | [HIK10109-0561-37] 1u (I21) 121d | [NVK33410-0043-41] 1u (V23) 405d | [NVK33410-0043-38] 5u (V23) 388d | [NVK33410-0043-36] 1u (V23) 388d | [NVK33410-0043-37] 2u (V23) 405d;[DFSH334011-PINK-40] 5u (I23) 121d | [DFSH334011-PINK-36] 2u (I23) 121d | [DFSH334011-PINK-39] 3u (I23) 121d | [DFSH334011-PINK-37] 2u (I23) 121d | [DFSH334011-PINK-41] 2u (I23) 121d | [HIK10104-0399-41] 1u (I18) 121d | [HIK10104-0399-40] 2u (I18) 121d | [HIK10104-0399-39] 1u (I18) 121d | [HIK10104-0399-37] 3u (I18) 121d | [HIK10104-0399-38] 1u (I18) 121d | [DFSH334011-BLAC-36] 8u (I23) 121d | [DFSH334011-BLAC-40] 1u (I23) 121d | [DFSH334011-BLAC-39] 4u (I23) 121d | [DFSH334011-PINK-39] 3u (I23) 121d | [DFSH334011-PINK-37] 6u (I23) 121d | [DFSH371012-BEIG-36] 1u (I24) 440d | [DFSH371012-BEIG-37] 2u (I24) 440d | [DFSH371012-BEIG-39] 2u (I24) 440d | [DFSH371012-BEIG-40] 1u (I24) 440d | [DFSH371012-BEIG-36] 1u (I24) 440d | [DFSH371012-BEIG-37] 2u (I24) 440d | [DFSH371012-BEIG-39] 2u (I24) 440d | [DFSH371012-BEIG-40] 1u (I24) 440d | [DFSH371012-BEIG-36] 1u (I24) 440d | [DFSH371012-BEIG-37] 2u (I24) 440d | [DFSH371012-BEIG-39] 2u (I24) 440d | [DFSH371012-BEIG-40] 1u (I24) 440d;
CLAGD/Stock/StorageGD/CLA-041-01-01-01;GOLD;I24+I22;111;433.08;C+B+A;1324;100;12;[OSSH505003-NAVY-24] 2u (I24) 437d | [OSSH505003-NAVY-25] 2u (I24) 437d | [OSSH505003-NAVY-24] 2u (I24) 437d | [OSSH505003-NAVY-25] 2u (I24) 437d;[OSSH505003-NAVY-20] 2u (I24) 437d | [OSSH505003-NAVY-21] 2u (I24) 437d | [OSSH505003-NAVY-22] 2u (I24) 437d | [OSSH505003-NAVY-23] 2u (I24) 437d | [OSSH505003-NAVY-20] 2u (I24) 437d | [OSSH505003-NAVY-21] 2u (I24) 437d | [OSSH505003-NAVY-22] 2u (I24) 437d | [OSSH505003-NAVY-23] 2u (I24) 437d | [LI231007-0022_-41] 2u (I22) 1294d | [LI231007-0022_-40] 1u (I22) 1324d | [LI231007-0022_-36] 3u (I22) 1324d | [LI231007-0022_-38] 2u (I22) 590d | [LI231007-0022_-37] 1u (I22) 1066d | [LI231007-0022_-38] 2u (I22) 590d | [LI231007-0022_-39] 6u (I22) 590d | [LI231007-0022_-37] 1u (I22) 1066d | [LI231007-0022_-36] 3u (I22) 1324d | [LI231007-0022_-38] 4u (I22) 590d | [LI231007-0022_-40] 1u (I22) 1324d | [LI231007-0022_-37] 1u (I22) 1066d;[OSSH102102-NAVY-20] 1u (I24) 379d | [OSSH102102-NAVY-21] 1u (I24) 379d | [OSSH102102-NAVY-22] 2u (I24) 379d | [OSSH102102-NAVY-23] 2u (I24) 379d | [OSSH102102-NAVY-24] 2u (I24) 379d | [OSSH102102-NAVY-25] 2u (I24) 379d | [OSSH102102-NAVY-26] 2u (I24) 379d | [OSSH102102-NAVY-19] 1u (I24) 472d | [OSSH102102-NAVY-20] 1u (I24) 472d | [OSSH102102-NAVY-21] 2u (I24) 472d | [OSSH102102-NAVY-22] 2u (I24) 472d | [OSSH102102-NAVY-23] 2u (I24) 472d | [OSSH102102-NAVY-24] 2u (I24) 472d | [OSSH102102-NAVY-25] 1u (I24) 472d | [OSSH102102-NAVY-26] 1u (I24) 472d | [OSSH102102-BORD-20] 1u (I24) 472d | [OSSH102102-BORD-21] 1u (I24) 472d | [OSSH102102-BORD-22] 2u (I24) 472d | [OSSH102102-BORD-23] 2u (I24) 472d | [OSSH102102-BORD-24] 2u (I24) 472d | [OSSH102102-BORD-25] 2u (I24) 472d | [OSSH102102-BORD-26] 2u (I24) 472d | [OSSH102102-BORD-19] 1u (I24) 472d | [OSSH102102-BORD-20] 1u (I24) 472d | [OSSH102102-BORD-21] 2u (I24) 472d | [OSSH102102-BORD-22] 2u (I24) 472d | [OSSH102102-BORD-23] 2u (I24) 472d | [OSSH102102-BORD-24] 2u (I24) 472d | [OSSH102102-BORD-25] 1u (I24) 472d | [OSSH102102-BORD-26] 1u (I24) 472d | [BWSH347006-BLAC-36] 1u (I24) 387d | [BWSH347006-BLAC-37] 2u (I24) 387d | [BWSH347006-BLAC-38] 3u (I24) 387d | [BWSH347006-BLAC-39] 3u (I24) 387d | [BWSH347006-BLAC-40] 2u (I24) 387d | [BWSH347006-BLAC-41] 1u (I24) 387d;
CLAGD/Stock/StorageGD/CLA-041-01-01-03;GOLD;I25+V22+V23;41;187.29;A+C+D;584;40;12;[COSH542021-NAVY-29] 10u (I25) 198d | [COSH542021-NAVY-28] 10u (I25) 198d;;[MV232308-0020-36] 2u (V22) 584d | [MV232308-0020-37] 4u (V22) 584d | [MV232308-0020-38] 3u (V22) 584d | [MV232308-0020-39] 2u (V22) 584d | [MV232308-0020-40] 1u (V22) 584d;[NV234401-0020-36] 2u (V23) 584d | [NV234401-0020-37] 3u (V23) 584d | [NV234401-0020-38] 2u (V23) 584d | [NV234401-0020-39] 1u (V23) 584d | [NV234401-0020-40] 1u (V23) 584d
CLABD/Stock/StorageBD/CLA-062-01-01-01;BLACK;I25+V25;44;332.82;A+B+C;323;40;12;[DFSH375005-TAN-42] 12u (I25) 146d;[DFSH334001-BEIG-44] 10u (V25) 323d | [DFSH334001-BEIG-44] 10u (V25) 323d;[DFSH370019-BLAC-37] 12u (I25) 146d;
CLABD/Stock/StorageBD/CLA-064-04-01-03;BLACK;V26+I25;60;668.35;B+A+C+D;149;50;12;[DFSH387006-BLAC-38] 3u (V26) 149d | [DFSH387006-BLAC-39] 3u (V26) 149d | [DFSH387006-BLAC-41] 1u (V26) 149d | [DFSH387006-BLAC-38] 3u (V26) 149d | [DFSH387006-BLAC-39] 3u (V26) 149d | [DFSH387006-BLAC-41] 1u (V26) 149d | [DFSH387006-BLAC-38] 3u (V26) 149d | [DFSH387006-BLAC-39] 3u (V26) 149d | [DFSH387006-BLAC-41] 1u (V26) 149d | [DFSH387006-BLAC-41] 1u (V26) 149d | [DFSH387006-BLAC-42] 2u (V26) 149d | [DFSH387006-BLAC-45] 2u (V26) 149d;[DFSH387006-BLAC-36] 1u (V26) 149d | [DFSH387006-BLAC-37] 2u (V26) 149d | [DFSH387006-BLAC-36] 1u (V26) 149d | [DFSH387006-BLAC-37] 2u (V26) 149d | [DFSH387006-BLAC-36] 1u (V26) 149d | [DFSH387006-BLAC-37] 2u (V26) 149d | [DFSH387005-CREA-41] 1u (I25) 149d | [DFSH387005-CREA-42] 2u (I25) 149d | [DFSH387005-CREA-43] 3u (I25) 149d | [DFSH387005-CREA-44] 3u (I25) 149d | [DFSH387005-CREA-45] 2u (I25) 149d;[DFSH387006-BLAC-40] 2u (V26) 149d | [DFSH387006-BLAC-40] 2u (V26) 149d | [DFSH387006-BLAC-40] 2u (V26) 149d | [DFSH387006-BLAC-43] 3u (V26) 149d | [DFSH387006-BLAC-44] 3u (V26) 149d | [DFSH387005-CREA-46] 1u (I25) 149d;[DFSH387006-BLAC-46] 1u (V26) 149d
CLABD/Stock/StorageBD/CLA-071-08-01-01;GENERIC;V22+I24+I25+V23;83;541.11;C+A+B;730;80;12;[DFSH321090-BLAC-38] 2u (I24) 141d | [DFSH370011-BROW-39] 2u (I25) 155d | [DFSH371004-TAN-40] 1u (I25) 155d | [DFSH371004-TAN-37] 2u (I25) 155d | [DFSH370004-BLAC-40] 1u (I25) 155d | [DFSH369003-BLAC-37] 2u (I24) 155d | [DFSH370004-BLAC-40] 5u (I25) 155d;[DFSH321090-BLAC-37] 2u (I24) 141d | [DFSH321090-BLAC-39] 1u (I24) 141d | [DFSH370010-ORAN-37] 1u (I24) 155d | [DFSH371010-BLAC-37] 5u (I25) 155d | [NVK33410-0009-40] 5u (V23) 405d | [NVK33410-0009-38] 3u (V23) 405d | [NVK33410-0009-37] 7u (V23) 405d | [NVK33410-0009-39] 1u (V23) 405d | [NVK33410-0009-36] 1u (V23) 405d;[MVK22035-0001-38] 10u (V22) 730d | [MVK22035-0001-37] 20u (V22) 730d | [DFACTOW002-BLAC] 12u (V23) 387d;
CLABD/Stock/StorageBD/CLA-071-08-01-03;BLACK;V25+V24+V22+I23+V23+V20+I25;82;491.85;B+C+D+A;36;60;12;[DFSH334011-PINK-38] 1u (I23) 36d | [DFSH397001-BLAC-43] 2u (V24) 36d;[DFSH404002-ABUR-39] 1u (V25) 36d | [DFSH334001-BEIG-44] 1u (V25) 36d | [DFSH334010-PINK-40] 1u (V24) 36d | [DFSH334001-PINK-38] 1u (V24) 36d | [DFSH404001-SILV-36] 1u (V25) 36d | [DFSH404001-SILV-39] 1u (V25) 36d | [DFSH404004-ORAN-38] 1u (V25) 36d | [DFSH334001-BLUE-44] 1u (V24) 36d | [DFSH404001-SILV-38] 1u (V25) 36d | [DFSH404001-SILV-37] 2u (V25) 36d | [DFSH404001-SILV-40] 2u (V25) 36d | [DFSH404004-ORAN-40] 1u (V25) 36d | [DFSH334001-BEIG-39] 1u (V25) 36d | [DFSH404001-SILV-41] 1u (V25) 36d | [DFSH404004-MULT-41] 1u (V25) 36d | [DFSH334001-BEIG-44] 1u (V25) 36d | [DFSH406003-GREE-39] 1u (V25) 36d | [DFSH406003-BURG-41] 1u (V25) 36d | [DFSH394001-BLAC-39] 1u (V25) 36d | [DFSH406002-DOTT-40] 1u (V25) 36d | [DFSH334011-ORAN-39] 1u (I23) 36d | [NVK36101-0202-45] 1u (V23) 36d | [DFSH394001-BLAC-37] 1u (V25) 36d | [KV330025-0012-36] 1u (V20) 36d | [DFSH334011-ORAN-36] 1u (I23) 36d | [DFSH334011-ORAN-39] 1u (I23) 36d | [DFSH387005-CREA-41] 1u (I25) 36d;[DFSH334001-BEIG-45] 5u (V25) 36d | [DFSH334009-ORAN-39] 1u (V24) 36d | [LVK22702-0052-41] 2u (V22) 36d | [DFSH334011-PINK-40] 2u (I23) 36d | [DFSH334011-BLAC-38] 1u (I23) 36d | [DFSH334011-PINK-39] 2u (I23) 36d | [DFSH334011-BEIG-40] 1u (I23) 36d | [DFSH394002-BLAC-36] 1u (V25) 36d | [DFSH334001-BEIG-41] 1u (V25) 36d | [DFSH394002-BLAC-37] 1u (V25) 36d | [DFSH392001-SILV-37] 1u (V24) 36d | [DFSH392001-SILV-38] 2u (V24) 36d | [DFSH392001-SILV-39] 3u (V24) 36d | [DFSH392001-SILV-40] 2u (V24) 36d | [DFSH334011-PINK-37] 1u (I23) 36d | [DFSH394001-BLAC-36] 1u (V25) 36d | [DFSH334011-BLAC-39] 1u (I23) 36d | [DFSH334011-BLAC-40] 1u (I23) 36d | [DFSH397001-OFFW-42] 1u (V24) 36d | [DFSH397001-FBLA-37] 3u (V24) 36d | [DFSH397001-OFFW-41] 1u (V24) 36d | [DFSH397001-OFFW-40] 1u (V24) 36d | [DFSH397001-BLAC-41] 1u (V24) 36d | [DFSH397001-BLAC-42] 1u (V24) 36d | [DFSH397001-BLAC-44] 1u (V24) 36d | [DFSH387005-CREA-37] 2u (I25) 36d | [DFSH387005-CREA-38] 2u (I25) 36d | [DFSH387005-CREA-36] 1u (I25) 36d | [DFSH387005-CREA-39] 2u (I25) 36d | [DFSH387005-CREA-40] 1u (I25) 36d;[DFSH334001-KHAK-40] 1u (V24) 36d | [DFSH334001-KHAK-37] 2u (V24) 36d | [BJSH384001-OFFW-37] 1u (V25) 36d
CLAGD/Stock/StorageGD/CLA-072-14-01-03;GOLD;V24+I25+V23;64;346.62;C+A+D;324;60;12;[BJSH542020-NAVY-41] 10u (I25) 128d | [BJSH542020-TAN-38] 10u (I25) 128d | [BJSH542020-TAN-38] 10u (I25) 128d | [COSH542084-BRON-30] 10u (I25) 128d;;[BWSH300083-BLAC-38] 3u (V24) 128d | [BWSH300083-BLAC-39] 3u (V24) 128d | [BWSH300083-BLAC-41] 1u (V24) 128d | [BWSH300083-BLAC-40] 2u (V24) 128d | [BWSH300083-BLAC-37] 2u (V24) 128d | [BWSH300083-BLAC-36] 1u (V24) 128d;[NV128537-0037-34] 1u (V23) 324d | [NV128537-0037-30] 1u (V23) 324d | [NV128537-0037-31] 1u (V23) 324d | [NV128537-0037-35] 1u (V23) 324d | [NV128537-0037-27] 1u (V23) 324d | [NV128537-0037-26] 1u (V23) 324d | [NV128537-0037-25] 1u (V23) 324d | [NV128537-0037-24] 1u (V23) 324d | [NV128537-0037-33] 1u (V23) 324d | [NV128537-0037-28] 1u (V23) 324d | [NV128537-0037-29] 1u (V23) 324d | [NV128537-0037-32] 1u (V23) 324d
CLABD/Stock/StorageBD/CLA-070-01-01-02;BLACK;I23+I25;52;338.96;C+B+A;177;40;11;[DFSH370011-BLAC-38] 12u (I25) 177d | [DFSH370011-BLAC-38] 12u (I25) 177d;[DFSH334011-ORAN-39] 1u (I23) 120d;[DFSH334011-BLAC-39] 3u (I23) 121d | [DFSH334011-BLAC-38] 3u (I23) 121d | [DFSH334011-ORAN-38] 1u (I23) 120d | [DFSH334011-BLAC-37] 2u (I23) 121d | [DFSH334011-BEIG-36] 1u (I23) 120d | [DFSH334011-BEIG-37] 2u (I23) 120d | [DFSH334011-PINK-39] 1u (I23) 121d | [DFSH334011-BEIG-37] 7u (I23) 120d | [DFSH334011-BEIG-36] 2u (I23) 120d | [DFSH334011-BLAC-37] 1u (I23) 121d | [DFSH334011-PINK-41] 1u (I23) 120d | [DFSH334011-BLAC-40] 2u (I23) 121d | [DFSH334011-ORAN-37] 1u (I23) 121d;
CLAGD/Stock/StorageGD/CLAGD/Stock/EXTB2BGD/CLA-009-02-03-01;BLACK;I25;109;55.33;C+B+A;154;110;10;[DFSH370021-BURG-38] 2u (I25) 154d | [DFSH370021-BURG-39] 2u (I25) 154d | [DFSH370021-BURG-40] 1u (I25) 154d;[DFSH370021-BURG-37] 2u (I25) 154d | [DFSH370021-BURG-41] 1u (I25) 154d;[DFSH370021-BURG-36] 1u (I25) 154d | [COSH283119-WHIT-29] 10u (I25) 148d | [COSH283119-BLAC-36] 10u (I25) 148d | [COSH283119-BEIG-32] 10u (I25) 148d | [COSH283119-BEIG-30] 10u (I25) 148d | [COSH283119-BEIG-28] 10u (I25) 148d | [COSH542104-GOLD-34] 10u (I25) 141d | [COSH542104-GOLD-34] 10u (I25) 141d | [COSH542104-GOLD-34] 10u (I25) 141d | [COSH542104-GOLD-28] 10u (I25) 141d | [COSH542104-GOLD-25] 10u (I25) 141d;
CLAGD/Stock/StorageGD/CLA-041-02-01-03;GOLD;V22+V25+I24+I23;58;239.06;B+A+D+C;15;60;10;[BJSH543006-BLAC-40] 10u (I24) 15d;[MV232305-0020-38] 10u (V22) 15d | [COSH264013-MULT-33] 10u (V25) 15d | [BJSH542076-BLAC-32] 1u (I23) 15d | [BJSH542076-BLAC-30] 2u (I23) 15d | [BJSH542076-BLAC-37] 1u (I23) 15d | [COSH264013-MULT-33] 10u (V25) 15d;[MV232308-0020-40] 10u (V22) 15d;[BJSH592001-BLAC-35] 2u (I23) 15d | [BJSH542065-TAN-30] 1u (I23) 15d | [BJSH387004-MULT-37] 1u (V25) 15d
CLAGD/Stock/StorageGD/CLA-042-06-01-02;GOLD;I25+I24+V24+V22;101;235.63;B+A+C;730;100;10;[COSH542020-TAUP-30] 10u (I25) 437d | [COSH542020-TAUP-30] 10u (I25) 437d | [BJSH542020-NAVY-33] 10u (I25) 437d;[COSH542065-TAUP-29] 10u (I25) 437d | [COSH542065-TAUP-29] 10u (I25) 437d | [COSH542065-TAUP-26] 10u (I25) 437d | [BJSH527060-OFFW-36] 3u (V24) 638d;[COSH264005-BLAC-22] 10u (I24) 449d | [BJSH527060-OFFW-35] 2u (V24) 638d | [BJSH527060-OFFW-37] 2u (V24) 638d | [MVS14163-0001-24] 12u (V22) 730d | [MVS14163-0001-22] 12u (V22) 730d;
CLAGD/Stock/StorageGD/CLA-042-08-01-03;GENERIC;V23+I25+V24;80;420.20;D+B+C+A;730;80;10;[COSH542083-TAUP-29] 10u (I25) 190d | [BJSH542020-TAUP-35] 10u (I25) 161d;[BJSH542021-TAN-23] 10u (I25) 730d | [BJSH542021-TAN-23] 10u (I25) 730d | [BJSH542021-TAN-23] 10u (I25) 730d;[BJSH534002-BLAC-35] 10u (V24) 610d;[NV556205-0043-34] 10u (V23) 730d | [NV556205-0043-33] 10u (V23) 730d
CLABD/Stock/StorageBD/CLA-064-05-01-02;BLACK;V26+V24;96;923.30;C+B+A;624;80;10;[DFSH387006-WHIT-41] 1u (V26) 149d | [DFSH387006-BLAC-38] 3u (V26) 149d | [DFSH387006-BLAC-39] 3u (V26) 149d | [DFSH387006-BLAC-41] 1u (V26) 149d | [DFSH387006-BLAC-38] 3u (V26) 149d | [DFSH387006-BLAC-39] 3u (V26) 149d | [DFSH387006-BLAC-41] 1u (V26) 149d | [DFSH387006-BLAC-38] 3u (V26) 149d | [DFSH387006-BLAC-39] 3u (V26) 149d | [DFSH387006-BLAC-41] 1u (V26) 149d | [DFSH387006-BLAC-38] 3u (V26) 149d | [DFSH387006-BLAC-39] 3u (V26) 149d | [DFSH387006-BLAC-41] 1u (V26) 149d | [DFSH387006-BLAC-38] 3u (V26) 149d | [DFSH387006-BLAC-39] 3u (V26) 149d | [DFSH387006-BLAC-41] 1u (V26) 149d;[DFSH387006-WHIT-40] 2u (V26) 149d | [DFSH387006-BLAC-36] 1u (V26) 149d | [DFSH387006-BLAC-37] 2u (V26) 149d | [DFSH387006-BLAC-36] 1u (V26) 149d | [DFSH387006-BLAC-37] 2u (V26) 149d | [DFSH387006-BLAC-36] 1u (V26) 149d | [DFSH387006-BLAC-37] 2u (V26) 149d | [DFSH387006-BLAC-36] 1u (V26) 149d | [DFSH387006-BLAC-37] 2u (V26) 149d | [DFSH387006-BLAC-36] 1u (V26) 149d | [DFSH387006-BLAC-37] 2u (V26) 149d;[DFSH387006-WHIT-36] 1u (V26) 149d | [DFSH387006-WHIT-37] 2u (V26) 149d | [DFSH387006-WHIT-38] 3u (V26) 149d | [DFSH387006-WHIT-39] 3u (V26) 149d | [DFSH387006-BLAC-40] 2u (V26) 149d | [DFSH387006-BLAC-40] 2u (V26) 149d | [DFSH387006-BLAC-40] 2u (V26) 149d | [DFSH387006-BLAC-40] 2u (V26) 149d | [DFSH387006-BLAC-40] 2u (V26) 149d | [DFSH392001-WHIT-36] 1u (V24) 624d | [DFSH392001-WHIT-37] 2u (V24) 624d | [DFSH392001-WHIT-38] 3u (V24) 624d | [DFSH392001-WHIT-39] 3u (V24) 624d | [DFSH392001-WHIT-40] 2u (V24) 624d | [DFSH392001-WHIT-41] 1u (V24) 624d | [DFSH392001-WHIT-36] 1u (V24) 624d | [DFSH392001-WHIT-37] 2u (V24) 624d | [DFSH392001-WHIT-38] 3u (V24) 624d | [DFSH392001-WHIT-39] 3u (V24) 624d | [DFSH392001-WHIT-40] 2u (V24) 624d | [DFSH392001-WHIT-41] 1u (V24) 624d;
CLABD/Stock/StorageBD/CLA-064-09-02-01;BLACK;V26;84;910.03;C+B+A;149;70;10;[DFSH387006-WHIT-41] 1u (V26) 149d | [DFSH387006-WHIT-41] 1u (V26) 149d | [DFSH387006-BLAC-38] 3u (V26) 149d | [DFSH387006-BLAC-39] 3u (V26) 149d | [DFSH387006-BLAC-41] 1u (V26) 149d | [DFSH387006-BLAC-38] 3u (V26) 149d | [DFSH387006-BLAC-39] 3u (V26) 149d | [DFSH387006-BLAC-41] 1u (V26) 149d | [DFSH387006-BLAC-38] 3u (V26) 149d | [DFSH387006-BLAC-39] 3u (V26) 149d | [DFSH387006-BLAC-41] 1u (V26) 149d | [DFSH387006-BLAC-38] 3u (V26) 149d | [DFSH387006-BLAC-39] 3u (V26) 149d | [DFSH387006-BLAC-41] 1u (V26) 149d | [DFSH387006-BLAC-38] 3u (V26) 149d | [DFSH387006-BLAC-39] 3u (V26) 149d | [DFSH387006-BLAC-41] 1u (V26) 149d;[DFSH387006-WHIT-40] 2u (V26) 149d | [DFSH387006-WHIT-40] 2u (V26) 149d | [DFSH387006-BLAC-36] 1u (V26) 149d | [DFSH387006-BLAC-37] 2u (V26) 149d | [DFSH387006-BLAC-36] 1u (V26) 149d | [DFSH387006-BLAC-37] 2u (V26) 149d | [DFSH387006-BLAC-36] 1u (V26) 149d | [DFSH387006-BLAC-37] 2u (V26) 149d | [DFSH387006-BLAC-36] 1u (V26) 149d | [DFSH387006-BLAC-37] 2u (V26) 149d | [DFSH387006-BLAC-36] 1u (V26) 149d | [DFSH387006-BLAC-37] 2u (V26) 149d;[DFSH387006-WHIT-36] 1u (V26) 149d | [DFSH387006-WHIT-37] 2u (V26) 149d | [DFSH387006-WHIT-38] 3u (V26) 149d | [DFSH387006-WHIT-39] 3u (V26) 149d | [DFSH387006-WHIT-36] 1u (V26) 149d | [DFSH387006-WHIT-37] 2u (V26) 149d | [DFSH387006-WHIT-38] 3u (V26) 149d | [DFSH387006-WHIT-39] 3u (V26) 149d | [DFSH387006-BLAC-40] 2u (V26) 149d | [DFSH387006-BLAC-40] 2u (V26) 149d | [DFSH387006-BLAC-40] 2u (V26) 149d | [DFSH387006-BLAC-40] 2u (V26) 149d | [DFSH387006-BLAC-40] 2u (V26) 149d;
CLABD/Stock/StorageBD/CLA-070-07-03-03;BLACK;I25+V23;105;1084.14;A+C+D;28;100;10;[DFSH371006-BLAC-38] 12u (I25) 28d | [DFSH371006-BLAC-38] 12u (I25) 28d | [NVK22060-0001-37] 9u (V23) 28d | [NVK22060-0001-37] 9u (V23) 28d | [NVK22060-0001-37] 9u (V23) 28d | [NVK22060-0001-37] 9u (V23) 28d | [NVK22060-0001-37] 9u (V23) 28d;;[DFSH407005-BLAC-40] 3u (I25) 28d | [DFSH407005-BLAC-41] 1u (I25) 28d | [DFSH407005-BLAC-36] 1u (I25) 28d | [DFSH407005-BLAC-37] 2u (I25) 28d | [DFSH407005-BLAC-38] 3u (I25) 28d | [DFSH407006-MINT-36] 1u (I25) 28d | [DFSH407006-MINT-37] 2u (I25) 28d | [DFSH407006-MINT-38] 3u (I25) 28d | [DFSH407006-MINT-39] 3u (I25) 28d | [DFSH407006-MINT-41] 1u (I25) 28d | [DFSH407006-MINT-36] 1u (I25) 28d | [DFSH407006-MINT-37] 2u (I25) 28d | [DFSH407006-MINT-38] 3u (I25) 28d | [DFSH407006-MINT-39] 3u (I25) 28d | [DFSH407006-MINT-41] 1u (I25) 28d;[DFSH407005-BLAC-39] 2u (I25) 28d | [DFSH407006-MINT-40] 2u (I25) 28d | [DFSH407006-MINT-40] 2u (I25) 28d
CLAGD/Stock/StorageGD/CLA-043-08-01-01;GOLD;V22+I25+I24;43;209.20;D+C+B+A;455;30;9;[BJSH543008-BLAC-35] 10u (I25) 455d;[MV231507-0001-38] 2u (V22) 357d;[MV231507-0001-39] 2u (V22) 357d | [OSSX102098-BLAC-24] 2u (I24) 246d | [OSSX102098-BLAC-21] 2u (I24) 246d | [OSSX102098-BLAC-23] 2u (I24) 246d | [OSSX102098-BLAC-20] 1u (I24) 246d | [OSSP122073-NAVY-21] 1u (I24) 246d | [OSSP122032-NAVY-25] 2u (I24) 246d | [OSSP122032-NAVY-23] 2u (I24) 246d | [OSSX102103-PINK-26] 1u (I24) 246d | [COSP265068-PLOM-31] 1u (I24) 246d | [OSSP122073-BLAC-24] 1u (I24) 246d | [OSSP122073-BLAC-20] 1u (I24) 246d | [OSSP122073-NAVY-23] 1u (I24) 246d | [OSSP122073-NAVY-22] 1u (I24) 246d;[MV231508-0160-38] 3u (V22) 357d | [MV231508-0160-40] 2u (V22) 357d | [MV231508-0160-37] 3u (V22) 357d | [MV231508-0160-39] 3u (V22) 357d
CLAGD/Stock/StorageGD/CLA-047-07-01-02;GOLD;V20+I24+V25;56;172.36;C+A+B;888;60;9;[BJSH542090-GOLD-33] 4u (I24) 387d;[BJSH542090-GOLD-41] 4u (I24) 359d | [BJSH542090-GOLD-34] 3u (I24) 387d;[JVK25102-0598-37] 7u (V20) 888d | [JVK25102-0598-38] 2u (V20) 888d | [BWSH360003-BEIG-38] 3u (V25) 133d | [BWSH360003-BEIG-37] 2u (V25) 133d | [BWSH360003-BEIG-36] 1u (V25) 133d | [BWSH360003-BEIG-39] 3u (V25) 133d | [BWSH360003-BEIG-41] 1u (V25) 133d | [BWSH360003-BEIG-40] 2u (V25) 133d | [BWSH360003-BEIG-36] 1u (V25) 133d | [BWSH360003-BEIG-37] 2u (V25) 133d | [BWSH360003-BEIG-38] 3u (V25) 133d | [BWSH360003-BEIG-39] 3u (V25) 133d | [BWSH360003-BEIG-40] 2u (V25) 133d | [BWSH360003-BEIG-41] 1u (V25) 133d | [BWSH360003-BEIG-36] 1u (V25) 133d | [BWSH360003-BEIG-37] 2u (V25) 133d | [BWSH360003-BEIG-38] 3u (V25) 133d | [BWSH360003-BEIG-39] 3u (V25) 133d | [BWSH360003-BEIG-40] 2u (V25) 133d | [BWSH360003-BEIG-41] 1u (V25) 133d;
CLABD/Stock/StorageBD/CLA-064-08-01-02;BLACK;I25+V26+V25;119;1628.84;D+C+A+B;37;60;8;[DFSH407007-COW-38] 1u (I25) 37d;[DFSH407001-BEIG-40] 1u (V26) 37d | [DFSH407007-COW-37] 1u (I25) 37d | [DFSH407002-BEIG-40] 1u (V26) 37d | [DFSH407007-LEOP-40] 1u (I25) 37d | [DFSH407002-BLAC-41] 1u (V26) 37d | [DFSH407001-KHAK-38] 5u (V26) 37d | [DFSH407001-KHAK-36] 1u (V26) 37d | [DFSH407001-KHAK-37] 2u (V26) 37d | [DFSH407001-KHAK-39] 1u (V26) 37d | [DFSH407007-LEOP-40] 2u (I25) 37d | [DFSH414001-TAUP-39] 2u (I25) 37d | [DFSH414001-TAUP-38] 1u (I25) 37d | [DFSH407007-LEOP-38] 4u (I25) 37d | [DFSH407001-KHAK-36] 2u (V26) 37d | [DFSH407001-KHAK-38] 2u (V26) 37d | [DFSH407001-KHAK-39] 1u (V26) 37d | [DFSH407001-KHAK-41] 1u (V26) 37d | [DFSH407007-LEOP-40] 1u (I25) 37d | [DFSH407001-KHAK-39] 3u (V26) 37d | [DFSH407001-KHAK-36] 3u (V26) 37d | [DFSH407001-KHAK-37] 7u (V26) 37d | [DFSH407001-KHAK-38] 3u (V26) 37d | [DFSH407002-TAUP-39] 2u (V26) 37d | [DFSH407007-LEOP-38] 1u (I25) 37d | [DFSH407001-KHAK-41] 1u (V26) 37d | [DFSH407002-BLAC-40] 1u (V26) 37d | [DFSH407001-KHAK-36] 2u (V26) 37d | [DFSH407001-KHAK-39] 2u (V26) 37d | [DFSH407001-KHAK-40] 3u (V26) 37d | [DFSH407001-KHAK-38] 1u (V26) 37d | [DFSH407001-KHAK-37] 3u (V26) 37d | [DFSH407001-BEIG-38] 2u (V26) 37d | [DFSH407001-BEIG-40] 1u (V26) 37d | [DFSH407001-KHAK-41] 2u (V26) 37d | [DFSH407001-BEIG-40] 1u (V26) 37d | [DFSH407002-TAN-38] 1u (V25) 37d | [DFSH407001-KHAK-39] 3u (V26) 37d | [DFSH407001-KHAK-40] 1u (V26) 37d | [DFSH407001-KHAK-36] 2u (V26) 37d | [DFSH407001-FUCH-38] 1u (V26) 37d | [DFSH407001-TAUP-39] 1u (V26) 37d | [DFSH407002-TAN-41] 1u (V25) 37d | [DFSH407001-KHAK-38] 2u (V26) 37d | [DFSH407001-TAUP-37] 1u (V26) 37d | [DFSH407001-KHAK-37] 1u (V26) 37d | [DFSH407007-LEOP-38] 1u (I25) 37d;[DFSH407005-BLAC-36] 2u (I25) 37d | [DFSH407007-LEOP-36] 1u (I25) 37d | [DFSH407005-BLAC-37] 2u (I25) 37d | [DFSH407005-BLAC-38] 1u (I25) 37d | [DFSH407007-LEOP-37] 3u (I25) 37d | [DFSH407005-BLAC-40] 2u (I25) 37d | [DFSH407006-MINT-38] 1u (I25) 37d | [DFSH407007-LEOP-36] 1u (I25) 37d | [DFSH407005-BLAC-36] 1u (I25) 37d | [DFSH407007-LEOP-37] 1u (I25) 37d | [DFSH414001-TAUP-40] 1u (I25) 37d | [DFSH407007-LEOP-39] 5u (I25) 37d | [DFSH407006-MINT-38] 1u (I25) 37d | [DFSH407007-LEOP-37] 3u (I25) 37d | [DFSH407007-LEOP-36] 1u (I25) 37d | [DFSH414001-CHOC-40] 1u (I25) 37d | [DFSH407007-LEOP-37] 3u (I25) 37d | [DFSH407004-BEIG-36] 1u (I25) 37d | [DFSH407004-BEIG-39] 1u (I25) 37d;[DFSH407005-BLAC-39] 3u (I25) 37d
CLABD/Stock/StorageBD/CLA-065-02-01-02;BLACK;V26+V25;84;947.48;C+B+A;275;70;8;[DFSH387006-WHIT-41] 1u (V26) 149d | [DFSH387006-WHIT-41] 1u (V26) 149d | [DFSH387006-BLAC-38] 3u (V26) 149d | [DFSH387006-BLAC-39] 3u (V26) 149d | [DFSH387006-BLAC-41] 1u (V26) 149d | [DFSH387006-BLAC-38] 3u (V26) 149d | [DFSH387006-BLAC-39] 3u (V26) 149d | [DFSH387006-BLAC-41] 1u (V26) 149d | [DFSH387006-BLAC-38] 3u (V26) 149d | [DFSH387006-BLAC-39] 3u (V26) 149d | [DFSH387006-BLAC-41] 1u (V26) 149d | [DFSH387006-BLAC-38] 3u (V26) 149d | [DFSH387006-BLAC-39] 3u (V26) 149d | [DFSH387006-BLAC-41] 1u (V26) 149d;[DFSH387006-WHIT-40] 2u (V26) 149d | [DFSH387006-WHIT-40] 2u (V26) 149d | [DFSH387006-BLAC-36] 1u (V26) 149d | [DFSH387006-BLAC-37] 2u (V26) 149d | [DFSH387006-BLAC-36] 1u (V26) 149d | [DFSH387006-BLAC-37] 2u (V26) 149d | [DFSH387006-BLAC-36] 1u (V26) 149d | [DFSH387006-BLAC-37] 2u (V26) 149d | [DFSH387006-BLAC-36] 1u (V26) 149d | [DFSH387006-BLAC-37] 2u (V26) 149d | [DFSH405003-SILV-36] 1u (V25) 275d | [DFSH405003-SILV-37] 2u (V25) 275d | [DFSH405003-SILV-38] 3u (V25) 275d | [DFSH405003-SILV-39] 3u (V25) 275d | [DFSH405003-SILV-40] 2u (V25) 275d | [DFSH405003-SILV-41] 1u (V25) 275d;[DFSH387006-WHIT-36] 1u (V26) 149d | [DFSH387006-WHIT-37] 2u (V26) 149d | [DFSH387006-WHIT-38] 3u (V26) 149d | [DFSH387006-WHIT-39] 3u (V26) 149d | [DFSH387006-WHIT-36] 1u (V26) 149d | [DFSH387006-WHIT-37] 2u (V26) 149d | [DFSH387006-WHIT-38] 3u (V26) 149d | [DFSH387006-WHIT-39] 3u (V26) 149d | [DFSH387006-BLAC-40] 2u (V26) 149d | [DFSH387006-BLAC-40] 2u (V26) 149d | [DFSH387006-BLAC-40] 2u (V26) 149d | [DFSH387006-BLAC-40] 2u (V26) 149d;
CLABD/Stock/StorageBD/CLA-072-07-01-02;BLACK;I25;144;1210.27;A+C+B;162;120;7;[DFSH370011-BROW-41] 12u (I25) 162d | [DFSH370011-BROW-40] 12u (I25) 162d | [DFSH370011-BROW-40] 12u (I25) 162d | [DFSH370011-BROW-40] 12u (I25) 162d | [DFSH370011-BROW-40] 12u (I25) 162d | [DFSH370011-BROW-39] 12u (I25) 162d | [DFSH370011-BROW-39] 12u (I25) 162d | [DFSH370011-BROW-39] 12u (I25) 162d | [DFSH370011-BROW-39] 12u (I25) 162d | [DFSH370011-BROW-39] 12u (I25) 162d | [DFSH370011-BROW-38] 12u (I25) 162d;[DFSH347009-SILV-38] 3u (I25) 113d | [DFSH347009-SILV-40] 2u (I25) 113d;[DFSH347009-SILV-36] 1u (I25) 113d | [DFSH347009-SILV-37] 2u (I25) 113d | [DFSH347009-SILV-39] 3u (I25) 113d | [DFSH347009-SILV-41] 1u (I25) 113d;
CLABD/Stock/StorageBD/CLA-072-12-01-02;BLACK;I25;22;270.69;B+A+C;191;30;7;[DFSH381001-BEIG-40] 1u (I25) 191d | [DFSH381001-BEIG-38] 2u (I25) 191d;[DFSH381001-BEIG-37] 7u (I25) 191d | [DFSH347009-SILV-38] 3u (I25) 113d | [DFSH347009-SILV-40] 2u (I25) 113d;[DFSH347009-SILV-36] 1u (I25) 113d | [DFSH347009-SILV-37] 2u (I25) 113d | [DFSH347009-SILV-39] 3u (I25) 113d | [DFSH347009-SILV-41] 1u (I25) 113d;
CLABD/Stock/StorageBD/CLA-062-04-01-03;BLACK;I23+I25;38;464.35;C+A+B;121;30;6;[DFSH334011-PINK-38] 1u (I23) 121d | [DFSH347011-SILV-38] 3u (I25) 113d | [DFSH347011-SILV-38] 3u (I25) 113d;[DFSH347011-SILV-37] 2u (I25) 113d | [DFSH347011-SILV-39] 3u (I25) 113d | [DFSH347011-SILV-40] 2u (I25) 113d | [DFSH347011-SILV-41] 1u (I25) 113d | [DFSH347011-SILV-37] 2u (I25) 113d | [DFSH347011-SILV-39] 3u (I25) 113d | [DFSH347011-SILV-40] 2u (I25) 113d | [DFSH347011-SILV-41] 1u (I25) 113d;[DFSH334011-BEIG-36] 1u (I23) 121d | [DFSH334011-BEIG-37] 1u (I23) 121d | [DFSH334011-BLAC-38] 4u (I23) 121d | [DFSH334011-BLAC-39] 2u (I23) 121d | [DFSH334011-ORAN-37] 1u (I23) 121d | [DFSH334011-ORAN-38] 1u (I23) 121d | [DFSH334011-ORAN-40] 1u (I23) 121d | [DFSH334011-PINK-41] 2u (I23) 121d | [DFSH347011-SILV-36] 1u (I25) 113d | [DFSH347011-SILV-36] 1u (I25) 113d;
CLABD/Stock/StorageBD/CLA-064-07-01-03;BLACK;V23+I25+V26;78;654.97;B+A+C+D;497;60;6;[DFSH387006-BLAC-41] 1u (V26) 149d | [DFSH387006-BLAC-42] 2u (V26) 149d | [DFSH387006-BLAC-45] 2u (V26) 149d;[NVK33410-0006-39] 4u (V23) 405d | [NVK33410-0006-38] 7u (V23) 405d | [NVK33410-0006-37] 1u (V23) 405d | [NVK33410-0006-40] 3u (V23) 405d | [NVK33410-0269-37] 4u (V23) 405d | [NVK33410-0020-38] 3u (V23) 405d | [NVK33410-0020-39] 4u (V23) 405d | [NVK33410-0020-40] 3u (V23) 405d | [NVK33410-0020-36] 1u (V23) 405d | [NVK33410-0269-38] 9u (V23) 405d | [NVK33410-0269-39] 2u (V23) 405d | [NVK33410-0269-37] 1u (V23) 405d | [DFSH347001-SILV-36] 12u (I25) 497d;[DFSH387006-BLAC-43] 3u (V26) 149d | [DFSH387006-BLAC-44] 3u (V26) 149d | [DFSH387005-PPIN-38] 3u (I25) 149d | [DFSH387005-PPIN-39] 3u (I25) 149d | [DFSH387005-PPIN-40] 2u (I25) 149d | [DFSH387005-PPIN-41] 1u (I25) 149d;[DFSH387006-BLAC-46] 1u (V26) 149d | [DFSH387005-PPIN-36] 1u (I25) 149d | [DFSH387005-PPIN-37] 2u (I25) 149d
CLABD/Stock/StorageBD/CLA-065-05-01-01;BLACK;V26+I25+V24;72;701.32;A+C+D+B;624;60;6;[DFSH387006-BLAC-41] 1u (V26) 149d | [DFSH387006-BLAC-42] 2u (V26) 149d | [DFSH387006-BLAC-45] 2u (V26) 149d | [DFSH387006-WHIT-41] 1u (V26) 149d;[DFSH387006-WHIT-40] 2u (V26) 149d;[DFSH387006-BLAC-43] 3u (V26) 149d | [DFSH387006-BLAC-44] 3u (V26) 149d | [DFSH387005-PPIN-38] 3u (I25) 149d | [DFSH387005-PPIN-39] 3u (I25) 149d | [DFSH387005-PPIN-40] 2u (I25) 149d | [DFSH387005-PPIN-41] 1u (I25) 149d | [DFSH387005-PPIN-38] 3u (I25) 149d | [DFSH387005-PPIN-39] 3u (I25) 149d | [DFSH387005-PPIN-40] 2u (I25) 149d | [DFSH387005-PPIN-41] 1u (I25) 149d | [DFSH387006-WHIT-36] 1u (V26) 149d | [DFSH387006-WHIT-37] 2u (V26) 149d | [DFSH387006-WHIT-38] 3u (V26) 149d | [DFSH387006-WHIT-39] 3u (V26) 149d | [DFSH392001-WHIT-36] 1u (V24) 624d | [DFSH392001-WHIT-37] 2u (V24) 624d | [DFSH392001-WHIT-38] 3u (V24) 624d | [DFSH392001-WHIT-39] 3u (V24) 624d | [DFSH392001-WHIT-40] 2u (V24) 624d | [DFSH392001-WHIT-41] 1u (V24) 624d | [DFSH392001-WHIT-36] 1u (V24) 624d | [DFSH392001-WHIT-37] 2u (V24) 624d | [DFSH392001-WHIT-38] 3u (V24) 624d | [DFSH392001-WHIT-39] 3u (V24) 624d | [DFSH392001-WHIT-40] 2u (V24) 624d | [DFSH392001-WHIT-41] 1u (V24) 624d;[DFSH387006-BLAC-46] 1u (V26) 149d | [DFSH387005-PPIN-36] 1u (I25) 149d | [DFSH387005-PPIN-37] 2u (I25) 149d | [DFSH387005-PPIN-36] 1u (I25) 149d | [DFSH387005-PPIN-37] 2u (I25) 149d
CLABD/Stock/StorageBD/CLA-067-06-01-02;BLACK;I25;36;526.68;B+A+C;170;30;6;[DFSH401002-PETR-43] 3u (I25) 170d | [DFSH401002-PETR-43] 3u (I25) 170d;[DFSH401002-PETR-41] 1u (I25) 170d | [DFSH401002-PETR-42] 3u (I25) 170d | [DFSH401002-PETR-44] 3u (I25) 170d | [DFSH401002-PETR-45] 2u (I25) 170d | [DFSH401002-PETR-41] 1u (I25) 170d | [DFSH401002-PETR-42] 3u (I25) 170d | [DFSH401002-PETR-44] 3u (I25) 170d | [DFSH401002-PETR-45] 2u (I25) 170d | [DFSH408004-BLAC-39] 3u (I25) 126d | [DFSH408004-BLAC-40] 2u (I25) 126d | [DFSH408004-BLAC-41] 1u (I25) 126d;[DFSH408004-BLAC-36] 1u (I25) 126d | [DFSH408004-BLAC-37] 2u (I25) 126d | [DFSH408004-BLAC-38] 3u (I25) 126d;
CLABD/Stock/StorageBD/CLA-071-08-02-01;BLACK;I25;72;991.15;B+A+C;133;60;6;[DFSH391013-BLAC-38] 3u (I25) 133d | [DFSH391013-BLAC-38] 3u (I25) 133d | [DFSH391013-BLAC-38] 3u (I25) 133d | [DFSH391013-BLAC-38] 3u (I25) 133d | [DFSH391013-BLAC-38] 3u (I25) 133d | [DFSH391013-BLAC-38] 3u (I25) 133d;[DFSH391013-BLAC-36] 1u (I25) 133d | [DFSH391013-BLAC-37] 2u (I25) 133d | [DFSH391013-BLAC-39] 3u (I25) 133d | [DFSH391013-BLAC-40] 2u (I25) 133d | [DFSH391013-BLAC-36] 1u (I25) 133d | [DFSH391013-BLAC-37] 2u (I25) 133d | [DFSH391013-BLAC-39] 3u (I25) 133d | [DFSH391013-BLAC-40] 2u (I25) 133d | [DFSH391013-BLAC-36] 1u (I25) 133d | [DFSH391013-BLAC-37] 2u (I25) 133d | [DFSH391013-BLAC-39] 3u (I25) 133d | [DFSH391013-BLAC-40] 2u (I25) 133d | [DFSH391013-BLAC-36] 1u (I25) 133d | [DFSH391013-BLAC-37] 2u (I25) 133d | [DFSH391013-BLAC-39] 3u (I25) 133d | [DFSH391013-BLAC-40] 2u (I25) 133d | [DFSH391013-BLAC-36] 1u (I25) 133d | [DFSH391013-BLAC-37] 2u (I25) 133d | [DFSH391013-BLAC-39] 3u (I25) 133d | [DFSH391013-BLAC-40] 2u (I25) 133d | [DFSH391013-BLAC-36] 1u (I25) 133d | [DFSH391013-BLAC-37] 2u (I25) 133d | [DFSH391013-BLAC-39] 3u (I25) 133d | [DFSH391013-BLAC-40] 2u (I25) 133d;[DFSH391013-BLAC-41] 1u (I25) 133d | [DFSH391013-BLAC-41] 1u (I25) 133d | [DFSH391013-BLAC-41] 1u (I25) 133d | [DFSH391013-BLAC-41] 1u (I25) 133d | [DFSH391013-BLAC-41] 1u (I25) 133d | [DFSH391013-BLAC-41] 1u (I25) 133d;
CLAGD/Stock/StorageGD/CLA-072-19-01-03;GOLD;V22+I24+V25+I25;125;317.40;D+C+B+A;1078;120;6;[COSH542021-TAUP-26] 10u (I25) 421d | [COSH542083-TAUP-31] 10u (I25) 190d;[COSH283092-MULT-32] 10u (I24) 518d | [COSH283092-MULT-36] 10u (I24) 518d | [COSH283092-MULT-33] 10u (I24) 518d | [BJSH377003-WHIT-38] 3u (V25) 232d | [MV231601-0020-39] 2u (V22) 1078d | [BJSH542021-TAN-24] 10u (I25) 706d;[MV231611-0020-38] 5u (V22) 730d | [COSH283092-MULT-25] 10u (I24) 518d | [COSH283092-MULT-25] 10u (I24) 518d | [COSH283092-MULT-25] 10u (I24) 518d | [MV231611-0020-38] 1u (V22) 730d;[MV231601-0020-41] 2u (V22) 1078d | [MV231601-0020-36] 1u (V22) 1078d | [MV231601-0020-38] 1u (V22) 1078d | [MV231601-0020-37] 2u (V22) 1078d | [MV231601-0020-40] 1u (V22) 1078d | [BJSH377003-WHIT-37] 2u (V25) 232d | [BJSH377003-WHIT-40] 1u (V25) 232d | [BJSH377003-WHIT-32] 1u (V25) 232d | [BJSH377003-WHIT-33] 1u (V25) 232d | [BJSH377003-WHIT-35] 2u (V25) 232d | [BJSH377003-WHIT-36] 2u (V25) 232d | [MV231601-0020-36] 1u (V22) 1078d | [MV231601-0020-40] 3u (V22) 1078d | [MV231601-0020-41] 2u (V22) 1078d | [MV231601-0020-37] 2u (V22) 1078d
CLAGD/Stock/StorageGD/CLA-046-02-01-03;GOLD;V24+I25;38;63.52;C+B+A;211;40;5;[COSH542084-BRON-26] 10u (I25) 178d;[COSH542084-PEWT-26] 10u (I25) 178d | [COSH542084-PEWT-26] 10u (I25) 178d;[BWSH328029-BLAC-38] 1u (V24) 211d | [BWSH328029-BLAC-39] 2u (V24) 211d | [BWSH328029-BLAC-37] 1u (V24) 211d | [BWSH328029-BLAC-41] 1u (V24) 211d | [BWSH328029-MULT-40] 1u (V24) 211d | [BWSH328029-MULT-37] 1u (V24) 211d | [BWSH328029-MULT-36] 1u (V24) 211d;
CLABD/Stock/StorageBD/CLA-054-06-01-03;BLACK;I24+V25+I25;661;2886.82;C+B+A+D;561;190;5;[DFTXSOC007-PURP-36-40] 100u (I24) 561d | [DFTXSOC007-PURP-36-40] 100u (I24) 561d | [DFTXSOC005-PURP-36-40] 100u (I24) 561d | [DFTXSOC005-PURP-36-40] 100u (I24) 561d;[DFTXHOD019-GREE-M] 16u (I24) 344d;[DFTXTSH020-BLACK-M] 5u (I24) 344d | [DFTXTSH020-WHIT-M] 18u (I24) 448d | [DFTXHOD019-GREE-L] 11u (I24) 344d | [DFTXTSH035-WHIT-S] 20u (V25) 275d | [DFTXTSH034-WHIT-S] 24u (V25) 275d | [DFTXTSH027-PINK-M] 20u (V25) 275d | [DFTXTSH038-ANTR-L] 20u (I25) 94d | [DFTXTSH037-WHIT-L] 17u (I25) 94d | [DFTXTSH037-WHIT-M] 17u (I25) 94d | [DFTXTSH036-WHIT-M] 17u (I25) 94d;[DFTXTSH034-WHIT-M] 25u (V25) 275d | [DFTXTSH031-GREY-M] 15u (V25) 275d | [DFTXTSH029-NAVY-M] 16u (V25) 275d | [DFTXTSH027-PINK-L] 20u (V25) 275d
CLABD/Stock/StorageBD/CLA-063-03-03-02;BLACK;I25+V24+V25;90;578.20;A+C+B;576;90;5;[DFSH371004-TAN-37] 12u (I25) 422d | [DFSH371004-TAN-37] 12u (I25) 422d | [DFSH371004-TAN-36] 12u (I25) 422d;[DFSH394001-BLAC-37] 2u (V25) 576d | [DFSH394001-BLAC-39] 2u (V25) 576d;[DFSH394001-ORAN-36] 1u (V24) 561d | [DFSH394001-ORAN-37] 2u (V24) 576d | [DFSH394001-ORAN-38] 2u (V24) 576d | [DFSH394001-ORAN-39] 2u (V24) 576d | [DFSH394001-ORAN-40] 1u (V24) 576d | [DFSH394001-ORAN-41] 1u (V24) 576d | [DFSH394001-ORAN-36] 1u (V24) 561d | [DFSH394001-ORAN-37] 2u (V24) 576d | [DFSH394001-ORAN-38] 2u (V24) 576d | [DFSH394001-ORAN-39] 2u (V24) 576d | [DFSH394001-ORAN-40] 1u (V24) 576d | [DFSH394001-ORAN-41] 1u (V24) 576d | [DFSH394001-ORAN-36] 1u (V24) 561d | [DFSH394001-ORAN-37] 2u (V24) 576d | [DFSH394001-ORAN-38] 2u (V24) 576d | [DFSH394001-ORAN-39] 2u (V24) 576d | [DFSH394001-ORAN-40] 1u (V24) 576d | [DFSH394001-ORAN-41] 1u (V24) 576d | [DFSH394001-ORAN-36] 1u (V24) 561d | [DFSH394001-ORAN-37] 2u (V24) 576d | [DFSH394001-ORAN-38] 2u (V24) 576d | [DFSH394001-ORAN-39] 2u (V24) 576d | [DFSH394001-ORAN-40] 1u (V24) 576d | [DFSH394001-ORAN-41] 1u (V24) 576d | [DFSH394001-ORAN-36] 1u (V24) 561d | [DFSH394001-ORAN-37] 2u (V24) 576d | [DFSH394001-ORAN-38] 2u (V24) 576d | [DFSH394001-ORAN-39] 2u (V24) 576d | [DFSH394001-ORAN-40] 1u (V24) 576d | [DFSH394001-ORAN-41] 1u (V24) 576d | [DFSH394001-BLAC-36] 1u (V25) 561d | [DFSH394001-BLAC-38] 2u (V25) 576d | [DFSH394001-BLAC-40] 1u (V25) 576d | [DFSH394001-BLAC-41] 1u (V25) 576d;
CLABD/Stock/StorageBD/CLA-066-02-01-02;BLACK;I25;64;734.63;B+A+C;149;60;5;[DFSH321102-BEIG-39] 3u (I25) 149d;[DFSH321102-BEIG-36] 1u (I25) 149d | [DFSH321102-BEIG-37] 2u (I25) 149d | [DFSH321102-BEIG-38] 3u (I25) 149d | [DFSH321102-BEIG-40] 2u (I25) 149d | [DFSH321101-BLAC-36] 1u (I25) 149d | [DFSH321101-BLAC-38] 3u (I25) 149d | [DFSH321101-BLAC-39] 3u (I25) 149d | [DFSH321102-BEIG-40] 10u (I25) 149d | [DFSH321102-BEIG-38] 10u (I25) 149d | [DFSH321102-BEIG-38] 10u (I25) 149d | [DFSH321102-BEIG-38] 10u (I25) 149d;[DFSH321102-BEIG-41] 1u (I25) 149d | [DFSH321101-BLAC-37] 2u (I25) 149d | [DFSH321101-BLAC-40] 2u (I25) 149d | [DFSH321101-BLAC-41] 1u (I25) 149d;
CLABD/Stock/StorageBD/CLA-066-02-02-01;BLACK;I25;90;1040.62;B+A+C;149;80;5;[DFSH321102-BEIG-39] 3u (I25) 149d | [DFSH321102-BEIG-39] 3u (I25) 149d | [DFSH321102-BEIG-39] 3u (I25) 149d | [DFSH321102-BEIG-39] 3u (I25) 149d | [DFSH321102-BEIG-39] 10u (I25) 149d;[DFSH321102-BEIG-36] 1u (I25) 149d | [DFSH321102-BEIG-37] 2u (I25) 149d | [DFSH321102-BEIG-38] 3u (I25) 149d | [DFSH321102-BEIG-40] 2u (I25) 149d | [DFSH321102-BEIG-36] 1u (I25) 149d | [DFSH321102-BEIG-37] 2u (I25) 149d | [DFSH321102-BEIG-38] 3u (I25) 149d | [DFSH321102-BEIG-40] 2u (I25) 149d | [DFSH321102-BEIG-36] 1u (I25) 149d | [DFSH321102-BEIG-37] 2u (I25) 149d | [DFSH321102-BEIG-38] 3u (I25) 149d | [DFSH321102-BEIG-40] 2u (I25) 149d | [DFSH321102-BEIG-36] 1u (I25) 149d | [DFSH321102-BEIG-37] 2u (I25) 149d | [DFSH321102-BEIG-38] 3u (I25) 149d | [DFSH321102-BEIG-40] 2u (I25) 149d | [DFSH321101-BLAC-36] 1u (I25) 149d | [DFSH321101-BLAC-38] 3u (I25) 149d | [DFSH321101-BLAC-39] 3u (I25) 149d | [DFSH321102-BEIG-38] 10u (I25) 149d | [DFSH321102-BEIG-36] 10u (I25) 149d;[DFSH321102-BEIG-41] 1u (I25) 149d | [DFSH321102-BEIG-41] 1u (I25) 149d | [DFSH321102-BEIG-41] 1u (I25) 149d | [DFSH321102-BEIG-41] 1u (I25) 149d | [DFSH321101-BLAC-37] 2u (I25) 149d | [DFSH321101-BLAC-40] 2u (I25) 149d | [DFSH321101-BLAC-41] 1u (I25) 149d;
CLABD/Stock/StorageBD/CLA-070-03-02-03;GOLD;V25+I25+I24;55;641.97;C+B+A;576;50;5;[DFSH370004-BLAC-41] 6u (I25) 168d | [DFSH321086-OFFW-43] 5u (I25) 527d | [DFSH321086-OFFW-41] 1u (I25) 527d | [DFSH370011-BLAC-36] 12u (I25) 451d;[DFSH394001-BLAC-37] 2u (V25) 576d | [DFSH394001-BLAC-39] 2u (V25) 576d | [DFSH321086-OFFW-42] 4u (I25) 527d | [DFSH321086-OFFW-45] 1u (I25) 527d | [DFSH321086-OFFW-44] 1u (I25) 527d | [DFTXHOD019-BROW-L] 16u (I24) 448d;[DFSH394001-BLAC-36] 1u (V25) 576d | [DFSH394001-BLAC-38] 2u (V25) 576d | [DFSH394001-BLAC-40] 1u (V25) 576d | [DFSH394001-BLAC-41] 1u (V25) 576d;
CLABD/Stock/StorageBD/CLA-050-04-03-03;BLACK;I25;60;833.22;B+A+C;133;50;4;[DFSH391013-BLAC-38] 3u (I25) 133d | [DFSH391013-BLAC-38] 3u (I25) 133d | [DFSH391013-BLAC-38] 3u (I25) 133d | [DFSH391013-BLAC-38] 3u (I25) 133d;[DFSH391013-BLAC-36] 1u (I25) 133d | [DFSH391013-BLAC-37] 2u (I25) 133d | [DFSH391013-BLAC-39] 3u (I25) 133d | [DFSH391013-BLAC-40] 2u (I25) 133d | [DFSH391013-BLAC-36] 1u (I25) 133d | [DFSH391013-BLAC-37] 2u (I25) 133d | [DFSH391013-BLAC-39] 3u (I25) 133d | [DFSH391013-BLAC-40] 2u (I25) 133d | [DFSH391013-BLAC-36] 1u (I25) 133d | [DFSH391013-BLAC-37] 2u (I25) 133d | [DFSH391013-BLAC-39] 3u (I25) 133d | [DFSH391013-BLAC-40] 2u (I25) 133d | [DFSH391013-BLAC-36] 1u (I25) 133d | [DFSH391013-BLAC-37] 2u (I25) 133d | [DFSH391013-BLAC-39] 3u (I25) 133d | [DFSH391013-BLAC-40] 2u (I25) 133d;[DFSH391013-BLAC-41] 1u (I25) 133d | [DFSH391013-BLAC-41] 1u (I25) 133d | [DFSH391013-BLAC-41] 1u (I25) 133d | [DFSH391013-BLAC-41] 1u (I25) 133d | [DFSH391012-BEIG-36] 1u (I25) 133d | [DFSH391012-BEIG-37] 2u (I25) 133d | [DFSH391012-BEIG-38] 3u (I25) 133d | [DFSH391012-BEIG-39] 3u (I25) 133d | [DFSH391012-BEIG-40] 2u (I25) 133d | [DFSH391012-BEIG-41] 1u (I25) 133d;
CLABD/Stock/StorageBD/CLA-066-08-01-03;BLACK;I24+I21+V26+V25+I25;102;1705.32;A+C+B;526;90;4;[DFSH347003_-BLAC-39] 6u (I24) 497d | [DFSH375001-TAUP-37] 1u (I24) 303d | [DFSH387006-BLAC-45] 4u (V26) 254d | [DFSH371004-BLAC-41] 12u (I25) 402d | [DFSH371004-BLAC-36] 12u (I25) 402d | [DFSH370004-BLAC-37] 12u (I25) 526d | [DFSH370004-BLAC-37] 12u (I25) 526d | [DFSH371004-TAN-41] 12u (I25) 360d | [DFSH371004-TAN-41] 12u (I25) 360d | [DFSH371004-TAN-39] 12u (I25) 360d;[DFSH387007-BLAC-36] 2u (V25) 310d;[LIK22018-0020-40] 1u (I21) 385d | [DFSH387006-BLAC-44] 3u (V26) 254d | [LI330261-0334-38] 1u (I21) 388d;
CLABD/Stock/StorageBD/CLA-072-06-01-03;BLACK;V25+I25;108;1602.11;B+C+A;301;90;4;[DFSH347011-SILV-38] 3u (I25) 113d | [DFSH347011-SILV-38] 3u (I25) 113d | [DFSH347011-SILV-38] 3u (I25) 113d | [DFSH347011-SILV-38] 3u (I25) 113d;[DFSH397002-DOTT-36] 1u (V25) 301d | [DFSH397002-DOTT-37] 2u (V25) 301d | [DFSH397002-DOTT-38] 3u (V25) 301d | [DFSH397002-DOTT-39] 3u (V25) 301d | [DFSH397002-DOTT-40] 2u (V25) 301d | [DFSH397002-DOTT-41] 1u (V25) 301d | [DFSH347011-SILV-37] 2u (I25) 113d | [DFSH347011-SILV-39] 3u (I25) 113d | [DFSH347011-SILV-40] 2u (I25) 113d | [DFSH347011-SILV-41] 1u (I25) 113d | [DFSH347011-SILV-37] 2u (I25) 113d | [DFSH347011-SILV-39] 3u (I25) 113d | [DFSH347011-SILV-40] 2u (I25) 113d | [DFSH347011-SILV-41] 1u (I25) 113d | [DFSH347011-SILV-37] 2u (I25) 113d | [DFSH347011-SILV-39] 3u (I25) 113d | [DFSH347011-SILV-40] 2u (I25) 113d | [DFSH347011-SILV-41] 1u (I25) 113d | [DFSH347011-SILV-37] 2u (I25) 113d | [DFSH347011-SILV-39] 3u (I25) 113d | [DFSH347011-SILV-40] 2u (I25) 113d | [DFSH347011-SILV-41] 1u (I25) 113d | [DFSH347011-GOLD-37] 2u (I25) 113d | [DFSH347011-GOLD-38] 3u (I25) 113d | [DFSH347011-GOLD-39] 3u (I25) 113d | [DFSH347011-GOLD-40] 2u (I25) 113d | [DFSH347011-GOLD-41] 1u (I25) 113d | [DFSH347011-GOLD-37] 2u (I25) 113d | [DFSH347011-GOLD-38] 3u (I25) 113d | [DFSH347011-GOLD-39] 3u (I25) 113d | [DFSH347011-GOLD-40] 2u (I25) 113d | [DFSH347011-GOLD-41] 1u (I25) 113d | [DFSH347011-GOLD-37] 2u (I25) 113d | [DFSH347011-GOLD-38] 3u (I25) 113d | [DFSH347011-GOLD-39] 3u (I25) 113d | [DFSH347011-GOLD-40] 2u (I25) 113d | [DFSH347011-GOLD-41] 1u (I25) 113d | [DFSH347011-GOLD-37] 2u (I25) 113d | [DFSH347011-GOLD-38] 3u (I25) 113d | [DFSH347011-GOLD-39] 3u (I25) 113d | [DFSH347011-GOLD-40] 2u (I25) 113d | [DFSH347011-GOLD-41] 1u (I25) 113d;[DFSH347011-SILV-36] 1u (I25) 113d | [DFSH347011-SILV-36] 1u (I25) 113d | [DFSH347011-SILV-36] 1u (I25) 113d | [DFSH347011-SILV-36] 1u (I25) 113d | [DFSH347011-GOLD-36] 1u (I25) 113d | [DFSH347011-GOLD-36] 1u (I25) 113d | [DFSH347011-GOLD-36] 1u (I25) 113d | [DFSH347011-GOLD-36] 1u (I25) 113d;
CLABD/Stock/StorageBD/CLA-055-01-01-01;BLACK;I24+I22+V22+I23+V23;708;3216.35;B+A+C;365;120;2;[DFTXPUF005-BLAC-L] 4u (I22) 155d | [DFAC05000-BLAC] 500u (V23) 217d;[DFTXHOD021-GREY-M] 17u (I24) 365d | [DFTXHOD021-GREY-M] 17u (I24) 365d | [DFTXHOD021-WINE-M] 15u (I24) 365d | [DFTXSWE013-GREY-S] 26u (I24) 365d | [DFTXHOD020-BLUE-M] 16u (I24) 365d | [DFTXHOD019-WINE-XL] 15u (I24) 365d | [DFTXHOD019-WINE-M] 16u (I24) 365d | [DFTXPUF005-NAVY-XS] 10u (I24) 155d | [DFACSC2304-BLAC] 28u (I23) 30d;[DFKCAS0104-Iphone 11 Pro] 1u (V22) 64d | [DFKCAS0101-Iphone 11/XR] 1u (V22) 64d | [DFKCAS0103-Iphone X/XS] 1u (V22) 64d | [DFKCAS0103-Iphone 6/7/8] 9u (V22) 64d | [DFKCAS0106-0058-Iphone 6/7/8 Pro] 32u (V22) 64d;
CLABD/Stock/StorageBD/CLA-055-02-02-03;BLACK;V24+V25;95;499.32;C+D+B+A;37;60;2;[DFSH397001-BLAC-43] 2u (V24) 37d;[DFSH334001-BLUE-43] 3u (V24) 37d | [DFSH334001-BLUE-44] 4u (V24) 37d | [DFSH334001-BLUE-43] 1u (V24) 37d | [DFSH334001-BEIG-44] 1u (V25) 37d | [DFSH334001-BLUE-44] 2u (V24) 37d | [DFSH334001-SILV-37] 1u (V25) 37d | [DFSH397002-DOTT-40] 1u (V25) 37d | [DFSH397002-DOTT-37] 2u (V25) 37d | [DFSH397002-DOTT-38] 3u (V25) 37d | [DFSH397002-LEOP-41] 1u (V25) 37d | [DFSH397002-GOLD-37] 2u (V25) 37d | [DFSH397002-BLAC-38] 1u (V25) 37d | [DFSH397001-FBLA-38] 2u (V24) 37d | [DFSH397002-GOLD-40] 2u (V25) 37d | [DFSH397002-BLAC-37] 1u (V25) 37d | [DFSH397002-GOLD-36] 1u (V25) 37d | [DFSH397002-DOTT-37] 1u (V25) 37d | [DFSH397002-GOLD-38] 1u (V25) 37d | [DFSH397002-GOLD-39] 2u (V25) 37d | [DFSH397002-GOLD-41] 1u (V25) 37d | [DFSH397002-GOLD-40] 4u (V25) 37d | [DFSH397002-GOLD-37] 2u (V25) 37d | [DFSH397002-DOTT-36] 1u (V25) 37d | [DFSH397002-DOTT-37] 2u (V25) 37d | [DFSH397002-LEOP-39] 1u (V25) 37d;[DFSH334001-ORAN-37] 2u (V24) 37d | [DFSH334001-PURP-36] 1u (V24) 37d | [DFSH334001-PURP-39] 1u (V24) 37d | [DFSH334001-ORAN-39] 4u (V24) 37d | [DFSH334001-ORAN-38] 3u (V24) 37d | [DFSH334001-ORAN-38] 2u (V24) 37d | [DFSH334001-ORAN-40] 1u (V24) 37d | [DFSH334001-ORAN-37] 2u (V24) 37d | [DFSH334009-GREY-39] 2u (V24) 37d | [DFSH334001-ORAN-38] 2u (V24) 37d | [DFSH334001-BLUE-45] 1u (V24) 37d | [DFSH397001-WHIT-42] 3u (V24) 37d | [DFSH397001-OFFW-43] 1u (V24) 37d | [DFSH397001-FBLA-37] 1u (V24) 37d | [DFSH397001-OFFW-44] 3u (V24) 37d | [DFSH397001-OFFW-43] 3u (V24) 37d | [DFSH397001-OFFW-36] 1u (V24) 37d | [DFSH397001-OFFW-37] 2u (V24) 37d | [DFSH397001-FBLA-37] 1u (V24) 37d | [DFSH397001-OFFW-39] 1u (V24) 37d | [DFSH397001-OFFW-42] 3u (V24) 37d | [DFSH397001-OFFW-43] 2u (V24) 37d | [DFSH397001-OFFW-44] 1u (V24) 37d | [DFSH397001-OFFW-41] 2u (V24) 37d;[DFSH334001-KHAK-36] 1u (V24) 37d | [DFSH334001-KHAK-37] 1u (V24) 37d | [DFSH334001-KHAK-38] 1u (V24) 37d | [DFSH334001-KHAK-39] 2u (V24) 37d
CLABD/Stock/StorageBD/CLA-061-02-02-02;BLACK;I25;84;1352.22;C+B+A;113;70;2;[DFSH347011-SILV-38] 3u (I25) 113d | [DFSH347011-SILV-38] 3u (I25) 113d | [DFSH347011-SILV-38] 3u (I25) 113d | [DFSH347011-SILV-38] 3u (I25) 113d | [DFSH347011-SILV-38] 3u (I25) 113d;[DFSH347011-SILV-37] 2u (I25) 113d | [DFSH347011-SILV-39] 3u (I25) 113d | [DFSH347011-SILV-40] 2u (I25) 113d | [DFSH347011-SILV-41] 1u (I25) 113d | [DFSH347011-SILV-37] 2u (I25) 113d | [DFSH347011-SILV-39] 3u (I25) 113d | [DFSH347011-SILV-40] 2u (I25) 113d | [DFSH347011-SILV-41] 1u (I25) 113d | [DFSH347011-SILV-37] 2u (I25) 113d | [DFSH347011-SILV-39] 3u (I25) 113d | [DFSH347011-SILV-40] 2u (I25) 113d | [DFSH347011-SILV-41] 1u (I25) 113d | [DFSH347011-SILV-37] 2u (I25) 113d | [DFSH347011-SILV-39] 3u (I25) 113d | [DFSH347011-SILV-40] 2u (I25) 113d | [DFSH347011-SILV-41] 1u (I25) 113d | [DFSH347011-SILV-37] 2u (I25) 113d | [DFSH347011-SILV-39] 3u (I25) 113d | [DFSH347011-SILV-40] 2u (I25) 113d | [DFSH347011-SILV-41] 1u (I25) 113d | [DFSH347011-GOLD-37] 2u (I25) 113d | [DFSH347011-GOLD-38] 3u (I25) 113d | [DFSH347011-GOLD-39] 3u (I25) 113d | [DFSH347011-GOLD-40] 2u (I25) 113d | [DFSH347011-GOLD-41] 1u (I25) 113d | [DFSH347011-GOLD-37] 2u (I25) 113d | [DFSH347011-GOLD-38] 3u (I25) 113d | [DFSH347011-GOLD-39] 3u (I25) 113d | [DFSH347011-GOLD-40] 2u (I25) 113d | [DFSH347011-GOLD-41] 1u (I25) 113d;[DFSH347011-SILV-36] 1u (I25) 113d | [DFSH347011-SILV-36] 1u (I25) 113d | [DFSH347011-SILV-36] 1u (I25) 113d | [DFSH347011-SILV-36] 1u (I25) 113d | [DFSH347011-SILV-36] 1u (I25) 113d | [DFSH347011-GOLD-36] 1u (I25) 113d | [DFSH347011-GOLD-36] 1u (I25) 113d;
CLABD/Stock/StorageBD/CLA-064-01-02-03;BLACK;I25;94;1515.87;C+B+A;113;80;2;[DFSH347011-SILV-38] 3u (I25) 113d | [DFSH347011-SILV-38] 3u (I25) 113d | [DFSH347011-SILV-38] 3u (I25) 113d | [DFSH347011-SILV-38] 3u (I25) 113d | [DFSH347011-SILV-38] 3u (I25) 113d | [DFSH347011-SILV-38] 3u (I25) 113d;[DFSH347011-SILV-37] 2u (I25) 113d | [DFSH347011-SILV-39] 3u (I25) 113d | [DFSH347011-SILV-40] 2u (I25) 113d | [DFSH347011-SILV-41] 1u (I25) 113d | [DFSH347011-SILV-37] 2u (I25) 113d | [DFSH347011-SILV-39] 3u (I25) 113d | [DFSH347011-SILV-40] 2u (I25) 113d | [DFSH347011-SILV-41] 1u (I25) 113d | [DFSH347011-SILV-37] 2u (I25) 113d | [DFSH347011-SILV-39] 3u (I25) 113d | [DFSH347011-SILV-40] 2u (I25) 113d | [DFSH347011-SILV-41] 1u (I25) 113d | [DFSH347011-SILV-37] 2u (I25) 113d | [DFSH347011-SILV-39] 3u (I25) 113d | [DFSH347011-SILV-41] 1u (I25) 113d | [DFSH347011-SILV-37] 2u (I25) 113d | [DFSH347011-SILV-39] 3u (I25) 113d | [DFSH347011-SILV-40] 2u (I25) 113d | [DFSH347011-SILV-41] 1u (I25) 113d | [DFSH347011-SILV-37] 2u (I25) 113d | [DFSH347011-SILV-39] 3u (I25) 113d | [DFSH347011-SILV-40] 2u (I25) 113d | [DFSH347011-SILV-41] 1u (I25) 113d | [DFSH347011-GOLD-37] 2u (I25) 113d | [DFSH347011-GOLD-38] 3u (I25) 113d | [DFSH347011-GOLD-39] 3u (I25) 113d | [DFSH347011-GOLD-40] 2u (I25) 113d | [DFSH347011-GOLD-41] 1u (I25) 113d | [DFSH347011-GOLD-37] 2u (I25) 113d | [DFSH347011-GOLD-38] 3u (I25) 113d | [DFSH347011-GOLD-39] 3u (I25) 113d | [DFSH347011-GOLD-40] 2u (I25) 113d | [DFSH347011-GOLD-41] 1u (I25) 113d;[DFSH347011-SILV-36] 1u (I25) 113d | [DFSH347011-SILV-36] 1u (I25) 113d | [DFSH347011-SILV-36] 1u (I25) 113d | [DFSH347011-SILV-36] 1u (I25) 113d | [DFSH347011-SILV-36] 1u (I25) 113d | [DFSH347011-SILV-36] 1u (I25) 113d | [DFSH347011-GOLD-36] 1u (I25) 113d | [DFSH347011-GOLD-36] 1u (I25) 113d;
CLABD/Stock/StorageBD/CLA-065-06-02-01;BLACK;I25;36;472.34;B+A+C;133;30;2;[DFSH391013-BLAC-38] 3u (I25) 133d | [DFSH391013-BLAC-38] 3u (I25) 133d | [DFSH391011-BLAC-37] 2u (I25) 133d | [DFSH391011-BLAC-38] 3u (I25) 133d | [DFSH391011-BLAC-39] 3u (I25) 133d;[DFSH391013-BLAC-36] 1u (I25) 133d | [DFSH391013-BLAC-37] 2u (I25) 133d | [DFSH391013-BLAC-39] 3u (I25) 133d | [DFSH391013-BLAC-40] 2u (I25) 133d | [DFSH391013-BLAC-36] 1u (I25) 133d | [DFSH391013-BLAC-37] 2u (I25) 133d | [DFSH391013-BLAC-39] 3u (I25) 133d | [DFSH391013-BLAC-40] 2u (I25) 133d | [DFSH391011-BLAC-36] 1u (I25) 133d | [DFSH391011-BLAC-40] 2u (I25) 133d | [DFSH391011-BLAC-41] 1u (I25) 133d;[DFSH391013-BLAC-41] 1u (I25) 133d | [DFSH391013-BLAC-41] 1u (I25) 133d;
CLABD/Stock/StorageBD/CLA-066-03-02-03;BLACK;I25+V26;48;681.68;C+B+A;170;40;2;[DFSH401001-WFCH-39] 3u (I25) 169d | [DFSH401001-WFCH-39] 3u (I25) 170d | [DFSH401001-WFCH-39] 3u (I25) 169d;[DFSH401001-WFCH-38] 3u (I25) 169d | [DFSH401001-WFCH-40] 2u (I25) 169d | [DFSH401001-WFCH-41] 1u (I25) 169d | [DFSH401001-WFCH-38] 3u (I25) 170d | [DFSH401001-WFCH-40] 2u (I25) 170d | [DFSH401001-WFCH-41] 1u (I25) 170d | [DFSH401001-WFCH-38] 3u (I25) 169d | [DFSH401001-WFCH-40] 2u (I25) 169d | [DFSH401001-WFCH-41] 1u (I25) 169d | [DFSH401001-BGRE-36] 1u (V26) 169d | [DFSH401001-BGRE-38] 3u (V26) 169d | [DFSH401001-BGRE-39] 3u (V26) 169d | [DFSH401001-BGRE-40] 2u (V26) 169d | [DFSH401001-BGRE-41] 1u (V26) 169d;[DFSH401001-WFCH-36] 1u (I25) 169d | [DFSH401001-WFCH-37] 2u (I25) 169d | [DFSH401001-WFCH-36] 1u (I25) 170d | [DFSH401001-WFCH-37] 2u (I25) 170d | [DFSH401001-WFCH-36] 1u (I25) 169d | [DFSH401001-WFCH-37] 2u (I25) 169d | [DFSH401001-BGRE-37] 2u (V26) 169d;
CLABD/Stock/StorageBD/CLA-069-08-02-03;BLACK;I25;84;1068.05;B+A+C;133;70;2;[DFSH391013-BLAC-38] 3u (I25) 133d | [DFSH391013-BLAC-38] 3u (I25) 133d | [DFSH391011-KHAK-37] 2u (I25) 133d | [DFSH391011-KHAK-38] 3u (I25) 133d | [DFSH391011-KHAK-39] 3u (I25) 133d | [DFSH391011-KHAK-40] 2u (I25) 133d | [DFSH391011-KHAK-37] 2u (I25) 133d | [DFSH391011-KHAK-38] 3u (I25) 133d | [DFSH391011-KHAK-39] 3u (I25) 133d | [DFSH391011-KHAK-40] 2u (I25) 133d | [DFSH391011-BLAC-37] 2u (I25) 133d | [DFSH391011-BLAC-38] 3u (I25) 133d | [DFSH391011-BLAC-39] 3u (I25) 133d | [DFSH391001-BEIG-36] 1u (I25) 133d | [DFSH391001-BEIG-37] 2u (I25) 133d | [DFSH391001-BEIG-38] 3u (I25) 133d | [DFSH391001-BEIG-39] 3u (I25) 133d | [DFSH391001-BEIG-40] 2u (I25) 133d | [DFSH391001-BEIG-36] 1u (I25) 133d | [DFSH391001-BEIG-37] 2u (I25) 133d | [DFSH391001-BEIG-38] 3u (I25) 133d | [DFSH391001-BEIG-39] 3u (I25) 133d | [DFSH391001-BEIG-40] 2u (I25) 133d;[DFSH391013-BLAC-36] 1u (I25) 133d | [DFSH391013-BLAC-37] 2u (I25) 133d | [DFSH391013-BLAC-39] 3u (I25) 133d | [DFSH391013-BLAC-40] 2u (I25) 133d | [DFSH391013-BLAC-36] 1u (I25) 133d | [DFSH391013-BLAC-37] 2u (I25) 133d | [DFSH391013-BLAC-39] 3u (I25) 133d | [DFSH391013-BLAC-40] 2u (I25) 133d | [DFSH391011-KHAK-36] 1u (I25) 133d | [DFSH391011-KHAK-41] 1u (I25) 133d | [DFSH391011-KHAK-36] 1u (I25) 133d | [DFSH391011-KHAK-41] 1u (I25) 133d | [DFSH391011-BLAC-36] 1u (I25) 133d | [DFSH391011-BLAC-40] 2u (I25) 133d | [DFSH391011-BLAC-41] 1u (I25) 133d | [DFSH391001-BEIG-41] 1u (I25) 133d | [DFSH391001-BEIG-41] 1u (I25) 133d;[DFSH391013-BLAC-41] 1u (I25) 133d | [DFSH391013-BLAC-41] 1u (I25) 133d;
CLABD/Stock/StorageBD/CLA-069-09-01-01;BLACK;I25+V26;108;1572.40;C+D+B+A;170;90;2;[DFSH401002-PETR-43] 3u (I25) 170d;[DFSH401002-PETR-41] 1u (I25) 170d | [DFSH401002-PETR-42] 3u (I25) 170d | [DFSH401002-PETR-44] 3u (I25) 170d | [DFSH401002-PETR-45] 2u (I25) 170d | [DFSH401001-BGRE-36] 1u (V26) 170d | [DFSH401001-BGRE-38] 3u (V26) 170d | [DFSH401001-BGRE-39] 3u (V26) 170d | [DFSH401001-BGRE-40] 2u (V26) 170d | [DFSH401001-BGRE-41] 1u (V26) 170d;[DFSH407006-MINT-36] 1u (I25) 129d | [DFSH407006-MINT-37] 2u (I25) 129d | [DFSH407006-MINT-38] 3u (I25) 129d | [DFSH407006-MINT-39] 3u (I25) 129d | [DFSH407006-MINT-41] 1u (I25) 129d | [DFSH407006-MINT-36] 1u (I25) 129d | [DFSH407006-MINT-37] 2u (I25) 129d | [DFSH407006-MINT-38] 3u (I25) 129d | [DFSH407006-MINT-39] 3u (I25) 129d | [DFSH407006-MINT-41] 1u (I25) 129d | [DFSH407004-BEIG-36] 1u (I25) 129d | [DFSH407004-BEIG-38] 3u (I25) 129d | [DFSH407004-BEIG-39] 3u (I25) 129d | [DFSH407004-BEIG-41] 1u (I25) 129d | [DFSH407004-BEIG-36] 1u (I25) 129d | [DFSH407004-BEIG-38] 3u (I25) 129d | [DFSH407004-BEIG-39] 3u (I25) 129d | [DFSH407004-BEIG-41] 1u (I25) 129d | [DFSH407004-BEIG-36] 1u (I25) 129d | [DFSH407004-BEIG-38] 3u (I25) 129d | [DFSH407004-BEIG-39] 3u (I25) 129d | [DFSH407004-BEIG-41] 1u (I25) 129d | [DFSH407004-BEIG-36] 1u (I25) 129d | [DFSH407004-BEIG-38] 3u (I25) 129d | [DFSH407004-BEIG-39] 3u (I25) 129d | [DFSH407004-BEIG-41] 1u (I25) 129d | [DFSH407004-BEIG-36] 1u (I25) 129d | [DFSH407004-BEIG-38] 3u (I25) 129d | [DFSH407004-BEIG-39] 3u (I25) 129d | [DFSH407004-BEIG-41] 1u (I25) 129d | [DFSH401001-BGRE-37] 2u (V26) 170d;[DFSH407006-MINT-40] 2u (I25) 129d | [DFSH407006-MINT-40] 2u (I25) 129d | [DFSH407004-BEIG-37] 2u (I25) 129d | [DFSH407004-BEIG-40] 2u (I25) 129d | [DFSH407004-BEIG-37] 2u (I25) 129d | [DFSH407004-BEIG-40] 2u (I25) 129d | [DFSH407004-BEIG-37] 2u (I25) 129d | [DFSH407004-BEIG-40] 2u (I25) 129d | [DFSH407004-BEIG-37] 2u (I25) 129d | [DFSH407004-BEIG-40] 2u (I25) 129d | [DFSH407004-BEIG-37] 2u (I25) 129d | [DFSH407004-BEIG-40] 2u (I25) 129d
CLABD/Stock/StorageBD/CLA-070-09-01-03;BLACK;V24+I25;39;356.64;B+A+C;624;30;2;[DFSH371004-TAN-41] 12u (I25) 435d;[DFSH384005-GOLD-37] 14u (V24) 405d | [DFSH384005-GOLD-36] 3u (V24) 405d | [DFSH384005-GOLD-38] 3u (V24) 405d;[DFSH397001-OFFW-41] 1u (V24) 624d | [DFSH397001-WHIT-42] 1u (V24) 624d | [DFSH397001-OFFW-43] 2u (V24) 624d | [DFSH397001-BLAC-45] 1u (V24) 624d | [DFSH397001-BLAC-41] 1u (V24) 624d | [DFSH397001-WHIT-43] 1u (V24) 624d;
CLAGD/Stock/StorageGD/CLA-072-15-01-01;GOLD;I25+I17+V24;18;68.45;D+A+C+B;35;30;2;[DFSH371016-BRON-37] 1u (I25) 35d | [DFSH371016-BRAS-37] 1u (I25) 35d | [TESH501001-TAUP-20] 1u (I25) 35d;[COSH244010-BLAC-36] 1u (I25) 35d | [COSH244010-BLAC-34] 1u (I25) 35d | [COSH244010-BLAC-35] 1u (I25) 35d | [COSH244010-BLAC-33] 1u (I25) 35d | [COSH244010-BLAC-32] 1u (I25) 35d | [COSH249005-NAVY-28] 1u (I25) 35d | [DFSH361007-BLAC-38] 1u (V24) 35d | [HI219120-0078-36] 1u (I17) 35d | [HI222003-0040-36] 1u (I17) 35d;[COSH244010-BLAC-31] 1u (I25) 35d | [COSH244010-BLAC-25] 1u (I25) 35d | [HI222105-0078-38] 1u (I17) 35d | [COSH327006-TAUP-32] 1u (I25) 35d;[COSH327006-TAN-32] 1u (I25) 35d | [COSH249005-NAVY-26] 1u (I25) 35d
CLAGD/Stock/StorageGD/CLA-045-08-01-02;GOLD;V25+I25;77;180.30;C+D+A+B;304;70;1;[BJSH542020-TAUP-39] 10u (I25) 161d | [BJSH542020-TAUP-39] 10u (I25) 161d | [BJSH542020-TAUP-37] 10u (I25) 161d;[COSH283104-SILV-32] 10u (V25) 304d;[COSH264020-WHIT-29] 10u (V25) 304d | [BJSH360006-BLAC-33] 1u (V25) 119d;[COSH265073-BEIG-27] 1u (V25) 232d | [COSH265073-BEIG-29] 1u (V25) 232d | [COSH265073-BEIG-32] 2u (V25) 232d | [COSH265073-BEIG-33] 1u (V25) 232d | [COSH265073-WHIT-35] 1u (V25) 232d | [COSH265075-BEIG-25] 2u (V25) 232d | [COSH265075-PINK-25] 1u (V25) 232d | [COSH265075-PINK-26] 3u (V25) 232d | [COSH265075-PINK-28] 1u (V25) 232d | [COSH265075-PINK-31] 2u (V25) 232d | [BJSH360006-BLAC-34] 2u (V25) 119d | [BJSH360006-BLAC-35] 2u (V25) 119d | [BJSH360006-BLAC-38] 1u (V25) 119d | [BJSH360006-BLAC-36] 2u (V25) 119d | [BJSH360006-BLAC-39] 1u (V25) 119d | [BJSH360006-BLAC-40] 1u (V25) 119d | [BJSH360006-BLAC-37] 2u (V25) 119d
CLAGD/Stock/StorageGD/CLA-047-09-01-02;GOLD;V25+I25+I24+V23;84;679.18;D+C+A;584;80;1;[BJSH542020-TAN-39] 10u (I25) 190d;;[BJSH582012-BLAC-40] 1u (I24) 147d | [NV121504-0043-24] 1u (V23) 584d | [NV121504-0043-25] 1u (V23) 584d | [NV121504-0043-26] 1u (V23) 584d | [NV121504-0043-27] 1u (V23) 584d | [NV121504-0043-28] 1u (V23) 584d | [NV121504-0043-29] 2u (V23) 584d | [NV121504-0043-30] 1u (V23) 584d | [NV121504-0043-31] 1u (V23) 584d | [NV121504-0043-32] 1u (V23) 584d | [NV121504-0043-33] 1u (V23) 584d | [NV121504-0043-34] 1u (V23) 584d | [NV121504-0043-24] 1u (V23) 584d | [NV121504-0043-25] 1u (V23) 584d | [NV121504-0043-26] 1u (V23) 584d | [NV121504-0043-27] 1u (V23) 584d | [NV121504-0043-28] 1u (V23) 584d | [NV121504-0043-29] 2u (V23) 584d | [NV121504-0043-30] 1u (V23) 584d | [NV121504-0043-31] 1u (V23) 584d | [NV121504-0043-32] 1u (V23) 584d | [NV121504-0043-33] 1u (V23) 584d | [NV121504-0043-34] 1u (V23) 584d | [NV121504-0043-24] 1u (V23) 584d | [NV121504-0043-25] 1u (V23) 584d | [NV121504-0043-26] 1u (V23) 584d | [NV121504-0043-27] 1u (V23) 584d | [NV121504-0043-28] 1u (V23) 584d | [NV121504-0043-29] 2u (V23) 584d | [NV121504-0043-30] 1u (V23) 584d | [NV121504-0043-31] 1u (V23) 584d | [NV121504-0043-32] 1u (V23) 584d | [NV121504-0043-33] 1u (V23) 584d | [NV121504-0043-34] 1u (V23) 584d | [NV121504-0043-24] 1u (V23) 584d | [NV121504-0043-25] 1u (V23) 584d | [NV121504-0043-26] 1u (V23) 584d | [NV121504-0043-27] 1u (V23) 584d | [NV121504-0043-28] 1u (V23) 584d | [NV121504-0043-29] 2u (V23) 584d | [NV121504-0043-30] 1u (V23) 584d | [NV121504-0043-31] 1u (V23) 584d | [NV121504-0043-32] 1u (V23) 584d | [NV121504-0043-33] 1u (V23) 584d | [NV121504-0043-34] 1u (V23) 584d;[BJSH377003-WHIT-33] 1u (V25) 147d | [COSH280001-NAVY-34] 12u (I25) 147d | [NV551769-0207-28] 1u (V23) 584d | [NV551769-0207-29] 1u (V23) 584d | [NV551769-0207-30] 1u (V23) 584d | [NV551769-0207-31] 1u (V23) 584d | [NV551769-0207-32] 1u (V23) 584d | [NV551769-0207-33] 1u (V23) 584d | [NV551769-0207-34] 1u (V23) 584d | [NV551769-0207-35] 1u (V23) 584d | [NV551769-0207-36] 1u (V23) 584d | [NV551769-0207-37] 1u (V23) 584d | [NV551769-0207-38] 1u (V23) 584d | [NV551769-0207-39] 1u (V23) 584d
CLABD/Stock/StorageBD/CLA-050-03-02-03;BLACK;I25;24;336.48;B+A+C+D;133;20;1;[DFSH391013-BLAC-38] 3u (I25) 133d;[DFSH391013-BLAC-36] 1u (I25) 133d | [DFSH391013-BLAC-37] 2u (I25) 133d | [DFSH391013-BLAC-39] 3u (I25) 133d | [DFSH391013-BLAC-40] 2u (I25) 133d | [DFSH391012-BLAC-38] 3u (I25) 133d | [DFSH391012-BLAC-39] 3u (I25) 133d;[DFSH391013-BLAC-41] 1u (I25) 133d | [DFSH391012-BLAC-37] 2u (I25) 133d | [DFSH391012-BLAC-40] 2u (I25) 133d | [DFSH391012-BLAC-41] 1u (I25) 133d;[DFSH391012-BLAC-36] 1u (I25) 133d
CLABD/Stock/StorageBD/CLA-050-07-01-02;BLACK;I25;32;385.65;B+A+C;133;30;1;[DFSH391013-BLAC-38] 3u (I25) 133d | [DFSH391001-BLAC-38] 10u (I25) 133d | [DFSH391001-BLAC-38] 10u (I25) 133d;[DFSH391013-BLAC-36] 1u (I25) 133d | [DFSH391013-BLAC-37] 2u (I25) 133d | [DFSH391013-BLAC-39] 3u (I25) 133d | [DFSH391013-BLAC-40] 2u (I25) 133d;[DFSH391013-BLAC-41] 1u (I25) 133d;
CLABD/Stock/StorageBD/CLA-050-07-02-03;BLACK;I25;34;481.69;B+A+C;133;30;1;[DFSH391013-BLAC-38] 3u (I25) 133d;[DFSH391013-BLAC-36] 1u (I25) 133d | [DFSH391013-BLAC-37] 2u (I25) 133d | [DFSH391013-BLAC-39] 3u (I25) 133d | [DFSH391013-BLAC-40] 2u (I25) 133d | [DFSH391010-BLAC-40] 10u (I25) 133d;[DFSH391013-BLAC-41] 1u (I25) 133d | [DFSH391012-BEIG-36] 1u (I25) 133d | [DFSH391012-BEIG-37] 2u (I25) 133d | [DFSH391012-BEIG-38] 3u (I25) 133d | [DFSH391012-BEIG-39] 3u (I25) 133d | [DFSH391012-BEIG-40] 2u (I25) 133d | [DFSH391012-BEIG-41] 1u (I25) 133d;
CLABD/Stock/StorageBD/CLA-050-08-02-02;BLACK;I25;12;165.19;B+A+C;133;10;1;[DFSH391013-BLAC-38] 3u (I25) 133d;[DFSH391013-BLAC-36] 1u (I25) 133d | [DFSH391013-BLAC-37] 2u (I25) 133d | [DFSH391013-BLAC-39] 3u (I25) 133d | [DFSH391013-BLAC-40] 2u (I25) 133d;[DFSH391013-BLAC-41] 1u (I25) 133d;
CLABD/Stock/StorageBD/CLA-056-09-01-03;BLACK;V25+V21+V19+I19+V17;739;4179.34;A+B+C;1183;95;1;[DFSU915001-TAN] 50u (V25) 295d | [DFKSUN0262-0801] 50u (V25) 302d | [DFKSUN0260-0801] 50u (V25) 295d | [DFKSUN1526-0803] 50u (V25) 539d | [DFKSUN0522-0800] 50u (V25) 630d | [DFKSUN0522-0800] 50u (V25) 630d | [DFKSUN0522-0800] 50u (V25) 630d | [DFKSUN0522-0800] 50u (V25) 630d;[DFKSUN0844-0800] 50u (V21) 1183d | [DFKSUN0844-0800] 50u (V21) 1183d | [DFKWAT0102-0020] 25u (I19) 231d;[DFKSUN1025] 66u (V19) 231d | [DFKWAT0082-0040] 16u (I19) 231d | [DFKWAT0091-0020] 1u (I19) 231d | [HVKAWAT111-0001-UNI] 39u (V17) 386d | [HVKAWAT111-0001-UNI] 42u (V17) 386d | [HVKAWAT111-0001-UNI] 50u (V17) 386d;
CLABD/Stock/StorageBD/CLA-064-09-03-02;BLACK;I25;24;337.64;B+A+C;133;20;1;[DFSH391013-BLAC-38] 3u (I25) 133d;[DFSH391013-BLAC-36] 1u (I25) 133d | [DFSH391013-BLAC-37] 2u (I25) 133d | [DFSH391013-BLAC-39] 3u (I25) 133d | [DFSH391013-BLAC-40] 2u (I25) 133d;[DFSH391013-BLAC-41] 1u (I25) 133d | [DFSH391012-BEIG-36] 1u (I25) 133d | [DFSH391012-BEIG-37] 2u (I25) 133d | [DFSH391012-BEIG-38] 3u (I25) 133d | [DFSH391012-BEIG-39] 3u (I25) 133d | [DFSH391012-BEIG-40] 2u (I25) 133d | [DFSH391012-BEIG-41] 1u (I25) 133d;
CLABD/Stock/StorageBD/CLA-065-08-02-01;BLACK;I25;34;481.97;B+A+C;133;30;1;[DFSH391013-BLAC-38] 3u (I25) 133d | [DFSH391010-BLAC-37] 2u (I25) 133d | [DFSH391010-BLAC-38] 3u (I25) 133d | [DFSH391010-BLAC-39] 3u (I25) 133d | [DFSH391010-BLAC-39] 10u (I25) 133d;[DFSH391013-BLAC-36] 1u (I25) 133d | [DFSH391013-BLAC-37] 2u (I25) 133d | [DFSH391013-BLAC-39] 3u (I25) 133d | [DFSH391013-BLAC-40] 2u (I25) 133d | [DFSH391010-BLAC-36] 1u (I25) 133d | [DFSH391010-BLAC-40] 2u (I25) 133d | [DFSH391010-BLAC-41] 1u (I25) 133d;[DFSH391013-BLAC-41] 1u (I25) 133d;
CLABD/Stock/StorageBD/CLA-066-06-02-02;BLACK;I25;34;402.00;B+A+C;149;30;1;[DFSH321090-GOLD-37] 2u (I25) 149d | [DFSH321090-GOLD-38] 3u (I25) 149d | [DFSH391013-BLAC-38] 3u (I25) 133d | [DFSH391001-BLAC-37] 10u (I25) 133d;[DFSH321090-GOLD-36] 1u (I25) 149d | [DFSH321090-GOLD-39] 3u (I25) 149d | [DFSH321090-GOLD-40] 2u (I25) 149d | [DFSH321090-GOLD-41] 1u (I25) 149d | [DFSH391013-BLAC-36] 1u (I25) 133d | [DFSH391013-BLAC-37] 2u (I25) 133d | [DFSH391013-BLAC-39] 3u (I25) 133d | [DFSH391013-BLAC-40] 2u (I25) 133d;[DFSH391013-BLAC-41] 1u (I25) 133d;
CLABD/Stock/StorageBD/CLA-068-03-02-01;BLACK;I22+I24;34;1006.01;B+C+A;155;50;1;[DFTXPUF005-BLAC-L] 1u (I22) 155d;[DFTXPUF005-BLAC-XL] 2u (I22) 154d | [DFTXPUF005-NAVY-S] 2u (I24) 154d | [DFTXPUF005-SILV-XS] 1u (I24) 154d | [DFTXPUF005-NAVY-S] 1u (I24) 154d | [DFTXPUF005-BLAC-XL] 2u (I22) 154d | [DFTXBOM004-KHAK-S] 2u (I22) 154d | [DFTXHOD007-BLAC-S] 8u (I24) 154d | [DFTXBOM004-BLAC-M] 1u (I22) 154d | [DFTXHOD021-WINE-M] 3u (I24) 154d | [DFTXPUF005-BLAC-S] 4u (I22) 155d | [DFTXPUF005-BLAC-M] 2u (I22) 155d | [DFTXPUF005-BLAC-S] 4u (I22) 155d;[DFTXJOG004-BEIG-S] 1u (I22) 154d;
CLABD/Stock/StorageBD/CLA-071-02-01-02;BLACK;I24+I25+V23;42;425.87;A+B+C;405;70;1;[DFSH375001-BLAC-39] 1u (I24) 155d | [DFSH371006-BEIG-38] 1u (I25) 155d | [DFSH371006-BLAC-37] 1u (I25) 155d | [DFSH371006-BEIG-41] 1u (I25) 169d | [DFSH370012-TAUP-41] 1u (I25) 155d | [DFSH347002-BLAC-44] 1u (I24) 155d | [DFSH371004-BLAC-38] 1u (I25) 155d | [DFSH371004-BLAC-41] 1u (I25) 155d | [DFSH371004-BLAC-37] 1u (I25) 155d | [DFSH347002-BEIG-37] 3u (I24) 155d;[DFSH347003-SILV-36] 1u (I24) 155d | [DFSH347003-SILV-37] 2u (I24) 155d | [DFSH347003-SILV-36] 1u (I24) 155d | [DFSH347003-SILV-37] 2u (I24) 155d | [DFSH347003-SILV-39] 1u (I24) 155d | [DFSH347003-SILV-41] 1u (I24) 155d | [NVK33410-0020-40] 6u (V23) 405d | [NVK33410-0020-36] 1u (V23) 405d | [NVK33410-0006-39] 4u (V23) 405d | [NVK33410-0006-37] 7u (V23) 405d | [NVK33410-0006-40] 1u (V23) 405d;[DFSH370010-BLAC-42] 1u (I24) 155d | [DFSH347002-BEIG-36] 1u (I24) 155d | [DFSH347002-BEIG-41] 1u (I24) 155d;
CLABD/Stock/StorageBD/CLA-071-08-01-02;BLACK;I25+I24;26;300.78;A+C;440;20;1;[DFSH370011-BLAC-39] 12u (I25) 177d | [DFSH375001-BLAC-38] 2u (I24) 440d | [DFSH375001-BLAC-37] 8u (I24) 440d | [DFSH375001-BLAC-36] 2u (I24) 440d | [DFSH381001-BLAC-40] 1u (I25) 251d;;[DFSH371011-BLAC-41] 1u (I24) 237d;
CLAGD/Stock/StorageGD/CLA-072-13-03-01;GOLD;I25+I22+I20+I19+I23+I24;49;139.89;A+D+C+B;36;40;1;[BJSH543008-TAN-40] 1u (I25) 36d | [BJSH543008-TAN-39] 1u (I25) 36d | [BJSH543008-TAN-38] 2u (I25) 36d | [BJSH543008-TAN-37] 2u (I25) 36d | [BJSH543008-TAN-33] 1u (I25) 36d | [BJSH543008-TAN-34] 1u (I25) 36d | [BJSH543008-TAN-36] 2u (I25) 36d | [BJSH543008-TAN-35] 2u (I25) 36d;[28001-0020-25] 4u (I22) 36d | [KIS10219-0047-20] 1u (I20) 36d | [JIS10278-0078-23] 1u (I19) 36d | [JIS10278-0078-22] 1u (I19) 36d | [28001-0002-32] 1u (I22) 36d | [BWSH190017-BLAC-40] 1u (I24) 36d | [BWSH190017-BLAC-39] 2u (I24) 36d | [BWSH190017-BLAC-38] 2u (I24) 36d | [BWSH190017-BLAC-37] 2u (I24) 36d | [BWSH190017-BLAC-36] 1u (I24) 36d;[28011-0002-30] 1u (I22) 36d | [28012-0002-27] 1u (I22) 36d | [28011-0002-26] 1u (I22) 36d | [MI126578-0002-25] 1u (I22) 36d | [MI126578-0002-24] 1u (I22) 36d | [OSSH102088-TAUP-22] 1u (I23) 36d | [MI126581-0021-27] 1u (I22) 36d | [MI126578-0002-28] 1u (I22) 36d | [BWSH190017-BLAC-41] 1u (I24) 36d;[BWSH543008-TAN-41] 1u (I25) 36d | [BWSH543008-TAN-40] 2u (I25) 36d | [BWSH543008-TAN-39] 3u (I25) 36d | [BWSH543008-TAN-38] 3u (I25) 36d | [BWSH543008-TAN-37] 2u (I25) 36d | [BWSH543008-TAN-36] 1u (I25) 36d
CLAGD/Stock/StorageGD/CLA-072-15-01-03;GENERIC;V22+I25+V25+I19+I18+I21;124;777.75;D+B+C+A;590;120;1;[COSH542021-TAUP-27] 10u (I25) 436d;[MV231601-0020-39] 1u (V22) 584d | [MV231601-0020-39] 1u (V22) 584d | [MV231601-0020-39] 1u (V22) 584d | [MV231601-0020-39] 1u (V22) 584d | [MV231601-0020-39] 1u (V22) 584d | [COSH282101-WHIT-31] 10u (V25) 366d | [COSH282101-WHIT-29] 10u (V25) 366d | [MV231601-0001-37] 1u (V22) 590d;[MV230026-0371-38] 7u (V22) 345d | [MV230026-0371-37] 8u (V22) 345d | [MV230026-0371-40] 2u (V22) 345d | [MV230026-0371-41] 1u (V22) 345d | [MV231605-0020-37] 1u (V22) 590d | [IIK10141-0020-37] 1u (I19) 373d | [HIK10104-0481-36] 1u (I18) 373d | [HIK10104-0399-39] 1u (I18) 373d | [HIK10104-0399-41] 1u (I18) 373d;[MV231601-0020-36] 2u (V22) 584d | [MV231601-0020-37] 3u (V22) 584d | [MV231601-0020-38] 2u (V22) 584d | [MV231601-0020-40] 1u (V22) 584d | [MV231601-0020-36] 2u (V22) 584d | [MV231601-0020-37] 3u (V22) 584d | [MV231601-0020-38] 2u (V22) 584d | [MV231601-0020-40] 1u (V22) 584d | [MV231601-0020-36] 2u (V22) 584d | [MV231601-0020-37] 3u (V22) 584d | [MV231601-0020-38] 2u (V22) 584d | [MV231601-0020-40] 1u (V22) 584d | [MV231601-0020-36] 2u (V22) 584d | [MV231601-0020-37] 3u (V22) 584d | [MV231601-0020-38] 2u (V22) 584d | [MV231601-0020-40] 1u (V22) 584d | [MV231601-0020-36] 2u (V22) 584d | [MV231601-0020-37] 3u (V22) 584d | [MV231601-0020-38] 2u (V22) 584d | [MV231601-0020-40] 1u (V22) 584d | [COSH282101-WHIT-33] 10u (V25) 366d | [COSH282101-WHIT-33] 10u (V25) 366d | [MV231601-0020-38] 2u (V22) 590d | [LI558635-0160-36] 2u (I21) 373d | [LI558636-0054-37] 1u (I21) 373d
CLAGD/Stock/StorageGD/CLAGD/Stock/EXTB2BGD/CLA-009-07-03-01;GOLD;I25;50;190.30;C+A;142;50;0;[BJSH543008-TAUP-40] 10u (I25) 142d | [BJSH543001-BLAC-37] 10u (I25) 142d | [BJSH542020-TAN-37] 10u (I25) 142d | [BJSH542020-TAN-37] 10u (I25) 142d;;[COSH542105-TAN-24] 10u (I25) 142d;
CLAGD/Stock/StorageGD/CLA-040-06-01-01;GOLD;V22+I25+V23+I24;84;478.12;C+B+A+D;1268;80;0;[COSH542020-TAUP-26] 10u (I25) 437d | [COSH542020-TAUP-26] 10u (I25) 437d;[MV231601-0001-37] 3u (V22) 1255d | [MV231601-0001-37] 2u (V22) 1255d | [COSH200002-NAVY-28] 10u (I25) 225d | [BWSH368001-BLAC-36] 1u (I24) 387d | [BWSH368001-BLAC-37] 2u (I24) 387d | [BWSH368001-BLAC-38] 3u (I24) 387d | [BWSH368001-BLAC-39] 3u (I24) 387d | [BWSH368001-BLAC-40] 2u (I24) 387d | [BWSH368001-BLAC-41] 1u (I24) 387d;[MV231601-0001-38] 2u (V22) 1268d | [MV231601-0001-41] 2u (V22) 1268d | [MV231601-0001-36] 1u (V22) 1255d | [MV231601-0001-40] 1u (V22) 1268d | [MV231601-0001-41] 3u (V22) 1268d | [MV231601-0001-36] 2u (V22) 1255d | [MV231601-0001-38] 2u (V22) 1268d | [NV121504-0043-24] 1u (V23) 584d | [NV121504-0043-25] 1u (V23) 584d | [NV121504-0043-26] 1u (V23) 584d | [NV121504-0043-27] 1u (V23) 584d | [NV121504-0043-28] 1u (V23) 584d | [NV121504-0043-29] 2u (V23) 584d | [NV121504-0043-30] 1u (V23) 584d | [NV121504-0043-31] 1u (V23) 584d | [NV121504-0043-32] 1u (V23) 584d | [NV121504-0043-33] 1u (V23) 584d | [NV121504-0043-34] 1u (V23) 584d;[NV128333-0001-36] 12u (V23) 730d
CLAGD/Stock/StorageGD/CLA-040-06-02-02;GOLD;I25;40;0.00;B+C+A;455;40;0;[BJSH543008-BLAC-35] 10u (I25) 455d;[COSH542065-TAN-35] 10u (I25) 437d | [COSH542065-TAN-31] 10u (I25) 437d;[COSH542065-TAN-30] 10u (I25) 437d;
CLAGD/Stock/StorageGD/CLA-040-07-01-01;GOLD;I25+V23+V24+V25;80;565.54;A+B+D+C;584;80;0;[COSH542020-TAUP-35] 10u (I25) 437d;[BJSH543001-BLAC-35] 10u (I25) 395d | [NV128527-0160-24] 1u (V23) 584d;[OSSH143073-BLUE-20] 1u (V24) 569d | [OSSH143073-BLUE-21] 1u (V24) 569d | [OSSH143073-BLUE-22] 2u (V24) 569d | [OSSH143073-BLUE-23] 2u (V24) 569d | [OSSH143073-BLUE-24] 2u (V24) 569d | [OSSH143073-BLUE-25] 2u (V24) 569d | [OSSH143073-BLUE-26] 2u (V24) 569d;[NV128524-0040_C_24_35_12] 1u (V23) 29d | [NV128527-0160-25] 1u (V23) 584d | [NV128527-0160-26] 1u (V23) 584d | [NV128527-0160-27] 1u (V23) 584d | [NV128527-0160-28] 1u (V23) 584d | [NV128527-0160-29] 1u (V23) 584d | [NV128527-0160-30] 1u (V23) 584d | [NV128527-0160-31] 1u (V23) 584d | [NV128527-0160-32] 1u (V23) 584d | [NV128527-0160-33] 1u (V23) 584d | [NV128527-0160-34] 1u (V23) 584d | [NV128527-0160-35] 1u (V23) 584d | [NV128527-0160-27] 1u (V23) 584d | [NV128527-0160-28] 1u (V23) 584d | [NV128527-0160-29] 1u (V23) 584d | [NV128527-0160-30] 2u (V23) 584d | [NV128527-0160-31] 2u (V23) 584d | [NV128527-0160-32] 2u (V23) 584d | [NV128527-0160-33] 1u (V23) 584d | [NV128527-0160-34] 1u (V23) 584d | [NV126507-0043-27] 2u (V23) 584d | [NV126507-0043-28] 2u (V23) 584d | [NV126507-0043-29] 2u (V23) 584d | [NV126507-0043-30] 1u (V23) 584d | [NV126507-0043-31] 1u (V23) 584d | [NV126507-0043-32] 1u (V23) 584d | [NV126507-0043-33] 1u (V23) 584d | [NV126507-0043-34] 1u (V23) 584d | [NV126507-0043-35] 1u (V23) 584d | [BJSH360003-BEIG-35] 2u (V25) 16d | [BJSH360003-BEIG-36] 2u (V25) 16d | [BJSH360003-BEIG-37] 2u (V25) 16d | [BJSH360003-BEIG-38] 1u (V25) 16d | [BJSH360003-BEIG-39] 1u (V25) 16d | [BJSH360003-BEIG-33] 1u (V25) 16d | [BJSH360003-BEIG-34] 2u (V25) 16d | [BJSH360003-BEIG-40] 1u (V25) 16d
CLAGD/Stock/StorageGD/CLA-042-04-01-01;GOLD;I25+I24;34;60.10;A+B+C;232;30;0;[BJSH542020-BLAC-34] 10u (I25) 161d;[COSH244004-PEWT-28] 10u (I24) 232d | [COSH244004-PEWT-29] 6u (I24) 232d | [COSH244004-PEWT-32] 2u (I24) 232d;[COSH244004-PEWT-31] 6u (I24) 232d;
CLAGD/Stock/StorageGD/CLA-043-02-01-02;GOLD;I25+I24;90;360.60;A+B+C;519;90;0;[BJSH542020-BLAC-34] 10u (I25) 449d | [BJSH542020-BLAC-34] 10u (I25) 449d | [BJSH542020-TAUP-41] 10u (I25) 350d | [BJSH542020-TAUP-40] 10u (I25) 161d | [BJSH542020-TAUP-39] 10u (I25) 161d | [BJSH542020-TAUP-36] 10u (I25) 161d;[COSH283094-GOLD-23] 10u (I24) 511d | [COSH283094-SILV-22] 10u (I24) 511d;[COSH283094-GOLD-25] 10u (I24) 519d;
CLAGD/Stock/StorageGD/CLA-044-04-01-01;GENERIC;V22+I25+V25+V24;95;629.74;B+C+A+D;730;90;0;[BJSH542020-TAUP-40] 10u (I25) 161d | [BJSH542020-TAUP-39] 10u (I25) 161d | [BJSH542020-TAUP-38] 10u (I25) 161d | [COSH542020-TAN-23] 10u (I25) 300d;[MV231605-0001-39] 12u (V22) 730d | [MV232104-0021-38] 3u (V22) 300d | [MV232104-0021-39] 3u (V22) 300d | [MV232104-0021-37] 1u (V22) 65d | [BJSH387001-BLAC-34] 1u (V25) 332d;[MV231605-0001-40] 12u (V22) 730d | [BJSH355001-OFFW-34] 12u (V24) 625d;[BJSH387001-BLAC-32] 1u (V25) 332d | [BJSH387001-BLAC-33] 1u (V25) 332d | [BJSH387001-BLAC-35] 2u (V25) 332d | [BJSH387001-BLAC-36] 2u (V25) 332d | [BJSH387001-BLAC-37] 2u (V25) 332d | [BJSH387001-BLAC-38] 1u (V25) 332d | [BJSH387001-BLAC-39] 1u (V25) 332d | [BJSH387001-BLAC-40] 1u (V25) 332d
CLAGD/Stock/StorageGD/CLA-044-09-01-02;GOLD;I25+V24;62;171.10;A+C+B;584;60;0;[COSH542020-TAN-25] 10u (I25) 304d | [COSH542020-TAN-23] 10u (I25) 304d | [COSH542020-TAN-23] 10u (I25) 304d | [BJSH542020-TAUP-33] 10u (I25) 350d;[BJSH542083-BLAC-34] 10u (I25) 498d;[OSSH122060-WHIT-19] 1u (V24) 584d | [OSSH122060-WHIT-20] 1u (V24) 584d | [OSSH122060-WHIT-21] 2u (V24) 584d | [OSSH122060-WHIT-22] 2u (V24) 584d | [OSSH122060-WHIT-23] 2u (V24) 584d | [OSSH122060-WHIT-24] 2u (V24) 584d | [OSSH122060-WHIT-25] 1u (V24) 584d | [OSSH122060-WHIT-26] 1u (V24) 584d;
CLAGD/Stock/StorageGD/CLA-045-01-01-03;GOLD;V24+I25;104;879.55;C+B+A;584;80;0;[BJSH542020-TAN-37] 10u (I25) 304d;[COSH285049-WHIT-34] 1u (V24) 559d | [COSH285049-WHIT-35] 1u (V24) 559d | [COSH265050-WHIT-31] 2u (V24) 584d | [COSH265050-WHIT-32] 2u (V24) 584d | [COSH265050-WHIT-33] 1u (V24) 584d | [COSH265050-WHIT-34] 1u (V24) 584d | [COSH265050-WHIT-35] 1u (V24) 584d | [COSH265050-WHIT-31] 1u (V24) 584d | [COSH265050-WHIT-32] 1u (V24) 584d | [COSH265050-WHIT-33] 1u (V24) 584d | [COSH265050-WHIT-34] 1u (V24) 584d | [COSH265050-WHIT-35] 1u (V24) 584d | [COSH265050-WHIT-31] 1u (V24) 584d | [COSH265050-WHIT-32] 1u (V24) 584d | [COSH265050-WHIT-33] 1u (V24) 584d | [COSH265050-WHIT-34] 1u (V24) 584d | [COSH265050-WHIT-35] 1u (V24) 584d | [COSH285049-WHIT-34] 1u (V24) 584d | [COSH285049-WHIT-35] 1u (V24) 584d | [BJSH543008-BLAC-40] 10u (I25) 455d;[COSH285049-WHIT-27] 1u (V24) 559d | [COSH285049-WHIT-28] 1u (V24) 559d | [COSH285049-WHIT-29] 1u (V24) 559d | [COSH285049-WHIT-30] 2u (V24) 559d | [COSH285049-WHIT-31] 2u (V24) 559d | [COSH285049-WHIT-32] 2u (V24) 559d | [COSH285049-WHIT-33] 1u (V24) 559d | [COSH265050-WHIT-27] 1u (V24) 584d | [COSH265050-WHIT-28] 1u (V24) 584d | [COSH265050-WHIT-29] 1u (V24) 584d | [COSH265050-WHIT-30] 2u (V24) 584d | [COSH265050-WHIT-27] 2u (V24) 584d | [COSH265050-WHIT-28] 2u (V24) 584d | [COSH265050-WHIT-29] 2u (V24) 584d | [COSH265050-WHIT-30] 1u (V24) 584d | [COSH265050-WHIT-27] 2u (V24) 584d | [COSH265050-WHIT-28] 2u (V24) 584d | [COSH265050-WHIT-29] 2u (V24) 584d | [COSH265050-WHIT-30] 1u (V24) 584d | [COSH285049-WHIT-27] 1u (V24) 584d | [COSH285049-WHIT-28] 1u (V24) 584d | [COSH285049-WHIT-29] 1u (V24) 584d | [COSH285049-WHIT-30] 2u (V24) 584d | [COSH285049-WHIT-31] 2u (V24) 584d | [COSH285049-WHIT-32] 2u (V24) 584d | [COSH285049-WHIT-33] 1u (V24) 584d | [BJSH586086-PINK-26] 2u (V24) 584d | [BJSH586086-PINK-27] 2u (V24) 584d | [BJSH586086-PINK-28] 2u (V24) 584d | [BJSH586086-PINK-29] 2u (V24) 584d | [BJSH586086-PINK-30] 2u (V24) 584d | [BJSH586086-PINK-31] 2u (V24) 584d | [BJSH586086-PINK-32] 2u (V24) 584d | [BJSH586086-PINK-33] 2u (V24) 584d | [BJSH586086-PINK-34] 2u (V24) 584d | [BJSH586086-PINK-35] 2u (V24) 584d | [BJSH586086-PINK-36] 2u (V24) 584d | [BJSH586086-PINK-37] 2u (V24) 584d;
CLAGD/Stock/StorageGD/CLA-046-02-01-01;GOLD;I25+I20;83;356.51;A+B+D+C;149;80;0;[BJSH542020-TAUP-35] 10u (I25) 142d | [BJSH542020-TAUP-33] 10u (I25) 142d | [BJSH542020-TAN-37] 10u (I25) 142d | [BJSH542020-BLAC-38] 10u (I25) 142d | [BJSH542020-BLAC-38] 10u (I25) 142d;[KI226831-0078-38] 2u (I20) 57d | [KI226831-0078-41] 1u (I20) 57d | [KI226826-0020-38] 2u (I20) 57d | [KI226826-0020-37] 1u (I20) 57d | [KI226831-0078-37] 1u (I20) 57d | [KI226831-0078-39] 1u (I20) 57d | [KI226831-0078-40] 1u (I20) 57d;[BWSH401007-PINK-37] 2u (I25) 149d | [BWSH401007-PINK-39] 3u (I25) 149d | [BWSH401007-PINK-37] 2u (I25) 149d | [BWSH401007-PINK-39] 3u (I25) 149d;[BWSH401007-PINK-36] 1u (I25) 149d | [BWSH401007-PINK-38] 3u (I25) 149d | [BWSH401007-PINK-40] 2u (I25) 149d | [BWSH401007-PINK-41] 1u (I25) 149d | [BWSH401007-PINK-36] 1u (I25) 149d | [BWSH401007-PINK-38] 3u (I25) 149d | [BWSH401007-PINK-40] 2u (I25) 149d | [BWSH401007-PINK-41] 1u (I25) 149d
CLAGD/Stock/StorageGD/CLA-046-08-01-03;GOLD;I25;27;0.00;A+C+B;498;30;0;[BJSH542083-BLAC-35] 8u (I25) 498d | [BJSH542083-BLAC-35] 7u (I25) 498d;[COSH325003-WHITE-29] 2u (I25) 175d;[COSH325003-WHITE-25] 1u (I25) 175d | [COSH325003-WHITE-26] 1u (I25) 175d | [COSH325003-WHITE-27] 1u (I25) 175d | [COSH325003-WHITE-28] 1u (I25) 175d | [COSH325003-WHITE-30] 2u (I25) 175d | [COSH325003-WHITE-31] 1u (I25) 175d | [COSH325003-WHITE-32] 1u (I25) 175d | [COSH325003-WHITE-33] 1u (I25) 175d | [COSH325003-WHITE-34] 1u (I25) 175d;
CLAGD/Stock/StorageGD/CLA-047-08-01-01;GOLD;I25+V25+V24+I20+I23+I17;81;255.41;D+C+B+A;584;80;0;[BJSH543002-TAUP-37] 1u (I25) 57d;[KI226826-0020-37] 2u (I20) 57d | [KI226826-0020-39] 2u (I20) 57d | [KI226826-0020-36] 1u (I20) 57d | [KI226826-0020-38] 2u (I20) 57d | [KI226826-0020-41] 1u (I20) 57d | [KIX102025-BLAC-26] 1u (I23) 57d | [KIX102025-BLAC-24] 1u (I23) 57d | [KIX102025-BLAC-26] 1u (I23) 57d | [KI226826-0020-37] 2u (I20) 57d | [KI226826-0020-38] 2u (I20) 57d | [KI226826-0020-39] 3u (I20) 57d | [KV226811-0020-41] 1u (I17) 57d | [KI226826-0020-36] 1u (I20) 57d | [KI226826-0020-38] 2u (I20) 57d | [KI226826-0020-39] 2u (I20) 57d | [KI226826-0020-36] 2u (I20) 57d | [KI226831-0078-40] 1u (I20) 57d | [KI226831-0078-41] 1u (I20) 57d | [KI226826-0020-37] 1u (I20) 57d | [COSH327001-TAN-33] 1u (I25) 57d | [COSH327001-TAUP-33] 1u (I25) 57d | [COSH327003-TAN-32] 1u (I25) 57d | [COSH327003-TAUP-32] 1u (I25) 57d | [COSH327001-NAVY-33] 1u (I25) 57d;[COSH300093-GOLD-25] 1u (V24) 584d | [COSH300093-GOLD-26] 1u (V24) 584d | [COSH300093-GOLD-27] 1u (V24) 584d | [COSH300093-GOLD-28] 1u (V24) 584d | [COSH300093-GOLD-29] 1u (V24) 584d | [COSH300093-GOLD-30] 1u (V24) 584d | [COSH300093-GOLD-31] 1u (V24) 584d | [COSH300093-GOLD-32] 1u (V24) 584d | [COSH300093-GOLD-33] 1u (V24) 584d | [COSH300093-GOLD-34] 1u (V24) 584d | [COSH300093-GOLD-35] 1u (V24) 584d | [COSH300093-GOLD-36] 1u (V24) 584d;[COSH249005-PINK-25] 10u (I25) 217d | [COSH215043-SILV-24] 1u (V25) 318d | [COSH215043-SILV-25] 1u (V25) 318d | [COSH215043-SILV-26] 1u (V25) 318d | [COSH215043-SILV-27] 1u (V25) 318d | [COSH215043-SILV-28] 1u (V25) 318d | [COSH215043-SILV-29] 2u (V25) 318d | [COSH215043-SILV-30] 1u (V25) 318d | [COSH215043-SILV-31] 1u (V25) 318d | [COSH215043-SILV-32] 1u (V25) 318d | [COSH215043-SILV-33] 1u (V25) 318d | [COSH215043-SILV-34] 1u (V25) 318d | [COSH215043-SILV-24] 1u (V25) 318d | [COSH215043-SILV-25] 1u (V25) 318d | [COSH215043-SILV-26] 1u (V25) 318d | [COSH215043-SILV-27] 1u (V25) 318d | [COSH215043-SILV-28] 1u (V25) 318d | [COSH215043-SILV-29] 2u (V25) 318d | [COSH215043-SILV-30] 1u (V25) 318d | [COSH215043-SILV-31] 1u (V25) 318d | [COSH215043-SILV-32] 1u (V25) 318d | [COSH215043-SILV-33] 1u (V25) 318d | [COSH215043-SILV-34] 1u (V25) 318d
CLAWD/Stock/StorageWD/CLA-049-02-01-01;WHITE;V25+V22;1900;1126.25;C+A+B;314;410;0;[KLATOP04-0269-ML] 50u (V25) 314d | [KLATOP04-0269-ML] 50u (V25) 314d | [KLATOP04-0269-ML] 50u (V25) 314d | [KLABOT03-0517-S] 50u (V25) 314d | [KLABOT03-0517-S] 50u (V25) 314d | [KLABOT03-0517-M] 50u (V25) 314d | [KLABOT03-0517-M] 50u (V25) 314d | [KLABOT03-0517-M] 50u (V25) 314d | [KLABOT03-0517-M] 50u (V25) 314d | [KLABOT03-0517-M] 50u (V25) 314d | [KLABOT03-0020-S] 50u (V22) 314d;[KLABOT02-0020-L] 50u (V22) 314d;[KLATOP21-0269-S] 50u (V25) 314d | [KLATOP21-0269-S] 50u (V25) 314d | [KLATOP21-0269-S] 50u (V25) 314d | [KLATOP21-0269-M] 50u (V25) 314d | [KLATOP21-0269-M] 50u (V25) 314d | [KLATOP21-0269-L] 50u (V25) 314d | [KLATOP21-0269-L] 50u (V25) 314d | [KLATOP04-0269-SM] 50u (V25) 314d | [KLATOP04-0269-SM] 50u (V25) 314d | [KLAONE13-0269-M] 25u (V25) 314d | [KLAONE06-0517-S] 25u (V25) 314d | [KLAONE06-0517-M] 25u (V25) 314d | [KLAONE06-0517-M] 25u (V25) 314d | [KLABOT18-0517-L] 50u (V25) 314d | [KLABOT03-0269-S] 50u (V25) 314d | [KLABOT03-0269-S] 50u (V25) 314d | [KLABOT03-0269-S] 50u (V25) 314d | [KLABOT03-0269-S] 50u (V25) 314d | [KLABOT02-0269-M] 50u (V25) 314d | [KLABOT02-0269-M] 50u (V25) 314d | [KLABOT02-0269-M] 50u (V25) 314d | [KLABOT02-0269-M] 50u (V25) 314d | [KLABOT02-0269-M] 50u (V25) 314d | [KLABOT02-0269-M] 50u (V25) 314d | [KLABOT02-0269-M] 50u (V25) 314d | [KLABOT02-0269-M] 50u (V25) 314d | [KLABOT02-0269-M] 50u (V25) 314d | [KATXSKI001-0269] 25u (V25) 314d | [KATXSAR001-0517] 25u (V25) 314d;
CLAWD/Stock/StorageWD/CLA-049-03-01-03;WHITE;V24+V25+V22;1350;3594.74;A+B+C;314;340;0;[KLABOT03-0314-M] 50u (V24) 212d | [KLABOT03-0314-M] 50u (V24) 212d | [KLABOT02-0314-S] 50u (V24) 212d | [KLABOT02-0041-S] 50u (V24) 212d | [KLATOP04-0269-ML] 50u (V25) 314d | [KLATOP04-0269-ML] 50u (V25) 314d | [KLATOP04-0269-ML] 50u (V25) 314d | [KLABOT02-0020-S] 50u (V22) 314d | [KLABOT02-0020-S] 50u (V22) 314d | [KLATOP21-0041-L] 50u (V24) 314d;[KLABOT02-0005-S] 50u (V24) 212d;[KLATOP04-0269-SM] 50u (V25) 314d | [KLAONE06-0517-S] 25u (V25) 314d | [KLAONE06-0517-S] 25u (V25) 314d | [KLAONE06-0517-S] 25u (V25) 314d | [KLAONE06-0517-M] 25u (V25) 314d | [KLAONE06-0517-M] 25u (V25) 314d | [KLABOT18-0517-S] 50u (V25) 314d | [KLABOT18-0517-M] 50u (V25) 314d | [KLABOT18-0517-M] 50u (V25) 314d | [KLABOT18-0517-M] 50u (V25) 314d | [KLAONE12-0824-S] 25u (V25) 314d | [KLAONE12-0824-M] 25u (V25) 314d | [KLAONE12-0824-M] 25u (V25) 314d | [KLAONE12-0824-M] 25u (V25) 314d | [KLABOT03-0824-S] 50u (V25) 314d | [KLABOT03-0824-S] 50u (V25) 314d | [KATXSAR001-0824] 25u (V25) 314d | [KATXSAR001-0824] 25u (V25) 314d | [KATXSAR001-0824] 25u (V25) 314d | [KATXSAR001-0824] 25u (V25) 314d | [KLATOP04-0269-SM] 50u (V25) 314d | [KLATOP04-0269-SM] 50u (V25) 314d | [KLAONE06-0517-S] 25u (V25) 314d;
CLAWD/Stock/StorageWD/CLA-049-04-01-01;WHITE;V25+V22;1398;1623.90;C+A;314;280;0;[KLATOP06-0517-S] 50u (V25) 314d | [KLATOP06-0517-S] 50u (V25) 314d | [KLABOT03-0020-S] 50u (V22) 314d | [KLABOT03-0020-S] 50u (V22) 314d | [KLABOT02-0269-S] 50u (V25) 314d | [KLABOT02-0269-S] 50u (V25) 314d | [KLABOT02-0269-S] 50u (V25) 314d | [KLABOT02-0269-S] 50u (V25) 314d | [KLABOT02-0020-M] 50u (V22) 314d | [KLABOT02-0020-M] 50u (V22) 314d | [KLABOT02-0020-M] 50u (V22) 314d | [KLABOT02-0824-S] 49u (V25) 314d;;[KLATOP21-0269-M] 50u (V25) 314d | [KLATOP21-0269-M] 50u (V25) 314d | [KLATOP21-0269-M] 50u (V25) 314d | [KLATOP21-0269-M] 50u (V25) 314d | [KLABOT03-0269-S] 50u (V25) 314d | [KLABOT03-0269-S] 50u (V25) 314d | [KLABOT03-0269-S] 50u (V25) 314d | [KLABOT03-0269-S] 50u (V25) 314d | [KLABOT03-0269-M] 50u (V25) 314d | [KLABOT03-0269-M] 50u (V25) 314d | [KLABOT03-0269-M] 50u (V25) 314d | [KLABOT03-0269-M] 50u (V25) 314d | [KLABOT03-0269-L] 50u (V25) 314d | [KLATOP04-0269-SM] 49u (V25) 314d | [KLABOT03-0824-S] 50u (V25) 314d | [KLABOT03-0824-M] 50u (V25) 314d;
CLAWD/Stock/StorageWD/CLA-049-04-01-03;WHITE;V24+V25;1225;390.00;B+A+C;314;250;0;[KLATOP06-0517-S] 50u (V25) 314d | [KLATOP06-0517-S] 50u (V25) 314d | [KLATOP06-0517-S] 50u (V25) 314d | [KLABOT03-0517-S] 50u (V25) 314d | [KLABOT03-0517-S] 50u (V25) 314d | [KLABOT03-0517-S] 50u (V25) 314d | [KLABOT03-0517-S] 50u (V25) 314d | [KLABOT03-0517-S] 50u (V25) 314d | [KLABOT02-0269-S] 50u (V25) 314d | [KLABOT02-0269-S] 50u (V25) 314d | [KLABOT02-0269-S] 50u (V25) 314d;[KLATOP21-0020-S] 50u (V24) 314d;[KLATOP04-0269-SM] 50u (V25) 314d | [KLATOP04-0269-SM] 50u (V25) 314d | [KLATOP04-0269-SM] 50u (V25) 314d | [KLABOT03-0269-S] 50u (V25) 314d | [KLABOT03-0269-S] 50u (V25) 314d | [KLABOT03-0269-S] 50u (V25) 314d | [KLABOT03-0269-M] 50u (V25) 314d | [KLABOT03-0269-M] 50u (V25) 314d | [KLABOT03-0269-M] 50u (V25) 314d | [KLABOT03-0269-M] 50u (V25) 314d | [KLABOT03-0269-L] 50u (V25) 314d | [KLABOT03-0269-L] 50u (V25) 314d | [KLAONE14-0154-S] 25u (V25) 296d;
CLAWD/Stock/StorageWD/CLA-049-05-01-01;WHITE;V25+V22+V24;1400;3968.49;C+A+B;314;260;0;[KLATOP06-0269-S] 50u (V25) 314d | [KLATOP06-0269-S] 50u (V25) 314d | [KLATOP06-0269-S] 50u (V25) 314d | [KLATOP04-0269-ML] 50u (V25) 314d | [KLABOT03-0020-M] 50u (V22) 314d | [KLABOT03-0020-M] 50u (V22) 314d | [KLABOT02-0020-S] 50u (V22) 314d | [KLABOT02-0020-S] 50u (V22) 314d | [KLABOT02-0020-S] 50u (V22) 314d | [KLABOT02-0020-M] 50u (V22) 314d | [KLABOT02-0020-M] 50u (V22) 314d | [KLATOP04-0269-ML] 50u (V25) 314d | [KLATOP04-0269-ML] 50u (V25) 314d | [KLATOP04-0269-ML] 50u (V25) 314d | [KLATOP15-0314-S] 50u (V24) 212d | [KLATOP15-0314-M] 50u (V24) 212d;[KLABOT03-0005-M] 50u (V24) 212d;[KLATOP24-0517-S] 50u (V25) 314d | [KLATOP06-0269-M] 50u (V25) 314d | [KLABOT03-0269-M] 50u (V25) 314d | [KLABOT03-0269-M] 50u (V25) 314d | [KLABOT03-0269-M] 100u (V25) 314d | [KLABOT03-0269-M] 100u (V25) 314d | [KLATOP24-0517-L] 50u (V25) 314d | [KLATOP24-0517-L] 50u (V25) 314d | [KLATOP24-0517-L] 50u (V25) 314d;
CLAWD/Stock/StorageWD/CLA-049-05-01-03;WHITE;V25+V22;1175;1366.50;C+D+A;314;280;0;[KLATOP04-0269-ML] 50u (V25) 314d | [KLABOT03-0517-M] 50u (V25) 314d | [KLABOT03-0020-S] 50u (V22) 314d;;[KLATOP21-0824-S] 50u (V25) 314d | [KLATOP21-0824-S] 50u (V25) 314d | [KLATOP21-0824-S] 50u (V25) 314d | [KLATOP21-0824-S] 50u (V25) 314d | [KLATOP21-0824-M] 50u (V25) 314d | [KLATOP21-0824-M] 50u (V25) 314d | [KLATOP21-0824-M] 50u (V25) 314d | [KLATOP06-0824-M] 50u (V25) 314d | [KLATOP06-0824-M] 50u (V25) 314d | [KLATOP06-0824-M] 50u (V25) 314d | [KLABOT03-0824-M] 50u (V25) 314d | [KLABOT03-0824-M] 50u (V25) 314d | [KATXSAR001-0824] 25u (V25) 314d | [KATXSAR001-0824] 25u (V25) 314d | [KATXSAR001-0824] 25u (V25) 314d | [KATXSAR001-0824] 25u (V25) 314d | [KATXSAR001-0824] 25u (V25) 314d | [KLABOT03-0269-S] 50u (V25) 314d | [KLABOT03-0269-S] 50u (V25) 314d | [KLABOT02-0269-L] 50u (V25) 314d | [KLABOT02-0269-L] 50u (V25) 314d | [KATXSKI001-0269] 25u (V25) 314d | [KATXSKI001-0269] 25u (V25) 314d | [KATXSKI001-0269] 25u (V25) 314d;[KATXSKI001-0517] 25u (V25) 314d
CLAWD/Stock/StorageWD/CLA-049-06-01-03;WHITE;V25+V24+V22;1350;6151.00;C+B+A;314;270;0;[KLATOP06-0517-S] 50u (V25) 314d | [KLATOP06-0517-M] 50u (V25) 314d | [KLATOP06-0517-M] 50u (V25) 314d | [KLATOP06-0517-M] 50u (V25) 314d | [KLATOP06-0517-M] 50u (V25) 314d | [KLATOP06-0517-M] 50u (V25) 314d | [KLATOP04-0020-SM] 50u (V22) 314d | [KLATOP04-0020-SM] 50u (V22) 314d | [KLATOP21-0314-S] 50u (V24) 212d | [KLATOP15-0314-M] 50u (V24) 212d | [KLATOP15-0314-M] 50u (V24) 212d | [KLABOT02-0041-S] 50u (V24) 212d;[KLATOP21-0020-M] 50u (V24) 314d;[KLATOP24-0517-S] 50u (V25) 314d | [KLATOP24-0517-S] 50u (V25) 314d | [KLATOP24-0517-S] 50u (V25) 314d | [KLATOP24-0517-S] 50u (V25) 314d | [KLATOP24-0517-M] 50u (V25) 314d | [KLATOP24-0517-M] 50u (V25) 314d | [KLATOP24-0517-M] 50u (V25) 314d | [KLATOP24-0517-M] 50u (V25) 314d | [KLATOP24-0517-M] 50u (V25) 314d | [KLATOP24-0517-M] 50u (V25) 314d | [KLATOP24-0517-M] 50u (V25) 314d | [KLATOP06-0269-M] 50u (V25) 314d | [KLATOP06-0269-M] 50u (V25) 314d | [KLATOP06-0269-L] 50u (V25) 314d;
CLAWD/Stock/StorageWD/CLA-049-07-01-01;WHITE;V22+V24+V23+I25;490;3169.19;A+B+C;730;110;0;[KLATOP04-0018-SM] 50u (V22) 380d | [KLATOP04-0018-SM] 50u (V22) 380d | [KLBGCRO009-BLAC] 20u (I25) 100d | [KLBGCRO009-BLAC] 20u (I25) 100d;[KLATOP23-0314-S] 50u (V24) 380d | [KLATOP23-0314-S] 50u (V24) 380d | [KLATOP04-0011-SM] 50u (V23) 647d | [KLATOP04-0011-SM] 50u (V23) 647d | [KLATOP04-0011-SM] 50u (V23) 730d;[KLATOP04-0509-SM] 50u (V23) 647d | [KLATOP04-0509-SM] 50u (V23) 647d;
CLAWD/Stock/StorageWD/CLA-049-07-01-03;GENERIC;V22+V24+V25;1590;4854.28;B+A+C;730;340;0;[KLABOT03-0314-M] 50u (V24) 212d | [KLABOT03-0314-M] 50u (V24) 212d | [KLABOT02-0824-S] 50u (V25) 314d;[KLATOP04-0020-ML] 20u (V22) 730d | [KLATOP04-0020-ML] 20u (V22) 730d | [KLABOT03-0314-S] 50u (V24) 212d | [KLABOT03-0824-XL] 50u (V25) 314d;[KLATOP21-0824-M] 50u (V25) 314d | [KLATOP21-0824-M] 50u (V25) 314d | [KLATOP21-0824-M] 50u (V25) 314d | [KLATOP21-0824-M] 50u (V25) 314d | [KLATOP21-0824-L] 50u (V25) 314d | [KLATOP21-0824-L] 50u (V25) 314d | [KLATOP21-0824-L] 50u (V25) 314d | [KLATOP21-0824-L] 50u (V25) 314d | [KLATOP21-0824-L] 50u (V25) 314d | [KLATOP21-0824-L] 50u (V25) 314d | [KLATOP21-0824-L] 50u (V25) 314d | [KLATOP21-0824-L] 50u (V25) 314d | [KLATOP21-0824-L] 50u (V25) 314d | [KLATOP15-0824-S] 50u (V25) 314d | [KLATOP06-0824-S] 50u (V25) 314d | [KLATOP06-0824-S] 50u (V25) 314d | [KLAONE12-0824-M] 25u (V25) 314d | [KLAONE12-0824-M] 25u (V25) 314d | [KLABOT03-0824-L] 50u (V25) 314d | [KLABOT02-0824-M] 50u (V25) 314d | [KLABOT02-0824-M] 50u (V25) 314d | [KLABOT02-0824-M] 50u (V25) 314d | [KLABOT02-0824-M] 50u (V25) 314d | [KLABOT02-0824-M] 50u (V25) 314d | [KLABOT02-0824-M] 50u (V25) 314d | [KLABOT02-0824-L] 50u (V25) 314d | [KLABOT02-0824-L] 50u (V25) 314d;
CLAWD/Stock/StorageWD/CLA-049-08-02-01;GENERIC;I23+V25+V22;212;1569.36;A+C;730;110;0;[KLBGCRO003-BLAC] 24u (I23) 730d | [KLBGCRO003-BLAC] 24u (I23) 730d | [KLBGCRO003-DENI] 24u (I23) 730d | [KLBGCRO003-DENI] 24u (I23) 730d | [KLABAG14-0011] 12u (V22) 730d | [KLABAG14-0011] 12u (V22) 730d | [KLABAG14-0011] 12u (V22) 730d;;[KLBGTOT008-GREE] 20u (V25) 252d | [KLBGTOT008-GREE] 20u (V25) 252d | [KLBGTOT008-GREE] 20u (V25) 252d | [KLBGTOT008-GREE] 20u (V25) 252d;
CLABD/Stock/StorageBD/CLA-050-04-02-03;BLACK;I25;66;947.12;D+C+B+A;133;60;0;[DFSH391010-BLAC-38] 10u (I25) 133d;[DFSH391012-BLAC-38] 3u (I25) 133d | [DFSH391012-BLAC-39] 3u (I25) 133d | [DFSH391012-BLAC-38] 3u (I25) 133d | [DFSH391012-BLAC-39] 3u (I25) 133d | [DFSH391010-BLAC-40] 10u (I25) 133d | [DFSH391010-BLAC-40] 10u (I25) 133d;[DFSH391012-BLAC-37] 2u (I25) 133d | [DFSH391012-BLAC-40] 2u (I25) 133d | [DFSH391012-BLAC-41] 1u (I25) 133d | [DFSH391012-BLAC-37] 2u (I25) 133d | [DFSH391012-BLAC-40] 2u (I25) 133d | [DFSH391012-BLAC-41] 1u (I25) 133d | [DFSH391012-BEIG-36] 1u (I25) 133d | [DFSH391012-BEIG-37] 2u (I25) 133d | [DFSH391012-BEIG-38] 3u (I25) 133d | [DFSH391012-BEIG-39] 3u (I25) 133d | [DFSH391012-BEIG-40] 2u (I25) 133d | [DFSH391012-BEIG-41] 1u (I25) 133d;[DFSH391012-BLAC-36] 1u (I25) 133d | [DFSH391012-BLAC-36] 1u (I25) 133d
CLABD/Stock/StorageBD/CLA-054-01-01-01;BLACK;I25+V26+V25;106;1020.89;B+C+D+A;37;35;0;[DFSU913001-BROW] 50u (V25) 16d;[DFSH407007-LEOP-40] 1u (I25) 37d | [DFSH414001-TAUP-39] 1u (I25) 37d | [DFSH414001-TAUP-38] 2u (I25) 37d | [DFSH407002-TAUP-38] 1u (V26) 37d | [DFSH407001-TAUP-38] 4u (V26) 37d | [DFSH407002-TAUP-37] 2u (V26) 37d | [DFSH407001-TAUP-37] 2u (V26) 37d | [DFSH407001-KHAK-39] 2u (V26) 37d | [DFSH407001-KHAK-37] 2u (V26) 37d | [DFSH407001-TAN-40] 2u (V26) 37d | [DFSH407002-TAUP-38] 2u (V26) 37d | [DFSH407001-FUCH-40] 2u (V26) 37d | [DFSH407002-TAN-38] 1u (V25) 37d | [DFSH407002-KHAK-37] 1u (V26) 37d | [DFSH407001-TAUP-39] 2u (V26) 37d | [DFSH407002-TAUP-38] 1u (V26) 37d | [DFSH407002-TAUP-36] 1u (V26) 37d | [DFSH407001-TAN-37] 3u (V26) 37d | [DFSH407001-TAUP-36] 2u (V26) 37d | [DFSH407001-TAUP-37] 1u (V26) 37d | [DFSH407001-KHAK-40] 1u (V26) 37d | [DFSH407001-BLAC-41] 1u (V26) 37d | [DFSH407007-LEOP-40] 1u (I25) 37d | [DFSH407002-BEIG-41] 1u (V26) 37d | [DFSH407001-TAN-38] 1u (V26) 37d | [DFSH407002-FUCH-36] 1u (V25) 37d | [DFSH407002-FUCH-37] 1u (V25) 37d;[DFSH407004-BEIG-39] 2u (I25) 37d | [DFSH414001-TAUP-40] 1u (I25) 37d | [DFSH414001-TAUP-41] 1u (I25) 37d | [DFSH407007-LEOP-37] 2u (I25) 37d | [DFSH407007-LEOP-39] 2u (I25) 37d | [DFSH407001-TAUP-44] 4u (V26) 37d | [DFSH407006-TAUP-39] 1u (I25) 37d;[DFSH407004-BEIG-37] 1u (I25) 37d
CLABD/Stock/StorageBD/CLA-054-01-01-03;BLACK;V25+I25;360;1888.52;A+B+C;380;55;0;[DFSU942001-BLAC] 50u (V25) 148d | [DFSU942001-BLAC] 50u (V25) 148d | [DFKSUN0826-0058] 50u (V25) 150d | [DFSU090002-BLAC] 50u (V25) 380d;[DFSU913001-TORT] 50u (V25) 148d | [DFSU913001-TORT] 50u (V25) 148d | [DFSU914001-CARE] 50u (V25) 148d;[DFTXHOD022-OFFW-S] 5u (I25) 76d | [DFTXSWE014-ANTR-L] 5u (I25) 76d;
CLABD/Stock/StorageBD/CLA-054-02-01-03;BLACK;V25;1350;2639.17;C+B+D+A;219;300;0;[DFTXSOC031-MULT] 50u (V25) 219d | [DFTXSOC031-MULT] 50u (V25) 219d | [DFTXSOC031-MULT] 50u (V25) 219d | [DFTXSOC031-MULT] 50u (V25) 219d | [DFTXSOC031-MULT] 50u (V25) 219d | [DFTXSOC031-MULT] 50u (V25) 219d | [DFTXSOC031-MULT] 50u (V25) 219d | [DFTXSOC031-MULT] 50u (V25) 219d | [DFTXSOC031-MULT] 50u (V25) 219d;[DFTXTSH028-WHIT-M] 30u (V25) 218d | [DFTXSOC028-MULT] 50u (V25) 219d | [DFTXSOC028-MULT] 50u (V25) 219d | [DFTXSOC028-MULT] 50u (V25) 219d | [DFTXSOC028-MULT] 50u (V25) 219d | [DFTXSOC028-MULT] 50u (V25) 219d | [DFTXSOC028-MULT] 50u (V25) 219d | [DFTXSOC034-MULT] 50u (V25) 219d;[DFTXTSH032-NAVY-M] 20u (V25) 218d | [DFTXTSH032-NAVY-M] 30u (V25) 218d | [DFTXTSH028-NAVY-M] 30u (V25) 218d | [DFTXSOC029-MULT] 50u (V25) 219d | [DFTXSOC035-MULT] 50u (V25) 219d | [DFTXSOC035-MULT] 50u (V25) 219d | [DFTXSOC029-MULT] 50u (V25) 219d | [DFTXSOC029-MULT] 50u (V25) 219d | [DFTXSOC029-MULT] 50u (V25) 219d | [DFTXSOC029-MULT] 50u (V25) 219d;[DFTXTSH025-WHIT-M] 30u (V25) 218d | [DFTXTSH025-BLAC-S] 30u (V25) 218d | [DFTXTSH024-WHIT-M] 30u (V25) 218d
CLABD/Stock/StorageBD/CLA-054-05-03-03;BLACK;I25+I22+V21+V25;174;1060.84;B+A+C;119;40;0;[DFSH321086-OFFW-43] 12u (I25) 119d | [DFSU930001-YELL] 50u (V25) 119d;[DFSH347001-SILV-39] 12u (I25) 119d | [DFKSUN0844-0800] 50u (V21) 119d;[DFKCOR0507-0269] 50u (I22) 119d;
CLABD/Stock/StorageBD/CLA-054-06-01-01;GENERIC;I23+I22+V24+V25;563;2399.36;B+A+C;730;130;0;[DFACBE2304-BEIG] 35u (I23) 386d;[DFBG24W106-BLAC] 60u (I23) 730d | [DFBG24W106-BLAC] 22u (I23) 730d | [DFTXHOD017-BLAC-S] 4u (I22) 388d | [DFACBE2303-GREY] 46u (I23) 386d | [DFACGL2302-TEAL] 47u (I23) 345d | [DFACLY2301-GREY] 50u (V24) 127d | [DFACLY2301-GREY] 50u (V24) 127d | [DFACBE2308-NAVY] 50u (I23) 392d | [DFACBE2308-PINK] 49u (I23) 392d;[DFBG25S004-WHIT] 50u (V25) 304d | [DFBG25S003-DENI] 50u (V25) 304d | [DFBG25S003-DENI] 50u (V25) 304d;
CLABD/Stock/StorageBD/CLA-054-09-01-03;BLACK;V25+V23+I22;900;4988.03;C+B+A;1100;160;0;[DFACEYE003-GREE] 50u (V23) 820d | [DFKSUN0244-0509] 50u (V25) 64d | [DFSU929001-RED] 50u (V25) 64d | [DFKSUN0213-0800] 50u (V25) 64d | [DFSU929001-PURP] 50u (V25) 64d;[DFACEYE006-GREE] 50u (V23) 820d | [DFACEYE006-GREE] 50u (V23) 820d | [DFACEYE006-PURP] 50u (V23) 820d | [DFKCOR0507-0019] 50u (I22) 1100d | [DFKCOR0507-0019] 50u (I22) 1100d | [DFKCOR0507-0019] 50u (I22) 1100d | [DFKCOR0507-0019] 50u (I22) 1100d | [DFKCOR0507-0019] 50u (I22) 1100d;[DFBG25S001-WHIT] 50u (V25) 323d | [DFBG25S001-WHIT] 50u (V25) 323d | [DFBG25S001-WHIT] 50u (V25) 323d | [DFBG25S001-WHIT] 50u (V25) 323d | [DFBG25S001-WHIT] 50u (V25) 323d;
CLABD/Stock/StorageBD/CLA-055-01-01-03;BLACK;V23+I24+I23+I25;1118;1936.68;A+B+C;392;100;0;[DFAC05000-BLAC] 500u (V23) 217d | [DFAC05000-BLAC] 500u (V23) 217d;[DFTXPUF005-NAVY-S] 4u (I24) 127d | [DFACSC2303-GREY] 10u (I23) 127d | [DFACSC2303-BLAC] 10u (I23) 392d | [DFACSC2303-BLAC] 20u (I23) 392d;[DFTXHOD023-BROW-L] 15u (I25) 94d | [DFTXHOD023-BROW-L] 15u (I25) 94d | [DFTXHOD023-BROW-M] 15u (I25) 94d | [DFTXHOD023-BROW-M] 14u (I25) 94d | [DFTXHOD023-BROW-S] 15u (I25) 94d;
CLABD/Stock/StorageBD/CLA-055-03-01-02;BLACK;I25+V25+I24;374;2337.21;A+C;91;55;0;[DFSU950001-RED] 25u (I25) 91d | [DFSU950001-RED] 25u (I25) 91d | [DFSU950001-RED] 25u (I25) 91d | [DFSU935001-BROW] 50u (V25) 91d | [DFKSUN0218-0802] 50u (V25) 91d | [DFKSUN0212-0800] 50u (V25) 91d | [DFKSUN0212-0800] 50u (V25) 91d | [DFTXSOC007-PURP-36-40] 89u (I24) 64d;;[DFBG25S001-WHIT] 10u (V25) 64d;
CLABD/Stock/StorageBD/CLA-055-04-01-02;BLACK;V25+I23+V23;470;703.92;C+A+B;730;130;0;[DFACBE2305-BLAC] 50u (I23) 730d;[DFACBE2303-GREY] 50u (I23) 730d | [DFACBE2303-GREY] 50u (I23) 730d | [DFACBE2304-PINK] 50u (I23) 730d;[DFBG25S001-WHIT] 50u (V25) 323d | [DFBG25S001-WHIT] 50u (V25) 323d | [DFBG25S001-WHIT] 50u (V25) 323d | [DFBG25S001-WHIT] 50u (V25) 323d | [DFACTOW003-BLUE] 14u (V23) 430d | [DFACTOW003-BLUE] 14u (V23) 430d | [DFACTOW003-BLUE] 14u (V23) 430d | [DFACTOW003-BLUE] 14u (V23) 430d | [DFACTOW003-BLUE] 14u (V23) 430d;
CLABD/Stock/StorageBD/CLA-055-05-01-03;BLACK;I24;222;3702.30;A+B+C;365;120;0;[DFTXHOD021-GREY-L] 15u (I24) 365d;[DFTXSWE013-GREY-S] 26u (I24) 365d | [DFTXSWE013-GREY-S] 26u (I24) 365d | [DFTXSWE013-BLUE-M] 19u (I24) 365d | [DFTXSWE013-BLUE-M] 18u (I24) 365d | [DFTXHOD020-GREY-XL] 16u (I24) 365d | [DFTXHOD020-GREY-L] 15u (I24) 365d | [DFTXHOD020-BLUE-XL] 15u (I24) 365d | [DFTXHOD019-GREY-M] 16u (I24) 365d | [DFTXHOD019-GREY-M] 6u (I24) 365d | [DFTXHOD019-GREY-S] 4u (I24) 365d | [DFTXHOD019-WINE-L] 15u (I24) 365d | [DFTXSWE012-BLAC-M] 24u (I24) 365d;[DFTXHOD019-GREY-L] 7u (I24) 365d;
CLABD/Stock/StorageBD/CLA-055-05-02-02;BLACK;I25;24;314.41;C+B+A;133;20;0;[DFSH391011-BLAC-37] 2u (I25) 133d | [DFSH391011-BLAC-38] 3u (I25) 133d | [DFSH391011-BLAC-39] 3u (I25) 133d;[DFSH391011-BLAC-36] 1u (I25) 133d | [DFSH391011-BLAC-40] 2u (I25) 133d | [DFSH391011-BLAC-41] 1u (I25) 133d;[DFSH391012-BEIG-36] 1u (I25) 133d | [DFSH391012-BEIG-37] 2u (I25) 133d | [DFSH391012-BEIG-38] 3u (I25) 133d | [DFSH391012-BEIG-39] 3u (I25) 133d | [DFSH391012-BEIG-40] 2u (I25) 133d | [DFSH391012-BEIG-41] 1u (I25) 133d;
CLABD/Stock/StorageBD/CLA-055-08-02-01;BLACK;I25;72;792.10;C+B+A;146;60;0;[DFSH370016-BLAC-38] 12u (I25) 146d;[DFSH370016-GOLD-38] 3u (I25) 146d | [DFSH370016-GOLD-38] 3u (I25) 146d | [DFSH370016-GOLD-38] 3u (I25) 146d | [DFSH370016-SILV-37] 12u (I25) 146d;[DFSH370016-GOLD-36] 1u (I25) 146d | [DFSH370016-GOLD-37] 2u (I25) 146d | [DFSH370016-GOLD-39] 3u (I25) 146d | [DFSH370016-GOLD-40] 2u (I25) 146d | [DFSH370016-GOLD-41] 1u (I25) 146d | [DFSH370016-GOLD-36] 1u (I25) 146d | [DFSH370016-GOLD-37] 2u (I25) 146d | [DFSH370016-GOLD-39] 3u (I25) 146d | [DFSH370016-GOLD-40] 2u (I25) 146d | [DFSH370016-GOLD-41] 1u (I25) 146d | [DFSH370016-GOLD-36] 1u (I25) 146d | [DFSH370016-GOLD-37] 2u (I25) 146d | [DFSH370016-GOLD-39] 3u (I25) 146d | [DFSH370016-GOLD-40] 2u (I25) 146d | [DFSH370016-GOLD-41] 1u (I25) 146d | [DFSH370016-SILV-38] 12u (I25) 146d;
CLABD/Stock/StorageBD/CLA-055-08-02-03;BLACK;I25;84;924.23;C+A+B;146;70;0;[DFSH370016-BLAC-39] 12u (I25) 146d | [DFSH370016-BLAC-39] 12u (I25) 146d;[DFSH370016-BLAC-37] 12u (I25) 146d | [DFSH370016-BLAC-37] 12u (I25) 146d;[DFSH370016-SILV-40] 12u (I25) 146d | [DFSH370016-SILV-38] 12u (I25) 146d | [DFSH370016-SILV-38] 12u (I25) 146d;
CLABD/Stock/StorageBD/CLA-055-09-01-01;BLACK;V25+I25+V24;959;5537.93;A+C+B;129;110;0;[DFSU919001-TORT] 50u (V25) 129d | [DFSU919001-TORT] 50u (V25) 129d | [DFSU919001-TORT] 50u (V25) 129d | [DFSU913001-GREE] 50u (V25) 129d | [DFSU950001-SILV] 25u (I25) 128d | [DFSU950001-BLAC] 25u (I25) 128d | [DFKSUN0174-0804] 50u (V25) 94d | [DFKSUN0216-0813] 50u (V25) 94d | [DFKSUN0216-0813] 50u (V25) 94d | [DFKSUN0214-0802] 50u (V25) 94d | [DFKSUN0214-0802] 50u (V25) 94d | [DFKSUN0214-0802] 50u (V25) 94d | [DFKSUN0211-0802] 50u (V25) 94d | [DFKSUN0211-0802] 50u (V25) 94d | [DFKSUN0211-0802] 50u (V25) 94d | [DFKSUN0211-0802] 50u (V25) 94d | [DFKSUN0211-0802] 50u (V25) 94d | [DFKSUN0211-0802] 50u (V25) 94d | [DFSU939002-GREE] 50u (V25) 94d | [DFSU939002-BLAC] 50u (V25) 94d | [DFKSUN0565-0020] 1u (V25) 34d | [DFSH370011-BURG-38] 1u (I25) 22d | [DFSH391001-BEIG-39] 1u (I25) 15d | [DFSU917001-GREE] 1u (V25) 23d | [DFKSUN0143-0800] 1u (V25) 22d;[DFSH378006-GOLD-39] 1u (V25) 27d | [DFSH387005-LGRE-43] 1u (V25) 23d | [DFSH401002-PETR-41] 1u (I25) 27d;[DFSH389002-WHIT-40] 1u (V24) 34d;
CLABD/Stock/StorageBD/CLA-057-01-01-01;BLACK;V25+I23+V17+V21;651;4181.15;A+B+C;1183;65;0;[DFSU906004-PURP] 50u (V25) 176d | [DFSU932001-BLUE] 50u (V25) 302d | [DFSU932001-BLUE] 50u (V25) 302d | [DFSU932001-BLUE] 50u (V25) 302d | [DFSU942001-TORT] 50u (V25) 154d | [DFSU942001-TORT] 50u (V25) 154d | [DFSU942001-BLAC] 50u (V25) 154d | [DFKSUN0565-0002] 50u (V25) 302d | [DFKSUN0565-0002] 50u (V25) 302d;[DFSU909001-RED] 50u (I23) 742d | [DFKSUN1514] 50u (V25) 594d | [DFKSUN0844-0800] 50u (V21) 1183d;[HVKAWAT111-0001-UNI] 51u (V17) 610d;
CLABD/Stock/StorageBD/CLA-057-02-01-03;BLACK;V25+I23+V22;275;1769.30;A+B+C;1183;35;0;[DFSU906004-KHAK] 50u (V25) 219d | [DFSU922001-BLUE] 50u (V25) 296d | [DFSUN020001-BURG] 50u (V25) 644d | [DFSU907001-BLAC] 50u (V22) 868d;[DFSU909001-BLAC] 50u (I23) 742d;[DFKSNA122-0202] 25u (V22) 1183d;
CLABD/Stock/StorageBD/CLA-057-05-03-02;BLACK;I25;84;921.30;C+B+A;146;70;0;[DFSH370016-BLAC-39] 12u (I25) 146d | [DFSH370016-BLAC-38] 12u (I25) 146d | [DFSH370016-BLAC-38] 12u (I25) 146d | [DFSH370016-BLAC-38] 12u (I25) 146d;[DFSH370016-GOLD-38] 3u (I25) 146d | [DFSH370016-SILV-37] 12u (I25) 146d | [DFSH370016-BLAC-37] 12u (I25) 146d;[DFSH370016-GOLD-36] 1u (I25) 146d | [DFSH370016-GOLD-37] 2u (I25) 146d | [DFSH370016-GOLD-39] 3u (I25) 146d | [DFSH370016-GOLD-40] 2u (I25) 146d | [DFSH370016-GOLD-41] 1u (I25) 146d;
CLABD/Stock/StorageBD/CLA-058-01-01-02;BLACK;V19+V23+V25;417;2479.92;C+B+A;861;40;0;[DFKSUN0560-0020] 50u (V25) 386d;[DFSU903001-IVOR] 49u (V23) 861d | [DFSU903001-GREE] 50u (V23) 861d | [DFSU906002-KHAK] 50u (V25) 352d | [DFSU927001-RED] 50u (V25) 302d | [DFSU927001-RED] 50u (V25) 302d | [DFSU901001-RED] 50u (V23) 384d;[DFKSUN1025] 68u (V19) 231d;
CLABD/Stock/StorageBD/CLA-058-02-01-03;BLACK;V25+I25+V23;232;1963.50;B+A+C;582;125;0;[DFSU951001-SILV] 25u (I25) 72d | [DFSU951001-GREE] 25u (I25) 72d;[DFSH361009-FUCH-36] 1u (V25) 275d | [DFSH361009-FUCH-37] 2u (V25) 275d | [DFSH361009-FUCH-38] 3u (V25) 275d | [DFSH361009-FUCH-39] 3u (V25) 275d | [DFSH361009-FUCH-40] 2u (V25) 275d | [DFSH361009-FUCH-41] 1u (V25) 275d | [DFSH361009-FUCH-36] 1u (V25) 275d | [DFSH361009-FUCH-37] 2u (V25) 275d | [DFSH361009-FUCH-38] 3u (V25) 275d | [DFSH361009-FUCH-39] 3u (V25) 275d | [DFSH361009-FUCH-40] 2u (V25) 275d | [DFSH361009-FUCH-41] 1u (V25) 275d | [DFSH361009-FUCH-36] 1u (V25) 275d | [DFSH361009-FUCH-37] 2u (V25) 275d | [DFSH361009-FUCH-38] 3u (V25) 275d | [DFSH361009-FUCH-39] 3u (V25) 275d | [DFSH361009-FUCH-40] 2u (V25) 275d | [DFSH361009-FUCH-41] 1u (V25) 275d | [DFSH361009-FUCH-36] 1u (V25) 275d | [DFSH361009-FUCH-37] 2u (V25) 275d | [DFSH361009-FUCH-38] 3u (V25) 275d | [DFSH361009-FUCH-39] 3u (V25) 275d | [DFSH361009-FUCH-40] 2u (V25) 275d | [DFSH361009-FUCH-41] 1u (V25) 275d | [DFSH361009-FUCH-36] 1u (V25) 275d | [DFSH361009-FUCH-37] 2u (V25) 275d | [DFSH361009-FUCH-38] 3u (V25) 275d | [DFSH361009-FUCH-39] 3u (V25) 275d | [DFSH361009-FUCH-40] 2u (V25) 275d | [DFSH361009-FUCH-41] 1u (V25) 275d | [DFSH361009-FUCH-36] 1u (V25) 275d | [DFSH361009-FUCH-37] 2u (V25) 275d | [DFSH361009-FUCH-38] 3u (V25) 275d | [DFSH361009-FUCH-39] 3u (V25) 275d | [DFSH361009-FUCH-40] 2u (V25) 275d | [DFSH361009-FUCH-41] 1u (V25) 275d | [DFACCA2510-BROW] 25u (I25) 113d | [DFACCA2506-CAME] 25u (I25) 113d | [NVK33409-0010-38] 3u (V23) 66d | [NVK33409-0010-39] 3u (V23) 66d | [NVK33409-0010-36] 2u (V23) 66d | [NVK33409-0010-41] 1u (V23) 66d | [NVK33409-0010-40] 2u (V23) 66d | [NVK33409-0010-37] 3u (V23) 66d | [NVK33409-0010-40] 2u (V23) 66d | [NVK33409-0010-41] 1u (V23) 66d | [NVK33409-0010-39] 3u (V23) 66d | [NVK33409-0010-38] 3u (V23) 66d | [NVK53525-0521-41] 3u (V23) 582d | [NVK53525-0521-42] 3u (V23) 582d | [NVK53525-0521-43] 3u (V23) 582d | [NVK53525-0521-44] 2u (V23) 582d | [NVK53525-0521-45] 1u (V23) 582d;[DFSU951000-SILV] 25u (I25) 72d;
CLABD/Stock/StorageBD/CLA-058-04-01-01;BLACK;V25;650;4222.56;A+C;302;65;0;[DFSU921001-GREE] 50u (V25) 154d | [DFSU932001-PURP] 50u (V25) 302d | [DFSU932001-PURP] 50u (V25) 302d | [DFSU932001-PURP] 50u (V25) 302d | [DFSU932001-PURP] 50u (V25) 302d | [DFSU932001-PURP] 50u (V25) 302d | [DFSU932001-PURP] 50u (V25) 302d | [DFSU928001-GREE] 50u (V25) 302d | [DFSU923001-BLAC] 50u (V25) 150d | [DFSU911001-SILV] 50u (V25) 72d | [DFSU911001-RED] 50u (V25) 72d;;[DFSU928001-YELL] 50u (V25) 302d | [DFSU928001-YELL] 50u (V25) 302d;
CLABD/Stock/StorageBD/CLA-058-09-02-01;BLACK;V25+I25;134;1244.76;A+C+B;146;75;0;[DFKSUN0218-0802] 50u (V25) 43d;[DFSH370016-GOLD-38] 3u (I25) 146d | [DFSH370016-GOLD-38] 3u (I25) 146d | [DFSH370016-GOLD-38] 3u (I25) 146d | [DFSH370016-BLAC-41] 12u (I25) 146d | [DFSH370016-BLAC-36] 12u (I25) 146d;[DFSH370016-GOLD-36] 1u (I25) 146d | [DFSH370016-GOLD-37] 2u (I25) 146d | [DFSH370016-GOLD-39] 3u (I25) 146d | [DFSH370016-GOLD-40] 2u (I25) 146d | [DFSH370016-GOLD-41] 1u (I25) 146d | [DFSH370016-GOLD-36] 1u (I25) 146d | [DFSH370016-GOLD-37] 2u (I25) 146d | [DFSH370016-GOLD-39] 3u (I25) 146d | [DFSH370016-GOLD-40] 2u (I25) 146d | [DFSH370016-GOLD-41] 1u (I25) 146d | [DFSH370016-GOLD-36] 1u (I25) 146d | [DFSH370016-GOLD-37] 2u (I25) 146d | [DFSH370016-GOLD-39] 3u (I25) 146d | [DFSH370016-GOLD-40] 2u (I25) 146d | [DFSH370016-GOLD-41] 1u (I25) 146d | [DFSH370016-SILV-41] 12u (I25) 146d | [DFSH370016-SILV-41] 12u (I25) 146d;
CLABD/Stock/StorageBD/CLA-058-09-02-03;BLACK;I25;96;1061.51;C+B+A;146;80;0;[DFSH370016-BLAC-38] 3u (I25) 146d | [DFSH370016-BLAC-39] 3u (I25) 146d | [DFSH370016-BLAC-40] 2u (I25) 146d;[DFSH370016-BURG-37] 2u (I25) 146d | [DFSH370016-BURG-38] 3u (I25) 146d | [DFSH370016-BURG-39] 3u (I25) 146d | [DFSH370016-BURG-40] 2u (I25) 146d | [DFSH370016-BURG-37] 2u (I25) 146d | [DFSH370016-BURG-38] 3u (I25) 146d | [DFSH370016-BURG-39] 3u (I25) 146d | [DFSH370016-BURG-40] 2u (I25) 146d | [DFSH370016-BLAC-36] 1u (I25) 146d | [DFSH370016-BLAC-37] 2u (I25) 146d | [DFSH370016-BLAC-41] 1u (I25) 146d | [DFSH370016-SILV-39] 12u (I25) 146d | [DFSH370016-SILV-39] 12u (I25) 146d | [DFSH370016-SILV-39] 12u (I25) 146d | [DFSH370016-SILV-39] 12u (I25) 146d;[DFSH370016-BURG-36] 1u (I25) 146d | [DFSH370016-BURG-41] 1u (I25) 146d | [DFSH370016-BURG-36] 1u (I25) 146d | [DFSH370016-BURG-41] 1u (I25) 146d | [DFSH370016-SILV-36] 12u (I25) 146d;
CLABD/Stock/StorageBD/CLA-059-03-02-03;BLACK;I25;84;969.58;C+B+D+A;146;70;0;[DFSH370016-BLAC-40] 12u (I25) 146d | [DFSH370016-BLAC-38] 12u (I25) 146d;[DFSH370020-SILV-38] 3u (I25) 146d | [DFSH370020-SILV-39] 3u (I25) 146d | [DFSH370020-SILV-38] 3u (I25) 146d | [DFSH370020-SILV-39] 3u (I25) 146d | [DFSH370020-SILV-38] 3u (I25) 146d | [DFSH370020-SILV-39] 3u (I25) 146d | [DFSH370016-BLAC-37] 12u (I25) 146d | [DFSH370016-BLAC-36] 12u (I25) 146d;[DFSH370020-SILV-36] 1u (I25) 146d | [DFSH370020-SILV-37] 2u (I25) 146d | [DFSH370020-SILV-40] 2u (I25) 146d | [DFSH370020-SILV-36] 1u (I25) 146d | [DFSH370020-SILV-37] 2u (I25) 146d | [DFSH370020-SILV-40] 2u (I25) 146d | [DFSH370020-SILV-36] 1u (I25) 146d | [DFSH370020-SILV-37] 2u (I25) 146d | [DFSH370020-SILV-40] 2u (I25) 146d;[DFSH370020-SILV-41] 1u (I25) 146d | [DFSH370020-SILV-41] 1u (I25) 146d | [DFSH370020-SILV-41] 1u (I25) 146d
CLABD/Stock/StorageBD/CLA-059-04-03-02;BLACK;I25;96;1052.72;C+B+A;146;80;0;[DFSH370016-BLAC-38] 3u (I25) 146d | [DFSH370016-BLAC-39] 3u (I25) 146d | [DFSH370016-BLAC-40] 2u (I25) 146d | [DFSH370016-BLAC-38] 3u (I25) 146d | [DFSH370016-BLAC-39] 3u (I25) 146d | [DFSH370016-BLAC-40] 2u (I25) 146d;[DFSH370016-BURG-37] 2u (I25) 146d | [DFSH370016-BURG-38] 3u (I25) 146d | [DFSH370016-BURG-39] 3u (I25) 146d | [DFSH370016-BURG-40] 2u (I25) 146d | [DFSH370016-BURG-37] 2u (I25) 146d | [DFSH370016-BURG-38] 3u (I25) 146d | [DFSH370016-BURG-39] 3u (I25) 146d | [DFSH370016-BURG-40] 2u (I25) 146d | [DFSH370016-BURG-37] 2u (I25) 146d | [DFSH370016-BURG-38] 3u (I25) 146d | [DFSH370016-BURG-39] 3u (I25) 146d | [DFSH370016-BURG-40] 2u (I25) 146d | [DFSH370016-BURG-37] 2u (I25) 146d | [DFSH370016-BURG-38] 3u (I25) 146d | [DFSH370016-BURG-39] 3u (I25) 146d | [DFSH370016-BURG-40] 2u (I25) 146d | [DFSH370016-BLAC-36] 1u (I25) 146d | [DFSH370016-BLAC-37] 2u (I25) 146d | [DFSH370016-BLAC-41] 1u (I25) 146d | [DFSH370016-BLAC-36] 1u (I25) 146d | [DFSH370016-BLAC-37] 2u (I25) 146d | [DFSH370016-BLAC-41] 1u (I25) 146d | [DFSH370016-SILV-39] 12u (I25) 146d | [DFSH370016-SILV-37] 12u (I25) 146d;[DFSH370016-BURG-36] 1u (I25) 146d | [DFSH370016-BURG-41] 1u (I25) 146d | [DFSH370016-BURG-36] 1u (I25) 146d | [DFSH370016-BURG-41] 1u (I25) 146d | [DFSH370016-BURG-36] 1u (I25) 146d | [DFSH370016-BURG-41] 1u (I25) 146d | [DFSH370016-BURG-36] 1u (I25) 146d | [DFSH370016-BURG-41] 1u (I25) 146d;
CLABD/Stock/StorageBD/CLA-059-05-03-01;BLACK;V25+I25;98;737.55;A+C+B;297;45;0;[DFKSUN0827-0020] 50u (V25) 297d;[DFSH370016-SILV-37] 2u (I25) 146d | [DFSH370016-SILV-39] 3u (I25) 146d | [DFSH370016-SILV-39] 12u (I25) 146d | [DFSH370016-SILV-39] 12u (I25) 146d | [DFSH370016-BEIG-39] 12u (I25) 146d;[DFSH370016-SILV-36] 1u (I25) 146d | [DFSH370016-SILV-38] 3u (I25) 146d | [DFSH370016-SILV-40] 2u (I25) 146d | [DFSH370016-SILV-41] 1u (I25) 146d;
CLABD/Stock/StorageBD/CLA-059-05-03-03;BLACK;I25;84;931.19;B+A+C;146;70;0;[DFSH370016-BLAC-38] 3u (I25) 146d | [DFSH370016-BLAC-39] 3u (I25) 146d | [DFSH370016-BLAC-40] 2u (I25) 146d | [DFSH370016-BLAC-38] 3u (I25) 146d | [DFSH370016-BLAC-39] 3u (I25) 146d | [DFSH370016-BLAC-40] 2u (I25) 146d;[DFSH370016-BLAC-36] 1u (I25) 146d | [DFSH370016-BLAC-37] 2u (I25) 146d | [DFSH370016-BLAC-41] 1u (I25) 146d | [DFSH370016-BLAC-36] 1u (I25) 146d | [DFSH370016-BLAC-37] 2u (I25) 146d | [DFSH370016-BLAC-41] 1u (I25) 146d | [DFSH370016-SILV-39] 12u (I25) 146d | [DFSH370016-SILV-39] 12u (I25) 146d | [DFSH370016-SILV-37] 12u (I25) 146d;[DFSH370016-SILV-38] 12u (I25) 146d | [DFSH370016-SILV-38] 12u (I25) 146d;
CLABD/Stock/StorageBD/CLA-061-05-03-02;BLACK;I25;34;458.31;C+B+A;133;30;0;[DFSH391011-BLAC-37] 2u (I25) 133d | [DFSH391011-BLAC-38] 3u (I25) 133d | [DFSH391011-BLAC-39] 3u (I25) 133d | [DFSH391010-BLAC-37] 10u (I25) 133d;[DFSH391011-BLAC-36] 1u (I25) 133d | [DFSH391011-BLAC-40] 2u (I25) 133d | [DFSH391011-BLAC-41] 1u (I25) 133d;[DFSH391012-BEIG-36] 1u (I25) 133d | [DFSH391012-BEIG-37] 2u (I25) 133d | [DFSH391012-BEIG-38] 3u (I25) 133d | [DFSH391012-BEIG-39] 3u (I25) 133d | [DFSH391012-BEIG-40] 2u (I25) 133d | [DFSH391012-BEIG-41] 1u (I25) 133d;
CLABD/Stock/StorageBD/CLA-062-04-03-02;BLACK;I25;66;997.49;C+B+A;133;60;0;[DFSH347011-SILV-38] 3u (I25) 113d | [DFSH347011-SILV-38] 3u (I25) 113d | [DFSH391010-BLAC-38] 10u (I25) 133d | [DFSH391010-BLAC-38] 10u (I25) 133d | [DFSH391010-BLAC-37] 10u (I25) 133d | [DFSH391010-BLAC-37] 2u (I25) 133d | [DFSH391010-BLAC-38] 3u (I25) 133d | [DFSH391010-BLAC-39] 3u (I25) 133d;[DFSH347011-SILV-37] 2u (I25) 113d | [DFSH347011-SILV-39] 3u (I25) 113d | [DFSH347011-SILV-40] 2u (I25) 113d | [DFSH347011-SILV-41] 1u (I25) 113d | [DFSH347011-SILV-37] 2u (I25) 113d | [DFSH347011-SILV-39] 3u (I25) 113d | [DFSH347011-SILV-40] 2u (I25) 113d | [DFSH347011-SILV-41] 1u (I25) 113d | [DFSH391010-BLAC-36] 1u (I25) 133d | [DFSH391010-BLAC-40] 2u (I25) 133d | [DFSH391010-BLAC-41] 1u (I25) 133d;[DFSH347011-SILV-36] 1u (I25) 113d | [DFSH347011-SILV-36] 1u (I25) 113d;
CLABD/Stock/StorageBD/CLA-062-06-01-02;BLACK;V24+V26+I25;109;1279.33;C+B+A;405;80;0;[DFSH371008-BLAC-39] 12u (I25) 112d;[DFSH407001-KHAK-36] 1u (V26) 177d | [DFSH407001-KHAK-37] 2u (V26) 177d | [DFSH407001-KHAK-38] 3u (V26) 177d | [DFSH407001-KHAK-39] 3u (V26) 177d | [DFSH407001-KHAK-40] 2u (V26) 177d | [DFSH407001-KHAK-41] 1u (V26) 177d | [DFSH407001-KHAK-36] 1u (V26) 177d | [DFSH407001-KHAK-37] 2u (V26) 177d | [DFSH407001-KHAK-38] 3u (V26) 177d | [DFSH407001-KHAK-39] 3u (V26) 177d | [DFSH407001-KHAK-40] 2u (V26) 177d | [DFSH407001-KHAK-41] 1u (V26) 177d | [DFSH407001-KHAK-36] 1u (V26) 177d | [DFSH407001-KHAK-37] 2u (V26) 177d | [DFSH407001-KHAK-38] 3u (V26) 177d | [DFSH407001-KHAK-39] 3u (V26) 177d | [DFSH407001-KHAK-40] 2u (V26) 177d | [DFSH407001-KHAK-41] 1u (V26) 177d | [DFSH407001-KHAK-36] 1u (V26) 177d | [DFSH407001-KHAK-37] 2u (V26) 177d | [DFSH407001-KHAK-38] 3u (V26) 177d | [DFSH407001-KHAK-39] 3u (V26) 177d | [DFSH407001-KHAK-40] 2u (V26) 177d | [DFSH407001-KHAK-41] 1u (V26) 177d | [DFSH407001-KHAK-36] 1u (V26) 177d | [DFSH407001-KHAK-37] 2u (V26) 177d | [DFSH407001-KHAK-38] 3u (V26) 177d | [DFSH407001-KHAK-39] 3u (V26) 177d | [DFSH407001-KHAK-40] 2u (V26) 177d | [DFSH407001-KHAK-41] 1u (V26) 177d | [DFSH407001-KHAK-36] 1u (V26) 177d | [DFSH407001-KHAK-37] 2u (V26) 177d | [DFSH407001-KHAK-38] 3u (V26) 177d | [DFSH407001-KHAK-39] 3u (V26) 177d | [DFSH407001-KHAK-40] 2u (V26) 177d | [DFSH407001-KHAK-41] 1u (V26) 177d;[KV330025-0067-38] 2u (V24) 405d | [KV330025-0067-41] 3u (V24) 405d | [KV330025-0067-40] 3u (V24) 405d | [KV330025-0067-31] 3u (V24) 405d | [KV330025-0067-37] 2u (V24) 405d | [KV330025-0067-35] 1u (V24) 405d | [KV330025-0067-34] 2u (V24) 405d | [KV330025-0067-30] 2u (V24) 405d | [KV330025-0067-33] 2u (V24) 405d | [KV330025-0067-39] 1u (V24) 405d | [KV330025-0067-32] 3u (V24) 405d | [KV330025-0067-36] 1u (V24) 405d;
CLABD/Stock/StorageBD/CLA-062-09-01-02;BLACK;V23+I25+V24+I24;47;372.78;B+A+C;624;40;0;[DFSH375003-BLAC-36] 1u (I25) 191d | [DFSH321089-GOLD-40] 12u (I24) 527d;[NVK33410-0269-41] 12u (V23) 405d | [NVK33410-0269-38] 5u (V23) 405d | [DFSH375003-BLAC-39] 2u (I25) 191d | [DFSH375003-BLAC-37] 2u (I25) 191d | [DFSH375003-BLAC-38] 1u (I25) 191d;[DFSH393001-WHIT-36] 1u (V24) 624d | [DFSH393001-WHIT-37] 2u (V24) 624d | [DFSH393001-WHIT-38] 3u (V24) 624d | [DFSH393001-WHIT-39] 3u (V24) 624d | [DFSH393001-WHIT-40] 2u (V24) 624d | [DFSH393001-WHIT-41] 1u (V24) 624d;
CLABD/Stock/StorageBD/CLA-063-04-01-02;BLACK;I22+I24+I23+V24;93;824.23;B+A+C;624;80;0;[DFACSC2306-TAUP] 2u (I24) 154d | [DFACBE2304-BLAC] 37u (I23) 142d;[DFTXPUF004-NAVY-XS] 1u (I22) 142d | [DFTXPUF004-NAVY-M] 1u (I22) 142d | [DFTXHOD017-BLAC-M] 6u (I22) 142d | [DFACSC2308-BLAC] 6u (I24) 142d | [DFACSC2302-PINK] 1u (I23) 142d | [DFACSC2308-BLAC] 12u (I24) 142d | [DFTXHOD019-GREE-M] 8u (I24) 142d | [DFACSC2303-BLAC] 10u (I23) 154d;[DFSH397001-WHIT-41] 1u (V24) 624d | [DFSH397001-WHIT-42] 2u (V24) 624d | [DFSH397001-WHIT-43] 3u (V24) 624d | [DFSH397001-WHIT-44] 2u (V24) 624d | [DFSH397001-WHIT-45] 1u (V24) 624d;
CLABD/Stock/StorageBD/CLA-063-05-01-03;BLACK;I25+V25;81;1959.03;B+A+C;526;70;0;[DFSH371006-BEIG-36] 12u (I25) 450d | [DFSH370004-BLAC-37] 12u (I25) 526d | [DFSH370004-BLAC-37] 12u (I25) 526d | [DFSH370004-BLAC-37] 12u (I25) 526d | [DFSH347011-SILV-38] 3u (I25) 113d;[DFSH371010-BLAC-37] 12u (I25) 467d | [DFSH334001-FUCH-39] 9u (V25) 323d | [DFSH347011-SILV-37] 2u (I25) 113d | [DFSH347011-SILV-39] 3u (I25) 113d | [DFSH347011-SILV-40] 2u (I25) 113d | [DFSH347011-SILV-41] 1u (I25) 113d;[DFSH347011-SILV-36] 1u (I25) 113d;
CLABD/Stock/StorageBD/CLA-063-08-01-02;BLACK;I25+I24;78;639.14;A+C;440;70;0;[DFSH371004-TAUP-38] 12u (I25) 142d | [DFSH370021-TAUP-40] 12u (I25) 190d | [DFSH370021-TAN-39] 12u (I25) 162d | [DFSH370021-BLAC-39] 12u (I25) 162d | [DFSH370011-BLAC-36] 1u (I25) 216d | [DFSH370011-BLAC-37] 2u (I25) 216d | [DFSH370011-BLAC-38] 3u (I25) 216d | [DFSH370011-BLAC-39] 3u (I25) 216d | [DFSH370011-BLAC-40] 2u (I25) 216d | [DFSH370011-BLAC-41] 1u (I25) 216d | [DFSH371012-BEIG-38] 2u (I24) 440d | [DFSH371012-BEIG-41] 1u (I24) 440d | [DFSH371012-BEIG-38] 2u (I24) 440d | [DFSH371012-BEIG-41] 1u (I24) 440d;;[DFSH371012-BEIG-36] 1u (I24) 440d | [DFSH371012-BEIG-37] 2u (I24) 440d | [DFSH371012-BEIG-39] 2u (I24) 440d | [DFSH371012-BEIG-40] 1u (I24) 440d | [DFSH371012-BEIG-36] 1u (I24) 440d | [DFSH371012-BEIG-37] 2u (I24) 440d | [DFSH371012-BEIG-39] 2u (I24) 440d | [DFSH371012-BEIG-40] 1u (I24) 440d;
CLABD/Stock/StorageBD/CLA-064-01-03-03;BLACK;I25;42;604.36;C+A;133;40;0;[DFSH391010-BLAC-39] 10u (I25) 133d | [DFSH391010-BLAC-38] 10u (I25) 133d | [DFSH391010-BLAC-37] 10u (I25) 133d;;[DFSH391012-BEIG-36] 1u (I25) 133d | [DFSH391012-BEIG-37] 2u (I25) 133d | [DFSH391012-BEIG-38] 3u (I25) 133d | [DFSH391012-BEIG-39] 3u (I25) 133d | [DFSH391012-BEIG-40] 2u (I25) 133d | [DFSH391012-BEIG-41] 1u (I25) 133d;
CLABD/Stock/StorageBD/CLA-064-02-01-01;BLACK;I25+V26;24;294.58;B+C+A;149;20;0;[DFSH387005-BLAC-38] 3u (V26) 149d;[DFSH387005-OLIV-41] 1u (I25) 149d | [DFSH387005-OLIV-42] 2u (I25) 149d | [DFSH387005-OLIV-43] 3u (I25) 149d | [DFSH387005-BLAC-36] 1u (V26) 149d | [DFSH387005-BLAC-37] 2u (V26) 149d | [DFSH387005-BLAC-39] 3u (V26) 149d | [DFSH387005-BLAC-40] 2u (V26) 149d | [DFSH387005-BLAC-41] 1u (V26) 149d;[DFSH387005-OLIV-44] 3u (I25) 149d | [DFSH387005-OLIV-45] 2u (I25) 149d | [DFSH387005-OLIV-46] 1u (I25) 149d;
CLABD/Stock/StorageBD/CLA-064-08-01-03;BLACK;I25+V24;62;609.65;A+C+B;507;50;0;[DFSH371010-BEIG-41] 12u (I25) 497d | [DFSH371010-BEIG-36] 12u (I25) 497d | [DFSH381001-BLAC-40] 12u (I25) 492d;[DFSH391001-BEIG-41] 12u (I25) 507d;[DFSH392001-SILV-38] 5u (V24) 405d | [DFSH392001-SILV-37] 3u (V24) 405d | [DFSH392001-SILV-39] 4u (V24) 405d | [DFSH392001-SILV-36] 1u (V24) 405d | [DFSH392001-SILV-40] 1u (V24) 405d;
CLABD/Stock/StorageBD/CLA-065-05-01-02;BLACK;I25+V24;69;591.08;A+B+C;624;50;0;[DFSH370005-BLAC-36] 12u (I25) 514d | [DFSH370005-BLAC-36] 12u (I25) 514d | [DFSH370005-BLAC-36] 12u (I25) 514d;[DFSH384005-SILV-39] 6u (V24) 405d | [DFSH384005-SILV-37] 6u (V24) 405d | [DFSH384007-WHIT-43] 1u (V24) 405d | [DFSH384005-SILV-38] 4u (V24) 405d | [DFSH384005-SILV-36] 3u (V24) 405d | [DFSH384005-SILV-41] 1u (V24) 405d;[DFSH392001-WHIT-36] 1u (V24) 624d | [DFSH392001-WHIT-37] 2u (V24) 624d | [DFSH392001-WHIT-38] 3u (V24) 624d | [DFSH392001-WHIT-39] 3u (V24) 624d | [DFSH392001-WHIT-40] 2u (V24) 624d | [DFSH392001-WHIT-41] 1u (V24) 624d;
CLABD/Stock/StorageBD/CLA-066-03-01-03;BLACK;I25+V24;81;2031.83;A+C;624;70;0;[DFSH370004-BLAC-38] 12u (I25) 451d | [DFSH370004-BLAC-37] 12u (I25) 451d | [DFSH370004-BLAC-37] 12u (I25) 451d | [DFSH370004-BLAC-37] 12u (I25) 451d | [DFSH370003-BLAC-38] 12u (I25) 360d | [DFSH370004-BLAC-38] 12u (I25) 190d;;[DFSH397001-WHIT-41] 1u (V24) 624d | [DFSH397001-WHIT-42] 2u (V24) 624d | [DFSH397001-WHIT-43] 3u (V24) 624d | [DFSH397001-WHIT-44] 2u (V24) 624d | [DFSH397001-WHIT-45] 1u (V24) 624d;
CLABD/Stock/StorageBD/CLA-066-09-01-01;GOLD;V25+V24+I25+I24;32;274.39;B+A+C;576;40;0;[DFSH387005-LPIN-38] 2u (V25) 182d | [DFSH370003-TAN-39] 1u (I25) 155d | [DFSH370004-BLAC-38] 1u (I25) 155d | [DFSH371004-TAN-36] 1u (I25) 155d | [DFSH371004-TAN-38] 1u (I25) 155d;[DFSH387005-LPIN-41] 1u (V25) 182d | [DFSH387005-LPIN-39] 2u (V25) 182d | [DFSH387005-LPIN-40] 1u (V25) 182d | [DFSH387005-LPIN-36] 1u (V25) 182d | [DFSH387005-LPIN-37] 2u (V25) 182d;[DFSH394001-ORAN-36] 1u (V24) 576d | [DFSH394001-ORAN-37] 2u (V24) 576d | [DFSH394001-ORAN-38] 2u (V24) 576d | [DFSH394001-ORAN-39] 2u (V24) 576d | [DFSH394001-ORAN-40] 1u (V24) 576d | [DFSH394001-ORAN-41] 1u (V24) 576d | [DFSH394001-ORAN-36] 1u (V24) 576d | [DFSH394001-ORAN-37] 2u (V24) 576d | [DFSH394001-ORAN-38] 2u (V24) 576d | [DFSH394001-ORAN-39] 2u (V24) 576d | [DFSH394001-ORAN-40] 1u (V24) 576d | [DFSH394001-ORAN-41] 1u (V24) 576d | [DFSH347002-BEIG-41] 1u (I24) 155d;
CLABD/Stock/StorageBD/CLA-066-09-01-03;BLACK;I24+I25;22;357.87;B+A+C;155;40;0;[DFSH347002-GREY-38] 1u (I24) 155d | [DFSH347002-BLAC-42] 1u (I24) 155d | [DFSH370003-TAN-39] 1u (I25) 155d | [DFSH370005-MUST-41] 1u (I25) 155d | [DFSH370004-BLAC-40] 1u (I25) 155d | [DFSH371008-BLAC-38] 1u (I25) 155d;[DFSH347003-SILV-39] 3u (I24) 155d | [DFSH347003-SILV-36] 2u (I24) 155d | [DFSH347003-SILV-36] 3u (I24) 155d | [DFSH347003-SILV-39] 2u (I24) 155d | [DFSH347003-SILV-39] 4u (I24) 155d;[DFSH375001-TAN-41] 1u (I24) 155d | [DFSH375001-TAN-36] 1u (I24) 155d;
CLABD/Stock/StorageBD/CLA-067-01-01-02;BLACK;I25+V26;144;1714.90;D+C+B+A;149;120;0;[DFSH387005-BLAC-38] 3u (V26) 149d | [DFSH387005-BLAC-38] 3u (V26) 149d;[DFSH387005-CREA-41] 1u (I25) 149d | [DFSH387005-CREA-41] 1u (I25) 149d | [DFSH387005-CREA-41] 1u (I25) 149d | [DFSH387005-CREA-41] 1u (I25) 149d | [DFSH387005-CREA-41] 1u (I25) 149d | [DFSH387005-CREA-41] 1u (I25) 149d | [DFSH387005-CREA-41] 1u (I25) 149d | [DFSH387005-BLAC-36] 1u (V26) 149d | [DFSH387005-BLAC-37] 2u (V26) 149d | [DFSH387005-BLAC-39] 3u (V26) 149d | [DFSH387005-BLAC-40] 2u (V26) 149d | [DFSH387005-BLAC-41] 1u (V26) 149d | [DFSH387005-BLAC-36] 1u (V26) 149d | [DFSH387005-BLAC-37] 2u (V26) 149d | [DFSH387005-BLAC-39] 3u (V26) 149d | [DFSH387005-BLAC-40] 2u (V26) 149d | [DFSH387005-BLAC-41] 1u (V26) 149d;[DFSH387005-SAGE-37] 2u (I25) 149d | [DFSH387005-SAGE-38] 3u (I25) 149d | [DFSH387005-SAGE-39] 3u (I25) 149d | [DFSH387005-SAGE-40] 2u (I25) 149d | [DFSH387005-SAGE-41] 1u (I25) 149d | [DFSH387005-SAGE-37] 2u (I25) 149d | [DFSH387005-SAGE-38] 3u (I25) 149d | [DFSH387005-SAGE-39] 3u (I25) 149d | [DFSH387005-SAGE-40] 2u (I25) 149d | [DFSH387005-SAGE-41] 1u (I25) 149d | [DFSH387005-SAGE-37] 2u (I25) 149d | [DFSH387005-SAGE-38] 3u (I25) 149d | [DFSH387005-SAGE-39] 3u (I25) 149d | [DFSH387005-SAGE-40] 2u (I25) 149d | [DFSH387005-SAGE-41] 1u (I25) 149d | [DFSH387005-CREA-36] 1u (I25) 149d | [DFSH387005-CREA-37] 2u (I25) 149d | [DFSH387005-CREA-38] 3u (I25) 149d | [DFSH387005-CREA-39] 3u (I25) 149d | [DFSH387005-CREA-40] 2u (I25) 149d | [DFSH387005-CREA-36] 1u (I25) 149d | [DFSH387005-CREA-37] 2u (I25) 149d | [DFSH387005-CREA-38] 3u (I25) 149d | [DFSH387005-CREA-39] 3u (I25) 149d | [DFSH387005-CREA-40] 2u (I25) 149d | [DFSH387005-CREA-36] 1u (I25) 149d | [DFSH387005-CREA-37] 2u (I25) 149d | [DFSH387005-CREA-38] 3u (I25) 149d | [DFSH387005-CREA-39] 3u (I25) 149d | [DFSH387005-CREA-40] 2u (I25) 149d | [DFSH387005-CREA-36] 1u (I25) 149d | [DFSH387005-CREA-37] 2u (I25) 149d | [DFSH387005-CREA-38] 3u (I25) 149d | [DFSH387005-CREA-39] 3u (I25) 149d | [DFSH387005-CREA-40] 2u (I25) 149d | [DFSH387005-CREA-36] 1u (I25) 149d | [DFSH387005-CREA-37] 2u (I25) 149d | [DFSH387005-CREA-38] 3u (I25) 149d | [DFSH387005-CREA-39] 3u (I25) 149d | [DFSH387005-CREA-40] 2u (I25) 149d | [DFSH387005-CREA-36] 1u (I25) 149d | [DFSH387005-CREA-37] 2u (I25) 149d | [DFSH387005-CREA-38] 3u (I25) 149d | [DFSH387005-CREA-39] 3u (I25) 149d | [DFSH387005-CREA-40] 2u (I25) 149d | [DFSH387005-CREA-36] 1u (I25) 149d | [DFSH387005-CREA-37] 2u (I25) 149d | [DFSH387005-CREA-38] 3u (I25) 149d | [DFSH387005-CREA-39] 3u (I25) 149d | [DFSH387005-CREA-40] 2u (I25) 149d;[DFSH387005-SAGE-36] 1u (I25) 149d | [DFSH387005-SAGE-36] 1u (I25) 149d | [DFSH387005-SAGE-36] 1u (I25) 149d
CLABD/Stock/StorageBD/CLA-067-01-01-03;BLACK;I25+V26;120;1462.90;D+C+B+A;149;100;0;[DFSH387005-BLAC-38] 3u (V26) 149d | [DFSH387005-BLAC-38] 3u (V26) 149d | [DFSH387005-BLAC-38] 3u (V26) 149d | [DFSH387005-BLAC-38] 3u (V26) 149d | [DFSH387005-BLAC-38] 3u (V26) 149d;[DFSH387005-OLIV-41] 1u (I25) 149d | [DFSH387005-OLIV-42] 2u (I25) 149d | [DFSH387005-OLIV-43] 3u (I25) 149d | [DFSH387005-OLIV-41] 1u (I25) 149d | [DFSH387005-OLIV-42] 2u (I25) 149d | [DFSH387005-OLIV-43] 3u (I25) 149d | [DFSH387005-CREA-41] 1u (I25) 149d | [DFSH387005-BLAC-36] 1u (V26) 149d | [DFSH387005-BLAC-37] 2u (V26) 149d | [DFSH387005-BLAC-39] 3u (V26) 149d | [DFSH387005-BLAC-40] 2u (V26) 149d | [DFSH387005-BLAC-41] 1u (V26) 149d | [DFSH387005-BLAC-36] 1u (V26) 149d | [DFSH387005-BLAC-37] 2u (V26) 149d | [DFSH387005-BLAC-39] 3u (V26) 149d | [DFSH387005-BLAC-40] 2u (V26) 149d | [DFSH387005-BLAC-41] 1u (V26) 149d | [DFSH387005-BLAC-36] 1u (V26) 149d | [DFSH387005-BLAC-37] 2u (V26) 149d | [DFSH387005-BLAC-39] 3u (V26) 149d | [DFSH387005-BLAC-40] 2u (V26) 149d | [DFSH387005-BLAC-41] 1u (V26) 149d | [DFSH387005-BLAC-36] 1u (V26) 149d | [DFSH387005-BLAC-37] 2u (V26) 149d | [DFSH387005-BLAC-39] 3u (V26) 149d | [DFSH387005-BLAC-40] 2u (V26) 149d | [DFSH387005-BLAC-41] 1u (V26) 149d | [DFSH387005-BLAC-36] 1u (V26) 149d | [DFSH387005-BLAC-37] 2u (V26) 149d | [DFSH387005-BLAC-39] 3u (V26) 149d | [DFSH387005-BLAC-40] 2u (V26) 149d | [DFSH387005-BLAC-41] 1u (V26) 149d;[DFSH387005-SAGE-37] 2u (I25) 149d | [DFSH387005-SAGE-38] 3u (I25) 149d | [DFSH387005-SAGE-39] 3u (I25) 149d | [DFSH387005-SAGE-40] 2u (I25) 149d | [DFSH387005-SAGE-41] 1u (I25) 149d | [DFSH387005-SAGE-37] 2u (I25) 149d | [DFSH387005-SAGE-38] 3u (I25) 149d | [DFSH387005-SAGE-39] 3u (I25) 149d | [DFSH387005-SAGE-40] 2u (I25) 149d | [DFSH387005-SAGE-41] 1u (I25) 149d | [DFSH387005-OLIV-44] 3u (I25) 149d | [DFSH387005-OLIV-45] 2u (I25) 149d | [DFSH387005-OLIV-46] 1u (I25) 149d | [DFSH387005-OLIV-44] 3u (I25) 149d | [DFSH387005-OLIV-45] 2u (I25) 149d | [DFSH387005-OLIV-46] 1u (I25) 149d | [DFSH387005-CREA-36] 1u (I25) 149d | [DFSH387005-CREA-37] 2u (I25) 149d | [DFSH387005-CREA-38] 3u (I25) 149d | [DFSH387005-CREA-39] 3u (I25) 149d | [DFSH387005-CREA-40] 2u (I25) 149d;[DFSH387005-SAGE-36] 1u (I25) 149d | [DFSH387005-SAGE-36] 1u (I25) 149d
CLABD/Stock/StorageBD/CLA-067-02-01-03;BLACK;I25+V23+V24;95;498.82;A+B+C;405;80;0;[DFSH370005-CAME-36] 12u (I25) 388d;[NVK33410-0009-38] 1u (V23) 405d | [NVK33410-0009-36] 12u (V23) 405d | [NVK33410-0009-40] 3u (V23) 405d | [NVK33410-0009-37] 1u (V23) 405d | [NVK33401-0269-37] 12u (V23) 405d | [NVK33401-0269-38] 7u (V23) 405d | [NVK33410-0020-39] 4u (V23) 405d | [NVK33410-0020-36] 3u (V23) 405d | [NVK33410-0020-38] 1u (V23) 405d | [NVK33410-0006-36] 2u (V23) 405d | [NVK33410-0006-38] 2u (V23) 405d | [NVK33410-0006-39] 1u (V23) 405d | [NVK33410-0006-40] 1u (V23) 405d | [NVK33410-0006-37] 2u (V23) 405d | [NVK33401-0022-41] 1u (V23) 405d | [NVK33410-0006-39] 3u (V23) 405d | [NVK33410-0006-38] 2u (V23) 405d | [NVK33410-0006-37] 2u (V23) 405d | [NVK33410-0006-36] 2u (V23) 405d | [NVK33410-0269-38] 1u (V23) 405d | [NVK33410-0006-38] 6u (V23) 405d | [NVK33410-0006-39] 2u (V23) 405d | [NVK33410-0006-37] 3u (V23) 405d;[DFSH394001-ORAN-40] 1u (V24) 405d | [DFSH394001-ORAN-38] 2u (V24) 405d | [DFSH394001-ORAN-37] 2u (V24) 405d | [DFSH394001-ORAN-36] 1u (V24) 405d | [DFSH394001-ORAN-39] 2u (V24) 405d | [DFSH394001-ORAN-41] 1u (V24) 405d;
CLABD/Stock/StorageBD/CLA-067-04-01-01;BLACK;I25+V22+V24;81;747.05;B+A+C;514;70;0;[DFSH370011-BLAC-36] 12u (I25) 514d | [DFSH371004-TAN-41] 12u (I25) 360d | [DFSH370005-BLAC-36] 12u (I25) 401d | [DFSH370005-BLAC-36] 12u (I25) 401d;[DFSH371007-WHIT-36] 12u (I25) 496d | [MV231605-0001-37] 4u (V22) 226d | [DFSH384005-GOLD-36] 3u (V24) 405d | [DFSH384005-GOLD-38] 7u (V24) 405d | [DFSH384005-SILV-38] 2u (V24) 388d;[MV231605-0001-40] 3u (V22) 226d | [MV231605-0001-41] 1u (V22) 226d | [MV231601-0001-36] 1u (V22) 226d;
CLABD/Stock/StorageBD/CLA-067-06-02-02;BLACK;I25;24;266.64;B+A+C;149;20;0;[DFSH321102-BEIG-39] 3u (I25) 149d;[DFSH321102-BEIG-36] 1u (I25) 149d | [DFSH321102-BEIG-37] 2u (I25) 149d | [DFSH321102-BEIG-38] 3u (I25) 149d | [DFSH321102-BEIG-40] 2u (I25) 149d | [DFSH321085-BLAC-36] 1u (I25) 149d | [DFSH321085-BLAC-37] 2u (I25) 149d | [DFSH321085-BLAC-38] 3u (I25) 149d | [DFSH321085-BLAC-39] 3u (I25) 149d | [DFSH321085-BLAC-40] 2u (I25) 149d | [DFSH321085-BLAC-41] 1u (I25) 149d;[DFSH321102-BEIG-41] 1u (I25) 149d;
CLABD/Stock/StorageBD/CLA-067-08-01-01;BLACK;I25+V24;67;585.02;A+C;514;60;0;[DFSH370005-BLAC-37] 12u (I25) 443d | [DFSH370005-BLAC-37] 12u (I25) 514d | [DFSH370004-BLAC-40] 12u (I25) 450d | [DFSH371010-BLAC-40] 12u (I25) 500d | [DFSH389013-WHIT-38] 3u (V24) 405d | [DFSH370011-BROW-36] 1u (I25) 217d | [DFSH370011-BROW-37] 2u (I25) 217d | [DFSH370011-BROW-38] 3u (I25) 217d | [DFSH370011-BROW-39] 3u (I25) 217d | [DFSH370011-BROW-40] 2u (I25) 217d | [DFSH370011-BROW-41] 1u (I25) 217d;;[DFSH389013-WHIT-36] 2u (V24) 405d | [DFSH389013-WHIT-37] 2u (V24) 405d;
CLABD/Stock/StorageBD/CLA-068-05-03-03;BLACK;I24+I25;31;403.60;A+C+B;168;50;0;[DFSH375001-TAN-37] 6u (I24) 168d | [DFSH370006-BLAC-40] 1u (I25) 168d | [DFSH370006-BLAC-37] 2u (I25) 168d | [DFSH371006-BLAC-38] 1u (I25) 168d | [DFSH370004-BLAC-41] 2u (I25) 168d | [DFSH375001-TAN-37] 4u (I24) 168d | [DFSH370012-BLAC-37] 1u (I25) 168d | [DFSH371012-BEIG-41] 1u (I24) 168d | [DFSH371004-TAUP-41] 1u (I25) 168d | [DFSH370003-TAN-38] 1u (I25) 168d | [DFSH370003-TAUP-38] 1u (I25) 168d | [DFSH370006-BLAC-38] 1u (I25) 168d | [DFSH375001-TAN-37] 1u (I24) 168d | [DFSH370006-BLAC-41] 1u (I25) 168d | [DFSH370006-BLAC-36] 1u (I25) 168d | [DFSH370006-BLAC-38] 1u (I25) 168d;[DFSH371007-WHIT-41] 1u (I25) 168d;[DFSH375001-TAN-36] 2u (I24) 168d | [DFSH371012-BEIG-36] 1u (I24) 168d | [DFSH375001-TAN-36] 1u (I24) 168d;
CLABD/Stock/StorageBD/CLA-068-08-01-02;BLACK;I25;46;659.02;D+C+B+A;133;40;0;[DFSH391010-BLAC-38] 10u (I25) 133d;[DFSH391012-BLAC-38] 3u (I25) 133d | [DFSH391012-BLAC-39] 3u (I25) 133d | [DFSH391012-BLAC-38] 3u (I25) 133d | [DFSH391012-BLAC-39] 3u (I25) 133d;[DFSH391012-BLAC-37] 2u (I25) 133d | [DFSH391012-BLAC-40] 2u (I25) 133d | [DFSH391012-BLAC-41] 1u (I25) 133d | [DFSH391012-BLAC-37] 2u (I25) 133d | [DFSH391012-BLAC-40] 2u (I25) 133d | [DFSH391012-BLAC-41] 1u (I25) 133d | [DFSH391012-BEIG-36] 1u (I25) 133d | [DFSH391012-BEIG-37] 2u (I25) 133d | [DFSH391012-BEIG-38] 3u (I25) 133d | [DFSH391012-BEIG-39] 3u (I25) 133d | [DFSH391012-BEIG-40] 2u (I25) 133d | [DFSH391012-BEIG-41] 1u (I25) 133d;[DFSH391012-BLAC-36] 1u (I25) 133d | [DFSH391012-BLAC-36] 1u (I25) 133d
CLABD/Stock/StorageBD/CLA-068-08-02-02;BLACK;I25;22;282.08;C+A;133;20;0;[DFSH391001-BLAC-39] 10u (I25) 133d;;[DFSH391012-BEIG-36] 1u (I25) 133d | [DFSH391012-BEIG-37] 2u (I25) 133d | [DFSH391012-BEIG-38] 3u (I25) 133d | [DFSH391012-BEIG-39] 3u (I25) 133d | [DFSH391012-BEIG-40] 2u (I25) 133d | [DFSH391012-BEIG-41] 1u (I25) 133d;
CLABD/Stock/StorageBD/CLA-068-09-03-03;GENERIC;I25+V24;72;2641.97;A+C;700;80;0;[DFSH370004-BLAC-37] 9u (I25) 700d | [DFSH370004-BLAC-37] 9u (I25) 700d | [DFSH370004-BLAC-37] 9u (I25) 700d | [DFSH370004-BLAC-37] 9u (I25) 700d | [DFSH370004-BLAC-37] 9u (I25) 700d | [DFSH370004-BLAC-37] 9u (I25) 700d | [DFSH370004-BLAC-37] 9u (I25) 700d;;[DFSH397001-WHIT-41] 1u (V24) 624d | [DFSH397001-WHIT-42] 2u (V24) 624d | [DFSH397001-WHIT-43] 3u (V24) 624d | [DFSH397001-WHIT-44] 2u (V24) 624d | [DFSH397001-WHIT-45] 1u (V24) 624d;
CLABD/Stock/StorageBD/CLA-069-01-01-03;BLACK;I25;56;657.06;C+A+B;133;50;0;[DFSH391001-BEIG-36] 1u (I25) 133d | [DFSH391001-BEIG-37] 2u (I25) 133d | [DFSH391001-BEIG-38] 3u (I25) 133d | [DFSH391001-BEIG-39] 3u (I25) 133d | [DFSH391001-BEIG-40] 2u (I25) 133d | [DFSH391010-BROW-40] 10u (I25) 133d | [DFSH391001-BLAC-37] 10u (I25) 133d | [DFSH370021-BURG-39] 12u (I25) 129d;[DFSH391001-BEIG-41] 1u (I25) 133d;[DFSH391012-BEIG-36] 1u (I25) 133d | [DFSH391012-BEIG-37] 2u (I25) 133d | [DFSH391012-BEIG-38] 3u (I25) 133d | [DFSH391012-BEIG-39] 3u (I25) 133d | [DFSH391012-BEIG-40] 2u (I25) 133d | [DFSH391012-BEIG-41] 1u (I25) 133d;
CLABD/Stock/StorageBD/CLA-069-02-02-01;BLACK;V24+I25;41;353.52;C+B+A;450;30;0;[DFSH371006-BLAC-39] 12u (I25) 433d | [DFSH371006-BLAC-39] 12u (I25) 450d;[DFSH394001-BEIG-37] 2u (V24) 405d;[DFSH394001-BEIG-41] 3u (V24) 405d | [DFSH394001-BEIG-39] 6u (V24) 405d | [DFSH394001-BEIG-38] 5u (V24) 405d | [DFSH394001-PINK-38] 1u (V24) 405d;
CLABD/Stock/StorageBD/CLA-069-04-01-03;BLACK;I25;72;1120.92;C+B+A;450;60;0;[DFSH371006-BLAC-37] 12u (I25) 450d;[DFSH414001-TAUP-37] 2u (I25) 129d | [DFSH414001-TAUP-38] 3u (I25) 129d | [DFSH414001-TAUP-39] 3u (I25) 129d | [DFSH414001-TAUP-37] 2u (I25) 129d | [DFSH414001-TAUP-38] 3u (I25) 129d | [DFSH414001-TAUP-39] 3u (I25) 129d | [DFSH414001-TAUP-37] 2u (I25) 129d | [DFSH414001-TAUP-38] 3u (I25) 129d | [DFSH414001-TAUP-39] 3u (I25) 129d | [DFSH414001-TAUP-37] 2u (I25) 129d | [DFSH414001-TAUP-38] 3u (I25) 129d | [DFSH414001-TAUP-39] 3u (I25) 129d | [DFSH414001-TAUP-37] 2u (I25) 129d | [DFSH414001-TAUP-38] 3u (I25) 129d | [DFSH414001-TAUP-39] 3u (I25) 129d;[DFSH414001-TAUP-36] 1u (I25) 129d | [DFSH414001-TAUP-40] 2u (I25) 129d | [DFSH414001-TAUP-41] 1u (I25) 129d | [DFSH414001-TAUP-36] 1u (I25) 129d | [DFSH414001-TAUP-40] 2u (I25) 129d | [DFSH414001-TAUP-41] 1u (I25) 129d | [DFSH414001-TAUP-36] 1u (I25) 129d | [DFSH414001-TAUP-40] 2u (I25) 129d | [DFSH414001-TAUP-41] 1u (I25) 129d | [DFSH414001-TAUP-36] 1u (I25) 129d | [DFSH414001-TAUP-40] 2u (I25) 129d | [DFSH414001-TAUP-41] 1u (I25) 129d | [DFSH414001-TAUP-36] 1u (I25) 129d | [DFSH414001-TAUP-40] 2u (I25) 129d | [DFSH414001-TAUP-41] 1u (I25) 129d;
CLABD/Stock/StorageBD/CLA-069-04-03-01;BLACK;I25;120;1504.79;C+B+A;149;100;0;[DFSH321086-FBLA-40] 2u (I25) 149d | [DFSH321086-FBLA-40] 2u (I25) 149d | [DFSH321086-FBLA-40] 2u (I25) 149d;[DFSH321099-COW-37] 2u (I25) 149d | [DFSH321099-COW-38] 3u (I25) 149d | [DFSH321099-COW-37] 2u (I25) 149d | [DFSH321099-COW-38] 3u (I25) 149d | [DFSH321099-COW-37] 2u (I25) 149d | [DFSH321099-COW-38] 3u (I25) 149d | [DFSH321099-COW-37] 2u (I25) 149d | [DFSH321099-COW-38] 3u (I25) 149d | [DFSH321099-COW-37] 2u (I25) 149d | [DFSH321099-COW-38] 3u (I25) 149d | [DFSH321099-COW-37] 2u (I25) 149d | [DFSH321099-COW-38] 3u (I25) 149d | [DFSH321086-FBLA-41] 1u (I25) 149d | [DFSH321086-FBLA-42] 3u (I25) 149d | [DFSH321086-FBLA-43] 3u (I25) 149d | [DFSH321086-FBLA-44] 3u (I25) 149d | [DFSH321086-FBLA-45] 2u (I25) 149d | [DFSH321086-FBLA-36] 1u (I25) 149d | [DFSH321086-FBLA-37] 2u (I25) 149d | [DFSH321086-FBLA-38] 3u (I25) 149d | [DFSH321086-FBLA-39] 3u (I25) 149d | [DFSH321086-FBLA-41] 1u (I25) 149d | [DFSH321086-FBLA-36] 1u (I25) 149d | [DFSH321086-FBLA-37] 2u (I25) 149d | [DFSH321086-FBLA-38] 3u (I25) 149d | [DFSH321086-FBLA-39] 3u (I25) 149d | [DFSH321086-FBLA-41] 1u (I25) 149d | [DFSH321086-FBLA-36] 1u (I25) 149d | [DFSH321086-FBLA-37] 2u (I25) 149d | [DFSH321086-FBLA-38] 3u (I25) 149d | [DFSH321086-FBLA-39] 3u (I25) 149d | [DFSH321086-FBLA-41] 1u (I25) 149d;[DFSH321099-COW-36] 1u (I25) 149d | [DFSH321099-COW-39] 3u (I25) 149d | [DFSH321099-COW-40] 2u (I25) 149d | [DFSH321099-COW-41] 1u (I25) 149d | [DFSH321099-COW-36] 1u (I25) 149d | [DFSH321099-COW-39] 3u (I25) 149d | [DFSH321099-COW-40] 2u (I25) 149d | [DFSH321099-COW-41] 1u (I25) 149d | [DFSH321099-COW-36] 1u (I25) 149d | [DFSH321099-COW-39] 3u (I25) 149d | [DFSH321099-COW-40] 2u (I25) 149d | [DFSH321099-COW-41] 1u (I25) 149d | [DFSH321099-COW-36] 1u (I25) 149d | [DFSH321099-COW-39] 3u (I25) 149d | [DFSH321099-COW-40] 2u (I25) 149d | [DFSH321099-COW-41] 1u (I25) 149d | [DFSH321099-COW-36] 1u (I25) 149d | [DFSH321099-COW-39] 3u (I25) 149d | [DFSH321099-COW-40] 2u (I25) 149d | [DFSH321099-COW-41] 1u (I25) 149d | [DFSH321099-COW-36] 1u (I25) 149d | [DFSH321099-COW-39] 3u (I25) 149d | [DFSH321099-COW-40] 2u (I25) 149d | [DFSH321099-COW-41] 1u (I25) 149d;
CLABD/Stock/StorageBD/CLA-069-08-01-02;BLACK;I25+I24;47;559.33;A+B+D+C;170;60;0;[DFSH371006-BEIG-36] 2u (I25) 170d | [DFSH371006-BEIG-41] 2u (I25) 170d | [DFSH371006-BEIG-37] 3u (I25) 170d | [DFSH371006-BEIG-38] 2u (I25) 170d | [DFSH370011-BROW-38] 3u (I25) 170d | [DFSH370011-BROW-37] 1u (I25) 170d | [DFSH370011-BROW-41] 1u (I25) 170d | [DFSH370011-BROW-36] 1u (I25) 170d | [DFSH370011-BROW-39] 1u (I25) 170d | [DFSH370011-BROW-40] 1u (I25) 170d | [DFSH371010-BEIG-37] 2u (I25) 170d | [DFSH371010-BEIG-36] 1u (I25) 170d | [DFSH371010-BEIG-41] 1u (I25) 170d | [DFSH370006-NUT-37] 1u (I25) 170d | [DFSH371006-BEIG-37] 2u (I25) 170d | [DFSH370005-BLAC-37] 1u (I25) 170d | [DFSH371004-TAUP-41] 1u (I25) 170d | [DFSH371006-BEIG-36] 1u (I25) 170d | [DFSH369003-BLAC-39] 1u (I24) 170d | [DFSH369003-BLAC-38] 1u (I24) 170d | [DFSH369003-BLAC-37] 1u (I24) 170d | [DFSH370005-CAME-40] 1u (I25) 170d;[DFSH371010-BEIG-40] 2u (I25) 170d | [DFSH375003-BLAC-39] 1u (I25) 170d | [DFSH375003-BLAC-38] 1u (I25) 170d;[DFSH407006-TAUP-37] 2u (I25) 129d | [DFSH407006-TAUP-38] 3u (I25) 129d | [DFSH407006-TAUP-39] 3u (I25) 129d | [DFSH407006-TAUP-40] 2u (I25) 129d | [DFSH407006-TAUP-41] 1u (I25) 129d;[DFSH407006-TAUP-36] 1u (I25) 129d
CLABD/Stock/StorageBD/CLA-069-09-01-03;BLACK;V24+V23+I24+I25;145;1070.20;B+C+A;405;90;0;[DFSH369002-WHIT-37] 4u (I24) 170d | [DFSH371006-BEIG-36] 1u (I25) 170d;[DFSH384005-GOLD-38] 6u (V24) 405d | [DFSH384005-GOLD-37] 12u (V24) 405d | [DFSH384005-GOLD-36] 2u (V24) 405d | [DFSH384005-GOLD-37] 9u (V24) 405d | [DFSH384005-GOLD-36] 5u (V24) 405d | [DFSH384005-GOLD-38] 6u (V24) 405d | [DFSH384005-GOLD-38] 6u (V24) 405d | [DFSH384005-GOLD-37] 6u (V24) 405d | [DFSH384005-GOLD-36] 8u (V24) 405d | [NVK33410-0009-39] 4u (V23) 405d | [NVK33410-0009-38] 5u (V23) 405d | [NVK33410-0009-37] 4u (V23) 405d | [NVK33410-0009-40] 4u (V23) 405d | [NVK33410-0006-37] 4u (V23) 405d | [NVK33410-0006-38] 10u (V23) 405d | [NVK33410-0006-39] 3u (V23) 405d | [NVK33410-0006-37] 8u (V23) 405d | [NVK33410-0006-36] 3u (V23) 405d | [NVK33410-0006-38] 6u (V23) 405d | [NVK33410-0006-38] 6u (V23) 405d | [NVK33410-0006-37] 6u (V23) 405d | [NVK33410-0006-36] 5u (V23) 405d | [DFSH375003-BLAC-37] 1u (I25) 170d;[DFSH361003-NAVY-43] 6u (V24) 405d | [DFSH361003-NAVY-45] 1u (V24) 405d | [DFSH361003-NAVY-44] 4u (V24) 405d;
CLABD/Stock/StorageBD/CLA-070-01-01-01;BLACK;V24+I25+I24+I23;150;951.13;C+A+B;624;130;0;[DFSH381001-BEIG-40] 2u (I25) 190d | [DFSH370004-SAND-37] 1u (I25) 190d | [DFSH371004-TAN-38] 1u (I25) 191d | [DFSH381001-BEIG-38] 1u (I25) 190d | [DFSH375003-TAUP-36] 2u (I25) 190d | [DFSH370012-TAUP-36] 1u (I25) 190d | [DFSH371010-BLAC-36] 2u (I25) 190d | [DFSH370004-BLAC-37] 1u (I25) 191d | [DFSH370004-BLAC-36] 1u (I25) 190d | [DFSH381001-BEIG-40] 2u (I25) 190d | [DFSH371008-CAME-41] 1u (I25) 190d | [DFSH375001-BLAC-38] 5u (I24) 440d | [DFSH370006-BLAC-36] 12u (I25) 500d | [DFACBE2305-GREY] 50u (I23) 141d;[DFSH375003-TAUP-41] 1u (I25) 190d | [DFSH375003-BLAC-38] 1u (I25) 237d;[DFSH392001-WHIT-39] 4u (V24) 405d | [DFSH392001-WHIT-37] 4u (V24) 405d | [DFSH392001-WHIT-40] 3u (V24) 405d | [DFSH392001-WHIT-38] 3u (V24) 405d | [DFSH392001-WHIT-36] 1u (V24) 405d | [DFSH392001-WHIT-41] 1u (V24) 405d | [DFSH394001-PINK-38] 2u (V24) 405d | [DFSH394001-PINK-41] 1u (V24) 405d | [DFSH394001-PINK-39] 3u (V24) 405d | [DFSH394001-PINK-37] 1u (V24) 405d | [DFSH394001-PINK-40] 1u (V24) 405d | [DFSH397001-OFFW-41] 1u (V24) 624d | [DFSH397001-OFFW-42] 2u (V24) 624d | [DFSH397001-OFFW-43] 3u (V24) 624d | [DFSH397001-OFFW-44] 2u (V24) 624d | [DFSH397001-OFFW-45] 1u (V24) 624d | [DFSH397001-OFFW-41] 1u (V24) 624d | [DFSH397001-OFFW-42] 2u (V24) 624d | [DFSH397001-OFFW-43] 3u (V24) 624d | [DFSH397001-OFFW-44] 2u (V24) 624d | [DFSH397001-OFFW-45] 1u (V24) 624d | [DFSH397001-WHIT-41] 1u (V24) 624d | [DFSH397001-WHIT-42] 2u (V24) 624d | [DFSH397001-WHIT-43] 3u (V24) 624d | [DFSH397001-WHIT-44] 2u (V24) 624d | [DFSH397001-WHIT-45] 1u (V24) 624d | [DFSH392001-WHIT-38] 6u (V24) 405d | [DFSH392001-WHIT-39] 2u (V24) 405d | [DFSH392001-WHIT-40] 3u (V24) 405d | [DFSH392001-WHIT-41] 2u (V24) 405d | [DFSH392001-WHIT-37] 1u (V24) 405d | [DFSH392001-WHIT-36] 1u (V24) 405d;
CLABD/Stock/StorageBD/CLA-070-01-02-03;BLACK;I20+I25;102;1119.42;C+A;708;60;0;[DFSH370006-NUT-36] 12u (I25) 422d | [DFSH370006-NUT-36] 12u (I25) 422d | [DFSH370004-BLAC-38] 9u (I25) 708d | [DFSH370004-BLAC-38] 9u (I25) 708d;;[KI330225-0002-28] 9u (I20) 405d | [KI330225-0002_-37] 2u (I20) 405d | [KI330225-0002-31] 1u (I20) 405d | [KI330225-0002-30] 10u (I20) 405d | [KI330225-0002-32] 5u (I20) 405d | [KI330225-0002_-38] 1u (I20) 405d | [KI330225-0002_-40] 1u (I20) 405d | [KI330225-0002-34] 1u (I20) 405d | [KI330225-0002_-39] 1u (I20) 405d | [KI330225-0002_-36] 2u (I20) 405d | [KI330225-0002-31] 9u (I20) 405d | [KI330225-0002-28] 1u (I20) 405d | [KI330225-0002-29] 7u (I20) 405d | [KI330225-0002-30] 7u (I20) 405d | [KI330225-0002-32] 1u (I20) 405d | [KI330225-0002_-38] 1u (I20) 405d | [KI330225-0002_-40] 1u (I20) 405d;
CLABD/Stock/StorageBD/CLA-070-03-01-03;BLACK;V23+V22+V24+I25;51;325.67;B+C+A;730;40;0;[DFSH370011-TAN-38] 3u (I25) 134d | [DFSH370011-TAN-39] 3u (I25) 134d | [DFSH370011-TAN-40] 2u (I25) 134d;[NVK33410-0020-37] 2u (V23) 405d | [NVK33410-0020-38] 9u (V23) 405d | [NVK33410-0020-39] 2u (V23) 405d | [NVK33410-0020-40] 3u (V23) 405d | [NVK33410-0020-41] 1u (V23) 405d | [DFSH370011-TAN-36] 1u (I25) 134d | [DFSH370011-TAN-37] 1u (I25) 134d | [DFSH370011-TAN-41] 1u (I25) 134d | [DFSH370011-TAN-42] 1u (I25) 134d;[MVK22035-0001-37] 10u (V22) 730d | [DFSH392001-WHIT-36] 1u (V24) 624d | [DFSH392001-WHIT-37] 2u (V24) 624d | [DFSH392001-WHIT-38] 3u (V24) 624d | [DFSH392001-WHIT-39] 3u (V24) 624d | [DFSH392001-WHIT-40] 2u (V24) 624d | [DFSH392001-WHIT-41] 1u (V24) 624d;
CLABD/Stock/StorageBD/CLA-070-04-01-03;BLACK;V24+V23+I25+I24;78;712.01;B+C+A;405;80;0;[DFSH370003-TAUP-38] 5u (I25) 191d | [DFSH370012-TAUP-36] 1u (I25) 191d | [DFSH370012-TAUP-37] 2u (I25) 191d | [DFSH370012-BLAC-40] 1u (I25) 191d | [DFSH375001-TAN-37] 1u (I24) 191d | [DFSH375001-BLAC-38] 1u (I24) 191d | [DFSH370004-SAND-38] 1u (I25) 191d | [DFSH370004-BLAC-37] 1u (I25) 191d | [DFSH375001-TAN-37] 1u (I24) 191d | [DFSH370003-TAUP-38] 1u (I25) 191d | [DFSH371006-BEIG-40] 2u (I25) 191d;[DFSH384005-SILV-38] 6u (V24) 405d | [DFSH384005-SILV-39] 2u (V24) 405d | [DFSH384005-SILV-36] 4u (V24) 405d | [DFSH384005-SILV-37] 8u (V24) 405d | [NVK33410-0009-37] 3u (V23) 405d | [NVK33410-0009-38] 4u (V23) 405d | [NVK33410-0009-40] 2u (V23) 405d | [NVK33410-0009-39] 4u (V23) 405d | [NVK33410-0006-37] 2u (V23) 405d | [NVK33410-0009-41] 1u (V23) 405d | [NVK33410-0009-36] 1u (V23) 405d | [NVK53525-0521-41] 6u (V23) 405d | [NVK53525-0521-43] 8u (V23) 405d;[DFSH393001-WHIT-38] 4u (V24) 405d | [DFSH393001-WHIT-39] 1u (V24) 405d | [DFSH393001-WHIT-37] 2u (V24) 405d | [DFSH393001-WHIT-36] 1u (V24) 405d | [DFSH393001-WHIT-41] 1u (V24) 405d | [DFSH375001-TAN-36] 1u (I24) 191d;
CLABD/Stock/StorageBD/CLA-070-05-01-01;BLACK;V21+V23+I24+I25+V26;167;1066.72;C+B+A;405;100;0;[DFSH375001-BLAC-37] 1u (I24) 190d | [DFSH371006-BLAC-37] 1u (I25) 190d | [DFSH370004-BLAC-38] 2u (I25) 190d | [DFSH369003-BLAC-40] 1u (I24) 190d | [DFSH371006-BEIG-38] 4u (I25) 190d | [DFSH370012-TAUP-39] 4u (I25) 190d | [DFSH370012-TAUP-36] 1u (I25) 190d | [DFSH370012-TAUP-39] 1u (I25) 190d | [DFSH370012-TAUP-37] 4u (I25) 190d | [DFSH371004-ORAN-37] 2u (I24) 191d | [DFSH375001-BLAC-36] 1u (I24) 190d | [DFSH375001-BLAC-37] 2u (I24) 190d | [DFSH370012-TAUP-36] 1u (I25) 190d | [DFSH370012-TAUP-39] 3u (I25) 190d | [DFSH370004-BLAC-38] 1u (I25) 190d | [DFSH387006-WHIT-41] 1u (V26) 310d;[NVK33410-0020-37] 35u (V23) 405d | [NVK33410-0020-40] 7u (V23) 405d | [NVK33410-0020-38] 14u (V23) 405d | [NVK33410-0020-39] 49u (V23) 405d | [NVK33410-0020-40] 7u (V23) 405d | [NVK33410-0020-38] 7u (V23) 405d | [DFSH375003-BLAC-38] 1u (I25) 190d | [DFSH387006-WHIT-43] 3u (V26) 310d | [DFSH387006-WHIT-44] 2u (V26) 310d | [DFSH387006-WHIT-45] 1u (V26) 310d;[KVK17611-0429-38] 2u (V21) 405d | [KVK17611-0429-37] 2u (V21) 405d | [KVK17611-0429-36] 1u (V21) 405d | [KVK17611-0429-39] 2u (V21) 405d | [KVK17611-0429-41] 1u (V21) 405d | [KVK17611-0429-40] 1u (V21) 405d | [DFSH387006-WHIT-42] 2u (V26) 310d;
CLABD/Stock/StorageBD/CLA-070-05-01-03;BLACK;I24+I25+V26;85;1017.79;A+C+B+D;310;90;0;[DFSH375001-TAN-37] 3u (I24) 190d | [DFSH371006-BLAC-41] 1u (I25) 190d | [DFSH370012-TAUP-37] 1u (I25) 190d | [DFSH375003-BLAC-36] 1u (I25) 190d | [DFSH371006-BLAC-36] 1u (I25) 190d | [DFSH370005-BLAC-37] 1u (I25) 190d | [DFSH387006-WHIT-41] 1u (V26) 310d | [DFSH387006-WHIT-41] 1u (V26) 310d | [DFSH387006-WHIT-41] 1u (V26) 310d | [DFSH387006-WHIT-41] 1u (V26) 310d;[DFSH375003-BLAC-37] 2u (I25) 190d | [DFSH375003-BLAC-38] 1u (I25) 190d | [DFSH375003-BLAC-41] 1u (I25) 190d | [DFSH387006-WHIT-43] 3u (V26) 310d | [DFSH387006-WHIT-44] 2u (V26) 310d | [DFSH387006-WHIT-45] 1u (V26) 310d | [DFSH387006-WHIT-43] 3u (V26) 310d | [DFSH387006-WHIT-44] 2u (V26) 310d | [DFSH387006-WHIT-45] 1u (V26) 310d | [DFSH387006-WHIT-43] 3u (V26) 310d | [DFSH387006-WHIT-44] 2u (V26) 310d | [DFSH387006-WHIT-45] 1u (V26) 310d | [DFSH387006-WHIT-43] 3u (V26) 310d | [DFSH387006-WHIT-44] 2u (V26) 310d | [DFSH387006-WHIT-45] 1u (V26) 310d;[DFSH375001-TAN-36] 1u (I24) 190d | [DFSH387006-WHIT-42] 2u (V26) 310d | [DFSH387006-WHIT-42] 2u (V26) 310d | [DFSH387006-WHIT-42] 2u (V26) 310d | [DFSH387006-WHIT-42] 2u (V26) 310d | [DFSH387005-PPIN-38] 3u (I25) 149d | [DFSH387005-PPIN-39] 3u (I25) 149d | [DFSH387005-PPIN-40] 2u (I25) 149d | [DFSH387005-PPIN-41] 1u (I25) 149d | [DFSH387005-PPIN-38] 3u (I25) 149d | [DFSH387005-PPIN-39] 3u (I25) 149d | [DFSH387005-PPIN-40] 2u (I25) 149d | [DFSH387005-PPIN-41] 1u (I25) 149d | [DFSH387005-PKHA-36] 1u (I25) 149d | [DFSH387005-PKHA-37] 2u (I25) 149d | [DFSH387005-PKHA-38] 3u (I25) 149d | [DFSH387005-PKHA-39] 3u (I25) 149d | [DFSH387005-PKHA-41] 1u (I25) 149d;[DFSH387005-PPIN-36] 1u (I25) 149d | [DFSH387005-PPIN-37] 2u (I25) 149d | [DFSH387005-PPIN-36] 1u (I25) 149d | [DFSH387005-PPIN-37] 2u (I25) 149d | [DFSH387005-PKHA-40] 2u (I25) 149d
CLABD/Stock/StorageBD/CLA-070-07-01-02;BLACK;I25+I24;61;628.66;A+C+B;527;70;0;[DFSH370012-TAUP-37] 1u (I25) 155d | [DFSH370012-TAUP-36] 1u (I25) 154d | [DFSH370003-TAUP-38] 3u (I25) 155d | [DFSH371008-BLAC-36] 1u (I25) 154d | [DFSH371006-BEIG-38] 1u (I25) 155d | [DFSH370006-BLAC-37] 1u (I25) 154d | [DFSH371010-BEIG-38] 1u (I25) 154d | [DFSH370006-BLAC-38] 1u (I25) 154d | [DFSH375003-BLAC-36] 1u (I25) 154d | [DFSH370012-TAUP-37] 1u (I25) 155d | [DFSH370012-TAUP-40] 1u (I25) 154d | [DFSH371010-BEIG-37] 2u (I25) 154d | [DFSH371006-BEIG-36] 2u (I25) 155d | [DFSH371008-BLAC-38] 1u (I25) 154d | [DFSH371006-BEIG-36] 1u (I25) 155d | [DFSH391007-BLAC-37] 2u (I24) 169d | [DFSH371008-BLAC-37] 2u (I25) 154d | [DFSH371006-BLAC-38] 1u (I25) 155d | [DFSH321086-OFFW-43] 9u (I25) 527d | [DFSH370011-BLAC-36] 12u (I25) 500d;[DFSH391007-BLAC-41] 1u (I24) 154d | [DFSH321086-OFFW-39] 5u (I25) 527d | [DFSH321086-OFFW-44] 6u (I25) 329d | [DFSH321086-OFFW-39] 3u (I25) 527d;[DFSH371012-BEIG-40] 1u (I24) 154d;
CLABD/Stock/StorageBD/CLA-070-09-01-01;BLACK;V24+I25+I24+V23;59;440.98;C+A+B;730;70;0;[DFSH371006-BLAC-37] 4u (I25) 190d | [DFSH371008-CAME-37] 1u (I25) 190d | [DFSH371006-BLAC-37] 5u (I25) 190d | [DFSH369003-BLAC-39] 3u (I24) 190d | [DFSH375001-TAN-37] 1u (I24) 190d | [DFSH371006-BLAC-36] 1u (I25) 190d | [DFSH371006-BEIG-37] 1u (I25) 190d;[NVK22060-0001-36] 9u (V23) 730d | [NVK22060-0001-36] 9u (V23) 730d;[DFSH392001-WHIT-40] 2u (V24) 405d | [DFSH392001-WHIT-39] 2u (V24) 405d | [DFSH392001-WHIT-38] 4u (V24) 405d | [DFSH392001-WHIT-37] 1u (V24) 405d | [DFSH392001-WHIT-36] 3u (V24) 405d | [DFSH392001-SILV-39] 5u (V24) 405d | [DFSH392001-WHIT-39] 1u (V24) 405d | [DFSH392001-SILV-38] 3u (V24) 405d | [DFSH392001-SILV-40] 2u (V24) 405d | [DFSH392001-SILV-36] 1u (V24) 405d | [DFSH375001-TAN-36] 1u (I24) 190d;
CLABD/Stock/StorageBD/CLA-071-03-01-01;BLACK;V20+V23+I21+I24+V24+I25+V26+I22;101;727.93;C+B+A;976;70;0;[DFSH375001-BLAC-37] 5u (I24) 440d;[NVK33410-0043-39] 5u (V23) 405d | [NVK33410-0043-38] 4u (V23) 405d | [NVK33410-0043-37] 1u (V23) 405d | [NVK33410-0043-36] 1u (V23) 405d | [NVK33410-0043-40] 4u (V23) 405d | [NVK33410-0043-41] 2u (V23) 405d | [KV330025-0004-39] 1u (V20) 920d | [DFSH375003-BLAC-37] 1u (I25) 246d | [DFSH387005-BLAC-44] 1u (V26) 246d | [NVK33410-0009-39] 2u (V23) 405d | [NVK33410-0009-40] 2u (V23) 405d | [NVK33410-0009-36] 1u (V23) 388d | [NVK33410-0009-38] 4u (V23) 405d | [NVK33410-0009-37] 2u (V23) 405d | [NVK33409-0009-38] 16u (V23) 976d | [NVK33409-0009-37] 1u (V23) 976d;[KV330025-0011-39] 4u (V20) 405d | [KV330025-0011-41] 3u (V20) 405d | [KV330025-0011-36] 1u (V20) 405d | [KV330025-0011-37] 4u (V20) 405d | [KV330025-0011-40] 3u (V20) 405d | [KV330025-0011-38] 1u (V20) 405d | [KV330025-0011-37] 8u (V20) 405d | [KV330025-0011-39] 4u (V20) 405d | [KV330025-0011-40] 4u (V20) 405d | [KV330025-0011-38] 3u (V20) 405d | [KV330025-0011-41] 1u (V20) 405d | [KV330025-0011-36] 1u (V20) 405d | [LI330288-0020-43] 1u (I21) 393d | [DFSH387005-BLUE-44] 1u (I24) 388d | [DFSH397001-OFFW-36] 1u (V24) 361d | [DFSH397001-OFFW-37] 1u (V24) 361d | [DFSH397001-OFFW-38] 1u (V24) 361d | [DFSH397001-OFFW-40] 2u (V24) 361d | [DFSH397001-OFFW-41] 1u (V24) 624d | [DFSH397001-WHIT-42] 1u (V24) 624d | [DFSH397001-WHIT-43] 1u (V24) 624d | [LI330271-0011-41] 1u (I22) 405d;
CLABD/Stock/StorageBD/CLA-071-03-01-02;GENERIC;V22+I24+I23;253;1207.80;A+B+C;807;55;0;[DFKSUN0224] 50u (V22) 807d;[DFKOPT0371-0001] 72u (V22) 204d | [DFACBE2308-FUCH] 42u (I23) 387d | [DFBG24W106-SILV] 31u (I23) 387d | [DFACSC2304-BLAC] 13u (I23) 388d;[DFTXSOC006-WHIT-36-40] 45u (I24) 387d;
CLABD/Stock/StorageBD/CLA-071-03-03-02;BLACK;I25+V24;45;762.49;A+C+B;582;40;0;[DFSH370004-BLAC-37] 12u (I25) 450d | [DFSH370004-BLAC-36] 12u (I25) 450d | [DFSH370004-BLAC-36] 12u (I25) 526d;[DFSH394001-BEIG-37] 2u (V24) 582d | [DFSH394001-BEIG-40] 1u (V24) 582d;[DFSH394001-BEIG-36] 1u (V24) 582d | [DFSH394001-BEIG-38] 2u (V24) 582d | [DFSH394001-BEIG-39] 2u (V24) 582d | [DFSH394001-BEIG-41] 1u (V24) 582d;
CLABD/Stock/StorageBD/CLA-071-04-01-03;GENERIC;I23+V23+V26+I25+I22;231;947.59;B+A+C;730;80;0;[DFSH387006-WHIT-41] 1u (V26) 310d | [DFSH387006-WHIT-41] 1u (V26) 310d | [DFSH370006-BLAC-36] 9u (I25) 435d | [DFSH370004-BLAC-38] 9u (I25) 435d;[DFACSC2303-GREY] 20u (I23) 730d | [NVK33410-0020-36] 1u (V23) 405d | [NVK33410-0020-37] 5u (V23) 405d | [NVK33410-0269-37] 6u (V23) 405d | [NVK33410-0020-38] 4u (V23) 405d | [NVK33410-0020-41] 1u (V23) 405d | [DFACSC2303-GREY] 20u (I23) 730d | [DFSH387006-WHIT-43] 3u (V26) 310d | [DFSH387006-WHIT-44] 2u (V26) 310d | [DFSH387006-WHIT-45] 1u (V26) 310d | [DFSH387006-WHIT-43] 3u (V26) 310d | [DFSH387006-WHIT-44] 2u (V26) 310d | [DFSH387006-WHIT-45] 1u (V26) 310d;[DFSH387006-WHIT-42] 2u (V26) 310d | [DFSH387006-WHIT-42] 2u (V26) 310d | [DFKCOR0507-0269] 138u (I22) 387d;
CLABD/Stock/StorageBD/CLA-071-05-01-03;BLACK;I24+I25+V22+V23;62;561.98;C+A+B;730;100;0;[DFSH371012-BEIG-41] 3u (I24) 190d | [DFSH371004-TAN-37] 5u (I25) 190d | [DFSH371004-BLAC-37] 1u (I25) 190d | [DFSH371006-BLAC-40] 1u (I25) 191d | [DFSH371004-TAN-37] 2u (I25) 190d | [DFSH370006-NUT-40] 1u (I25) 190d | [DFSH371006-BEIG-37] 1u (I25) 190d | [DFSH371006-BLAC-37] 1u (I25) 190d | [DFSH370003-TAN-37] 1u (I25) 190d | [DFSH371006-BEIG-41] 1u (I25) 190d | [DFSH381001-BLAC-41] 2u (I25) 190d | [DFSH371008-CAME-39] 1u (I25) 190d | [DFSH371004-TAN-37] 2u (I25) 190d | [DFSH371008-BLAC-38] 1u (I25) 190d | [DFSH370012-BLAC-37] 1u (I25) 190d | [DFSH371010-BEIG-39] 1u (I25) 191d | [DFSH371004-TAN-37] 6u (I25) 190d | [DFSH371008-CAME-37] 1u (I25) 190d | [DFSH371006-BEIG-41] 1u (I25) 190d | [DFSH370011-BROW-36] 1u (I25) 190d | [DFSH370004-BLAC-37] 1u (I25) 191d;[DFSH375003-BLAC-38] 2u (I25) 190d | [DFSH371008-CAME-36] 1u (I25) 190d | [NVK33410-0043-37] 1u (V23) 405d | [NVK33410-0009-38] 3u (V23) 388d | [NVK33410-0043-36] 2u (V23) 388d | [NVK33410-0009-41] 1u (V23) 388d | [NVK33410-0043-41] 1u (V23) 405d | [NVK33410-0009-40] 2u (V23) 388d | [NVK33410-0009-36] 2u (V23) 388d;[DFSH371012-BEIG-36] 2u (I24) 190d | [MVK22035-0001-37] 10u (V22) 730d;
CLABD/Stock/StorageBD/CLA-071-06-01-02;BLACK;I25+I24+V23+I21;62;586.45;A+B+C;405;60;0;[DFSH371004-TAN-36] 1u (I25) 169d | [DFSH371012-BEIG-41] 1u (I24) 168d | [DFSH371004-TAN-41] 2u (I25) 162d | [DFSH371006-BEIG-37] 1u (I25) 162d | [DFSH370005-CAME-41] 1u (I25) 162d | [DFSH370003-TAUP-40] 3u (I25) 162d | [DFSH370005-BLAC-41] 1u (I25) 162d | [DFSH370005-CAME-36] 1u (I25) 162d | [DFSH370005-CAME-37] 1u (I25) 169d | [DFSH370003-TAUP-40] 2u (I25) 162d | [DFSH370005-CAME-36] 1u (I25) 162d | [DFSH370005-BLAC-37] 1u (I25) 162d | [DFSH370005-CAME-37] 2u (I25) 169d | [DFSH370005-BLAC-38] 1u (I25) 169d | [DFSH371012-BEIG-41] 1u (I24) 168d | [DFSH370006-BLAC-36] 1u (I25) 162d | [DFSH370005-BLAC-38] 1u (I25) 169d | [DFSH370003-TAN-39] 1u (I25) 162d;[DFSH371007-WHIT-36] 1u (I25) 169d | [DFSH391005-BLAC-36] 1u (I24) 155d | [NVK33410-0043-37] 4u (V23) 405d | [NVK33410-0043-39] 8u (V23) 405d | [NVK33410-0043-40] 1u (V23) 405d | [NVK33410-0043-38] 4u (V23) 405d | [HIK10109-0561-39] 8u (I21) 121d | [HIK10109-0561-37] 3u (I21) 121d | [HIK10109-0561-36] 1u (I21) 121d | [HIK10109-0561-40] 3u (I21) 121d | [HIK10109-0561-38] 1u (I21) 121d;[DFSH371012-BEIG-39] 1u (I24) 162d | [DFSH371012-BEIG-36] 2u (I24) 168d | [DFSH371012-BEIG-37] 1u (I24) 162d;
CLABD/Stock/StorageBD/CLA-071-06-02-01;GENERIC;V22+V24+I25;183;1795.76;B+C+A;882;45;0;[DFSH370004-BLAC-38] 12u (I25) 451d | [DFSH370004-BLAC-38] 12u (I25) 451d;[DFSU906001-PINK] 50u (V22) 868d | [DFSU906001-PINK] 50u (V22) 882d | [DFSU906001-PINK] 50u (V22) 882d;[DFSH394001-PURP-36] 1u (V24) 448d | [DFSH394001-PURP-37] 2u (V24) 448d | [DFSH394001-PURP-38] 2u (V24) 448d | [DFSH394001-PURP-39] 2u (V24) 448d | [DFSH394001-PURP-40] 1u (V24) 448d | [DFSH394001-PURP-41] 1u (V24) 448d;
CLABD/Stock/StorageBD/CLA-071-07-01-02;BLACK;V23+V19+I25+V25+I24+V24;199;1124.02;B+C+A;1183;60;0;[DFSH371006-BEIG-38] 2u (I25) 155d | [DFSH370003-TAN-39] 1u (I25) 155d | [DFSH371004-BLAC-41] 1u (I25) 155d | [DFSH371004-BLAC-37] 1u (I25) 155d | [DFSH371004-BLAC-38] 1u (I25) 155d;[NVK33410-0020-40] 3u (V23) 405d | [NVK33410-0020-36] 1u (V23) 405d | [NVK33410-0020-39] 6u (V23) 405d | [NVK33410-0020-37] 6u (V23) 405d | [NVK33410-0020-41] 1u (V23) 405d | [DFSU901001-RED] 20u (V23) 869d | [DFSH404001-SILV-36] 1u (V25) 275d | [DFSH404001-SILV-37] 2u (V25) 275d | [DFSH404001-SILV-38] 3u (V25) 275d | [DFSH404001-SILV-39] 3u (V25) 275d | [DFSH404001-SILV-40] 2u (V25) 275d | [DFSH404001-SILV-41] 1u (V25) 275d | [DFTXSWE013-BLUE-L] 18u (I24) 352d | [DFTXSWE013-BLUE-M] 18u (I24) 352d;[DFKSUN1025] 100u (V19) 1183d | [DFSH361003-NAVY-42] 1u (V24) 405d | [DFSH361003-NAVY-43] 5u (V24) 405d | [DFSH361003-NAVY-44] 2u (V24) 405d;
CLABD/Stock/StorageBD/CLA-071-09-01-02;GENERIC;I22+I24;108;962.76;A+C;526;90;0;[LI330264-0064-39] 12u (I22) 401d | [LI330264-0064-38] 3u (I22) 401d | [LI330264-0064-39] 9u (I22) 401d | [LI330264-0064-38] 12u (I22) 401d | [LI330264-0064-38] 12u (I22) 401d | [LI330264-0064-38] 12u (I22) 401d | [LI330264-0064-36] 3u (I22) 401d | [DFSH369003-BLAC-39] 12u (I24) 526d;;[LI330264-0064-37] 12u (I22) 401d | [LI330264-0064-37] 12u (I22) 401d | [LI330264-0064-37] 9u (I22) 401d;
CLABD/Stock/StorageBD/CLA-072-02-02-01;BLACK;I25;60;783.55;D+C+B+A;133;50;0;[DFSH391011-KHAK-37] 2u (I25) 133d | [DFSH391011-KHAK-38] 3u (I25) 133d | [DFSH391011-KHAK-39] 3u (I25) 133d | [DFSH391011-KHAK-40] 2u (I25) 133d | [DFSH391011-BLAC-37] 2u (I25) 133d | [DFSH391011-BLAC-38] 3u (I25) 133d | [DFSH391011-BLAC-39] 3u (I25) 133d | [DFSH391001-BEIG-36] 1u (I25) 133d | [DFSH391001-BEIG-37] 2u (I25) 133d | [DFSH391001-BEIG-38] 3u (I25) 133d | [DFSH391001-BEIG-39] 3u (I25) 133d | [DFSH391001-BEIG-40] 2u (I25) 133d;[DFSH391012-BLAC-38] 3u (I25) 133d | [DFSH391012-BLAC-39] 3u (I25) 133d | [DFSH391011-KHAK-36] 1u (I25) 133d | [DFSH391011-KHAK-41] 1u (I25) 133d | [DFSH391011-BLAC-36] 1u (I25) 133d | [DFSH391011-BLAC-40] 2u (I25) 133d | [DFSH391011-BLAC-41] 1u (I25) 133d | [DFSH391001-BEIG-41] 1u (I25) 133d;[DFSH391012-BLAC-37] 2u (I25) 133d | [DFSH391012-BLAC-40] 2u (I25) 133d | [DFSH391012-BLAC-41] 1u (I25) 133d | [DFSH391012-BEIG-36] 1u (I25) 133d | [DFSH391012-BEIG-37] 2u (I25) 133d | [DFSH391012-BEIG-38] 3u (I25) 133d | [DFSH391012-BEIG-39] 3u (I25) 133d | [DFSH391012-BEIG-40] 2u (I25) 133d | [DFSH391012-BEIG-41] 1u (I25) 133d;[DFSH391012-BLAC-36] 1u (I25) 133d
CLABD/Stock/StorageBD/CLA-072-02-02-02;GENERIC;V24+I24;105;732.51;C+B+A;595;110;0;[DFSH369003-BLAC-41] 12u (I24) 401d | [DFSH369003-BLAC-38] 12u (I24) 401d;[DFSH394001-BEIG-37] 2u (V24) 595d | [DFSH394001-BEIG-40] 1u (V24) 595d;[DFSH394001-PINK-36] 1u (V24) 595d | [DFSH394001-PINK-37] 2u (V24) 595d | [DFSH394001-PINK-38] 2u (V24) 595d | [DFSH394001-PINK-39] 2u (V24) 595d | [DFSH394001-PINK-40] 1u (V24) 595d | [DFSH394001-PINK-41] 1u (V24) 595d | [DFSH394001-PINK-36] 1u (V24) 595d | [DFSH394001-PINK-37] 2u (V24) 595d | [DFSH394001-PINK-38] 2u (V24) 595d | [DFSH394001-PINK-39] 2u (V24) 595d | [DFSH394001-PINK-40] 1u (V24) 595d | [DFSH394001-PINK-41] 1u (V24) 595d | [DFSH394001-PINK-36] 1u (V24) 595d | [DFSH394001-PINK-37] 2u (V24) 595d | [DFSH394001-PINK-38] 2u (V24) 595d | [DFSH394001-PINK-39] 2u (V24) 595d | [DFSH394001-PINK-40] 1u (V24) 595d | [DFSH394001-PINK-41] 1u (V24) 595d | [DFSH394001-PINK-36] 1u (V24) 595d | [DFSH394001-PINK-37] 2u (V24) 595d | [DFSH394001-PINK-38] 2u (V24) 595d | [DFSH394001-PINK-39] 2u (V24) 595d | [DFSH394001-PINK-40] 1u (V24) 595d | [DFSH394001-PINK-41] 1u (V24) 595d | [DFSH394001-PINK-36] 1u (V24) 595d | [DFSH394001-PINK-37] 2u (V24) 595d | [DFSH394001-PINK-38] 2u (V24) 595d | [DFSH394001-PINK-39] 2u (V24) 595d | [DFSH394001-PINK-40] 1u (V24) 595d | [DFSH394001-PINK-41] 1u (V24) 595d | [DFSH394001-PINK-36] 1u (V24) 595d | [DFSH394001-PINK-37] 2u (V24) 595d | [DFSH394001-PINK-38] 2u (V24) 595d | [DFSH394001-PINK-39] 2u (V24) 595d | [DFSH394001-PINK-40] 1u (V24) 595d | [DFSH394001-PINK-41] 1u (V24) 595d | [DFSH394001-PINK-36] 1u (V24) 595d | [DFSH394001-PINK-37] 2u (V24) 595d | [DFSH394001-PINK-38] 2u (V24) 595d | [DFSH394001-PINK-39] 2u (V24) 595d | [DFSH394001-PINK-40] 1u (V24) 595d | [DFSH394001-PINK-41] 1u (V24) 595d | [DFSH394001-PINK-36] 1u (V24) 595d | [DFSH394001-PINK-37] 2u (V24) 595d | [DFSH394001-PINK-38] 2u (V24) 595d | [DFSH394001-PINK-39] 2u (V24) 595d | [DFSH394001-PINK-40] 1u (V24) 595d | [DFSH394001-PINK-41] 1u (V24) 595d | [DFSH394001-BEIG-36] 1u (V24) 595d | [DFSH394001-BEIG-38] 2u (V24) 595d | [DFSH394001-BEIG-39] 2u (V24) 595d | [DFSH394001-BEIG-41] 1u (V24) 595d;
CLABD/Stock/StorageBD/CLA-072-03-02-03;BLACK;I24+I25;104;1416.37;A+D+C+B;455;90;0;[DFSH371004-CORA-37] 12u (I24) 455d | [DFSH391010-BLAC-39] 10u (I25) 133d | [DFSH391010-BLAC-38] 10u (I25) 133d;[DFSH391012-BLAC-38] 3u (I25) 133d | [DFSH391012-BLAC-39] 3u (I25) 133d | [DFSH391012-BLAC-38] 3u (I25) 133d | [DFSH391012-BLAC-39] 3u (I25) 133d;[DFSH391012-BLAC-37] 2u (I25) 133d | [DFSH391012-BLAC-40] 2u (I25) 133d | [DFSH391012-BLAC-41] 1u (I25) 133d | [DFSH391012-BLAC-37] 2u (I25) 133d | [DFSH391012-BLAC-40] 2u (I25) 133d | [DFSH391012-BLAC-41] 1u (I25) 133d | [DFSH391012-BEIG-36] 1u (I25) 133d | [DFSH391012-BEIG-37] 2u (I25) 133d | [DFSH391012-BEIG-38] 3u (I25) 133d | [DFSH391012-BEIG-39] 3u (I25) 133d | [DFSH391012-BEIG-40] 2u (I25) 133d | [DFSH391012-BEIG-41] 1u (I25) 133d | [DFSH391012-BEIG-36] 1u (I25) 133d | [DFSH391012-BEIG-37] 2u (I25) 133d | [DFSH391012-BEIG-38] 3u (I25) 133d | [DFSH391012-BEIG-39] 3u (I25) 133d | [DFSH391012-BEIG-40] 2u (I25) 133d | [DFSH391012-BEIG-41] 1u (I25) 133d | [DFSH391012-BEIG-36] 1u (I25) 133d | [DFSH391012-BEIG-37] 2u (I25) 133d | [DFSH391012-BEIG-38] 3u (I25) 133d | [DFSH391012-BEIG-39] 3u (I25) 133d | [DFSH391012-BEIG-40] 2u (I25) 133d | [DFSH391012-BEIG-41] 1u (I25) 133d | [DFSH391012-BEIG-36] 1u (I25) 133d | [DFSH391012-BEIG-37] 2u (I25) 133d | [DFSH391012-BEIG-38] 3u (I25) 133d | [DFSH391012-BEIG-39] 3u (I25) 133d | [DFSH391012-BEIG-40] 2u (I25) 133d | [DFSH391012-BEIG-41] 1u (I25) 133d;[DFSH391012-BLAC-36] 1u (I25) 133d | [DFSH391012-BLAC-36] 1u (I25) 133d
CLABD/Stock/StorageBD/CLA-072-07-03-02;BLACK;I25;60;689.09;C+B+D+A;146;50;0;[DFSH370020-BEIG-37] 2u (I25) 146d | [DFSH370020-BEIG-38] 3u (I25) 146d | [DFSH370020-BEIG-39] 3u (I25) 146d | [DFSH370020-BEIG-40] 2u (I25) 146d | [DFSH370016-BLAC-38] 3u (I25) 146d | [DFSH370016-BLAC-39] 3u (I25) 146d | [DFSH370016-BLAC-40] 2u (I25) 146d;[DFSH370020-SILV-38] 3u (I25) 146d | [DFSH370020-SILV-39] 3u (I25) 146d | [DFSH370020-BEIG-36] 1u (I25) 146d | [DFSH370020-BEIG-41] 1u (I25) 146d | [DFSH370016-GOLD-38] 3u (I25) 146d | [DFSH370016-BURG-37] 2u (I25) 146d | [DFSH370016-BURG-38] 3u (I25) 146d | [DFSH370016-BURG-39] 3u (I25) 146d | [DFSH370016-BURG-40] 2u (I25) 146d | [DFSH370016-BLAC-36] 1u (I25) 146d | [DFSH370016-BLAC-37] 2u (I25) 146d | [DFSH370016-BLAC-41] 1u (I25) 146d;[DFSH370020-SILV-36] 1u (I25) 146d | [DFSH370020-SILV-37] 2u (I25) 146d | [DFSH370020-SILV-40] 2u (I25) 146d | [DFSH370016-GOLD-36] 1u (I25) 146d | [DFSH370016-GOLD-37] 2u (I25) 146d | [DFSH370016-GOLD-39] 3u (I25) 146d | [DFSH370016-GOLD-40] 2u (I25) 146d | [DFSH370016-GOLD-41] 1u (I25) 146d | [DFSH370016-BURG-36] 1u (I25) 146d | [DFSH370016-BURG-41] 1u (I25) 146d;[DFSH370020-SILV-41] 1u (I25) 146d
CLABD/Stock/StorageBD/CLA-072-10-01-03;BLACK;V23+V24+V25+V20+I25;57;607.31;B+C+A;36;60;0;[DFSH321085-WHIT-41] 1u (I25) 36d | [DFSH321085-WHIT-39] 2u (I25) 36d | [DFSH370022-SAND-38] 2u (I25) 36d | [DFSH370022-SAND-39] 3u (I25) 36d | [DFSH370022-SAND-41] 2u (I25) 36d | [DFSH370022-SAND-40] 3u (I25) 36d | [DFSH370022-SAND-37] 1u (I25) 36d;[NVK36305-0020-39] 1u (V23) 36d | [DFSH383002-SAND-36] 1u (V24) 36d | [DFSH407002-TAN-38] 1u (V25) 36d | [DFSH383002-SAND-40] 1u (V24) 36d | [KV330025-0004-37] 1u (V20) 36d | [KV330025-0004-41] 1u (V20) 36d | [KV330025-0048-37] 1u (V20) 36d | [DFSH321085-WHIT-36] 1u (I25) 36d | [DFSH321085-WHIT-37] 2u (I25) 36d | [DFSH321085-WHIT-38] 2u (I25) 36d | [DFSH321085-WHIT-40] 1u (I25) 36d | [DFSH378010-BLAC-45] 1u (I25) 36d | [DFSH378010-BLAC-44] 2u (I25) 36d | [DFSH378010-BLAC-43] 3u (I25) 36d | [DFSH378010-BLAC-42] 2u (I25) 36d | [DFSH378010-BLAC-41] 1u (I25) 36d | [DFSH387005-CREA-41] 1u (I25) 36d | [DFSH370022-SAND-K-36] 2u (I25) 36d | [DFSH370022-SAND-42] 1u (I25) 36d;[BJSH328029-MULT-39] 1u (V24) 36d | [DFSH387005-CREA-40] 1u (I25) 36d | [DFSH387005-CREA-37] 2u (I25) 36d | [DFSH387005-CREA-39] 2u (I25) 36d | [DFSH387005-CREA-38] 2u (I25) 36d | [DFSH387005-CREA-36] 1u (I25) 36d | [DFSH370022-SAND-K-32] 2u (I25) 36d | [DFSH370022-SAND-K-33] 2u (I25) 36d | [DFSH370022-SAND-K-34] 2u (I25) 36d | [DFSH370022-SAND-K-35] 2u (I25) 36d;
CLABD/Stock/StorageBD/CLA-072-12-01-01;GENERIC;V24+I25;39;366.41;C+A+B;624;40;0;[DFSH371008-BLAC-36] 1u (I25) 437d | [DFSH371008-BLAC-37] 2u (I25) 437d | [DFSH371008-BLAC-38] 2u (I25) 437d | [DFSH371008-BLAC-39] 2u (I25) 437d | [DFSH371008-BLAC-40] 1u (I25) 437d | [DFSH371008-BLAC-41] 1u (I25) 437d | [DFSH371008-BLAC-36] 1u (I25) 437d | [DFSH371008-BLAC-37] 2u (I25) 437d | [DFSH371008-BLAC-38] 2u (I25) 437d | [DFSH371008-BLAC-39] 2u (I25) 437d | [DFSH371008-BLAC-40] 1u (I25) 437d | [DFSH371008-BLAC-41] 1u (I25) 437d | [DFSH371010-BEIG-36] 1u (I25) 497d | [DFSH371010-BEIG-37] 2u (I25) 497d | [DFSH371010-BEIG-38] 2u (I25) 497d | [DFSH371010-BEIG-39] 2u (I25) 497d | [DFSH371010-BEIG-41] 1u (I25) 497d;[DFSH371010-BEIG-40] 1u (I25) 497d;[DFSH393001-WHIT-36] 1u (V24) 624d | [DFSH393001-WHIT-37] 2u (V24) 624d | [DFSH393001-WHIT-38] 3u (V24) 624d | [DFSH393001-WHIT-39] 3u (V24) 624d | [DFSH393001-WHIT-40] 2u (V24) 624d | [DFSH393001-WHIT-41] 1u (V24) 624d;
CLAGD/Stock/StorageGD/CLA-072-15-03-01;GENERIC;I25+V22+I22;80;598.90;B+C+A;730;80;0;[MI219001-0020-37] 10u (I22) 730d;[BJSH542021-TAN-22] 10u (I25) 730d | [BJSH542021-TAN-22] 10u (I25) 730d | [BJSH542021-TAN-22] 10u (I25) 730d;[MV232304-0037-39] 10u (V22) 730d | [MV232304-0037-39] 10u (V22) 730d | [MV232304-0037-38] 10u (V22) 730d | [MV232304-0037-37] 10u (V22) 730d;
CLAGD/Stock/StorageGD/CLA-072-18-01-01;GOLD;I25+V24;72;409.58;B+A+C;727;70;0;[BJSH542020-TAUP-34] 10u (I25) 402d | [BJSH542020-TAUP-34] 10u (I25) 402d | [BJSH542020-TAN-34] 10u (I25) 727d | [BJSH542020-TAN-34] 10u (I25) 727d | [BJSH542020-TAN-34] 10u (I25) 727d;[BJSH542083-BLAC-37] 10u (I25) 498d;[BJSH355001-OFFW-37] 12u (V24) 625d;